año,mes,codigo_linea,linea,viajeros_total,creditrans,gizatrans,gazte_70,goro,ocasional,familia_numerosa,menores_6,empresa,fecha,flag_covid,flag_subsidio,expediciones_anuales,dias_servicio,expediciones_mes_est,ratio_saturacion,trimestre,mes_num,año_num,mes_sin,mes_cos,lag_1,lag_3,lag_12,rolling_mean_3,rolling_mean_6,rolling_mean_12
2020,1,A3928,ARTEA - ZEBERIO - UGAO MIRABALLES,1999.0,1020.0,725.0,4.0,4.0,167.0,0.0,20.0,13.0,2020-01-01,1,0,,,,,1,1,2020,0.49999999999999994,0.8660254037844387,,,,,,
2020,2,A3928,ARTEA - ZEBERIO - UGAO MIRABALLES,2118.0,1092.0,735.0,11.0,2.0,211.0,0.0,13.0,7.0,2020-02-01,1,0,,,,,1,2,2020,0.8660254037844386,0.5000000000000001,1999.0,,,,,
2020,3,A3928,ARTEA - ZEBERIO - UGAO MIRABALLES,1019.0,542.0,365.0,1.0,3.0,75.0,0.0,9.0,7.0,2020-03-01,1,0,,,,,1,3,2020,1.0,6.123233995736766e-17,2118.0,,,,,
2020,4,A3928,ARTEA - ZEBERIO - UGAO MIRABALLES,242.0,147.0,93.0,1.0,1.0,0.0,0.0,0.0,0.0,2020-04-01,1,0,,,,,2,4,2020,0.8660254037844387,-0.4999999999999998,1019.0,1999.0,,1712.0,,
2020,5,A3928,ARTEA - ZEBERIO - UGAO MIRABALLES,663.0,383.0,191.0,34.0,48.0,0.0,0.0,0.0,0.0,2020-05-01,1,0,,,,,2,5,2020,0.49999999999999994,-0.8660254037844387,242.0,2118.0,,1126.3333333333333,,
2020,6,A3928,ARTEA - ZEBERIO - UGAO MIRABALLES,1163.0,761.0,373.0,2.0,0.0,0.0,0.0,10.0,4.0,2020-06-01,1,0,,,,,2,6,2020,1.2246467991473532e-16,-1.0,663.0,1019.0,,641.3333333333334,,
2020,7,A3928,ARTEA - ZEBERIO - UGAO MIRABALLES,1357.0,911.0,385.0,1.0,0.0,0.0,0.0,10.0,21.0,2020-07-01,1,0,,,,,3,7,2020,-0.4999999999999997,-0.8660254037844388,1163.0,242.0,,689.3333333333334,1200.6666666666667,
2020,8,A3928,ARTEA - ZEBERIO - UGAO MIRABALLES,1053.0,652.0,364.0,0.0,0.0,0.0,0.0,10.0,1.0,2020-08-01,1,0,,,,,3,8,2020,-0.8660254037844385,-0.5000000000000004,1357.0,663.0,,1061.0,1093.6666666666667,
2020,9,A3928,ARTEA - ZEBERIO - UGAO MIRABALLES,1464.0,975.0,448.0,6.0,12.0,0.0,0.0,5.0,2.0,2020-09-01,1,0,,,,,3,9,2020,-1.0,-1.8369701987210297e-16,1053.0,1163.0,,1191.0,916.1666666666666,
2020,10,A3928,ARTEA - ZEBERIO - UGAO MIRABALLES,1499.0,1046.0,412.0,18.0,6.0,0.0,0.0,3.0,1.0,2020-10-01,1,0,,,,,4,10,2020,-0.8660254037844386,0.5000000000000001,1464.0,1357.0,,1291.3333333333333,990.3333333333334,
2020,11,A3928,ARTEA - ZEBERIO - UGAO MIRABALLES,1157.0,825.0,274.0,45.0,3.0,0.0,0.0,0.0,4.0,2020-11-01,1,0,,,,,4,11,2020,-0.5000000000000004,0.8660254037844384,1499.0,1053.0,,1338.6666666666667,1199.8333333333333,
2020,12,A3928,ARTEA - ZEBERIO - UGAO MIRABALLES,1125.0,775.0,280.0,39.0,4.0,3.0,0.0,2.0,4.0,2020-12-01,1,0,,,,,4,12,2020,-2.4492935982947064e-16,1.0,1157.0,1464.0,,1373.3333333333333,1282.1666666666667,
2021,1,A3928,ARTEA - ZEBERIO - UGAO MIRABALLES,1197.0,794.0,327.0,30.0,1.0,23.0,0.0,7.0,3.0,2021-01-01,1,0,16362.0,904.0,1363.5,0.8778877887788779,1,1,2021,0.49999999999999994,0.8660254037844387,1125.0,1499.0,1999.0,1260.3333333333333,1275.8333333333333,1238.25
2021,2,A3928,ARTEA - ZEBERIO - UGAO MIRABALLES,1230.0,826.0,272.0,3.0,32.0,66.0,0.0,8.0,14.0,2021-02-01,1,0,16362.0,904.0,1363.5,0.9020902090209021,1,2,2021,0.8660254037844386,0.5000000000000001,1197.0,1157.0,2118.0,1159.6666666666667,1249.1666666666667,1171.4166666666667
2021,3,A3928,ARTEA - ZEBERIO - UGAO MIRABALLES,1461.0,1027.0,344.0,16.0,2.0,49.0,0.0,5.0,6.0,2021-03-01,1,0,16362.0,904.0,1363.5,1.0715071507150715,1,3,2021,1.0,6.123233995736766e-17,1230.0,1125.0,1019.0,1184.0,1278.6666666666667,1097.4166666666667
2021,4,A3928,ARTEA - ZEBERIO - UGAO MIRABALLES,1530.0,1025.0,349.0,17.0,37.0,79.0,0.0,11.0,4.0,2021-04-01,1,0,16362.0,904.0,1363.5,1.1221122112211221,2,4,2021,0.8660254037844387,-0.4999999999999998,1461.0,1197.0,242.0,1296.0,1278.1666666666667,1134.25
2021,5,A3928,ARTEA - ZEBERIO - UGAO MIRABALLES,1631.0,1009.0,415.0,17.0,56.0,99.0,0.0,10.0,2.0,2021-05-01,1,0,16362.0,904.0,1363.5,1.196186285295196,2,5,2021,0.49999999999999994,-0.8660254037844387,1530.0,1230.0,663.0,1407.0,1283.3333333333333,1241.5833333333333
2021,6,A3928,ARTEA - ZEBERIO - UGAO MIRABALLES,1886.0,1183.0,488.0,5.0,61.0,120.0,0.0,8.0,9.0,2021-06-01,1,0,16362.0,904.0,1363.5,1.3832049871653833,2,6,2021,1.2246467991473532e-16,-1.0,1631.0,1461.0,1163.0,1540.6666666666667,1362.3333333333333,1322.25
2021,7,A3928,ARTEA - ZEBERIO - UGAO MIRABALLES,1629.0,1020.0,442.0,1.0,33.0,107.0,0.0,6.0,6.0,2021-07-01,1,0,16362.0,904.0,1363.5,1.1947194719471947,3,7,2021,-0.4999999999999997,-0.8660254037844388,1886.0,1530.0,1357.0,1682.3333333333333,1489.1666666666667,1382.5
2021,8,A3928,ARTEA - ZEBERIO - UGAO MIRABALLES,1251.0,732.0,387.0,0.0,20.0,86.0,0.0,7.0,15.0,2021-08-01,1,0,16362.0,904.0,1363.5,0.9174917491749175,3,8,2021,-0.8660254037844385,-0.5000000000000004,1629.0,1631.0,1053.0,1715.3333333333333,1561.1666666666667,1405.1666666666667
2021,9,A3928,ARTEA - ZEBERIO - UGAO MIRABALLES,1631.0,945.0,457.0,24.0,56.0,127.0,0.0,4.0,5.0,2021-09-01,1,0,16362.0,904.0,1363.5,1.196186285295196,3,9,2021,-1.0,-1.8369701987210297e-16,1251.0,1886.0,1464.0,1588.6666666666667,1564.6666666666667,1421.6666666666667
2021,10,A3928,ARTEA - ZEBERIO - UGAO MIRABALLES,1795.0,990.0,544.0,26.0,54.0,119.0,0.0,15.0,16.0,2021-10-01,1,0,16362.0,904.0,1363.5,1.3164649798313164,4,10,2021,-0.8660254037844386,0.5000000000000001,1631.0,1629.0,1499.0,1503.6666666666667,1593.0,1435.5833333333333
2021,11,A3928,ARTEA - ZEBERIO - UGAO MIRABALLES,1602.0,896.0,466.0,1.0,92.0,107.0,0.0,12.0,6.0,2021-11-01,1,0,16362.0,904.0,1363.5,1.174917491749175,4,11,2021,-0.5000000000000004,0.8660254037844384,1795.0,1251.0,1157.0,1559.0,1637.1666666666667,1460.25
2021,12,A3928,ARTEA - ZEBERIO - UGAO MIRABALLES,1408.0,750.0,427.0,6.0,83.0,121.0,0.0,6.0,8.0,2021-12-01,1,0,16362.0,904.0,1363.5,1.0326365969930327,4,12,2021,-2.4492935982947064e-16,1.0,1602.0,1631.0,1125.0,1676.0,1632.3333333333333,1497.3333333333333
2022,1,A3928,ARTEA - ZEBERIO - UGAO MIRABALLES,1162.0,652.0,343.0,2.0,66.0,74.0,0.0,10.0,5.0,2022-01-01,0,0,16384.0,904.0,1365.3333333333333,0.85107421875,1,1,2022,0.49999999999999994,0.8660254037844387,1408.0,1795.0,1197.0,1601.6666666666667,1552.6666666666667,1520.9166666666667
2022,2,A3928,ARTEA - ZEBERIO - UGAO MIRABALLES,1552.0,823.0,444.0,4.0,109.0,105.0,0.0,31.0,13.0,2022-02-01,0,0,16384.0,904.0,1365.3333333333333,1.13671875,1,2,2022,0.8660254037844386,0.5000000000000001,1162.0,1602.0,1230.0,1390.6666666666667,1474.8333333333333,1518.0
2022,3,A3928,ARTEA - ZEBERIO - UGAO MIRABALLES,1600.0,823.0,459.0,3.0,114.0,159.0,0.0,4.0,8.0,2022-03-01,0,0,16384.0,904.0,1365.3333333333333,1.171875,1,3,2022,1.0,6.123233995736766e-17,1552.0,1408.0,1461.0,1374.0,1525.0,1544.8333333333333
2022,4,A3928,ARTEA - ZEBERIO - UGAO MIRABALLES,1320.0,685.0,372.0,1.0,89.0,114.0,0.0,9.0,9.0,2022-04-01,0,0,16384.0,904.0,1365.3333333333333,0.966796875,2,4,2022,0.8660254037844387,-0.4999999999999998,1600.0,1162.0,1530.0,1438.0,1519.8333333333333,1556.4166666666667
2022,5,A3928,ARTEA - ZEBERIO - UGAO MIRABALLES,1687.0,918.0,463.0,4.0,104.0,124.0,0.0,25.0,13.0,2022-05-01,0,0,16384.0,904.0,1365.3333333333333,1.235595703125,2,5,2022,0.49999999999999994,-0.8660254037844387,1320.0,1552.0,1631.0,1490.6666666666667,1440.6666666666667,1538.9166666666667
2022,6,A3928,ARTEA - ZEBERIO - UGAO MIRABALLES,1958.0,1127.0,595.0,0.0,39.0,148.0,0.0,11.0,5.0,2022-06-01,0,0,16384.0,904.0,1365.3333333333333,1.43408203125,2,6,2022,1.2246467991473532e-16,-1.0,1687.0,1600.0,1886.0,1535.6666666666667,1454.8333333333333,1543.5833333333333
2022,7,A3928,ARTEA - ZEBERIO - UGAO MIRABALLES,1728.0,920.0,520.0,2.0,57.0,153.0,0.0,27.0,3.0,2022-07-01,0,0,16384.0,904.0,1365.3333333333333,1.265625,3,7,2022,-0.4999999999999997,-0.8660254037844388,1958.0,1320.0,1629.0,1655.0,1546.5,1549.5833333333333
2022,8,A3928,ARTEA - ZEBERIO - UGAO MIRABALLES,1498.0,731.0,564.0,3.0,55.0,97.0,0.0,26.0,11.0,2022-08-01,0,0,16384.0,904.0,1365.3333333333333,1.09716796875,3,8,2022,-0.8660254037844385,-0.5000000000000004,1728.0,1687.0,1251.0,1791.0,1640.8333333333333,1557.8333333333333
2020,1,A2162,Andra Mari/Santa Maria Getxo-UPV/EHU (Algorta),5671.0,3475.0,335.0,758.0,235.0,343.0,0.0,14.0,74.0,2020-01-01,1,0,,,,,1,1,2020,0.49999999999999994,0.8660254037844387,,,,,,
2020,2,A2162,Andra Mari/Santa Maria Getxo-UPV/EHU (Algorta),9436.0,4867.0,354.0,2260.0,433.0,479.0,0.0,23.0,70.0,2020-02-01,1,0,,,,,1,2,2020,0.8660254037844386,0.5000000000000001,5671.0,,,,,
2020,3,A2162,Andra Mari/Santa Maria Getxo-UPV/EHU (Algorta),4007.0,2013.0,140.0,1033.0,177.0,174.0,1.0,14.0,42.0,2020-03-01,1,0,,,,,1,3,2020,1.0,6.123233995736766e-17,9436.0,,,,,
2020,4,A2162,Andra Mari/Santa Maria Getxo-UPV/EHU (Algorta),0.0,,,,,,,,,2020-04-01,1,0,,,,,2,4,2020,0.8660254037844387,-0.4999999999999998,4007.0,5671.0,,6371.333333333333,,
2020,5,A2162,Andra Mari/Santa Maria Getxo-UPV/EHU (Algorta),0.0,,,,,,,,,2020-05-01,1,0,,,,,2,5,2020,0.49999999999999994,-0.8660254037844387,0.0,9436.0,,4481.0,,
2020,6,A2162,Andra Mari/Santa Maria Getxo-UPV/EHU (Algorta),0.0,,,,,,,,,2020-06-01,1,0,,,,,2,6,2020,1.2246467991473532e-16,-1.0,0.0,4007.0,,1335.6666666666667,,
2020,7,A2162,Andra Mari/Santa Maria Getxo-UPV/EHU (Algorta),0.0,,,,,,,,,2020-07-01,1,0,,,,,3,7,2020,-0.4999999999999997,-0.8660254037844388,0.0,0.0,,0.0,3185.6666666666665,
2020,8,A2162,Andra Mari/Santa Maria Getxo-UPV/EHU (Algorta),0.0,,,,,,,,,2020-08-01,1,0,,,,,3,8,2020,-0.8660254037844385,-0.5000000000000004,0.0,0.0,,0.0,2240.5,
2020,9,A2162,Andra Mari/Santa Maria Getxo-UPV/EHU (Algorta),5045.0,3492.0,225.0,611.0,127.0,,,8.0,24.0,2020-09-01,1,0,,,,,3,9,2020,-1.0,-1.8369701987210297e-16,0.0,0.0,,0.0,667.8333333333334,
2020,10,A2162,Andra Mari/Santa Maria Getxo-UPV/EHU (Algorta),7222.0,4619.0,285.0,1201.0,282.0,,,6.0,41.0,2020-10-01,1,0,,,,,4,10,2020,-0.8660254037844386,0.5000000000000001,5045.0,0.0,,1681.6666666666667,840.8333333333334,
2020,11,A2162,Andra Mari/Santa Maria Getxo-UPV/EHU (Algorta),5467.0,3544.0,218.0,877.0,204.0,,,9.0,28.0,2020-11-01,1,0,,,,,4,11,2020,-0.5000000000000004,0.8660254037844384,7222.0,0.0,,4089.0,2044.5,
2020,12,A2162,Andra Mari/Santa Maria Getxo-UPV/EHU (Algorta),3349.0,2478.0,128.0,308.0,87.0,0.0,0.0,2.0,20.0,2020-12-01,1,0,,,,,4,12,2020,-2.4492935982947064e-16,1.0,5467.0,5045.0,,5911.333333333333,2955.6666666666665,
2021,1,A2162,Andra Mari/Santa Maria Getxo-UPV/EHU (Algorta),3452.0,2581.0,121.0,227.0,93.0,62.0,0.0,4.0,22.0,2021-01-01,1,0,,,,,1,1,2021,0.49999999999999994,0.8660254037844387,3349.0,7222.0,5671.0,5346.0,3513.8333333333335,3349.75
2021,2,A2162,Andra Mari/Santa Maria Getxo-UPV/EHU (Algorta),6113.0,4125.0,213.0,830.0,189.0,85.0,1.0,10.0,42.0,2021-02-01,1,0,,,,,1,2,2021,0.8660254037844386,0.5000000000000001,3452.0,5467.0,9436.0,4089.3333333333335,4089.1666666666665,3164.8333333333335
2021,3,A2162,Andra Mari/Santa Maria Getxo-UPV/EHU (Algorta),6055.0,4102.0,236.0,715.0,188.0,86.0,0.0,12.0,63.0,2021-03-01,1,0,,,,,1,3,2021,1.0,6.123233995736766e-17,6113.0,3349.0,4007.0,4304.666666666667,5108.0,2887.9166666666665
2021,4,A2162,Andra Mari/Santa Maria Getxo-UPV/EHU (Algorta),4517.0,3108.0,172.0,561.0,78.0,84.0,,15.0,49.0,2021-04-01,1,0,,,,,2,4,2021,0.8660254037844387,-0.4999999999999998,6055.0,3452.0,0.0,5206.666666666667,5276.333333333333,3058.5833333333335
2021,5,A2162,Andra Mari/Santa Maria Getxo-UPV/EHU (Algorta),5439.0,3892.0,336.0,448.0,55.0,157.0,0.0,11.0,27.0,2021-05-01,1,0,,,,,2,5,2021,0.49999999999999994,-0.8660254037844387,4517.0,6113.0,0.0,5561.666666666667,4825.5,3435.0
2021,6,A2162,Andra Mari/Santa Maria Getxo-UPV/EHU (Algorta),3882.0,2984.0,278.0,117.0,31.0,127.0,0.0,9.0,26.0,2021-06-01,1,0,,,,,2,6,2021,1.2246467991473532e-16,-1.0,5439.0,6055.0,0.0,5337.0,4820.833333333333,3888.25
2021,7,A2162,Andra Mari/Santa Maria Getxo-UPV/EHU (Algorta),698.0,547.0,65.0,20.0,6.0,26.0,,2.0,7.0,2021-07-01,1,0,,,,,3,7,2021,-0.4999999999999997,-0.8660254037844388,3882.0,4517.0,0.0,4612.666666666667,4909.666666666667,4211.75
2021,8,A2162,Andra Mari/Santa Maria Getxo-UPV/EHU (Algorta),0.0,,,,,,,,,2021-08-01,1,0,,,,,3,8,2021,-0.8660254037844385,-0.5000000000000004,698.0,5439.0,0.0,3339.6666666666665,4450.666666666667,4269.916666666667
2021,9,A2162,Andra Mari/Santa Maria Getxo-UPV/EHU (Algorta),5887.0,4001.0,279.0,544.0,197.0,204.0,,22.0,67.0,2021-09-01,1,0,,,,,3,9,2021,-1.0,-1.8369701987210297e-16,0.0,3882.0,5045.0,1526.6666666666667,3431.8333333333335,4269.916666666667
2021,10,A2162,Andra Mari/Santa Maria Getxo-UPV/EHU (Algorta),8298.0,4975.0,357.0,1264.0,386.0,276.0,,14.0,74.0,2021-10-01,1,0,,,,,4,10,2021,-0.8660254037844386,0.5000000000000001,5887.0,698.0,7222.0,2195.0,3403.8333333333335,4340.083333333333
2021,11,A2162,Andra Mari/Santa Maria Getxo-UPV/EHU (Algorta),9528.0,5436.0,381.0,1638.0,527.0,282.0,0.0,43.0,72.0,2021-11-01,1,0,,,,,4,11,2021,-0.5000000000000004,0.8660254037844384,8298.0,0.0,5467.0,4728.333333333333,4034.0,4429.75
2021,12,A2162,Andra Mari/Santa Maria Getxo-UPV/EHU (Algorta),5357.0,3305.0,242.0,691.0,217.0,240.0,,33.0,36.0,2021-12-01,1,0,,,,,4,12,2021,-2.4492935982947064e-16,1.0,9528.0,5887.0,3349.0,7904.333333333333,4715.5,4768.166666666667
2022,1,A2162,Andra Mari/Santa Maria Getxo-UPV/EHU (Algorta),4941.0,3281.0,279.0,434.0,214.0,190.0,,46.0,24.0,2022-01-01,0,0,,,,,1,1,2022,0.49999999999999994,0.8660254037844387,5357.0,8298.0,3452.0,7727.666666666667,4961.333333333333,4935.5
2022,2,A2162,Andra Mari/Santa Maria Getxo-UPV/EHU (Algorta),9179.0,5374.0,406.0,1534.0,468.0,329.0,,50.0,40.0,2022-02-01,0,0,,,,,1,2,2022,0.8660254037844386,0.5000000000000001,4941.0,9528.0,6113.0,6608.666666666667,5668.5,5059.583333333333
2022,3,A2162,Andra Mari/Santa Maria Getxo-UPV/EHU (Algorta),10044.0,5752.0,457.0,1794.0,434.0,341.0,0.0,47.0,63.0,2022-03-01,0,0,,,,,1,3,2022,1.0,6.123233995736766e-17,9179.0,5357.0,6055.0,6492.333333333333,7198.333333333333,5315.083333333333
2022,4,A2162,Andra Mari/Santa Maria Getxo-UPV/EHU (Algorta),5528.0,3448.0,245.0,799.0,196.0,178.0,,42.0,30.0,2022-04-01,0,0,,,,,2,4,2022,0.8660254037844387,-0.4999999999999998,10044.0,4941.0,4517.0,8054.666666666667,7891.166666666667,5647.5
2022,5,A2162,Andra Mari/Santa Maria Getxo-UPV/EHU (Algorta),7545.0,4644.0,421.0,1018.0,276.0,273.0,,72.0,72.0,2022-05-01,0,0,,,,,2,5,2022,0.49999999999999994,-0.8660254037844387,5528.0,9179.0,5439.0,8250.333333333334,7429.5,5731.75
2022,6,A2162,Andra Mari/Santa Maria Getxo-UPV/EHU (Algorta),4524.0,3261.0,348.0,203.0,62.0,209.0,1.0,44.0,32.0,2022-06-01,0,0,,,,,2,6,2022,1.2246467991473532e-16,-1.0,7545.0,10044.0,3882.0,7705.666666666667,7099.0,5907.25
2022,7,A2162,Andra Mari/Santa Maria Getxo-UPV/EHU (Algorta),727.0,566.0,68.0,12.0,5.0,35.0,,6.0,2.0,2022-07-01,0,0,,,,,3,7,2022,-0.4999999999999997,-0.8660254037844388,4524.0,5528.0,698.0,5865.666666666667,6960.166666666667,5960.75
2022,8,A2162,Andra Mari/Santa Maria Getxo-UPV/EHU (Algorta),2.0,,,,,,,,2.0,2022-08-01,0,0,,,,,3,8,2022,-0.8660254037844385,-0.5000000000000004,727.0,7545.0,0.0,4265.333333333333,6257.833333333333,5963.166666666667
2020,1,A2164,Andra Mari/Santa Maria Getxo-UPV/EHU (Fadura),1367.0,885.0,34.0,185.0,48.0,53.0,0.0,14.0,14.0,2020-01-01,1,0,,,,,1,1,2020,0.49999999999999994,0.8660254037844387,,,,,,
2020,2,A2164,Andra Mari/Santa Maria Getxo-UPV/EHU (Fadura),2635.0,1193.0,60.0,791.0,131.0,56.0,0.0,15.0,35.0,2020-02-01,1,0,,,,,1,2,2020,0.8660254037844386,0.5000000000000001,1367.0,,,,,
2020,3,A2164,Andra Mari/Santa Maria Getxo-UPV/EHU (Fadura),1113.0,535.0,18.0,336.0,51.0,28.0,0.0,7.0,9.0,2020-03-01,1,0,,,,,1,3,2020,1.0,6.123233995736766e-17,2635.0,,,,,
2020,4,A2164,Andra Mari/Santa Maria Getxo-UPV/EHU (Fadura),0.0,,,,,,,,,2020-04-01,1,0,,,,,2,4,2020,0.8660254037844387,-0.4999999999999998,1113.0,1367.0,,1705.0,,
2020,5,A2164,Andra Mari/Santa Maria Getxo-UPV/EHU (Fadura),0.0,,,,,,,,,2020-05-01,1,0,,,,,2,5,2020,0.49999999999999994,-0.8660254037844387,0.0,2635.0,,1249.3333333333333,,
2020,6,A2164,Andra Mari/Santa Maria Getxo-UPV/EHU (Fadura),0.0,,,,,,,,,2020-06-01,1,0,,,,,2,6,2020,1.2246467991473532e-16,-1.0,0.0,1113.0,,371.0,,
2020,7,A2164,Andra Mari/Santa Maria Getxo-UPV/EHU (Fadura),0.0,,,,,,,,,2020-07-01,1,0,,,,,3,7,2020,-0.4999999999999997,-0.8660254037844388,0.0,0.0,,0.0,852.5,
2020,8,A2164,Andra Mari/Santa Maria Getxo-UPV/EHU (Fadura),0.0,,,,,,,,,2020-08-01,1,0,,,,,3,8,2020,-0.8660254037844385,-0.5000000000000004,0.0,0.0,,0.0,624.6666666666666,
2020,9,A2164,Andra Mari/Santa Maria Getxo-UPV/EHU (Fadura),1409.0,974.0,21.0,190.0,25.0,,,2.0,10.0,2020-09-01,1,0,,,,,3,9,2020,-1.0,-1.8369701987210297e-16,0.0,0.0,,0.0,185.5,
2020,10,A2164,Andra Mari/Santa Maria Getxo-UPV/EHU (Fadura),1850.0,1133.0,16.0,337.0,82.0,,,,6.0,2020-10-01,1,0,,,,,4,10,2020,-0.8660254037844386,0.5000000000000001,1409.0,0.0,,469.6666666666667,234.83333333333334,
2020,11,A2164,Andra Mari/Santa Maria Getxo-UPV/EHU (Fadura),1388.0,835.0,6.0,299.0,41.0,,,2.0,6.0,2020-11-01,1,0,,,,,4,11,2020,-0.5000000000000004,0.8660254037844384,1850.0,0.0,,1086.3333333333333,543.1666666666666,
2020,12,A2164,Andra Mari/Santa Maria Getxo-UPV/EHU (Fadura),707.0,460.0,15.0,110.0,20.0,0.0,0.0,0.0,0.0,2020-12-01,1,0,,,,,4,12,2020,-2.4492935982947064e-16,1.0,1388.0,1409.0,,1549.0,774.5,
2021,1,A2164,Andra Mari/Santa Maria Getxo-UPV/EHU (Fadura),695.0,527.0,12.0,73.0,7.0,10.0,0.0,2.0,3.0,2021-01-01,1,0,,,,,1,1,2021,0.49999999999999994,0.8660254037844387,707.0,1850.0,1367.0,1315.0,892.3333333333334,872.4166666666666
2021,2,A2164,Andra Mari/Santa Maria Getxo-UPV/EHU (Fadura),1547.0,970.0,5.0,305.0,25.0,12.0,0.0,1.0,9.0,2021-02-01,1,0,,,,,1,2,2021,0.8660254037844386,0.5000000000000001,695.0,1388.0,2635.0,930.0,1008.1666666666666,816.4166666666666
2021,3,A2164,Andra Mari/Santa Maria Getxo-UPV/EHU (Fadura),1376.0,896.0,10.0,227.0,35.0,15.0,0.0,2.0,12.0,2021-03-01,1,0,,,,,1,3,2021,1.0,6.123233995736766e-17,1547.0,707.0,1113.0,983.0,1266.0,725.75
2021,4,A2164,Andra Mari/Santa Maria Getxo-UPV/EHU (Fadura),962.0,579.0,21.0,188.0,25.0,14.0,,1.0,9.0,2021-04-01,1,0,,,,,2,4,2021,0.8660254037844387,-0.4999999999999998,1376.0,695.0,0.0,1206.0,1260.5,747.6666666666666
2021,5,A2164,Andra Mari/Santa Maria Getxo-UPV/EHU (Fadura),1119.0,773.0,33.0,132.0,8.0,26.0,0.0,5.0,5.0,2021-05-01,1,0,,,,,2,5,2021,0.49999999999999994,-0.8660254037844387,962.0,1547.0,0.0,1295.0,1112.5,827.8333333333334
2021,6,A2164,Andra Mari/Santa Maria Getxo-UPV/EHU (Fadura),144.0,102.0,3.0,8.0,1.0,3.0,0.0,1.0,1.0,2021-06-01,1,0,,,,,2,6,2021,1.2246467991473532e-16,-1.0,1119.0,1376.0,0.0,1152.3333333333333,1067.6666666666667,921.0833333333334
2021,7,A2164,Andra Mari/Santa Maria Getxo-UPV/EHU (Fadura),0.0,,,,,,,,,2021-07-01,1,0,,,,,3,7,2021,-0.4999999999999997,-0.8660254037844388,144.0,962.0,0.0,741.6666666666666,973.8333333333334,933.0833333333334
2021,8,A2164,Andra Mari/Santa Maria Getxo-UPV/EHU (Fadura),0.0,,,,,,,,,2021-08-01,1,0,,,,,3,8,2021,-0.8660254037844385,-0.5000000000000004,0.0,1119.0,0.0,421.0,858.0,933.0833333333334
2021,9,A2164,Andra Mari/Santa Maria Getxo-UPV/EHU (Fadura),1188.0,721.0,21.0,154.0,41.0,30.0,,8.0,20.0,2021-09-01,1,0,,,,,3,9,2021,-1.0,-1.8369701987210297e-16,0.0,144.0,1409.0,48.0,600.1666666666666,933.0833333333334
2021,10,A2164,Andra Mari/Santa Maria Getxo-UPV/EHU (Fadura),1962.0,1099.0,24.0,369.0,97.0,52.0,,5.0,9.0,2021-10-01,1,0,,,,,4,10,2021,-0.8660254037844386,0.5000000000000001,1188.0,0.0,1850.0,396.0,568.8333333333334,914.6666666666666
2021,11,A2164,Andra Mari/Santa Maria Getxo-UPV/EHU (Fadura),2410.0,1225.0,32.0,532.0,151.0,54.0,0.0,3.0,5.0,2021-11-01,1,0,,,,,4,11,2021,-0.5000000000000004,0.8660254037844384,1962.0,0.0,1388.0,1050.0,735.5,924.0
2021,12,A2164,Andra Mari/Santa Maria Getxo-UPV/EHU (Fadura),1268.0,713.0,17.0,239.0,42.0,30.0,,7.0,7.0,2021-12-01,1,0,,,,,4,12,2021,-2.4492935982947064e-16,1.0,2410.0,1188.0,707.0,1853.3333333333333,950.6666666666666,1009.1666666666666
2022,1,A2164,Andra Mari/Santa Maria Getxo-UPV/EHU (Fadura),1032.0,627.0,17.0,129.0,46.0,47.0,,5.0,5.0,2022-01-01,0,0,,,,,1,1,2022,0.49999999999999994,0.8660254037844387,1268.0,1962.0,695.0,1880.0,1138.0,1055.9166666666667
2022,2,A2164,Andra Mari/Santa Maria Getxo-UPV/EHU (Fadura),2024.0,1062.0,26.0,511.0,95.0,33.0,,9.0,8.0,2022-02-01,0,0,,,,,1,2,2022,0.8660254037844386,0.5000000000000001,1032.0,2410.0,1547.0,1570.0,1310.0,1084.0
2022,3,A2164,Andra Mari/Santa Maria Getxo-UPV/EHU (Fadura),2340.0,1153.0,47.0,621.0,109.0,59.0,0.0,16.0,12.0,2022-03-01,0,0,,,,,1,3,2022,1.0,6.123233995736766e-17,2024.0,1268.0,1376.0,1441.3333333333333,1647.3333333333333,1123.75
2022,4,A2164,Andra Mari/Santa Maria Getxo-UPV/EHU (Fadura),1310.0,752.0,27.0,260.0,59.0,24.0,,6.0,2.0,2022-04-01,0,0,,,,,2,4,2022,0.8660254037844387,-0.4999999999999998,2340.0,1032.0,962.0,1798.6666666666667,1839.3333333333333,1204.0833333333333
2022,5,A2164,Andra Mari/Santa Maria Getxo-UPV/EHU (Fadura),1625.0,995.0,46.0,261.0,60.0,46.0,,17.0,3.0,2022-05-01,0,0,,,,,2,5,2022,0.49999999999999994,-0.8660254037844387,1310.0,2024.0,1119.0,1891.3333333333333,1730.6666666666667,1233.0833333333333
2022,6,A2164,Andra Mari/Santa Maria Getxo-UPV/EHU (Fadura),168.0,131.0,3.0,4.0,,5.0,,1.0,0.0,2022-06-01,0,0,,,,,2,6,2022,1.2246467991473532e-16,-1.0,1625.0,2340.0,144.0,1758.3333333333333,1599.8333333333333,1275.25
2022,7,A2164,Andra Mari/Santa Maria Getxo-UPV/EHU (Fadura),0.0,,,,,,,,,2022-07-01,0,0,,,,,3,7,2022,-0.4999999999999997,-0.8660254037844388,168.0,1310.0,0.0,1034.3333333333333,1416.5,1277.25
2022,8,A2164,Andra Mari/Santa Maria Getxo-UPV/EHU (Fadura),0.0,,,,,,,,,2022-08-01,0,0,,,,,3,8,2022,-0.8660254037844385,-0.5000000000000004,0.0,1625.0,0.0,597.6666666666666,1244.5,1277.25
2020,1,A2151,Areeta/Las Arenas-LARRABETZU,14284.0,8830.0,2083.0,1322.0,488.0,797.0,2.0,82.0,41.0,2020-01-01,1,0,,,,,1,1,2020,0.49999999999999994,0.8660254037844387,,,,,,
2020,2,A2151,Areeta/Las Arenas-LARRABETZU,14832.0,9108.0,2192.0,1342.0,558.0,761.0,3.0,112.0,66.0,2020-02-01,1,0,,,,,1,2,2020,0.8660254037844386,0.5000000000000001,14284.0,,,,,
2020,3,A2151,Areeta/Las Arenas-LARRABETZU,7761.0,4994.0,922.0,748.0,302.0,377.0,3.0,44.0,21.0,2020-03-01,1,0,,,,,1,3,2020,1.0,6.123233995736766e-17,14832.0,,,,,
2020,4,A2151,Areeta/Las Arenas-LARRABETZU,1633.0,1382.0,156.0,35.0,27.0,,,3.0,6.0,2020-04-01,1,0,,,,,2,4,2020,0.8660254037844387,-0.4999999999999998,7761.0,14284.0,,12292.333333333334,,
2020,5,A2151,Areeta/Las Arenas-LARRABETZU,4346.0,3554.0,490.0,72.0,50.0,0.0,0.0,4.0,23.0,2020-05-01,1,0,,,,,2,5,2020,0.49999999999999994,-0.8660254037844387,1633.0,14832.0,,8075.333333333333,,
2020,6,A2151,Areeta/Las Arenas-LARRABETZU,9218.0,7064.0,1234.0,267.0,150.0,0.0,0.0,60.0,57.0,2020-06-01,1,0,,,,,2,6,2020,1.2246467991473532e-16,-1.0,4346.0,7761.0,,4580.0,,
2020,7,A2151,Areeta/Las Arenas-LARRABETZU,10463.0,7855.0,1500.0,206.0,283.0,0.0,0.0,57.0,38.0,2020-07-01,1,0,,,,,3,7,2020,-0.4999999999999997,-0.8660254037844388,9218.0,1633.0,,5065.666666666667,8679.0,
2020,8,A2151,Areeta/Las Arenas-LARRABETZU,7241.0,5359.0,1176.0,181.0,146.0,0.0,0.0,63.0,42.0,2020-08-01,1,0,,,,,3,8,2020,-0.8660254037844385,-0.5000000000000004,10463.0,4346.0,,8009.0,8042.166666666667,
2020,9,A2151,Areeta/Las Arenas-LARRABETZU,11365.0,8021.0,1660.0,578.0,471.0,,,47.0,65.0,2020-09-01,1,0,,,,,3,9,2020,-1.0,-1.8369701987210297e-16,7241.0,9218.0,,8974.0,6777.0,
2020,10,A2151,Areeta/Las Arenas-LARRABETZU,11074.0,7659.0,1340.0,896.0,603.0,,,38.0,23.0,2020-10-01,1,0,,,,,4,10,2020,-0.8660254037844386,0.5000000000000001,11365.0,10463.0,,9689.666666666666,7377.666666666667,
2020,11,A2151,Areeta/Las Arenas-LARRABETZU,9337.0,6674.0,977.0,748.0,409.0,,,25.0,42.0,2020-11-01,1,0,,,,,4,11,2020,-0.5000000000000004,0.8660254037844384,11074.0,7241.0,,9893.333333333334,8951.166666666666,
2020,12,A2151,Areeta/Las Arenas-LARRABETZU,7911.0,5654.0,1012.0,425.0,324.0,37.0,0.0,47.0,27.0,2020-12-01,1,0,,,,,4,12,2020,-2.4492935982947064e-16,1.0,9337.0,11365.0,,10592.0,9783.0,
2021,1,A2151,Areeta/Las Arenas-LARRABETZU,8172.0,5837.0,933.0,545.0,311.0,138.0,0.0,56.0,37.0,2021-01-01,1,0,,,,,1,1,2021,0.49999999999999994,0.8660254037844387,7911.0,11074.0,14284.0,9440.666666666666,9565.166666666666,9122.083333333334
2021,2,A2151,Areeta/Las Arenas-LARRABETZU,9691.0,6803.0,1001.0,697.0,414.0,239.0,0.0,52.0,60.0,2021-02-01,1,0,,,,,1,2,2021,0.8660254037844386,0.5000000000000001,8172.0,9337.0,14832.0,8473.333333333334,9183.333333333334,8612.75
2021,3,A2151,Areeta/Las Arenas-LARRABETZU,11655.0,7951.0,1379.0,1018.0,439.0,269.0,2.0,60.0,60.0,2021-03-01,1,0,,,,,1,3,2021,1.0,6.123233995736766e-17,9691.0,7911.0,7761.0,8591.333333333334,9591.666666666666,8184.333333333333
2021,4,A2151,Areeta/Las Arenas-LARRABETZU,10719.0,7381.0,1213.0,814.0,372.0,327.0,,67.0,81.0,2021-04-01,1,0,,,,,2,4,2021,0.8660254037844387,-0.4999999999999998,11655.0,8172.0,1633.0,9839.333333333334,9640.0,8508.833333333334
2021,5,A2151,Areeta/Las Arenas-LARRABETZU,12373.0,8397.0,1520.0,884.0,474.0,371.0,1.0,89.0,62.0,2021-05-01,1,0,,,,,2,5,2021,0.49999999999999994,-0.8660254037844387,10719.0,9691.0,4346.0,10688.333333333334,9580.833333333334,9266.0
2021,6,A2151,Areeta/Las Arenas-LARRABETZU,12003.0,8147.0,1866.0,433.0,410.0,485.0,0.0,113.0,71.0,2021-06-01,1,0,,,,,2,6,2021,1.2246467991473532e-16,-1.0,12373.0,11655.0,9218.0,11582.333333333334,10086.833333333334,9934.916666666666
2021,7,A2151,Areeta/Las Arenas-LARRABETZU,11679.0,7880.0,1844.0,245.0,397.0,574.0,1.0,191.0,99.0,2021-07-01,1,0,,,,,3,7,2021,-0.4999999999999997,-0.8660254037844388,12003.0,10719.0,10463.0,11698.333333333334,10768.833333333334,10167.0
2021,8,A2151,Areeta/Las Arenas-LARRABETZU,9267.0,6054.0,1665.0,197.0,230.0,530.0,2.0,151.0,132.0,2021-08-01,1,0,,,,,3,8,2021,-0.8660254037844385,-0.5000000000000004,11679.0,12373.0,7241.0,12018.333333333334,11353.333333333334,10268.333333333334
2021,9,A2151,Areeta/Las Arenas-LARRABETZU,13135.0,8622.0,1807.0,750.0,501.0,622.0,8.0,122.0,116.0,2021-09-01,1,0,,,,,3,9,2021,-1.0,-1.8369701987210297e-16,9267.0,12003.0,11365.0,10983.0,11282.666666666666,10437.166666666666
2021,10,A2151,Areeta/Las Arenas-LARRABETZU,13515.0,8356.0,1970.0,1003.0,577.0,642.0,13.0,101.0,115.0,2021-10-01,1,0,,,,,4,10,2021,-0.8660254037844386,0.5000000000000001,13135.0,11679.0,11074.0,11360.333333333334,11529.333333333334,10584.666666666666
2021,11,A2151,Areeta/Las Arenas-LARRABETZU,13458.0,8574.0,1898.0,1023.0,489.0,611.0,3.0,74.0,148.0,2021-11-01,1,0,,,,,4,11,2021,-0.5000000000000004,0.8660254037844384,13515.0,9267.0,9337.0,11972.333333333334,11995.333333333334,10788.083333333334
2021,12,A2151,Areeta/Las Arenas-LARRABETZU,11058.0,7070.0,1632.0,579.0,398.0,591.0,3.0,111.0,122.0,2021-12-01,1,0,,,,,4,12,2021,-2.4492935982947064e-16,1.0,13458.0,13135.0,7911.0,13369.333333333334,12176.166666666666,11131.5
2022,1,A2151,Areeta/Las Arenas-LARRABETZU,11108.0,6937.0,1644.0,798.0,375.0,564.0,,103.0,140.0,2022-01-01,0,0,,,,,1,1,2022,0.49999999999999994,0.8660254037844387,11058.0,13515.0,8172.0,12677.0,12018.666666666666,11393.75
2022,2,A2151,Areeta/Las Arenas-LARRABETZU,12688.0,8008.0,1861.0,923.0,522.0,606.0,,117.0,148.0,2022-02-01,0,0,,,,,1,2,2022,0.8660254037844386,0.5000000000000001,11108.0,13458.0,9691.0,11874.666666666666,11923.5,11638.416666666666
2022,3,A2151,Areeta/Las Arenas-LARRABETZU,16140.0,10206.0,2068.0,1362.0,702.0,793.0,0.0,143.0,166.0,2022-03-01,0,0,,,,,1,3,2022,1.0,6.123233995736766e-17,12688.0,11058.0,11655.0,11618.0,12493.666666666666,11888.166666666666
2022,4,A2151,Areeta/Las Arenas-LARRABETZU,11972.0,7852.0,1589.0,728.0,433.0,654.0,,119.0,145.0,2022-04-01,0,0,,,,,2,4,2022,0.8660254037844387,-0.4999999999999998,16140.0,11108.0,10719.0,13312.0,12994.5,12261.916666666666
2022,5,A2151,Areeta/Las Arenas-LARRABETZU,16023.0,10624.0,2097.0,1016.0,571.0,890.0,,129.0,180.0,2022-05-01,0,0,,,,,2,5,2022,0.49999999999999994,-0.8660254037844387,11972.0,12688.0,12373.0,13600.0,12737.333333333334,12366.333333333334
2022,6,A2151,Areeta/Las Arenas-LARRABETZU,15228.0,10509.0,2086.0,444.0,393.0,839.0,2.0,206.0,209.0,2022-06-01,0,0,,,,,2,6,2022,1.2246467991473532e-16,-1.0,16023.0,16140.0,12003.0,14711.666666666666,13164.833333333334,12670.5
2022,7,A2151,Areeta/Las Arenas-LARRABETZU,13644.0,9347.0,1990.0,301.0,353.0,823.0,4.0,229.0,148.0,2022-07-01,0,0,,,,,3,7,2022,-0.4999999999999997,-0.8660254037844388,15228.0,11972.0,11679.0,14407.666666666666,13859.833333333334,12939.25
2022,8,A2151,Areeta/Las Arenas-LARRABETZU,10480.0,6914.0,1731.0,159.0,212.0,793.0,0.0,161.0,117.0,2022-08-01,0,0,,,,,3,8,2022,-0.8660254037844385,-0.5000000000000004,13644.0,16023.0,9267.0,14965.0,14282.5,13103.0
2020,1,A3913,Arrazola - DURANGO,9336.0,4179.0,2466.0,774.0,236.0,902.0,4.0,158.0,36.0,2020-01-01,1,0,,,,,1,1,2020,0.49999999999999994,0.8660254037844387,,,,,,
2020,2,A3913,Arrazola - DURANGO,10064.0,4462.0,2634.0,901.0,236.0,986.0,1.0,171.0,36.0,2020-02-01,1,0,,,,,1,2,2020,0.8660254037844386,0.5000000000000001,9336.0,,,,,
2020,3,A3913,Arrazola - DURANGO,4794.0,2403.0,1043.0,420.0,122.0,369.0,0.0,87.0,29.0,2020-03-01,1,0,,,,,1,3,2020,1.0,6.123233995736766e-17,10064.0,,,,,
2020,4,A3913,Arrazola - DURANGO,754.0,547.0,186.0,4.0,0.0,0.0,0.0,0.0,0.0,2020-04-01,1,0,,,,,2,4,2020,0.8660254037844387,-0.4999999999999998,4794.0,9336.0,,8064.666666666667,,
2020,5,A3913,Arrazola - DURANGO,2163.0,1406.0,651.0,10.0,0.0,0.0,0.0,3.0,12.0,2020-05-01,1,0,,,,,2,5,2020,0.49999999999999994,-0.8660254037844387,754.0,10064.0,,5204.0,,
2020,6,A3913,Arrazola - DURANGO,5282.0,3415.0,1470.0,28.0,24.0,0.0,0.0,32.0,10.0,2020-06-01,1,0,,,,,2,6,2020,1.2246467991473532e-16,-1.0,2163.0,4794.0,,2570.3333333333335,,
2020,7,A3913,Arrazola - DURANGO,6440.0,4136.0,1833.0,31.0,36.0,0.0,0.0,96.0,9.0,2020-07-01,1,0,,,,,3,7,2020,-0.4999999999999997,-0.8660254037844388,5282.0,754.0,,2733.0,5398.833333333333,
2020,8,A3913,Arrazola - DURANGO,4651.0,3164.0,1161.0,9.0,29.0,0.0,0.0,64.0,7.0,2020-08-01,1,0,,,,,3,8,2020,-0.8660254037844385,-0.5000000000000004,6440.0,2163.0,,4628.333333333333,4916.166666666667,
2020,9,A3913,Arrazola - DURANGO,7090.0,4299.0,1755.0,391.0,179.0,0.0,0.0,52.0,12.0,2020-09-01,1,0,,,,,3,9,2020,-1.0,-1.8369701987210297e-16,4651.0,5282.0,,5457.666666666667,4014.0,
2020,10,A3913,Arrazola - DURANGO,7525.0,4403.0,1620.0,812.0,207.0,0.0,0.0,52.0,11.0,2020-10-01,1,0,,,,,4,10,2020,-0.8660254037844386,0.5000000000000001,7090.0,6440.0,,6060.333333333333,4396.666666666667,
2020,11,A3913,Arrazola - DURANGO,6353.0,3529.0,1341.0,847.0,175.0,0.0,0.0,44.0,24.0,2020-11-01,1,0,,,,,4,11,2020,-0.5000000000000004,0.8660254037844384,7525.0,4651.0,,6422.0,5525.166666666667,
2020,12,A3913,Arrazola - DURANGO,6650.0,3915.0,1415.0,615.0,150.0,31.0,0.0,62.0,15.0,2020-12-01,1,0,,,,,4,12,2020,-2.4492935982947064e-16,1.0,6353.0,7090.0,,6989.333333333333,6223.5,
2021,1,A3913,Arrazola - DURANGO,6670.0,3916.0,1179.0,678.0,143.0,161.0,0.0,73.0,27.0,2021-01-01,1,0,26342.0,904.0,2195.1666666666665,3.038493660314327,1,1,2021,0.49999999999999994,0.8660254037844387,6650.0,7525.0,9336.0,6842.666666666667,6451.5,5925.166666666667
2021,2,A3913,Arrazola - DURANGO,6351.0,3656.0,1042.0,797.0,134.0,188.0,0.0,83.0,40.0,2021-02-01,1,0,26342.0,904.0,2195.1666666666665,2.893174398299294,1,2,2021,0.8660254037844386,0.5000000000000001,6670.0,6353.0,10064.0,6557.666666666667,6489.833333333333,5703.0
2021,3,A3913,Arrazola - DURANGO,8082.0,4473.0,1560.0,831.0,157.0,444.0,1.0,128.0,39.0,2021-03-01,1,0,26342.0,904.0,2195.1666666666665,3.68172500189811,1,3,2021,1.0,6.123233995736766e-17,6351.0,6650.0,4794.0,6557.0,6773.166666666667,5393.583333333333
2021,4,A3913,Arrazola - DURANGO,7612.0,4163.0,1540.0,734.0,153.0,477.0,0.0,134.0,20.0,2021-04-01,1,0,26342.0,904.0,2195.1666666666665,3.467618252220788,2,4,2021,0.8660254037844387,-0.4999999999999998,8082.0,6670.0,754.0,7034.333333333333,6938.5,5667.583333333333
2021,5,A3913,Arrazola - DURANGO,8149.0,4312.0,1933.0,680.0,122.0,511.0,0.0,148.0,38.0,2021-05-01,1,0,26342.0,904.0,2195.1666666666665,3.7122466023840257,2,5,2021,0.49999999999999994,-0.8660254037844387,7612.0,6351.0,2163.0,7348.333333333333,6953.0,6239.083333333333
2021,6,A3913,Arrazola - DURANGO,8666.0,5029.0,2058.0,417.0,79.0,587.0,0.0,136.0,27.0,2021-06-01,1,0,26342.0,904.0,2195.1666666666665,3.9477640270290792,2,6,2021,1.2246467991473532e-16,-1.0,8149.0,8082.0,5282.0,7947.666666666667,7252.333333333333,6737.916666666667
2021,7,A3913,Arrazola - DURANGO,7426.0,4483.0,1697.0,116.0,75.0,634.0,0.0,171.0,10.0,2021-07-01,1,0,26342.0,904.0,2195.1666666666665,3.3828866449016783,3,7,2021,-0.4999999999999997,-0.8660254037844388,8666.0,7612.0,6440.0,8142.333333333333,7588.333333333333,7019.916666666667
2021,8,A3913,Arrazola - DURANGO,4884.0,2831.0,1205.0,19.0,34.0,513.0,1.0,116.0,8.0,2021-08-01,1,0,26342.0,904.0,2195.1666666666665,2.224888011540506,3,8,2021,-0.8660254037844385,-0.5000000000000004,7426.0,8149.0,4651.0,8080.333333333333,7714.333333333333,7102.083333333333
2021,9,A3913,Arrazola - DURANGO,8800.0,4871.0,1888.0,735.0,146.0,619.0,0.0,106.0,24.0,2021-09-01,1,0,26342.0,904.0,2195.1666666666665,4.0088072280009115,3,9,2021,-1.0,-1.8369701987210297e-16,4884.0,8666.0,7090.0,6992.0,7469.833333333333,7121.5
2021,10,A3913,Arrazola - DURANGO,9276.0,4551.0,1988.0,1012.0,290.0,703.0,0.0,159.0,29.0,2021-10-01,1,0,26342.0,904.0,2195.1666666666665,4.225647255333688,4,10,2021,-0.8660254037844386,0.5000000000000001,8800.0,7426.0,7525.0,7036.666666666667,7589.5,7264.0
2021,11,A3913,Arrazola - DURANGO,9006.0,4585.0,1837.0,1050.0,282.0,550.0,0.0,109.0,46.0,2021-11-01,1,0,26342.0,904.0,2195.1666666666665,4.102649760838205,4,11,2021,-0.5000000000000004,0.8660254037844384,9276.0,4884.0,6353.0,7653.333333333333,7866.833333333333,7409.916666666667
2021,12,A3913,Arrazola - DURANGO,8378.0,4448.0,1642.0,759.0,220.0,676.0,0.0,120.0,28.0,2021-12-01,1,0,26342.0,904.0,2195.1666666666665,3.816566699567231,4,12,2021,-2.4492935982947064e-16,1.0,9006.0,8800.0,6650.0,9027.333333333334,8009.666666666667,7631.0
2022,1,A3913,Arrazola - DURANGO,7705.0,4083.0,1519.0,784.0,233.0,505.0,0.0,101.0,39.0,2022-01-01,0,0,26338.0,904.0,2194.8333333333335,3.5105171235477255,1,1,2022,0.49999999999999994,0.8660254037844387,8378.0,9276.0,6670.0,8886.666666666666,7961.666666666667,7775.0
2022,2,A3913,Arrazola - DURANGO,8278.0,4236.0,1697.0,876.0,278.0,579.0,1.0,64.0,31.0,2022-02-01,0,0,26338.0,904.0,2194.8333333333335,3.7715847824436173,1,2,2022,0.8660254037844386,0.5000000000000001,7705.0,9006.0,6351.0,8363.0,8008.166666666667,7861.25
2022,3,A3913,Arrazola - DURANGO,9356.0,4783.0,1985.0,971.0,297.0,577.0,0.0,127.0,60.0,2022-03-01,0,0,26338.0,904.0,2194.8333333333335,4.262738248917913,1,3,2022,1.0,6.123233995736766e-17,8278.0,8378.0,8082.0,8120.333333333333,8573.833333333334,8021.833333333333
2022,4,A3913,Arrazola - DURANGO,7477.0,4037.0,1643.0,602.0,134.0,578.0,0.0,88.0,18.0,2022-04-01,0,0,26338.0,904.0,2194.8333333333335,3.4066367985420305,2,4,2022,0.8660254037844387,-0.4999999999999998,9356.0,7705.0,7612.0,8446.333333333334,8666.5,8128.0
2022,5,A3913,Arrazola - DURANGO,8903.0,4663.0,2052.0,799.0,122.0,628.0,0.0,134.0,33.0,2022-05-01,0,0,26338.0,904.0,2194.8333333333335,4.056344445288176,2,5,2022,0.49999999999999994,-0.8660254037844387,7477.0,8278.0,8149.0,8370.333333333334,8366.666666666666,8116.75
2022,6,A3913,Arrazola - DURANGO,7787.0,4106.0,2033.0,399.0,40.0,622.0,0.0,140.0,38.0,2022-06-01,0,0,26338.0,904.0,2194.8333333333335,3.5478775913129317,2,6,2022,1.2246467991473532e-16,-1.0,8903.0,9356.0,8666.0,8578.666666666666,8349.5,8179.583333333333
2022,7,A3913,Arrazola - DURANGO,7394.0,4020.0,2061.0,175.0,26.0,675.0,1.0,173.0,15.0,2022-07-01,0,0,26338.0,904.0,2194.8333333333335,3.368820715316273,3,7,2022,-0.4999999999999997,-0.8660254037844388,7787.0,7477.0,7426.0,8055.666666666667,8251.0,8106.333333333333
2022,8,A3913,Arrazola - DURANGO,5452.0,3190.0,1353.0,53.0,21.0,471.0,2.0,112.0,17.0,2022-08-01,0,0,26338.0,904.0,2194.8333333333335,2.4840154909256587,3,8,2022,-0.8660254037844385,-0.5000000000000004,7394.0,8903.0,4884.0,8028.0,8199.166666666666,8103.666666666667
2020,1,A3248,Astrabudua-erandiogoikoa-SONDIKA,1125.0,694.0,255.0,23.0,10.0,54.0,0.0,8.0,61.0,2020-01-01,1,0,,,,,1,1,2020,0.49999999999999994,0.8660254037844387,,,,,,
2020,2,A3248,Astrabudua-erandiogoikoa-SONDIKA,1188.0,730.0,252.0,35.0,18.0,48.0,0.0,13.0,54.0,2020-02-01,1,0,,,,,1,2,2020,0.8660254037844386,0.5000000000000001,1125.0,,,,,
2020,3,A3248,Astrabudua-erandiogoikoa-SONDIKA,579.0,355.0,104.0,33.0,22.0,31.0,0.0,7.0,13.0,2020-03-01,1,0,,,,,1,3,2020,1.0,6.123233995736766e-17,1188.0,,,,,
2020,4,A3248,Astrabudua-erandiogoikoa-SONDIKA,1.0,,,,1.0,,,,,2020-04-01,1,0,,,,,2,4,2020,0.8660254037844387,-0.4999999999999998,579.0,1125.0,,964.0,,
2020,5,A3248,Astrabudua-erandiogoikoa-SONDIKA,292.0,228.0,53.0,,1.0,0.0,0.0,1.0,2.0,2020-05-01,1,0,,,,,2,5,2020,0.49999999999999994,-0.8660254037844387,1.0,1188.0,,589.3333333333334,,
2020,6,A3248,Astrabudua-erandiogoikoa-SONDIKA,748.0,524.0,174.0,2.0,10.0,0.0,0.0,3.0,15.0,2020-06-01,1,0,,,,,2,6,2020,1.2246467991473532e-16,-1.0,292.0,579.0,,290.6666666666667,,
2020,7,A3248,Astrabudua-erandiogoikoa-SONDIKA,895.0,592.0,266.0,,10.0,0.0,0.0,6.0,19.0,2020-07-01,1,0,,,,,3,7,2020,-0.4999999999999997,-0.8660254037844388,748.0,1.0,,347.0,655.5,
2020,8,A3248,Astrabudua-erandiogoikoa-SONDIKA,833.0,515.0,282.0,1.0,2.0,0.0,0.0,4.0,9.0,2020-08-01,1,0,,,,,3,8,2020,-0.8660254037844385,-0.5000000000000004,895.0,292.0,,645.0,617.1666666666666,
2020,9,A3248,Astrabudua-erandiogoikoa-SONDIKA,937.0,567.0,294.0,13.0,10.0,,,12.0,28.0,2020-09-01,1,0,,,,,3,9,2020,-1.0,-1.8369701987210297e-16,833.0,748.0,,825.3333333333334,558.0,
2020,10,A3248,Astrabudua-erandiogoikoa-SONDIKA,907.0,583.0,271.0,11.0,7.0,,,,10.0,2020-10-01,1,0,,,,,4,10,2020,-0.8660254037844386,0.5000000000000001,937.0,895.0,,888.3333333333334,617.6666666666666,
2020,11,A3248,Astrabudua-erandiogoikoa-SONDIKA,643.0,397.0,189.0,8.0,6.0,,,1.0,12.0,2020-11-01,1,0,,,,,4,11,2020,-0.5000000000000004,0.8660254037844384,907.0,833.0,,892.3333333333334,768.6666666666666,
2020,12,A3248,Astrabudua-erandiogoikoa-SONDIKA,747.0,479.0,219.0,9.0,13.0,0.0,0.0,1.0,11.0,2020-12-01,1,0,,,,,4,12,2020,-2.4492935982947064e-16,1.0,643.0,937.0,,829.0,827.1666666666666,
2020,1,A0654,BALMASEDA - Gurutzeta/Cruces - UPV/EHU,7406.0,3840.0,1937.0,309.0,293.0,607.0,10.0,119.0,36.0,2020-01-01,1,0,,,,,1,1,2020,0.49999999999999994,0.8660254037844387,,,,,,
2020,2,A0654,BALMASEDA - Gurutzeta/Cruces - UPV/EHU,8217.0,3854.0,1968.0,760.0,550.0,563.0,4.0,93.0,64.0,2020-02-01,1,0,,,,,1,2,2020,0.8660254037844386,0.5000000000000001,7406.0,,,,,
2020,3,A0654,BALMASEDA - Gurutzeta/Cruces - UPV/EHU,4015.0,2190.0,878.0,322.0,205.0,220.0,0.0,36.0,26.0,2020-03-01,1,0,,,,,1,3,2020,1.0,6.123233995736766e-17,8217.0,,,,,
2020,4,A0654,BALMASEDA - Gurutzeta/Cruces - UPV/EHU,744.0,620.0,116.0,0.0,2.0,0.0,0.0,2.0,1.0,2020-04-01,1,0,,,,,2,4,2020,0.8660254037844387,-0.4999999999999998,4015.0,7406.0,,6546.0,,
2020,5,A0654,BALMASEDA - Gurutzeta/Cruces - UPV/EHU,1864.0,1330.0,495.0,4.0,5.0,0.0,0.0,4.0,7.0,2020-05-01,1,0,,,,,2,5,2020,0.49999999999999994,-0.8660254037844387,744.0,8217.0,,4325.333333333333,,
2020,6,A0654,BALMASEDA - Gurutzeta/Cruces - UPV/EHU,3772.0,2556.0,1044.0,16.0,25.0,0.0,0.0,37.0,29.0,2020-06-01,1,0,,,,,2,6,2020,1.2246467991473532e-16,-1.0,1864.0,4015.0,,2207.6666666666665,,
2020,7,A0654,BALMASEDA - Gurutzeta/Cruces - UPV/EHU,3904.0,2612.0,1087.0,47.0,25.0,0.0,0.0,26.0,15.0,2020-07-01,1,0,,,,,3,7,2020,-0.4999999999999997,-0.8660254037844388,3772.0,744.0,,2126.6666666666665,4336.333333333333,
2020,8,A0654,BALMASEDA - Gurutzeta/Cruces - UPV/EHU,2875.0,1965.0,757.0,45.0,14.0,0.0,0.0,37.0,18.0,2020-08-01,1,0,,,,,3,8,2020,-0.8660254037844385,-0.5000000000000004,3904.0,1864.0,,3180.0,3752.6666666666665,
2020,9,A0654,BALMASEDA - Gurutzeta/Cruces - UPV/EHU,5420.0,3357.0,1190.0,388.0,195.0,0.0,0.0,42.0,26.0,2020-09-01,1,0,,,,,3,9,2020,-1.0,-1.8369701987210297e-16,2875.0,3772.0,,3517.0,2862.3333333333335,
2020,10,A0654,BALMASEDA - Gurutzeta/Cruces - UPV/EHU,6078.0,3724.0,1069.0,533.0,474.0,0.0,0.0,24.0,35.0,2020-10-01,1,0,,,,,4,10,2020,-0.8660254037844386,0.5000000000000001,5420.0,3904.0,,4066.3333333333335,3096.5,
2020,11,A0654,BALMASEDA - Gurutzeta/Cruces - UPV/EHU,5305.0,3408.0,843.0,351.0,418.0,0.0,0.0,28.0,25.0,2020-11-01,1,0,,,,,4,11,2020,-0.5000000000000004,0.8660254037844384,6078.0,2875.0,,4791.0,3985.5,
2020,12,A0654,BALMASEDA - Gurutzeta/Cruces - UPV/EHU,4445.0,2964.0,923.0,190.0,165.0,13.0,0.0,22.0,20.0,2020-12-01,1,0,,,,,4,12,2020,-2.4492935982947064e-16,1.0,5305.0,5420.0,,5601.0,4559.0,
2021,1,A0654,BALMASEDA - Gurutzeta/Cruces - UPV/EHU,4344.0,2805.0,899.0,154.0,174.0,73.0,1.0,73.0,46.0,2021-01-01,1,0,16222.0,624.0,1351.8333333333333,3.2134138823819507,1,1,2021,0.49999999999999994,0.8660254037844387,4445.0,6078.0,7406.0,5276.0,4671.166666666667,4503.75
2021,2,A0654,BALMASEDA - Gurutzeta/Cruces - UPV/EHU,5346.0,3330.0,955.0,319.0,300.0,114.0,0.0,65.0,45.0,2021-02-01,1,0,16222.0,624.0,1351.8333333333333,3.954629515472815,1,2,2021,0.8660254037844386,0.5000000000000001,4344.0,5305.0,8217.0,4698.0,4744.5,4248.583333333333
2021,3,A0654,BALMASEDA - Gurutzeta/Cruces - UPV/EHU,6425.0,3966.0,1283.0,302.0,358.0,165.0,2.0,88.0,35.0,2021-03-01,1,0,16222.0,624.0,1351.8333333333333,4.752804832942918,1,3,2021,1.0,6.123233995736766e-17,5346.0,4445.0,4015.0,4711.666666666667,5156.333333333333,4009.3333333333335
2021,4,A0654,BALMASEDA - Gurutzeta/Cruces - UPV/EHU,5153.0,3206.0,1207.0,189.0,188.0,129.0,3.0,44.0,31.0,2021-04-01,1,0,16222.0,624.0,1351.8333333333333,3.811860436444335,2,4,2021,0.8660254037844387,-0.4999999999999998,6425.0,4344.0,744.0,5371.666666666667,5323.833333333333,4210.166666666667
2021,5,A0654,BALMASEDA - Gurutzeta/Cruces - UPV/EHU,6207.0,3813.0,1521.0,206.0,228.0,194.0,2.0,51.0,29.0,2021-05-01,1,0,16222.0,624.0,1351.8333333333333,4.591542349895204,2,5,2021,0.49999999999999994,-0.8660254037844387,5153.0,5346.0,1864.0,5641.333333333333,5169.666666666667,4577.583333333333
2021,6,A0654,BALMASEDA - Gurutzeta/Cruces - UPV/EHU,5560.0,3531.0,1464.0,42.0,85.0,218.0,1.0,71.0,26.0,2021-06-01,1,0,16222.0,624.0,1351.8333333333333,4.112933053877451,2,6,2021,1.2246467991473532e-16,-1.0,6207.0,6425.0,3772.0,5928.333333333333,5320.0,4939.5
2021,7,A0654,BALMASEDA - Gurutzeta/Cruces - UPV/EHU,4657.0,2946.0,1227.0,16.0,36.0,225.0,2.0,89.0,37.0,2021-07-01,1,0,16222.0,624.0,1351.8333333333333,3.4449513007027495,3,7,2021,-0.4999999999999997,-0.8660254037844388,5560.0,5153.0,3904.0,5640.0,5505.833333333333,5088.5
2021,8,A0654,BALMASEDA - Gurutzeta/Cruces - UPV/EHU,3525.0,2270.0,935.0,5.0,22.0,150.0,0.0,58.0,26.0,2021-08-01,1,0,16222.0,624.0,1351.8333333333333,2.607569966711873,3,8,2021,-0.8660254037844385,-0.5000000000000004,4657.0,6207.0,2875.0,5474.666666666667,5558.0,5151.25
2021,9,A0654,BALMASEDA - Gurutzeta/Cruces - UPV/EHU,6075.0,3631.0,1293.0,238.0,296.0,268.0,0.0,96.0,35.0,2021-09-01,1,0,16222.0,624.0,1351.8333333333333,4.493897176673653,3,9,2021,-1.0,-1.8369701987210297e-16,3525.0,5560.0,5420.0,4580.666666666667,5254.5,5205.416666666667
2021,10,A0654,BALMASEDA - Gurutzeta/Cruces - UPV/EHU,7127.0,4016.0,1352.0,552.0,477.0,234.0,1.0,70.0,42.0,2021-10-01,1,0,16222.0,624.0,1351.8333333333333,5.272099617802984,4,10,2021,-0.8660254037844386,0.5000000000000001,6075.0,4657.0,6078.0,4752.333333333333,5196.166666666667,5260.0
2021,11,A0654,BALMASEDA - Gurutzeta/Cruces - UPV/EHU,7827.0,4308.0,1481.0,745.0,532.0,262.0,1.0,61.0,53.0,2021-11-01,1,0,16222.0,624.0,1351.8333333333333,5.789914930341512,4,11,2021,-0.5000000000000004,0.8660254037844384,7127.0,3525.0,5305.0,5575.666666666667,5525.166666666667,5347.416666666667
2021,12,A0654,BALMASEDA - Gurutzeta/Cruces - UPV/EHU,6625.0,3906.0,1468.0,355.0,229.0,252.0,0.0,77.0,51.0,2021-12-01,1,0,16222.0,624.0,1351.8333333333333,4.900752065096783,4,12,2021,-2.4492935982947064e-16,1.0,7827.0,6075.0,4445.0,7009.666666666667,5795.166666666667,5557.583333333333
2022,1,A0654,BALMASEDA - Gurutzeta/Cruces - UPV/EHU,5958.0,3544.0,1262.0,340.0,273.0,218.0,0.0,54.0,36.0,2022-01-01,0,0,16198.0,623.0,1349.8333333333333,4.413878256574886,1,1,2022,0.49999999999999994,0.8660254037844387,6625.0,7127.0,4344.0,7193.0,5972.666666666667,5739.25
2022,2,A0654,BALMASEDA - Gurutzeta/Cruces - UPV/EHU,7659.0,4196.0,1439.0,827.0,429.0,285.0,0.0,65.0,47.0,2022-02-01,0,0,16198.0,623.0,1349.8333333333333,5.674033831337202,1,2,2022,0.8660254037844386,0.5000000000000001,5958.0,7827.0,5346.0,6803.333333333333,6189.5,5873.75
2022,3,A0654,BALMASEDA - Gurutzeta/Cruces - UPV/EHU,9335.0,5055.0,1803.0,951.0,540.0,361.0,0.0,82.0,74.0,2022-03-01,0,0,16198.0,623.0,1349.8333333333333,6.91566860106186,1,3,2022,1.0,6.123233995736766e-17,7659.0,6625.0,6425.0,6747.333333333333,6878.5,6066.5
2022,4,A0654,BALMASEDA - Gurutzeta/Cruces - UPV/EHU,6692.0,3994.0,1438.0,321.0,306.0,284.0,1.0,100.0,47.0,2022-04-01,0,0,16198.0,623.0,1349.8333333333333,4.957649092480554,2,4,2022,0.8660254037844387,-0.4999999999999998,9335.0,5958.0,5153.0,7650.666666666667,7421.833333333333,6309.0
2022,5,A0654,BALMASEDA - Gurutzeta/Cruces - UPV/EHU,8758.0,5097.0,1941.0,470.0,372.0,396.0,0.0,107.0,83.0,2022-05-01,0,0,16198.0,623.0,1349.8333333333333,6.488208420792691,2,5,2022,0.49999999999999994,-0.8660254037844387,6692.0,7659.0,6207.0,7895.333333333333,7349.333333333333,6437.25
2022,6,A0654,BALMASEDA - Gurutzeta/Cruces - UPV/EHU,7522.0,4616.0,1895.0,95.0,156.0,391.0,0.0,143.0,70.0,2022-06-01,0,0,16198.0,623.0,1349.8333333333333,5.572539819730832,2,6,2022,1.2246467991473532e-16,-1.0,8758.0,9335.0,5560.0,8261.666666666666,7504.5,6649.833333333333
2022,7,A0654,BALMASEDA - Gurutzeta/Cruces - UPV/EHU,5442.0,3441.0,1364.0,26.0,102.0,256.0,2.0,102.0,60.0,2022-07-01,0,0,16198.0,623.0,1349.8333333333333,4.031608840597605,3,7,2022,-0.4999999999999997,-0.8660254037844388,7522.0,6692.0,4657.0,7657.333333333333,7654.0,6813.333333333333
2022,8,A0654,BALMASEDA - Gurutzeta/Cruces - UPV/EHU,4648.0,2865.0,1239.0,23.0,31.0,301.0,2.0,97.0,34.0,2022-08-01,0,0,16198.0,623.0,1349.8333333333333,3.443388072601556,3,8,2022,-0.8660254037844385,-0.5000000000000004,5442.0,8758.0,3525.0,7240.666666666667,7568.0,6878.75
2020,1,A3642,BASAURI - Hospital Galdakao Ospitalea (Bengoetxe),20027.0,11343.0,6045.0,413.0,248.0,1005.0,0.0,277.0,217.0,2020-01-01,1,0,,,,,1,1,2020,0.49999999999999994,0.8660254037844387,,,,,,
2020,2,A3642,BASAURI - Hospital Galdakao Ospitalea (Bengoetxe),20470.0,11515.0,6335.0,376.0,240.0,973.0,1.0,325.0,229.0,2020-02-01,1,0,,,,,1,2,2020,0.8660254037844386,0.5000000000000001,20027.0,,,,,
2020,3,A3642,BASAURI - Hospital Galdakao Ospitalea (Bengoetxe),9902.0,6081.0,2618.0,157.0,147.0,451.0,0.0,137.0,90.0,2020-03-01,1,0,,,,,1,3,2020,1.0,6.123233995736766e-17,20470.0,,,,,
2020,4,A3642,BASAURI - Hospital Galdakao Ospitalea (Bengoetxe),3244.0,2739.0,368.0,33.0,14.0,0.0,0.0,1.0,7.0,2020-04-01,1,0,,,,,2,4,2020,0.8660254037844387,-0.4999999999999998,9902.0,20027.0,,16799.666666666668,,
2020,5,A3642,BASAURI - Hospital Galdakao Ospitalea (Bengoetxe),6272.0,4683.0,1338.0,34.0,80.0,0.0,0.0,3.0,11.0,2020-05-01,1,0,,,,,2,5,2020,0.49999999999999994,-0.8660254037844387,3244.0,20470.0,,11205.333333333334,,
2020,6,A3642,BASAURI - Hospital Galdakao Ospitalea (Bengoetxe),11828.0,7918.0,3292.0,109.0,131.0,0.0,0.0,61.0,61.0,2020-06-01,1,0,,,,,2,6,2020,1.2246467991473532e-16,-1.0,6272.0,9902.0,,6472.666666666667,,
2020,7,A3642,BASAURI - Hospital Galdakao Ospitalea (Bengoetxe),11428.0,7650.0,3026.0,162.0,154.0,0.0,0.0,88.0,67.0,2020-07-01,1,0,,,,,3,7,2020,-0.4999999999999997,-0.8660254037844388,11828.0,3244.0,,7114.666666666667,11957.166666666666,
2020,8,A3642,BASAURI - Hospital Galdakao Ospitalea (Bengoetxe),4611.0,3302.0,1092.0,43.0,22.0,0.0,0.0,23.0,41.0,2020-08-01,1,0,,,,,3,8,2020,-0.8660254037844385,-0.5000000000000004,11428.0,6272.0,,9842.666666666666,10524.0,
2020,9,A3642,BASAURI - Hospital Galdakao Ospitalea (Bengoetxe),12275.0,8259.0,3105.0,280.0,170.0,0.0,0.0,95.0,86.0,2020-09-01,1,0,,,,,3,9,2020,-1.0,-1.8369701987210297e-16,4611.0,11828.0,,9289.0,7880.833333333333,
2020,10,A3642,BASAURI - Hospital Galdakao Ospitalea (Bengoetxe),14478.0,9715.0,3412.0,500.0,247.0,0.0,0.0,105.0,134.0,2020-10-01,1,0,,,,,4,10,2020,-0.8660254037844386,0.5000000000000001,12275.0,11428.0,,9438.0,8276.333333333334,
2020,11,A3642,BASAURI - Hospital Galdakao Ospitalea (Bengoetxe),13536.0,9070.0,3235.0,469.0,231.0,0.0,0.0,84.0,86.0,2020-11-01,1,0,,,,,4,11,2020,-0.5000000000000004,0.8660254037844384,14478.0,4611.0,,10454.666666666666,10148.666666666666,
2020,12,A3642,BASAURI - Hospital Galdakao Ospitalea (Bengoetxe),12459.0,8613.0,2855.0,305.0,151.0,33.0,0.0,140.0,89.0,2020-12-01,1,0,,,,,4,12,2020,-2.4492935982947064e-16,1.0,13536.0,12275.0,,13429.666666666666,11359.333333333334,
2021,1,A3642,BASAURI - Hospital Galdakao Ospitalea (Bengoetxe),12468.0,8550.0,2631.0,459.0,143.0,165.0,0.0,139.0,103.0,2021-01-01,1,0,49824.0,748.0,4152.0,3.0028901734104045,1,1,2021,0.49999999999999994,0.8660254037844387,12459.0,14478.0,20027.0,13491.0,11464.5,11710.833333333334
2021,2,A3642,BASAURI - Hospital Galdakao Ospitalea (Bengoetxe),12808.0,8564.0,2726.0,481.0,163.0,253.0,0.0,128.0,121.0,2021-02-01,1,0,49824.0,748.0,4152.0,3.0847784200385355,1,2,2021,0.8660254037844386,0.5000000000000001,12468.0,13536.0,20470.0,12821.0,11637.833333333334,11080.916666666666
2021,3,A3642,BASAURI - Hospital Galdakao Ospitalea (Bengoetxe),14546.0,9544.0,3303.0,477.0,159.0,324.0,0.0,184.0,196.0,2021-03-01,1,0,49824.0,748.0,4152.0,3.5033718689788054,1,3,2021,1.0,6.123233995736766e-17,12808.0,12459.0,9902.0,12578.333333333334,13004.0,10442.416666666666
2021,4,A3642,BASAURI - Hospital Galdakao Ospitalea (Bengoetxe),13585.0,8417.0,3502.0,463.0,164.0,401.0,0.0,179.0,165.0,2021-04-01,1,0,49824.0,748.0,4152.0,3.271917148362235,2,4,2021,0.8660254037844387,-0.4999999999999998,14546.0,12468.0,3244.0,13274.0,13382.5,10829.416666666666
2021,5,A3642,BASAURI - Hospital Galdakao Ospitalea (Bengoetxe),15574.0,9834.0,4076.0,379.0,198.0,440.0,1.0,189.0,165.0,2021-05-01,1,0,49824.0,748.0,4152.0,3.7509633911368017,2,5,2021,0.49999999999999994,-0.8660254037844387,13585.0,12808.0,6272.0,13646.333333333334,13233.666666666666,11691.166666666666
2021,6,A3642,BASAURI - Hospital Galdakao Ospitalea (Bengoetxe),18141.0,11685.0,4712.0,278.0,194.0,497.0,0.0,229.0,198.0,2021-06-01,1,0,49824.0,748.0,4152.0,4.369219653179191,2,6,2021,1.2246467991473532e-16,-1.0,15574.0,14546.0,11828.0,14568.333333333334,13573.333333333334,12466.333333333334
2021,7,A3642,BASAURI - Hospital Galdakao Ospitalea (Bengoetxe),15304.0,10301.0,3443.0,195.0,162.0,646.0,0.0,165.0,107.0,2021-07-01,1,0,49824.0,748.0,4152.0,3.6859344894026975,3,7,2021,-0.4999999999999997,-0.8660254037844388,18141.0,13585.0,11428.0,15766.666666666666,14520.333333333334,12992.416666666666
2021,8,A3642,BASAURI - Hospital Galdakao Ospitalea (Bengoetxe),6258.0,4393.0,1126.0,79.0,30.0,319.0,4.0,102.0,38.0,2021-08-01,1,0,49824.0,748.0,4152.0,1.5072254335260116,3,8,2021,-0.8660254037844385,-0.5000000000000004,15304.0,15574.0,4611.0,16339.666666666666,14993.0,13315.416666666666
2021,9,A3642,BASAURI - Hospital Galdakao Ospitalea (Bengoetxe),16096.0,10558.0,3471.0,459.0,227.0,614.0,2.0,209.0,188.0,2021-09-01,1,0,49824.0,748.0,4152.0,3.876685934489403,3,9,2021,-1.0,-1.8369701987210297e-16,6258.0,18141.0,12275.0,13234.333333333334,13901.333333333334,13452.666666666666
2021,10,A3642,BASAURI - Hospital Galdakao Ospitalea (Bengoetxe),15725.0,9589.0,4020.0,568.0,341.0,551.0,0.0,199.0,143.0,2021-10-01,1,0,49824.0,748.0,4152.0,3.78733140655106,4,10,2021,-0.8660254037844386,0.5000000000000001,16096.0,15304.0,14478.0,12552.666666666666,14159.666666666666,13771.083333333334
2021,11,A3642,BASAURI - Hospital Galdakao Ospitalea (Bengoetxe),17674.0,10802.0,4558.0,622.0,362.0,650.0,0.0,232.0,148.0,2021-11-01,1,0,49824.0,748.0,4152.0,4.256743737957611,4,11,2021,-0.5000000000000004,0.8660254037844384,15725.0,6258.0,13536.0,12693.0,14516.333333333334,13875.0
2021,12,A3642,BASAURI - Hospital Galdakao Ospitalea (Bengoetxe),15557.0,9629.0,4184.0,353.0,224.0,608.0,2.0,191.0,136.0,2021-12-01,1,0,49824.0,748.0,4152.0,3.746868978805395,4,12,2021,-2.4492935982947064e-16,1.0,17674.0,16096.0,12459.0,16498.333333333332,14866.333333333334,14219.833333333334
2022,1,A3642,BASAURI - Hospital Galdakao Ospitalea (Bengoetxe),15892.0,10059.0,3889.0,490.0,227.0,614.0,1.0,216.0,105.0,2022-01-01,0,0,49962.0,750.0,4163.5,3.816980905488171,1,1,2022,0.49999999999999994,0.8660254037844387,15557.0,15725.0,12468.0,16318.666666666666,14435.666666666666,14478.0
2022,2,A3642,BASAURI - Hospital Galdakao Ospitalea (Bengoetxe),15817.0,9983.0,3883.0,497.0,274.0,514.0,3.0,199.0,136.0,2022-02-01,0,0,49962.0,750.0,4163.5,3.7989672150834632,1,2,2022,0.8660254037844386,0.5000000000000001,15892.0,17674.0,12808.0,16374.333333333334,14533.666666666666,14763.333333333334
2022,3,A3642,BASAURI - Hospital Galdakao Ospitalea (Bengoetxe),17578.0,10634.0,4582.0,610.0,292.0,676.0,0.0,267.0,145.0,2022-03-01,0,0,49962.0,750.0,4163.5,4.221928665785997,1,3,2022,1.0,6.123233995736766e-17,15817.0,15557.0,14546.0,15755.333333333334,16126.833333333334,15014.083333333334
2022,4,A3642,BASAURI - Hospital Galdakao Ospitalea (Bengoetxe),12611.0,7646.0,3362.0,357.0,190.0,470.0,0.0,188.0,119.0,2022-04-01,0,0,49962.0,750.0,4163.5,3.028941995916897,2,4,2022,0.8660254037844387,-0.4999999999999998,17578.0,15892.0,13585.0,16429.0,16373.833333333334,15266.75
2022,5,A3642,BASAURI - Hospital Galdakao Ospitalea (Bengoetxe),16826.0,10040.0,4684.0,521.0,243.0,649.0,1.0,206.0,155.0,2022-05-01,0,0,49962.0,750.0,4163.5,4.041311396661463,2,5,2022,0.49999999999999994,-0.8660254037844387,12611.0,15817.0,15574.0,15335.333333333334,15854.833333333334,15185.583333333334
2022,6,A3642,BASAURI - Hospital Galdakao Ospitalea (Bengoetxe),17181.0,10448.0,4665.0,397.0,277.0,669.0,1.0,239.0,140.0,2022-06-01,0,0,49962.0,750.0,4163.5,4.126576197910412,2,6,2022,1.2246467991473532e-16,-1.0,16826.0,17578.0,18141.0,15671.666666666666,15713.5,15289.916666666666
2022,7,A3642,BASAURI - Hospital Galdakao Ospitalea (Bengoetxe),12495.0,7927.0,3140.0,249.0,155.0,548.0,0.0,165.0,122.0,2022-07-01,0,0,49962.0,750.0,4163.5,3.0010808214242823,3,7,2022,-0.4999999999999997,-0.8660254037844388,17181.0,12611.0,15304.0,15539.333333333334,15984.166666666666,15209.916666666666
2022,8,A3642,BASAURI - Hospital Galdakao Ospitalea (Bengoetxe),5597.0,3574.0,1319.0,140.0,77.0,237.0,0.0,103.0,67.0,2022-08-01,0,0,49962.0,750.0,4163.5,1.3443016692686443,3,8,2022,-0.8660254037844385,-0.5000000000000004,12495.0,16826.0,6258.0,15500.666666666666,15418.0,14975.833333333334
2020,1,A3524,BERMEO - BAKIO,814.0,,,,,814.0,0.0,0.0,0.0,2020-01-01,1,0,,,,,1,1,2020,0.49999999999999994,0.8660254037844387,,,,,,
2020,2,A3524,BERMEO - BAKIO,864.0,,,,,864.0,0.0,0.0,0.0,2020-02-01,1,0,,,,,1,2,2020,0.8660254037844386,0.5000000000000001,814.0,,,,,
2020,3,A3524,BERMEO - BAKIO,199.0,,,,,199.0,0.0,0.0,0.0,2020-03-01,1,0,,,,,1,3,2020,1.0,6.123233995736766e-17,864.0,,,,,
2020,4,A3524,BERMEO - BAKIO,0.0,,,,,,,,,2020-04-01,1,0,,,,,2,4,2020,0.8660254037844387,-0.4999999999999998,199.0,814.0,,625.6666666666666,,
2020,5,A3524,BERMEO - BAKIO,174.0,,,,,174.0,0.0,0.0,0.0,2020-05-01,1,0,,,,,2,5,2020,0.49999999999999994,-0.8660254037844387,0.0,864.0,,354.3333333333333,,
2020,6,A3524,BERMEO - BAKIO,11.0,7.0,4.0,,,,,,,2020-06-01,1,0,,,,,2,6,2020,1.2246467991473532e-16,-1.0,174.0,199.0,,124.33333333333333,,
2020,7,A3524,BERMEO - BAKIO,0.0,,,,,,,,,2020-07-01,1,0,,,,,3,7,2020,-0.4999999999999997,-0.8660254037844388,11.0,0.0,,61.666666666666664,343.6666666666667,
2020,8,A3524,BERMEO - BAKIO,0.0,,,,,,,,,2020-08-01,1,0,,,,,3,8,2020,-0.8660254037844385,-0.5000000000000004,0.0,174.0,,61.666666666666664,208.0,
2020,9,A3524,BERMEO - BAKIO,932.0,,,,,932.0,,,,2020-09-01,1,0,,,,,3,9,2020,-1.0,-1.8369701987210297e-16,0.0,11.0,,3.6666666666666665,64.0,
2020,10,A3524,BERMEO - BAKIO,478.0,,,,,478.0,,,0.0,2020-10-01,1,0,,,,,4,10,2020,-0.8660254037844386,0.5000000000000001,932.0,0.0,,310.6666666666667,186.16666666666666,
2020,11,A3524,BERMEO - BAKIO,397.0,,,,,397.0,,,0.0,2020-11-01,1,0,,,,,4,11,2020,-0.5000000000000004,0.8660254037844384,478.0,0.0,,470.0,265.8333333333333,
2020,12,A3524,BERMEO - BAKIO,378.0,,,,,378.0,0.0,0.0,0.0,2020-12-01,1,0,,,,,4,12,2020,-2.4492935982947064e-16,1.0,397.0,932.0,,602.3333333333334,303.0,
2021,1,A3524,BERMEO - BAKIO,341.0,,,,,341.0,0.0,0.0,0.0,2021-01-01,1,0,6748.0,482.0,562.3333333333334,0.6064018968583283,1,1,2021,0.49999999999999994,0.8660254037844387,378.0,478.0,814.0,417.6666666666667,364.1666666666667,353.9166666666667
2021,2,A3524,BERMEO - BAKIO,317.0,,,,,317.0,0.0,0.0,0.0,2021-02-01,1,0,6748.0,482.0,562.3333333333334,0.5637225844694724,1,2,2021,0.8660254037844386,0.5000000000000001,341.0,397.0,864.0,372.0,421.0,314.5
2021,3,A3524,BERMEO - BAKIO,451.0,,,,,451.0,0.0,0.0,0.0,2021-03-01,1,0,6748.0,482.0,562.3333333333334,0.8020154119739181,1,3,2021,1.0,6.123233995736766e-17,317.0,378.0,199.0,345.3333333333333,473.8333333333333,268.9166666666667
2021,4,A3524,BERMEO - BAKIO,481.0,,,,,481.0,,,0.0,2021-04-01,1,0,6748.0,482.0,562.3333333333334,0.8553645524599881,2,4,2021,0.8660254037844387,-0.4999999999999998,451.0,341.0,0.0,369.6666666666667,393.6666666666667,289.9166666666667
2021,5,A3524,BERMEO - BAKIO,487.0,,,,,487.0,0.0,0.0,0.0,2021-05-01,1,0,6748.0,482.0,562.3333333333334,0.866034380557202,2,5,2021,0.49999999999999994,-0.8660254037844387,481.0,317.0,174.0,416.3333333333333,394.1666666666667,330.0
2021,6,A3524,BERMEO - BAKIO,95.0,,,,,95.0,0.0,0.0,0.0,2021-06-01,1,0,6748.0,482.0,562.3333333333334,0.1689389448725548,2,6,2021,1.2246467991473532e-16,-1.0,487.0,451.0,11.0,473.0,409.1666666666667,356.0833333333333
2021,7,A3524,BERMEO - BAKIO,0.0,,,,,,,,,2021-07-01,1,0,6748.0,482.0,562.3333333333334,0.0,3,7,2021,-0.4999999999999997,-0.8660254037844388,95.0,481.0,0.0,354.3333333333333,362.0,363.0833333333333
2021,8,A3524,BERMEO - BAKIO,0.0,,,,,,,,,2021-08-01,1,0,6748.0,482.0,562.3333333333334,0.0,3,8,2021,-0.8660254037844385,-0.5000000000000004,0.0,487.0,0.0,194.0,305.1666666666667,363.0833333333333
2021,9,A3524,BERMEO - BAKIO,1042.0,,,,,1042.0,,0.0,0.0,2021-09-01,1,0,6748.0,482.0,562.3333333333334,1.852993479549496,3,9,2021,-1.0,-1.8369701987210297e-16,0.0,95.0,932.0,31.666666666666668,252.33333333333334,363.0833333333333
2021,10,A3524,BERMEO - BAKIO,735.0,,,,,735.0,,,0.0,2021-10-01,1,0,6748.0,482.0,562.3333333333334,1.3070539419087137,4,10,2021,-0.8660254037844386,0.5000000000000001,1042.0,0.0,478.0,347.3333333333333,350.8333333333333,372.25
2021,11,A3524,BERMEO - BAKIO,589.0,,,,,589.0,0.0,0.0,0.0,2021-11-01,1,0,6748.0,482.0,562.3333333333334,1.0474214582098398,4,11,2021,-0.5000000000000004,0.8660254037844384,735.0,0.0,397.0,592.3333333333334,393.1666666666667,393.6666666666667
2021,12,A3524,BERMEO - BAKIO,650.0,,,,,650.0,,,,2021-12-01,1,0,6748.0,482.0,562.3333333333334,1.1558980438648487,4,12,2021,-2.4492935982947064e-16,1.0,589.0,1042.0,378.0,788.6666666666666,410.1666666666667,409.6666666666667
2022,1,A3524,BERMEO - BAKIO,520.0,,,,,520.0,,,0.0,2022-01-01,0,0,6776.0,484.0,564.6666666666666,0.9208972845336483,1,1,2022,0.49999999999999994,0.8660254037844387,650.0,735.0,341.0,658.0,502.6666666666667,432.3333333333333
2022,2,A3524,BERMEO - BAKIO,581.0,,,,,581.0,,,0.0,2022-02-01,0,0,6776.0,484.0,564.6666666666666,1.0289256198347108,1,2,2022,0.8660254037844386,0.5000000000000001,520.0,589.0,317.0,586.3333333333334,589.3333333333334,447.25
2022,3,A3524,BERMEO - BAKIO,670.0,,,,,670.0,0.0,0.0,0.0,2022-03-01,0,0,6776.0,484.0,564.6666666666666,1.1865407319952774,1,3,2022,1.0,6.123233995736766e-17,581.0,650.0,451.0,583.6666666666666,686.1666666666666,469.25
2022,4,A3524,BERMEO - BAKIO,2134.0,927.0,132.0,3.0,4.0,1003.0,,27.0,10.0,2022-04-01,0,0,6776.0,484.0,564.6666666666666,3.7792207792207795,2,4,2022,0.8660254037844387,-0.4999999999999998,670.0,520.0,481.0,590.3333333333334,624.1666666666666,487.5
2022,5,A3524,BERMEO - BAKIO,1016.0,,,,,1016.0,,,,2022-05-01,0,0,6776.0,484.0,564.6666666666666,1.7992916174734357,2,5,2022,0.49999999999999994,-0.8660254037844387,2134.0,581.0,487.0,1128.3333333333333,857.3333333333334,625.25
2022,6,A3524,BERMEO - BAKIO,139.0,,,,,139.0,,0.0,0.0,2022-06-01,0,0,6776.0,484.0,564.6666666666666,0.2461629279811098,2,6,2022,1.2246467991473532e-16,-1.0,1016.0,670.0,95.0,1273.3333333333333,928.5,669.3333333333334
2022,7,A3524,BERMEO - BAKIO,0.0,,,,,,,,,2022-07-01,0,0,6776.0,484.0,564.6666666666666,0.0,3,7,2022,-0.4999999999999997,-0.8660254037844388,139.0,2134.0,0.0,1096.3333333333333,843.3333333333334,673.0
2022,8,A3524,BERMEO - BAKIO,0.0,,,,,,,,,2022-08-01,0,0,6776.0,484.0,564.6666666666666,0.0,3,8,2022,-0.8660254037844385,-0.5000000000000004,0.0,1016.0,0.0,385.0,756.6666666666666,673.0
2020,1,A3528,BERMEO - MUNGIA - DERIO - UPV/EHU,4929.0,2912.0,219.0,737.0,258.0,307.0,0.0,3.0,12.0,2020-01-01,1,0,,,,,1,1,2020,0.49999999999999994,0.8660254037844387,,,,,,
2020,2,A3528,BERMEO - MUNGIA - DERIO - UPV/EHU,7354.0,3481.0,266.0,1832.0,550.0,394.0,0.0,5.0,19.0,2020-02-01,1,0,,,,,1,2,2020,0.8660254037844386,0.5000000000000001,4929.0,,,,,
2020,3,A3528,BERMEO - MUNGIA - DERIO - UPV/EHU,3307.0,1497.0,113.0,851.0,286.0,186.0,0.0,2.0,12.0,2020-03-01,1,0,,,,,1,3,2020,1.0,6.123233995736766e-17,7354.0,,,,,
2020,4,A3528,BERMEO - MUNGIA - DERIO - UPV/EHU,0.0,,,,,,,,,2020-04-01,1,0,,,,,2,4,2020,0.8660254037844387,-0.4999999999999998,3307.0,4929.0,,5196.666666666667,,
2020,5,A3528,BERMEO - MUNGIA - DERIO - UPV/EHU,0.0,,,,,,,,,2020-05-01,1,0,,,,,2,5,2020,0.49999999999999994,-0.8660254037844387,0.0,7354.0,,3553.6666666666665,,
2020,6,A3528,BERMEO - MUNGIA - DERIO - UPV/EHU,0.0,,,,,,,,,2020-06-01,1,0,,,,,2,6,2020,1.2246467991473532e-16,-1.0,0.0,3307.0,,1102.3333333333333,,
2020,7,A3528,BERMEO - MUNGIA - DERIO - UPV/EHU,0.0,,,,,,,,,2020-07-01,1,0,,,,,3,7,2020,-0.4999999999999997,-0.8660254037844388,0.0,0.0,,0.0,2598.3333333333335,
2020,8,A3528,BERMEO - MUNGIA - DERIO - UPV/EHU,0.0,,,,,,,,,2020-08-01,1,0,,,,,3,8,2020,-0.8660254037844385,-0.5000000000000004,0.0,0.0,,0.0,1776.8333333333333,
2020,9,A3528,BERMEO - MUNGIA - DERIO - UPV/EHU,4494.0,3024.0,121.0,728.0,226.0,,,4.0,6.0,2020-09-01,1,0,,,,,3,9,2020,-1.0,-1.8369701987210297e-16,0.0,0.0,,0.0,551.1666666666666,
2020,10,A3528,BERMEO - MUNGIA - DERIO - UPV/EHU,6307.0,3898.0,168.0,1147.0,516.0,,,3.0,10.0,2020-10-01,1,0,,,,,4,10,2020,-0.8660254037844386,0.5000000000000001,4494.0,0.0,,1498.0,749.0,
2020,11,A3528,BERMEO - MUNGIA - DERIO - UPV/EHU,5630.0,3575.0,152.0,1016.0,363.0,,,2.0,12.0,2020-11-01,1,0,,,,,4,11,2020,-0.5000000000000004,0.8660254037844384,6307.0,0.0,,3600.3333333333335,1800.1666666666667,
2020,12,A3528,BERMEO - MUNGIA - DERIO - UPV/EHU,2746.0,1910.0,81.0,351.0,170.0,0.0,0.0,1.0,8.0,2020-12-01,1,0,,,,,4,12,2020,-2.4492935982947064e-16,1.0,5630.0,4494.0,,5477.0,2738.5,
2021,1,A3528,BERMEO - MUNGIA - DERIO - UPV/EHU,2687.0,1882.0,59.0,294.0,156.0,27.0,0.0,0.0,9.0,2021-01-01,1,0,6396.0,504.0,533.0,5.041275797373358,1,1,2021,0.49999999999999994,0.8660254037844387,2746.0,6307.0,4929.0,4894.333333333333,3196.1666666666665,2897.25
2021,2,A3528,BERMEO - MUNGIA - DERIO - UPV/EHU,4818.0,3039.0,110.0,815.0,336.0,63.0,0.0,0.0,14.0,2021-02-01,1,0,6396.0,504.0,533.0,9.039399624765478,1,2,2021,0.8660254037844386,0.5000000000000001,2687.0,5630.0,7354.0,3687.6666666666665,3644.0,2710.4166666666665
2021,3,A3528,BERMEO - MUNGIA - DERIO - UPV/EHU,4568.0,2899.0,154.0,773.0,286.0,97.0,0.0,1.0,4.0,2021-03-01,1,0,6396.0,504.0,533.0,8.570356472795497,1,3,2021,1.0,6.123233995736766e-17,4818.0,2746.0,3307.0,3417.0,4447.0,2499.0833333333335
2021,4,A3528,BERMEO - MUNGIA - DERIO - UPV/EHU,3317.0,2122.0,132.0,488.0,168.0,89.0,,1.0,8.0,2021-04-01,1,0,6396.0,504.0,533.0,6.223264540337711,2,4,2021,0.8660254037844387,-0.4999999999999998,4568.0,2687.0,0.0,4024.3333333333335,4459.333333333333,2604.1666666666665
2021,5,A3528,BERMEO - MUNGIA - DERIO - UPV/EHU,3795.0,2582.0,170.0,429.0,191.0,113.0,0.0,1.0,6.0,2021-05-01,1,0,6396.0,504.0,533.0,7.120075046904315,2,5,2021,0.49999999999999994,-0.8660254037844387,3317.0,4818.0,0.0,4234.333333333333,3961.0,2880.5833333333335
2021,6,A3528,BERMEO - MUNGIA - DERIO - UPV/EHU,973.0,713.0,44.0,55.0,47.0,39.0,0.0,0.0,4.0,2021-06-01,1,0,6396.0,504.0,533.0,1.825515947467167,2,6,2021,1.2246467991473532e-16,-1.0,3795.0,4568.0,0.0,3893.3333333333335,3655.1666666666665,3196.8333333333335
2021,7,A3528,BERMEO - MUNGIA - DERIO - UPV/EHU,0.0,,,,,,,,,2021-07-01,1,0,6396.0,504.0,533.0,0.0,3,7,2021,-0.4999999999999997,-0.8660254037844388,973.0,3317.0,0.0,2695.0,3359.6666666666665,3277.9166666666665
2021,8,A3528,BERMEO - MUNGIA - DERIO - UPV/EHU,0.0,,,,,,,,,2021-08-01,1,0,6396.0,504.0,533.0,0.0,3,8,2021,-0.8660254037844385,-0.5000000000000004,0.0,3795.0,0.0,1589.3333333333333,2911.8333333333335,3277.9166666666665
2021,9,A3528,BERMEO - MUNGIA - DERIO - UPV/EHU,4693.0,2965.0,140.0,619.0,158.0,158.0,,1.0,52.0,2021-09-01,1,0,6396.0,504.0,533.0,8.804878048780488,3,9,2021,-1.0,-1.8369701987210297e-16,0.0,973.0,4494.0,324.3333333333333,2108.8333333333335,3277.9166666666665
2021,10,A3528,BERMEO - MUNGIA - DERIO - UPV/EHU,6630.0,3387.0,141.0,1610.0,325.0,243.0,,1.0,65.0,2021-10-01,1,0,6396.0,504.0,533.0,12.439024390243903,4,10,2021,-0.8660254037844386,0.5000000000000001,4693.0,0.0,6307.0,1564.3333333333333,2129.6666666666665,3294.5
2021,11,A3528,BERMEO - MUNGIA - DERIO - UPV/EHU,7529.0,3659.0,150.0,2156.0,344.0,261.0,0.0,5.0,71.0,2021-11-01,1,0,6396.0,504.0,533.0,14.125703564727955,4,11,2021,-0.5000000000000004,0.8660254037844384,6630.0,0.0,5630.0,3774.3333333333335,2681.8333333333335,3321.4166666666665
2021,12,A3528,BERMEO - MUNGIA - DERIO - UPV/EHU,4275.0,2482.0,125.0,860.0,127.0,133.0,,7.0,34.0,2021-12-01,1,0,6396.0,504.0,533.0,8.02063789868668,4,12,2021,-2.4492935982947064e-16,1.0,7529.0,4693.0,2746.0,6284.0,3304.1666666666665,3479.6666666666665
2022,1,A3528,BERMEO - MUNGIA - DERIO - UPV/EHU,3712.0,2149.0,119.0,686.0,126.0,179.0,,2.0,25.0,2022-01-01,0,0,6372.0,504.0,531.0,6.990583804143126,1,1,2022,0.49999999999999994,0.8660254037844387,4275.0,6630.0,2687.0,6144.666666666667,3854.5,3607.0833333333335
2022,2,A3528,BERMEO - MUNGIA - DERIO - UPV/EHU,6578.0,3198.0,192.0,1762.0,247.0,269.0,,2.0,52.0,2022-02-01,0,0,6372.0,504.0,531.0,12.3879472693032,1,2,2022,0.8660254037844386,0.5000000000000001,3712.0,7529.0,4818.0,5172.0,4473.166666666667,3692.5
2022,3,A3528,BERMEO - MUNGIA - DERIO - UPV/EHU,7071.0,3604.0,250.0,1682.0,268.0,282.0,0.0,3.0,42.0,2022-03-01,0,0,6372.0,504.0,531.0,13.31638418079096,1,3,2022,1.0,6.123233995736766e-17,6578.0,4275.0,4568.0,4855.0,5569.5,3839.1666666666665
2022,4,A3528,BERMEO - MUNGIA - DERIO - UPV/EHU,4139.0,2234.0,144.0,794.0,206.0,169.0,,5.0,40.0,2022-04-01,0,0,6372.0,504.0,531.0,7.7947269303201505,2,4,2022,0.8660254037844387,-0.4999999999999998,7071.0,3712.0,3317.0,5787.0,5965.833333333333,4047.75
2022,5,A3528,BERMEO - MUNGIA - DERIO - UPV/EHU,5337.0,3042.0,264.0,872.0,253.0,203.0,1.0,4.0,41.0,2022-05-01,0,0,6372.0,504.0,531.0,10.05084745762712,2,5,2022,0.49999999999999994,-0.8660254037844387,4139.0,6578.0,3795.0,5929.333333333333,5550.666666666667,4116.25
2022,6,A3528,BERMEO - MUNGIA - DERIO - UPV/EHU,1051.0,693.0,79.0,60.0,45.0,47.0,2.0,,9.0,2022-06-01,0,0,6372.0,504.0,531.0,1.9792843691148776,2,6,2022,1.2246467991473532e-16,-1.0,5337.0,7071.0,973.0,5515.666666666667,5185.333333333333,4244.75
2022,7,A3528,BERMEO - MUNGIA - DERIO - UPV/EHU,0.0,0.0,,,,,,,,2022-07-01,0,0,6372.0,504.0,531.0,0.0,3,7,2022,-0.4999999999999997,-0.8660254037844388,1051.0,4139.0,0.0,3509.0,4648.0,4251.25
2022,8,A3528,BERMEO - MUNGIA - DERIO - UPV/EHU,0.0,,,,,,,,,2022-08-01,0,0,6372.0,504.0,531.0,0.0,3,8,2022,-0.8660254037844385,-0.5000000000000004,0.0,5337.0,0.0,2129.3333333333335,4029.3333333333335,4251.25
2020,1,A3340,BILBAO - ABANTO Y CIERVANA ABANTO ZIERBENA - MUSKIZ (Autopista),19872.0,12008.0,3204.0,1148.0,613.0,1132.0,4.0,160.0,839.0,2020-01-01,1,0,,,,,1,1,2020,0.49999999999999994,0.8660254037844387,,,,,,
2020,2,A3340,BILBAO - ABANTO Y CIERVANA ABANTO ZIERBENA - MUSKIZ (Autopista),20362.0,11989.0,3322.0,1358.0,660.0,1026.0,6.0,178.0,872.0,2020-02-01,1,0,,,,,1,2,2020,0.8660254037844386,0.5000000000000001,19872.0,,,,,
2020,3,A3340,BILBAO - ABANTO Y CIERVANA ABANTO ZIERBENA - MUSKIZ (Autopista),8393.0,5584.0,1201.0,,314.0,453.0,0.0,56.0,435.0,2020-03-01,1,0,,,,,1,3,2020,1.0,6.123233995736766e-17,20362.0,,,,,
2020,4,A3340,BILBAO - ABANTO Y CIERVANA ABANTO ZIERBENA - MUSKIZ (Autopista),756.0,626.0,,2.0,,0.0,0.0,0.0,19.0,2020-04-01,1,0,,,,,2,4,2020,0.8660254037844387,-0.4999999999999998,8393.0,19872.0,,16209.0,,
2020,5,A3340,BILBAO - ABANTO Y CIERVANA ABANTO ZIERBENA - MUSKIZ (Autopista),3812.0,2857.0,492.0,28.0,15.0,0.0,0.0,14.0,146.0,2020-05-01,1,0,,,,,2,5,2020,0.49999999999999994,-0.8660254037844387,756.0,20362.0,,9837.0,,
2020,6,A3340,BILBAO - ABANTO Y CIERVANA ABANTO ZIERBENA - MUSKIZ (Autopista),10148.0,7328.0,1546.0,151.0,123.0,0.0,0.0,50.0,428.0,2020-06-01,1,0,,,,,2,6,2020,1.2246467991473532e-16,-1.0,3812.0,8393.0,,4320.333333333333,,
2020,7,A3340,BILBAO - ABANTO Y CIERVANA ABANTO ZIERBENA - MUSKIZ (Autopista),11114.0,7956.0,1761.0,225.0,215.0,0.0,0.0,66.0,348.0,2020-07-01,1,0,,,,,3,7,2020,-0.4999999999999997,-0.8660254037844388,10148.0,756.0,,4905.333333333333,10557.166666666666,
2020,8,A3340,BILBAO - ABANTO Y CIERVANA ABANTO ZIERBENA - MUSKIZ (Autopista),8174.0,6015.0,1197.0,204.0,124.0,0.0,0.0,74.0,259.0,2020-08-01,1,0,,,,,3,8,2020,-0.8660254037844385,-0.5000000000000004,11114.0,3812.0,,8358.0,9097.5,
2020,9,A3340,BILBAO - ABANTO Y CIERVANA ABANTO ZIERBENA - MUSKIZ (Autopista),12924.0,9334.0,1732.0,621.0,335.0,0.0,0.0,50.0,482.0,2020-09-01,1,0,,,,,3,9,2020,-1.0,-1.8369701987210297e-16,8174.0,10148.0,,9812.0,7066.166666666667,
2020,10,A3340,BILBAO - ABANTO Y CIERVANA ABANTO ZIERBENA - MUSKIZ (Autopista),14923.0,10140.0,1635.0,1340.0,490.0,0.0,0.0,87.0,603.0,2020-10-01,1,0,,,,,4,10,2020,-0.8660254037844386,0.5000000000000001,12924.0,11114.0,,10737.333333333334,7821.333333333333,
2020,11,A3340,BILBAO - ABANTO Y CIERVANA ABANTO ZIERBENA - MUSKIZ (Autopista),12793.0,8931.0,926.0,1154.0,404.0,0.0,0.0,73.0,602.0,2020-11-01,1,0,,,,,4,11,2020,-0.5000000000000004,0.8660254037844384,14923.0,8174.0,,12007.0,10182.5,
2020,12,A3340,BILBAO - ABANTO Y CIERVANA ABANTO ZIERBENA - MUSKIZ (Autopista),13306.0,9531.0,1354.0,780.0,265.0,40.0,0.0,63.0,593.0,2020-12-01,1,0,,,,,4,12,2020,-2.4492935982947064e-16,1.0,12793.0,12924.0,,13546.666666666666,11679.333333333334,
2021,1,A3340,BILBAO - ABANTO Y CIERVANA ABANTO ZIERBENA - MUSKIZ (Autopista),15212.0,10784.0,1329.0,1079.0,437.0,277.0,1.0,78.0,579.0,2021-01-01,1,0,23182.0,748.0,1931.8333333333333,7.874385298938832,1,1,2021,0.49999999999999994,0.8660254037844387,13306.0,14923.0,19872.0,13674.0,12205.666666666666,11381.416666666666
2021,2,A3340,BILBAO - ABANTO Y CIERVANA ABANTO ZIERBENA - MUSKIZ (Autopista),14047.0,9936.0,857.0,1198.0,625.0,272.0,0.0,51.0,469.0,2021-02-01,1,0,23182.0,748.0,1931.8333333333333,7.271331205245449,1,2,2021,0.8660254037844386,0.5000000000000001,15212.0,12793.0,20362.0,13770.333333333334,12888.666666666666,10993.083333333334
2021,3,A3340,BILBAO - ABANTO Y CIERVANA ABANTO ZIERBENA - MUSKIZ (Autopista),17526.0,11862.0,1793.0,1222.0,648.0,476.0,0.0,70.0,636.0,2021-03-01,1,0,23182.0,748.0,1931.8333333333333,9.072211198343544,1,3,2021,1.0,6.123233995736766e-17,14047.0,13306.0,8393.0,14188.333333333334,13867.5,10466.833333333334
2021,4,A3340,BILBAO - ABANTO Y CIERVANA ABANTO ZIERBENA - MUSKIZ (Autopista),13307.0,9427.0,1040.0,874.0,412.0,370.0,0.0,80.0,476.0,2021-04-01,1,0,23182.0,748.0,1931.8333333333333,6.888275386075404,2,4,2021,0.8660254037844387,-0.4999999999999998,17526.0,15212.0,756.0,15595.0,14634.5,11227.916666666666
2021,5,A3340,BILBAO - ABANTO Y CIERVANA ABANTO ZIERBENA - MUSKIZ (Autopista),17311.0,11720.0,1818.0,1218.0,571.0,530.0,0.0,118.0,621.0,2021-05-01,1,0,23182.0,748.0,1931.8333333333333,8.960917953584678,2,5,2021,0.49999999999999994,-0.8660254037844387,13307.0,14047.0,3812.0,14960.0,14365.166666666666,12273.833333333334
2021,6,A3340,BILBAO - ABANTO Y CIERVANA ABANTO ZIERBENA - MUSKIZ (Autopista),17468.0,12431.0,2139.0,390.0,309.0,748.0,7.0,167.0,610.0,2021-06-01,1,0,23182.0,748.0,1931.8333333333333,9.042187904408593,2,6,2021,1.2246467991473532e-16,-1.0,17311.0,17526.0,10148.0,16048.0,15118.166666666666,13398.75
2021,7,A3340,BILBAO - ABANTO Y CIERVANA ABANTO ZIERBENA - MUSKIZ (Autopista),15192.0,10555.0,2120.0,264.0,227.0,720.0,5.0,205.0,518.0,2021-07-01,1,0,23182.0,748.0,1931.8333333333333,7.864032438961264,3,7,2021,-0.4999999999999997,-0.8660254037844388,17468.0,13307.0,11114.0,16028.666666666666,15811.833333333334,14008.75
2021,8,A3340,BILBAO - ABANTO Y CIERVANA ABANTO ZIERBENA - MUSKIZ (Autopista),11756.0,8254.0,1574.0,145.0,148.0,558.0,11.0,134.0,466.0,2021-08-01,1,0,23182.0,748.0,1931.8333333333333,6.085411094814943,3,8,2021,-0.8660254037844385,-0.5000000000000004,15192.0,17311.0,8174.0,16657.0,15808.5,14348.583333333334
2021,9,A3340,BILBAO - ABANTO Y CIERVANA ABANTO ZIERBENA - MUSKIZ (Autopista),18135.0,12333.0,2098.0,614.0,528.0,831.0,8.0,125.0,661.0,2021-09-01,1,0,23182.0,748.0,1931.8333333333333,9.387455784660514,3,9,2021,-1.0,-1.8369701987210297e-16,11756.0,17468.0,12924.0,14805.333333333334,15426.666666666666,14647.083333333334
2021,10,A3340,BILBAO - ABANTO Y CIERVANA ABANTO ZIERBENA - MUSKIZ (Autopista),20137.0,13006.0,2532.0,1109.0,707.0,920.0,5.0,122.0,692.0,2021-10-01,1,0,23182.0,748.0,1931.8333333333333,10.42377706841515,4,10,2021,-0.8660254037844386,0.5000000000000001,18135.0,15192.0,14923.0,15027.666666666666,15528.166666666666,15081.333333333334
2021,11,A3340,BILBAO - ABANTO Y CIERVANA ABANTO ZIERBENA - MUSKIZ (Autopista),19251.0,12290.0,2246.0,1263.0,770.0,843.0,4.0,73.0,745.0,2021-11-01,1,0,23182.0,748.0,1931.8333333333333,9.965145371408852,4,11,2021,-0.5000000000000004,0.8660254037844384,20137.0,11756.0,12793.0,16676.0,16666.5,15515.833333333334
2021,12,A3340,BILBAO - ABANTO Y CIERVANA ABANTO ZIERBENA - MUSKIZ (Autopista),18625.0,12669.0,2232.0,589.0,463.0,932.0,4.0,163.0,684.0,2021-12-01,1,0,23182.0,748.0,1931.8333333333333,9.641100854110949,4,12,2021,-2.4492935982947064e-16,1.0,19251.0,18135.0,13306.0,19174.333333333332,16989.833333333332,16054.0
2022,1,A3340,BILBAO - ABANTO Y CIERVANA ABANTO ZIERBENA - MUSKIZ (Autopista),16571.0,10967.0,2264.0,730.0,423.0,679.0,2.0,57.0,595.0,2022-01-01,0,0,23244.0,750.0,1937.0,8.554981930820857,1,1,2022,0.49999999999999994,0.8660254037844387,18625.0,20137.0,15212.0,19337.666666666668,17182.666666666668,16497.25
2022,2,A3340,BILBAO - ABANTO Y CIERVANA ABANTO ZIERBENA - MUSKIZ (Autopista),17923.0,11429.0,2461.0,914.0,604.0,752.0,6.0,85.0,723.0,2022-02-01,0,0,23244.0,750.0,1937.0,9.252968508002064,1,2,2022,0.8660254037844386,0.5000000000000001,16571.0,19251.0,14047.0,18149.0,17412.5,16610.5
2022,3,A3340,BILBAO - ABANTO Y CIERVANA ABANTO ZIERBENA - MUSKIZ (Autopista),20337.0,13146.0,2619.0,1132.0,787.0,826.0,5.0,99.0,838.0,2022-03-01,0,0,23244.0,750.0,1937.0,10.499225606608157,1,3,2022,1.0,6.123233995736766e-17,17923.0,18625.0,17526.0,17706.333333333332,18440.333333333332,16933.5
2022,4,A3340,BILBAO - ABANTO Y CIERVANA ABANTO ZIERBENA - MUSKIZ (Autopista),15944.0,10154.0,2192.0,737.0,608.0,747.0,2.0,118.0,676.0,2022-04-01,0,0,23244.0,750.0,1937.0,8.231285493030459,2,4,2022,0.8660254037844387,-0.4999999999999998,20337.0,16571.0,13307.0,18277.0,18807.333333333332,17167.75
2022,5,A3340,BILBAO - ABANTO Y CIERVANA ABANTO ZIERBENA - MUSKIZ (Autopista),19375.0,12553.0,2602.0,878.0,802.0,858.0,3.0,93.0,773.0,2022-05-01,0,0,23244.0,750.0,1937.0,10.002581311306143,2,5,2022,0.49999999999999994,-0.8660254037844387,15944.0,17923.0,17311.0,18068.0,18108.5,17387.5
2022,6,A3340,BILBAO - ABANTO Y CIERVANA ABANTO ZIERBENA - MUSKIZ (Autopista),18201.0,11946.0,2741.0,478.0,434.0,914.0,22.0,152.0,710.0,2022-06-01,0,0,23244.0,750.0,1937.0,9.396489416623645,2,6,2022,1.2246467991473532e-16,-1.0,19375.0,20337.0,17468.0,18552.0,18129.166666666668,17559.5
2022,7,A3340,BILBAO - ABANTO Y CIERVANA ABANTO ZIERBENA - MUSKIZ (Autopista),13955.0,9215.0,2317.0,277.0,196.0,769.0,10.0,113.0,504.0,2022-07-01,0,0,23244.0,750.0,1937.0,7.204439855446567,3,7,2022,-0.4999999999999997,-0.8660254037844388,18201.0,15944.0,15192.0,17840.0,18058.5,17620.583333333332
2022,8,A3340,BILBAO - ABANTO Y CIERVANA ABANTO ZIERBENA - MUSKIZ (Autopista),13737.0,8886.0,2591.0,202.0,114.0,720.0,24.0,156.0,556.0,2022-08-01,0,0,23244.0,750.0,1937.0,7.091894682498709,3,8,2022,-0.8660254037844385,-0.5000000000000004,13955.0,19375.0,11756.0,17177.0,17622.5,17517.5
2020,1,A3514,BILBAO - AMOREBIETA ETXANO - GERNIKA LUMO,51111.0,35008.0,6500.0,2080.0,1934.0,3035.0,5.0,246.0,269.0,2020-01-01,1,0,,,,,1,1,2020,0.49999999999999994,0.8660254037844387,,,,,,
2020,2,A3514,BILBAO - AMOREBIETA ETXANO - GERNIKA LUMO,51847.0,34321.0,6124.0,2906.0,2846.0,2924.0,2.0,260.0,262.0,2020-02-01,1,0,,,,,1,2,2020,0.8660254037844386,0.5000000000000001,51111.0,,,,,
2020,3,A3514,BILBAO - AMOREBIETA ETXANO - GERNIKA LUMO,22663.0,15459.0,2156.0,1464.0,1260.0,1138.0,0.0,79.0,116.0,2020-03-01,1,0,,,,,1,3,2020,1.0,6.123233995736766e-17,51847.0,,,,,
2020,4,A3514,BILBAO - AMOREBIETA ETXANO - GERNIKA LUMO,2262.0,2102.0,88.0,18.0,13.0,0.0,0.0,2.0,1.0,2020-04-01,1,0,,,,,2,4,2020,0.8660254037844387,-0.4999999999999998,22663.0,51111.0,,41873.666666666664,,
2020,5,A3514,BILBAO - AMOREBIETA ETXANO - GERNIKA LUMO,9527.0,8326.0,711.0,138.0,154.0,0.0,0.0,8.0,17.0,2020-05-01,1,0,,,,,2,5,2020,0.49999999999999994,-0.8660254037844387,2262.0,51847.0,,25590.666666666668,,
2020,6,A3514,BILBAO - AMOREBIETA ETXANO - GERNIKA LUMO,25472.0,20869.0,2655.0,377.0,624.0,0.0,0.0,49.0,87.0,2020-06-01,1,0,,,,,2,6,2020,1.2246467991473532e-16,-1.0,9527.0,22663.0,,11484.0,,
2020,7,A3514,BILBAO - AMOREBIETA ETXANO - GERNIKA LUMO,30542.0,24685.0,3303.0,457.0,865.0,0.0,0.0,107.0,66.0,2020-07-01,1,0,,,,,3,7,2020,-0.4999999999999997,-0.8660254037844388,25472.0,2262.0,,12420.333333333334,27147.0,
2020,8,A3514,BILBAO - AMOREBIETA ETXANO - GERNIKA LUMO,21686.0,17672.0,2227.0,270.0,763.0,0.0,0.0,99.0,48.0,2020-08-01,1,0,,,,,3,8,2020,-0.8660254037844385,-0.5000000000000004,30542.0,9527.0,,21847.0,23718.833333333332,
2020,9,A3514,BILBAO - AMOREBIETA ETXANO - GERNIKA LUMO,32778.0,25946.0,3062.0,1118.0,1183.0,0.0,0.0,72.0,64.0,2020-09-01,1,0,,,,,3,9,2020,-1.0,-1.8369701987210297e-16,21686.0,25472.0,,25900.0,18692.0,
2020,10,A3514,BILBAO - AMOREBIETA ETXANO - GERNIKA LUMO,35286.0,27014.0,2866.0,1904.0,1747.0,0.0,0.0,65.0,82.0,2020-10-01,1,0,,,,,4,10,2020,-0.8660254037844386,0.5000000000000001,32778.0,30542.0,,28335.333333333332,20377.833333333332,
2020,11,A3514,BILBAO - AMOREBIETA ETXANO - GERNIKA LUMO,27710.0,21363.0,1358.0,1876.0,1623.0,0.0,0.0,24.0,54.0,2020-11-01,1,0,,,,,4,11,2020,-0.5000000000000004,0.8660254037844384,35286.0,21686.0,,29916.666666666668,25881.833333333332,
2020,12,A3514,BILBAO - AMOREBIETA ETXANO - GERNIKA LUMO,30375.0,24147.0,2423.0,1182.0,1016.0,94.0,0.0,70.0,92.0,2020-12-01,1,0,,,,,4,12,2020,-2.4492935982947064e-16,1.0,27710.0,32778.0,,31924.666666666668,28912.333333333332,
2021,1,A3514,BILBAO - AMOREBIETA ETXANO - GERNIKA LUMO,27212.0,21425.0,1606.0,1231.0,1243.0,274.0,0.0,91.0,115.0,2021-01-01,1,0,48412.0,904.0,4034.3333333333335,6.745104519540609,1,1,2021,0.49999999999999994,0.8660254037844387,30375.0,35286.0,51111.0,31123.666666666668,29729.5,28438.25
2021,2,A3514,BILBAO - AMOREBIETA ETXANO - GERNIKA LUMO,26597.0,20528.0,1155.0,1510.0,1656.0,366.0,0.0,101.0,127.0,2021-02-01,1,0,48412.0,904.0,4034.3333333333335,6.592662976121622,1,2,2021,0.8660254037844386,0.5000000000000001,27212.0,27710.0,51847.0,28432.333333333332,29174.5,26446.666666666668
2021,3,A3514,BILBAO - AMOREBIETA ETXANO - GERNIKA LUMO,37040.0,27772.0,2920.0,1887.0,1787.0,758.0,1.0,153.0,235.0,2021-03-01,1,0,48412.0,904.0,4034.3333333333335,9.18119474510452,1,3,2021,1.0,6.123233995736766e-17,26597.0,30375.0,22663.0,28061.333333333332,29993.0,24342.5
2021,4,A3514,BILBAO - AMOREBIETA ETXANO - GERNIKA LUMO,30208.0,22642.0,2150.0,1443.0,1673.0,754.0,0.0,182.0,154.0,2021-04-01,1,0,48412.0,904.0,4034.3333333333335,7.487730314797984,2,4,2021,0.8660254037844387,-0.4999999999999998,37040.0,27212.0,2262.0,30283.0,30703.333333333332,25540.583333333332
2021,5,A3514,BILBAO - AMOREBIETA ETXANO - GERNIKA LUMO,35891.0,26407.0,3137.0,1532.0,2097.0,955.0,13.0,230.0,196.0,2021-05-01,1,0,48412.0,904.0,4034.3333333333335,8.896389324960753,2,5,2021,0.49999999999999994,-0.8660254037844387,30208.0,26597.0,9527.0,31281.666666666668,29857.0,27869.416666666668
2021,6,A3514,BILBAO - AMOREBIETA ETXANO - GERNIKA LUMO,37476.0,28441.0,3837.0,866.0,1305.0,1233.0,0.0,208.0,218.0,2021-06-01,1,0,48412.0,904.0,4034.3333333333335,9.28926712385359,2,6,2021,1.2246467991473532e-16,-1.0,35891.0,37040.0,25472.0,34379.666666666664,31220.5,30066.416666666668
2021,7,A3514,BILBAO - AMOREBIETA ETXANO - GERNIKA LUMO,34226.0,26035.0,3623.0,499.0,1233.0,1375.0,1.0,210.0,145.0,2021-07-01,1,0,48412.0,904.0,4034.3333333333335,8.483681731802033,3,7,2021,-0.4999999999999997,-0.8660254037844388,37476.0,30208.0,30542.0,34525.0,32404.0,31066.75
2021,8,A3514,BILBAO - AMOREBIETA ETXANO - GERNIKA LUMO,26036.0,19354.0,3032.0,248.0,894.0,1421.0,5.0,239.0,135.0,2021-08-01,1,0,48412.0,904.0,4034.3333333333335,6.453606543832107,3,8,2021,-0.8660254037844385,-0.5000000000000004,34226.0,35891.0,21686.0,35864.333333333336,33573.0,31373.75
2021,9,A3514,BILBAO - AMOREBIETA ETXANO - GERNIKA LUMO,39166.0,28634.0,3695.0,1660.0,1829.0,1403.0,1.0,195.0,205.0,2021-09-01,1,0,48412.0,904.0,4034.3333333333335,9.708171527720399,3,9,2021,-1.0,-1.8369701987210297e-16,26036.0,37476.0,32778.0,32579.333333333332,33479.5,31736.25
2021,10,A3514,BILBAO - AMOREBIETA ETXANO - GERNIKA LUMO,45136.0,30917.0,4684.0,2652.0,2882.0,1642.0,1.0,195.0,249.0,2021-10-01,1,0,48412.0,904.0,4034.3333333333335,11.18796992481203,4,10,2021,-0.8660254037844386,0.5000000000000001,39166.0,34226.0,35286.0,33142.666666666664,33833.833333333336,32268.583333333332
2021,11,A3514,BILBAO - AMOREBIETA ETXANO - GERNIKA LUMO,44649.0,30274.0,4480.0,2827.0,3048.0,1634.0,5.0,134.0,220.0,2021-11-01,1,0,48412.0,904.0,4034.3333333333335,11.067256052218458,4,11,2021,-0.5000000000000004,0.8660254037844384,45136.0,26036.0,27710.0,36779.333333333336,36321.833333333336,33089.416666666664
2021,12,A3514,BILBAO - AMOREBIETA ETXANO - GERNIKA LUMO,38692.0,27775.0,4159.0,1576.0,1567.0,1633.0,22.0,178.0,186.0,2021-12-01,1,0,48412.0,904.0,4034.3333333333335,9.590679996695034,4,12,2021,-2.4492935982947064e-16,1.0,44649.0,39166.0,30375.0,42983.666666666664,37781.5,34501.0
2022,1,A3514,BILBAO - AMOREBIETA ETXANO - GERNIKA LUMO,36098.0,26059.0,3915.0,1596.0,1339.0,1319.0,10.0,189.0,210.0,2022-01-01,0,0,48394.0,904.0,4032.8333333333335,8.951026986816547,1,1,2022,0.49999999999999994,0.8660254037844387,38692.0,45136.0,27212.0,42825.666666666664,37984.166666666664,35194.083333333336
2022,2,A3514,BILBAO - AMOREBIETA ETXANO - GERNIKA LUMO,40693.0,28083.0,4370.0,2515.0,2237.0,1365.0,1.0,146.0,225.0,2022-02-01,0,0,48394.0,904.0,4032.8333333333335,10.090424432780923,1,2,2022,0.8660254037844386,0.5000000000000001,36098.0,44649.0,26597.0,39813.0,38296.166666666664,35934.583333333336
2022,3,A3514,BILBAO - AMOREBIETA ETXANO - GERNIKA LUMO,48585.0,33359.0,5059.0,2768.0,2977.0,1714.0,1.0,196.0,335.0,2022-03-01,0,0,48394.0,904.0,4032.8333333333335,12.047361243129313,1,3,2022,1.0,6.123233995736766e-17,40693.0,38692.0,37040.0,38494.333333333336,40739.0,37109.25
2022,4,A3514,BILBAO - AMOREBIETA ETXANO - GERNIKA LUMO,39838.0,28083.0,4319.0,1634.0,1841.0,1808.0,2.0,216.0,280.0,2022-04-01,0,0,48394.0,904.0,4032.8333333333335,9.878414679505724,2,4,2022,0.8660254037844387,-0.4999999999999998,48585.0,36098.0,30208.0,41792.0,42308.833333333336,38071.333333333336
2022,5,A3514,BILBAO - AMOREBIETA ETXANO - GERNIKA LUMO,46796.0,32629.0,5217.0,2280.0,2236.0,1964.0,2.0,174.0,294.0,2022-05-01,0,0,48394.0,904.0,4032.8333333333335,11.603752531305533,2,5,2022,0.49999999999999994,-0.8660254037844387,39838.0,40693.0,35891.0,43038.666666666664,41425.833333333336,38873.833333333336
2022,6,A3514,BILBAO - AMOREBIETA ETXANO - GERNIKA LUMO,43337.0,31987.0,4908.0,1188.0,1221.0,1996.0,0.0,225.0,247.0,2022-06-01,0,0,48394.0,904.0,4032.8333333333335,10.746042897879901,2,6,2022,1.2246467991473532e-16,-1.0,46796.0,48585.0,37476.0,45073.0,41783.666666666664,39782.583333333336
2022,7,A3514,BILBAO - AMOREBIETA ETXANO - GERNIKA LUMO,35787.0,26481.0,4294.0,658.0,820.0,1940.0,3.0,281.0,223.0,2022-07-01,0,0,48394.0,904.0,4032.8333333333335,8.873909988841591,3,7,2022,-0.4999999999999997,-0.8660254037844388,43337.0,39838.0,34226.0,43323.666666666664,42557.833333333336,40271.0
2022,8,A3514,BILBAO - AMOREBIETA ETXANO - GERNIKA LUMO,33371.0,24731.0,4037.0,332.0,736.0,2070.0,1.0,292.0,224.0,2022-08-01,0,0,48394.0,904.0,4032.8333333333335,8.274827457949332,3,8,2022,-0.8660254037844385,-0.5000000000000004,35787.0,46796.0,26036.0,41973.333333333336,42506.0,40401.083333333336
2020,1,A3515,BILBAO - AMOREBIETA ETXANO - GERNIKA LUMO - BERMEO,80020.0,50919.0,12894.0,3598.0,2647.0,6038.0,5.0,570.0,336.0,2020-01-01,1,0,,,,,1,1,2020,0.49999999999999994,0.8660254037844387,,,,,,
2020,2,A3515,BILBAO - AMOREBIETA ETXANO - GERNIKA LUMO - BERMEO,80202.0,50136.0,12662.0,4075.0,3585.0,5757.0,2.0,553.0,294.0,2020-02-01,1,0,,,,,1,2,2020,0.8660254037844386,0.5000000000000001,80020.0,,,,,
2020,3,A3515,BILBAO - AMOREBIETA ETXANO - GERNIKA LUMO - BERMEO,35862.0,23459.0,4691.0,2176.0,1655.0,2211.0,0.0,158.0,139.0,2020-03-01,1,0,,,,,1,3,2020,1.0,6.123233995736766e-17,80202.0,,,,,
2020,4,A3515,BILBAO - AMOREBIETA ETXANO - GERNIKA LUMO - BERMEO,6834.0,6103.0,430.0,102.0,51.0,0.0,0.0,2.0,2.0,2020-04-01,1,0,,,,,2,4,2020,0.8660254037844387,-0.4999999999999998,35862.0,80020.0,,65361.333333333336,,
2020,5,A3515,BILBAO - AMOREBIETA ETXANO - GERNIKA LUMO - BERMEO,18332.0,15389.0,2003.0,162.0,275.0,0.0,0.0,31.0,24.0,2020-05-01,1,0,,,,,2,5,2020,0.49999999999999994,-0.8660254037844387,6834.0,80202.0,,40966.0,,
2020,6,A3515,BILBAO - AMOREBIETA ETXANO - GERNIKA LUMO - BERMEO,44635.0,35390.0,6154.0,440.0,983.0,0.0,0.0,165.0,72.0,2020-06-01,1,0,,,,,2,6,2020,1.2246467991473532e-16,-1.0,18332.0,35862.0,,20342.666666666668,,
2020,7,A3515,BILBAO - AMOREBIETA ETXANO - GERNIKA LUMO - BERMEO,60454.0,47360.0,8500.0,900.0,1257.0,0.0,0.0,281.0,120.0,2020-07-01,1,0,,,,,3,7,2020,-0.4999999999999997,-0.8660254037844388,44635.0,6834.0,,23267.0,44314.166666666664,
2020,8,A3515,BILBAO - AMOREBIETA ETXANO - GERNIKA LUMO - BERMEO,51087.0,40331.0,7270.0,660.0,963.0,0.0,0.0,240.0,118.0,2020-08-01,1,0,,,,,3,8,2020,-0.8660254037844385,-0.5000000000000004,60454.0,18332.0,,41140.333333333336,41053.166666666664,
2020,9,A3515,BILBAO - AMOREBIETA ETXANO - GERNIKA LUMO - BERMEO,57510.0,43933.0,7493.0,1791.0,1867.0,0.0,0.0,211.0,108.0,2020-09-01,1,0,,,,,3,9,2020,-1.0,-1.8369701987210297e-16,51087.0,44635.0,,52058.666666666664,36200.666666666664,
2020,10,A3515,BILBAO - AMOREBIETA ETXANO - GERNIKA LUMO - BERMEO,55228.0,40100.0,6170.0,3619.0,2635.0,0.0,0.0,115.0,87.0,2020-10-01,1,0,,,,,4,10,2020,-0.8660254037844386,0.5000000000000001,57510.0,60454.0,,56350.333333333336,39808.666666666664,
2020,11,A3515,BILBAO - AMOREBIETA ETXANO - GERNIKA LUMO - BERMEO,43079.0,31529.0,3682.0,3373.0,2229.0,0.0,0.0,82.0,71.0,2020-11-01,1,0,,,,,4,11,2020,-0.5000000000000004,0.8660254037844384,55228.0,51087.0,,54608.333333333336,47874.333333333336,
2020,12,A3515,BILBAO - AMOREBIETA ETXANO - GERNIKA LUMO - BERMEO,48015.0,36543.0,5087.0,2282.0,1487.0,191.0,0.0,157.0,95.0,2020-12-01,1,0,,,,,4,12,2020,-2.4492935982947064e-16,1.0,43079.0,57510.0,,51939.0,51998.833333333336,
2021,1,A3515,BILBAO - AMOREBIETA ETXANO - GERNIKA LUMO - BERMEO,41061.0,30555.0,3613.0,2503.0,1562.0,652.0,0.0,112.0,117.0,2021-01-01,1,0,48953.0,909.0,4079.4166666666665,10.06540967867138,1,1,2021,0.49999999999999994,0.8660254037844387,48015.0,55228.0,80020.0,48774.0,52562.166666666664,48438.166666666664
2021,2,A3515,BILBAO - AMOREBIETA ETXANO - GERNIKA LUMO - BERMEO,40036.0,29046.0,3077.0,2838.0,1956.0,876.0,1.0,123.0,155.0,2021-02-01,1,0,48953.0,909.0,4079.4166666666665,9.814148264662023,1,2,2021,0.8660254037844386,0.5000000000000001,41061.0,43079.0,80202.0,44051.666666666664,49330.0,45191.583333333336
2021,3,A3515,BILBAO - AMOREBIETA ETXANO - GERNIKA LUMO - BERMEO,57613.0,40802.0,6270.0,3491.0,2360.0,1600.0,0.0,313.0,187.0,2021-03-01,1,0,48953.0,909.0,4079.4166666666665,14.12285253202051,1,3,2021,1.0,6.123233995736766e-17,40036.0,48015.0,35862.0,43037.333333333336,47488.166666666664,41844.416666666664
2021,4,A3515,BILBAO - AMOREBIETA ETXANO - GERNIKA LUMO - BERMEO,50866.0,35612.0,5811.0,2884.0,2066.0,1800.0,2.0,312.0,216.0,2021-04-01,1,0,48953.0,909.0,4079.4166666666665,12.468939595121853,2,4,2021,0.8660254037844387,-0.4999999999999998,57613.0,41061.0,6834.0,46236.666666666664,47505.333333333336,43657.0
2021,5,A3515,BILBAO - AMOREBIETA ETXANO - GERNIKA LUMO - BERMEO,58008.0,39969.0,7399.0,3247.0,2427.0,2074.0,8.0,346.0,235.0,2021-05-01,1,0,48953.0,909.0,4079.4166666666665,14.219680101321677,2,5,2021,0.49999999999999994,-0.8660254037844387,50866.0,40036.0,18332.0,49505.0,46778.333333333336,47326.333333333336
2021,6,A3515,BILBAO - AMOREBIETA ETXANO - GERNIKA LUMO - BERMEO,63998.0,45812.0,8657.0,1884.0,1584.0,2904.0,0.0,454.0,252.0,2021-06-01,1,0,48953.0,909.0,4079.4166666666665,15.68802729148367,2,6,2021,1.2246467991473532e-16,-1.0,58008.0,57613.0,44635.0,55495.666666666664,49266.5,50632.666666666664
2021,7,A3515,BILBAO - AMOREBIETA ETXANO - GERNIKA LUMO - BERMEO,68111.0,48724.0,10043.0,924.0,1375.0,3838.0,7.0,736.0,219.0,2021-07-01,1,0,48953.0,909.0,4079.4166666666665,16.69625967764999,3,7,2021,-0.4999999999999997,-0.8660254037844388,63998.0,50866.0,60454.0,57624.0,51930.333333333336,52246.25
2021,8,A3515,BILBAO - AMOREBIETA ETXANO - GERNIKA LUMO - BERMEO,61555.0,42856.0,10012.0,545.0,1097.0,4220.0,5.0,809.0,236.0,2021-08-01,1,0,48953.0,909.0,4079.4166666666665,15.089167160337468,3,8,2021,-0.8660254037844385,-0.5000000000000004,68111.0,58008.0,51087.0,63372.333333333336,56438.666666666664,52884.333333333336
2021,9,A3515,BILBAO - AMOREBIETA ETXANO - GERNIKA LUMO - BERMEO,68193.0,46487.0,9785.0,3021.0,2058.0,3689.0,5.0,485.0,243.0,2021-09-01,1,0,48953.0,909.0,4079.4166666666665,16.71636059077074,3,9,2021,-1.0,-1.8369701987210297e-16,61555.0,63998.0,57510.0,64554.666666666664,60025.166666666664,53756.666666666664
2021,10,A3515,BILBAO - AMOREBIETA ETXANO - GERNIKA LUMO - BERMEO,71419.0,46467.0,9764.0,4663.0,3275.0,3759.0,0.0,406.0,231.0,2021-10-01,1,0,48953.0,909.0,4079.4166666666665,17.507159928911406,4,10,2021,-0.8660254037844386,0.5000000000000001,68193.0,68111.0,55228.0,65953.0,61788.5,54646.916666666664
2021,11,A3515,BILBAO - AMOREBIETA ETXANO - GERNIKA LUMO - BERMEO,68213.0,43613.0,9305.0,5039.0,3374.0,3449.0,0.0,258.0,250.0,2021-11-01,1,0,48953.0,909.0,4079.4166666666665,16.72126325250751,4,11,2021,-0.5000000000000004,0.8660254037844384,71419.0,61555.0,43079.0,67055.66666666667,65214.0,55996.166666666664
2021,12,A3515,BILBAO - AMOREBIETA ETXANO - GERNIKA LUMO - BERMEO,62144.0,42101.0,8335.0,3134.0,2035.0,3512.0,6.0,355.0,240.0,2021-12-01,1,0,48953.0,909.0,4079.4166666666665,15.233550548485283,4,12,2021,-2.4492935982947064e-16,1.0,68213.0,68193.0,48015.0,69275.0,66914.83333333333,58090.666666666664
2022,1,A3515,BILBAO - AMOREBIETA ETXANO - GERNIKA LUMO - BERMEO,57967.0,39342.0,7728.0,3340.0,1793.0,2971.0,6.0,319.0,224.0,2022-01-01,0,0,48932.0,909.0,4077.6666666666665,14.215727948990436,1,1,2022,0.49999999999999994,0.8660254037844387,62144.0,71419.0,41061.0,67258.66666666667,66605.83333333333,59268.083333333336
2022,2,A3515,BILBAO - AMOREBIETA ETXANO - GERNIKA LUMO - BERMEO,64242.0,42300.0,8845.0,4272.0,2554.0,2917.0,2.0,333.0,213.0,2022-02-01,0,0,48932.0,909.0,4077.6666666666665,15.754598217935094,1,2,2022,0.8660254037844386,0.5000000000000001,57967.0,68213.0,40036.0,62774.666666666664,64915.166666666664,60676.916666666664
2022,3,A3515,BILBAO - AMOREBIETA ETXANO - GERNIKA LUMO - BERMEO,75760.0,49522.0,10605.0,4967.0,3100.0,3385.0,1.0,416.0,363.0,2022-03-01,0,0,48932.0,909.0,4077.6666666666665,18.57925284067686,1,3,2022,1.0,6.123233995736766e-17,64242.0,62144.0,57613.0,61451.0,65363.0,62694.083333333336
2022,4,A3515,BILBAO - AMOREBIETA ETXANO - GERNIKA LUMO - BERMEO,65356.0,43931.0,9269.0,2983.0,1983.0,3790.0,0.0,422.0,355.0,2022-04-01,0,0,48932.0,909.0,4077.6666666666665,16.027793672852123,2,4,2022,0.8660254037844387,-0.4999999999999998,75760.0,57967.0,50866.0,65989.66666666667,66624.16666666667,64206.333333333336
2022,5,A3515,BILBAO - AMOREBIETA ETXANO - GERNIKA LUMO - BERMEO,77158.0,50925.0,11578.0,4120.0,2486.0,4298.0,1.0,526.0,303.0,2022-05-01,0,0,48932.0,909.0,4077.6666666666665,18.922095969917436,2,5,2022,0.49999999999999994,-0.8660254037844387,65356.0,64242.0,58008.0,68452.66666666667,65613.66666666667,65413.833333333336
2022,6,A3515,BILBAO - AMOREBIETA ETXANO - GERNIKA LUMO - BERMEO,77038.0,52950.0,12197.0,2135.0,1541.0,4454.0,0.0,579.0,370.0,2022-06-01,0,0,48932.0,909.0,4077.6666666666665,18.892667375132838,2,6,2022,1.2246467991473532e-16,-1.0,77158.0,75760.0,63998.0,72758.0,67104.5,67009.66666666667
2022,7,A3515,BILBAO - AMOREBIETA ETXANO - GERNIKA LUMO - BERMEO,79754.0,54876.0,12681.0,1277.0,1259.0,5516.0,6.0,1047.0,334.0,2022-07-01,0,0,48932.0,909.0,4077.6666666666665,19.558734570424264,3,7,2022,-0.4999999999999997,-0.8660254037844388,77038.0,65356.0,68111.0,73184.0,69586.83333333333,68096.33333333333
2022,8,A3515,BILBAO - AMOREBIETA ETXANO - GERNIKA LUMO - BERMEO,84080.0,59069.0,13131.0,882.0,1186.0,5895.0,2.0,912.0,352.0,2022-08-01,0,0,48932.0,909.0,4077.6666666666665,20.619635412409057,3,8,2022,-0.8660254037844385,-0.5000000000000004,79754.0,77158.0,61555.0,77983.33333333333,73218.0,69066.58333333333
2020,1,A0651,BILBAO - BALMASEDA,68576.0,40791.0,11977.0,3239.0,4497.0,3594.0,31.0,544.0,657.0,2020-01-01,1,0,,,,,1,1,2020,0.49999999999999994,0.8660254037844387,,,,,,
2020,2,A0651,BILBAO - BALMASEDA,70128.0,40301.0,12034.0,4173.0,5331.0,3324.0,59.0,595.0,722.0,2020-02-01,1,0,,,,,1,2,2020,0.8660254037844386,0.5000000000000001,68576.0,,,,,
2020,3,A0651,BILBAO - BALMASEDA,32012.0,19672.0,4521.0,1861.0,2327.0,1474.0,25.0,270.0,301.0,2020-03-01,1,0,,,,,1,3,2020,1.0,6.123233995736766e-17,70128.0,,,,,
2020,4,A0651,BILBAO - BALMASEDA,5923.0,5307.0,368.0,3.0,64.0,0.0,0.0,3.0,65.0,2020-04-01,1,0,,,,,2,4,2020,0.8660254037844387,-0.4999999999999998,32012.0,68576.0,,56905.333333333336,,
2020,5,A0651,BILBAO - BALMASEDA,14790.0,11959.0,1881.0,35.0,219.0,0.0,0.0,142.0,184.0,2020-05-01,1,0,,,,,2,5,2020,0.49999999999999994,-0.8660254037844387,5923.0,70128.0,,36021.0,,
2020,6,A0651,BILBAO - BALMASEDA,34351.0,26278.0,5170.0,234.0,716.0,0.0,0.0,295.0,241.0,2020-06-01,1,0,,,,,2,6,2020,1.2246467991473532e-16,-1.0,14790.0,32012.0,,17575.0,,
2020,7,A0651,BILBAO - BALMASEDA,40155.0,30707.0,6035.0,300.0,914.0,0.0,0.0,377.0,219.0,2020-07-01,1,0,,,,,3,7,2020,-0.4999999999999997,-0.8660254037844388,34351.0,5923.0,,18354.666666666668,37630.0,
2020,8,A0651,BILBAO - BALMASEDA,29176.0,22561.0,4321.0,288.0,423.0,0.0,0.0,310.0,154.0,2020-08-01,1,0,,,,,3,8,2020,-0.8660254037844385,-0.5000000000000004,40155.0,14790.0,,29765.333333333332,32893.166666666664,
2020,9,A0651,BILBAO - BALMASEDA,46353.0,32764.0,5906.0,2147.0,2500.0,0.0,0.0,353.0,292.0,2020-09-01,1,0,,,,,3,9,2020,-1.0,-1.8369701987210297e-16,29176.0,34351.0,,34560.666666666664,26067.833333333332,
2020,10,A0651,BILBAO - BALMASEDA,49445.0,32682.0,5953.0,3257.0,4507.0,0.0,0.0,257.0,296.0,2020-10-01,1,0,,,,,4,10,2020,-0.8660254037844386,0.5000000000000001,46353.0,40155.0,,38561.333333333336,28458.0,
2020,11,A0651,BILBAO - BALMASEDA,39846.0,26612.0,4035.0,2844.0,3819.0,0.0,0.0,186.0,265.0,2020-11-01,1,0,,,,,4,11,2020,-0.5000000000000004,0.8660254037844384,49445.0,29176.0,,41658.0,35711.666666666664,
2020,12,A0651,BILBAO - BALMASEDA,42462.0,29760.0,5256.0,2170.0,2513.0,163.0,0.0,262.0,238.0,2020-12-01,1,0,,,,,4,12,2020,-2.4492935982947064e-16,1.0,39846.0,46353.0,,45214.666666666664,39887.666666666664,
2021,1,A0651,BILBAO - BALMASEDA,40658.0,28330.0,4513.0,1862.0,2813.0,654.0,2.0,260.0,337.0,2021-01-01,1,0,46167.0,909.0,3847.25,10.568068100591331,1,1,2021,0.49999999999999994,0.8660254037844387,42462.0,49445.0,68576.0,43917.666666666664,41239.5,39434.75
2021,2,A0651,BILBAO - BALMASEDA,38913.0,26153.0,3827.0,2583.0,3213.0,790.0,0.0,262.0,294.0,2021-02-01,1,0,46167.0,909.0,3847.25,10.11449736825005,1,2,2021,0.8660254037844386,0.5000000000000001,40658.0,39846.0,70128.0,40988.666666666664,41323.333333333336,37108.25
2021,3,A0651,BILBAO - BALMASEDA,51699.0,34567.0,6344.0,2820.0,3675.0,1168.0,12.0,472.0,418.0,2021-03-01,1,0,46167.0,909.0,3847.25,13.437910195594256,1,3,2021,1.0,6.123233995736766e-17,38913.0,42462.0,32012.0,40677.666666666664,42946.166666666664,34507.0
2021,4,A0651,BILBAO - BALMASEDA,41825.0,27737.0,5346.0,2082.0,2867.0,1247.0,22.0,423.0,325.0,2021-04-01,1,0,46167.0,909.0,3847.25,10.871401650529599,2,4,2021,0.8660254037844387,-0.4999999999999998,51699.0,40658.0,5923.0,43756.666666666664,43837.166666666664,36147.583333333336
2021,5,A0651,BILBAO - BALMASEDA,52039.0,34371.0,7597.0,2211.0,3258.0,1554.0,17.0,396.0,407.0,2021-05-01,1,0,46167.0,909.0,3847.25,13.5262850087725,2,5,2021,0.49999999999999994,-0.8660254037844387,41825.0,38913.0,14790.0,44145.666666666664,42567.166666666664,39139.416666666664
2021,6,A0651,BILBAO - BALMASEDA,50311.0,34797.0,7728.0,844.0,2218.0,1789.0,15.0,570.0,453.0,2021-06-01,1,0,46167.0,909.0,3847.25,13.07713301709013,2,6,2021,1.2246467991473532e-16,-1.0,52039.0,51699.0,34351.0,48521.0,44599.333333333336,42243.5
2021,7,A0651,BILBAO - BALMASEDA,45108.0,31186.0,7215.0,546.0,1744.0,1923.0,20.0,603.0,367.0,2021-07-01,1,0,46167.0,909.0,3847.25,11.724738449541881,3,7,2021,-0.4999999999999997,-0.8660254037844388,50311.0,41825.0,40155.0,48058.333333333336,45907.5,43573.5
2021,8,A0651,BILBAO - BALMASEDA,35435.0,24158.0,6064.0,312.0,1447.0,1665.0,12.0,436.0,329.0,2021-08-01,1,0,46167.0,909.0,3847.25,9.210475014620833,3,8,2021,-0.8660254037844385,-0.5000000000000004,45108.0,52039.0,29176.0,49152.666666666664,46649.166666666664,43986.25
2021,9,A0651,BILBAO - BALMASEDA,55058.0,34597.0,7418.0,3096.0,4170.0,2097.0,11.0,531.0,566.0,2021-09-01,1,0,46167.0,909.0,3847.25,14.311001364611085,3,9,2021,-1.0,-1.8369701987210297e-16,35435.0,50311.0,46353.0,43618.0,46069.5,44507.833333333336
2021,10,A0651,BILBAO - BALMASEDA,62236.0,37022.0,8559.0,4053.0,5501.0,2290.0,17.0,556.0,644.0,2021-10-01,1,0,46167.0,909.0,3847.25,16.17674962635649,4,10,2021,-0.8660254037844386,0.5000000000000001,55058.0,45108.0,49445.0,45200.333333333336,46629.333333333336,45233.25
2021,11,A0651,BILBAO - BALMASEDA,62632.0,36892.0,8624.0,4362.0,5950.0,2181.0,14.0,394.0,609.0,2021-11-01,1,0,46167.0,909.0,3847.25,16.27968029111703,4,11,2021,-0.5000000000000004,0.8660254037844384,62236.0,35435.0,39846.0,50909.666666666664,50031.166666666664,46299.166666666664
2021,12,A0651,BILBAO - BALMASEDA,62805.0,41277.0,8271.0,2319.0,3939.0,2547.0,15.0,595.0,547.0,2021-12-01,1,0,46167.0,909.0,3847.25,16.32464747546949,4,12,2021,-2.4492935982947064e-16,1.0,62632.0,55058.0,42462.0,59975.333333333336,51796.666666666664,48198.0
2022,1,A0651,BILBAO - BALMASEDA,57547.0,37023.0,7607.0,2612.0,3975.0,2196.0,18.0,511.0,541.0,2022-01-01,0,0,46149.0,909.0,3845.75,14.963791198075798,1,1,2022,0.49999999999999994,0.8660254037844387,62805.0,62236.0,40658.0,62557.666666666664,53879.0,49893.25
2022,2,A0651,BILBAO - BALMASEDA,65022.0,40015.0,8605.0,3920.0,5327.0,2441.0,15.0,521.0,587.0,2022-02-01,0,0,46149.0,909.0,3845.75,16.907495287005137,1,2,2022,0.8660254037844386,0.5000000000000001,57547.0,62632.0,38913.0,60994.666666666664,55952.166666666664,51300.666666666664
2022,3,A0651,BILBAO - BALMASEDA,76635.0,47132.0,10550.0,4415.0,6283.0,2873.0,13.0,682.0,776.0,2022-03-01,0,0,46149.0,909.0,3845.75,19.927192355197295,1,3,2022,1.0,6.123233995736766e-17,65022.0,62805.0,51699.0,61791.333333333336,60883.333333333336,53476.416666666664
2022,4,A0651,BILBAO - BALMASEDA,62503.0,40445.0,8599.0,2604.0,4179.0,2640.0,36.0,618.0,552.0,2022-04-01,0,0,46149.0,909.0,3845.75,16.252486511083664,2,4,2022,0.8660254037844387,-0.4999999999999998,76635.0,57547.0,41825.0,66401.33333333333,64479.5,55554.416666666664
2022,5,A0651,BILBAO - BALMASEDA,75891.0,48433.0,10496.0,3320.0,5327.0,3113.0,17.0,791.0,772.0,2022-05-01,0,0,46149.0,909.0,3845.75,19.733732041864396,2,5,2022,0.49999999999999994,-0.8660254037844387,62503.0,65022.0,52039.0,68053.33333333333,64524.0,57277.583333333336
2022,6,A0651,BILBAO - BALMASEDA,67583.0,45604.0,9956.0,1333.0,3114.0,3078.0,27.0,895.0,721.0,2022-06-01,0,0,46149.0,909.0,3845.75,17.573425209647013,2,6,2022,1.2246467991473532e-16,-1.0,75891.0,76635.0,50311.0,71676.33333333333,66733.83333333333,59265.25
2022,7,A0651,BILBAO - BALMASEDA,54430.0,37754.0,7969.0,467.0,2224.0,2582.0,34.0,784.0,582.0,2022-07-01,0,0,46149.0,909.0,3845.75,14.153286095039979,3,7,2022,-0.4999999999999997,-0.8660254037844388,67583.0,62503.0,45108.0,68659.0,67530.16666666667,60704.583333333336
2022,8,A0651,BILBAO - BALMASEDA,48854.0,33828.0,7761.0,361.0,1445.0,2755.0,39.0,746.0,473.0,2022-08-01,0,0,46149.0,909.0,3845.75,12.703373854254696,3,8,2022,-0.8660254037844385,-0.5000000000000004,54430.0,75891.0,35435.0,65968.0,67010.66666666667,61481.416666666664
2020,1,A3137,BILBAO - BARAKALDO,34187.0,20045.0,6738.0,745.0,829.0,2216.0,7.0,1113.0,1719.0,2020-01-01,1,0,,,,,1,1,2020,0.49999999999999994,0.8660254037844387,,,,,,
2020,2,A3137,BILBAO - BARAKALDO,33493.0,19619.0,6476.0,841.0,945.0,2176.0,2.0,1043.0,1641.0,2020-02-01,1,0,,,,,1,2,2020,0.8660254037844386,0.5000000000000001,34187.0,,,,,
2020,3,A3137,BILBAO - BARAKALDO,15930.0,9882.0,2765.0,356.0,500.0,901.0,1.0,438.0,720.0,2020-03-01,1,0,,,,,1,3,2020,1.0,6.123233995736766e-17,33493.0,,,,,
2020,4,A3137,BILBAO - BARAKALDO,1600.0,1414.0,123.0,6.0,15.0,0.0,0.0,0.0,16.0,2020-04-01,1,0,,,,,2,4,2020,0.8660254037844387,-0.4999999999999998,15930.0,34187.0,,27870.0,,
2020,5,A3137,BILBAO - BARAKALDO,8776.0,7148.0,1115.0,43.0,59.0,0.0,0.0,90.0,206.0,2020-05-01,1,0,,,,,2,5,2020,0.49999999999999994,-0.8660254037844387,1600.0,33493.0,,17007.666666666668,,
2020,6,A3137,BILBAO - BARAKALDO,20163.0,15136.0,3331.0,138.0,258.0,0.0,0.0,315.0,684.0,2020-06-01,1,0,,,,,2,6,2020,1.2246467991473532e-16,-1.0,8776.0,15930.0,,8768.666666666666,,
2020,7,A3137,BILBAO - BARAKALDO,22661.0,16619.0,3881.0,194.0,312.0,0.0,0.0,521.0,740.0,2020-07-01,1,0,,,,,3,7,2020,-0.4999999999999997,-0.8660254037844388,20163.0,1600.0,,10179.666666666666,19024.833333333332,
2020,8,A3137,BILBAO - BARAKALDO,17455.0,12888.0,2795.0,277.0,236.0,0.0,0.0,417.0,527.0,2020-08-01,1,0,,,,,3,8,2020,-0.8660254037844385,-0.5000000000000004,22661.0,8776.0,,17200.0,17103.833333333332,
2020,9,A3137,BILBAO - BARAKALDO,23503.0,16642.0,3955.0,430.0,488.0,0.0,0.0,584.0,960.0,2020-09-01,1,0,,,,,3,9,2020,-1.0,-1.8369701987210297e-16,17455.0,20163.0,,20093.0,14430.833333333334,
2020,10,A3137,BILBAO - BARAKALDO,24697.0,17349.0,3980.0,596.0,696.0,0.0,0.0,493.0,1044.0,2020-10-01,1,0,,,,,4,10,2020,-0.8660254037844386,0.5000000000000001,23503.0,22661.0,,21206.333333333332,15693.0,
2020,11,A3137,BILBAO - BARAKALDO,22524.0,15912.0,3364.0,659.0,681.0,0.0,0.0,449.0,859.0,2020-11-01,1,0,,,,,4,11,2020,-0.5000000000000004,0.8660254037844384,24697.0,17455.0,,21885.0,19542.5,
2020,12,A3137,BILBAO - BARAKALDO,23419.0,16503.0,3751.0,538.0,516.0,94.0,0.0,539.0,983.0,2020-12-01,1,0,,,,,4,12,2020,-2.4492935982947064e-16,1.0,22524.0,23503.0,,23574.666666666668,21833.833333333332,
2021,1,A3137,BILBAO - BARAKALDO,22603.0,15567.0,3379.0,568.0,498.0,472.0,0.0,571.0,1092.0,2021-01-01,1,0,56471.0,909.0,4705.916666666667,4.803102477377768,1,1,2021,0.49999999999999994,0.8660254037844387,23419.0,24697.0,34187.0,23546.666666666668,22376.5,20700.666666666668
2021,2,A3137,BILBAO - BARAKALDO,22365.0,15160.0,3278.0,760.0,483.0,639.0,0.0,519.0,1078.0,2021-02-01,1,0,56471.0,909.0,4705.916666666667,4.752527846151121,1,2,2021,0.8660254037844386,0.5000000000000001,22603.0,22524.0,33493.0,22848.666666666668,22366.833333333332,19735.333333333332
2021,3,A3137,BILBAO - BARAKALDO,25543.0,16483.0,4294.0,886.0,601.0,788.0,0.0,699.0,1241.0,2021-03-01,1,0,56471.0,909.0,4705.916666666667,5.427847921942235,1,3,2021,1.0,6.123233995736766e-17,22365.0,23419.0,15930.0,22795.666666666668,23185.166666666668,18808.0
2021,4,A3137,BILBAO - BARAKALDO,23567.0,15256.0,3872.0,721.0,554.0,845.0,2.0,626.0,1267.0,2021-04-01,1,0,56471.0,909.0,4705.916666666667,5.007950983690743,2,4,2021,0.8660254037844387,-0.4999999999999998,25543.0,22603.0,1600.0,23503.666666666668,23525.166666666668,19609.083333333332
2021,5,A3137,BILBAO - BARAKALDO,27820.0,17847.0,4875.0,985.0,570.0,985.0,7.0,718.0,1232.0,2021-05-01,1,0,56471.0,909.0,4705.916666666667,5.911706893803899,2,5,2021,0.49999999999999994,-0.8660254037844387,23567.0,22365.0,8776.0,23825.0,23336.833333333332,21439.666666666668
2021,6,A3137,BILBAO - BARAKALDO,26525.0,16994.0,4666.0,658.0,526.0,1051.0,3.0,812.0,1125.0,2021-06-01,1,0,56471.0,909.0,4705.916666666667,5.6365214003647885,2,6,2021,1.2246467991473532e-16,-1.0,27820.0,25543.0,20163.0,25643.333333333332,24219.5,23026.666666666668
2021,7,A3137,BILBAO - BARAKALDO,25519.0,16443.0,4373.0,360.0,596.0,1281.0,0.0,816.0,1081.0,2021-07-01,1,0,56471.0,909.0,4705.916666666667,5.422747959129464,3,7,2021,-0.4999999999999997,-0.8660254037844388,26525.0,23567.0,22661.0,25970.666666666668,24737.166666666668,23556.833333333332
2021,8,A3137,BILBAO - BARAKALDO,20467.0,13150.0,3516.0,299.0,425.0,1289.0,2.0,717.0,748.0,2021-08-01,1,0,56471.0,909.0,4705.916666666667,4.349205787041136,3,8,2021,-0.8660254037844385,-0.5000000000000004,25519.0,27820.0,17455.0,26621.333333333332,25223.166666666668,23795.0
2021,9,A3137,BILBAO - BARAKALDO,27136.0,17121.0,4491.0,675.0,793.0,1391.0,0.0,831.0,1166.0,2021-09-01,1,0,56471.0,909.0,4705.916666666667,5.766357953639921,3,9,2021,-1.0,-1.8369701987210297e-16,20467.0,26525.0,23503.0,24170.333333333332,24906.833333333332,24046.0
2021,10,A3137,BILBAO - BARAKALDO,28900.0,17886.0,5097.0,780.0,909.0,1525.0,1.0,773.0,1219.0,2021-10-01,1,0,56471.0,909.0,4705.916666666667,6.141205220378601,4,10,2021,-0.8660254037844386,0.5000000000000001,27136.0,25519.0,24697.0,24374.0,25172.333333333332,24348.75
2021,11,A3137,BILBAO - BARAKALDO,29464.0,18174.0,5251.0,840.0,855.0,1579.0,0.0,694.0,1287.0,2021-11-01,1,0,56471.0,909.0,4705.916666666667,6.261054346478724,4,11,2021,-0.5000000000000004,0.8660254037844384,28900.0,20467.0,22524.0,25501.0,26061.166666666668,24699.0
2021,12,A3137,BILBAO - BARAKALDO,28546.0,17813.0,5119.0,632.0,746.0,1599.0,24.0,694.0,1259.0,2021-12-01,1,0,56471.0,909.0,4705.916666666667,6.065980768890227,4,12,2021,-2.4492935982947064e-16,1.0,29464.0,27136.0,23419.0,28500.0,26335.166666666668,25277.333333333332
2022,1,A3137,BILBAO - BARAKALDO,27171.0,17105.0,4720.0,659.0,660.0,1496.0,0.0,606.0,1202.0,2022-01-01,0,0,56491.0,909.0,4707.583333333333,5.771751252411889,1,1,2022,0.49999999999999994,0.8660254037844387,28546.0,28900.0,22603.0,28970.0,26672.0,25704.583333333332
2022,2,A3137,BILBAO - BARAKALDO,27875.0,17055.0,5052.0,831.0,836.0,1392.0,0.0,684.0,1270.0,2022-02-01,0,0,56491.0,909.0,4707.583333333333,5.921297197783718,1,2,2022,0.8660254037844386,0.5000000000000001,27171.0,29464.0,22365.0,28393.666666666668,26947.333333333332,26085.25
2022,3,A3137,BILBAO - BARAKALDO,31528.0,19388.0,5826.0,911.0,967.0,1478.0,2.0,728.0,1367.0,2022-03-01,0,0,56491.0,909.0,4707.583333333333,6.697279212617939,1,3,2022,1.0,6.123233995736766e-17,27875.0,28546.0,25543.0,27864.0,28182.0,26544.416666666668
2022,4,A3137,BILBAO - BARAKALDO,27693.0,17104.0,5038.0,692.0,623.0,1578.0,0.0,705.0,1244.0,2022-04-01,0,0,56491.0,909.0,4707.583333333333,5.882636172133615,2,4,2022,0.8660254037844387,-0.4999999999999998,31528.0,27171.0,23567.0,28858.0,28914.0,27043.166666666668
2022,5,A3137,BILBAO - BARAKALDO,31999.0,20007.0,5589.0,866.0,798.0,1618.0,0.0,949.0,1318.0,2022-05-01,0,0,56491.0,909.0,4707.583333333333,6.7973305482289215,2,5,2022,0.49999999999999994,-0.8660254037844387,27693.0,27875.0,27820.0,29032.0,28712.833333333332,27387.0
2022,6,A3137,BILBAO - BARAKALDO,30786.0,19446.0,5537.0,572.0,629.0,1622.0,0.0,864.0,1325.0,2022-06-01,0,0,56491.0,909.0,4707.583333333333,6.5396611849675175,2,6,2022,1.2246467991473532e-16,-1.0,31999.0,31528.0,26525.0,30406.666666666668,29135.333333333332,27735.25
2022,7,A3137,BILBAO - BARAKALDO,28223.0,18361.0,4998.0,249.0,620.0,1709.0,1.0,797.0,873.0,2022-07-01,0,0,56491.0,909.0,4707.583333333333,5.995220477598202,3,7,2022,-0.4999999999999997,-0.8660254037844388,30786.0,27693.0,25519.0,30159.333333333332,29508.666666666668,28090.333333333332
2022,8,A3137,BILBAO - BARAKALDO,26178.0,16853.0,4534.0,227.0,562.0,1789.0,3.0,812.0,883.0,2022-08-01,0,0,56491.0,909.0,4707.583333333333,5.560814997079181,3,8,2022,-0.8660254037844385,-0.5000000000000004,28223.0,31999.0,20467.0,30336.0,29684.0,28315.666666666668
2020,1,A3136,BILBAO - BARAKALDO - SANTURTZI,89909.0,50521.0,18083.0,2127.0,2323.0,7359.0,94.0,2899.0,3932.0,2020-01-01,1,0,,,,,1,1,2020,0.49999999999999994,0.8660254037844387,,,,,,
2020,2,A3136,BILBAO - BARAKALDO - SANTURTZI,87588.0,48955.0,17957.0,2461.0,2434.0,6954.0,34.0,2528.0,3863.0,2020-02-01,1,0,,,,,1,2,2020,0.8660254037844386,0.5000000000000001,89909.0,,,,,
2020,3,A3136,BILBAO - BARAKALDO - SANTURTZI,44239.0,27028.0,7649.0,1266.0,1262.0,2950.0,18.0,1018.0,1728.0,2020-03-01,1,0,,,,,1,3,2020,1.0,6.123233995736766e-17,87588.0,,,,,
2020,4,A3136,BILBAO - BARAKALDO - SANTURTZI,15672.0,13195.0,1473.0,123.0,229.0,0.0,0.0,26.0,267.0,2020-04-01,1,0,,,,,2,4,2020,0.8660254037844387,-0.4999999999999998,44239.0,89909.0,,73912.0,,
2020,5,A3136,BILBAO - BARAKALDO - SANTURTZI,27428.0,21169.0,4491.0,225.0,280.0,0.0,0.0,192.0,523.0,2020-05-01,1,0,,,,,2,5,2020,0.49999999999999994,-0.8660254037844387,15672.0,87588.0,,49166.333333333336,,
2020,6,A3136,BILBAO - BARAKALDO - SANTURTZI,55107.0,39572.0,10357.0,598.0,863.0,0.0,0.0,981.0,1467.0,2020-06-01,1,0,,,,,2,6,2020,1.2246467991473532e-16,-1.0,27428.0,44239.0,,29113.0,,
2020,7,A3136,BILBAO - BARAKALDO - SANTURTZI,60257.0,42863.0,11123.0,806.0,1233.0,0.0,0.0,1233.0,1491.0,2020-07-01,1,0,,,,,3,7,2020,-0.4999999999999997,-0.8660254037844388,55107.0,15672.0,,32735.666666666668,53323.833333333336,
2020,8,A3136,BILBAO - BARAKALDO - SANTURTZI,51893.0,37395.0,9003.0,739.0,1057.0,0.0,0.0,1244.0,1250.0,2020-08-01,1,0,,,,,3,8,2020,-0.8660254037844385,-0.5000000000000004,60257.0,27428.0,,47597.333333333336,48381.833333333336,
2020,9,A3136,BILBAO - BARAKALDO - SANTURTZI,61489.0,42719.0,11151.0,1110.0,1524.0,0.0,0.0,1348.0,1928.0,2020-09-01,1,0,,,,,3,9,2020,-1.0,-1.8369701987210297e-16,51893.0,55107.0,,55752.333333333336,42432.666666666664,
2020,10,A3136,BILBAO - BARAKALDO - SANTURTZI,66032.0,44713.0,11827.0,1633.0,2193.0,0.0,0.0,1351.0,2296.0,2020-10-01,1,0,,,,,4,10,2020,-0.8660254037844386,0.5000000000000001,61489.0,60257.0,,57879.666666666664,45307.666666666664,
2020,11,A3136,BILBAO - BARAKALDO - SANTURTZI,53783.0,36867.0,9347.0,1257.0,1610.0,0.0,0.0,1108.0,2001.0,2020-11-01,1,0,,,,,4,11,2020,-0.5000000000000004,0.8660254037844384,66032.0,51893.0,,59804.666666666664,53701.0,
2020,12,A3136,BILBAO - BARAKALDO - SANTURTZI,59896.0,40826.0,10548.0,1164.0,1328.0,435.0,0.0,1395.0,2230.0,2020-12-01,1,0,,,,,4,12,2020,-2.4492935982947064e-16,1.0,53783.0,61489.0,,60434.666666666664,58093.5,
2021,1,A3136,BILBAO - BARAKALDO - SANTURTZI,56021.0,37035.0,9390.0,1237.0,1230.0,1598.0,4.0,1457.0,2345.0,2021-01-01,1,0,73892.0,909.0,6157.666666666667,9.097764304660856,1,1,2021,0.49999999999999994,0.8660254037844387,59896.0,66032.0,89909.0,59903.666666666664,58891.666666666664,56107.75
2021,2,A3136,BILBAO - BARAKALDO - SANTURTZI,53834.0,34414.0,9448.0,1356.0,1259.0,1795.0,3.0,1500.0,2371.0,2021-02-01,1,0,73892.0,909.0,6157.666666666667,8.742597304173659,1,2,2021,0.8660254037844386,0.5000000000000001,56021.0,53783.0,87588.0,56566.666666666664,58185.666666666664,53283.75
2021,3,A3136,BILBAO - BARAKALDO - SANTURTZI,63388.0,39074.0,12261.0,1628.0,1397.0,2561.0,14.0,1834.0,2679.0,2021-03-01,1,0,73892.0,909.0,6157.666666666667,10.294159042927514,1,3,2021,1.0,6.123233995736766e-17,53834.0,59896.0,44239.0,56583.666666666664,58509.166666666664,50470.916666666664
2021,4,A3136,BILBAO - BARAKALDO - SANTURTZI,60554.0,37311.0,11581.0,1462.0,1308.0,2787.0,17.0,1801.0,2554.0,2021-04-01,1,0,73892.0,909.0,6157.666666666667,9.833919774806473,2,4,2021,0.8660254037844387,-0.4999999999999998,63388.0,56021.0,15672.0,57747.666666666664,58825.666666666664,52066.666666666664
2021,5,A3136,BILBAO - BARAKALDO - SANTURTZI,70420.0,43115.0,13905.0,1691.0,1505.0,3389.0,17.0,2139.0,2590.0,2021-05-01,1,0,73892.0,909.0,6157.666666666667,11.436150056839711,2,5,2021,0.49999999999999994,-0.8660254037844387,60554.0,53834.0,27428.0,59258.666666666664,57912.666666666664,55806.833333333336
2021,6,A3136,BILBAO - BARAKALDO - SANTURTZI,70254.0,43963.0,13189.0,1411.0,1351.0,3824.0,26.0,2308.0,2492.0,2021-06-01,1,0,73892.0,909.0,6157.666666666667,11.409191793428246,2,6,2021,1.2246467991473532e-16,-1.0,70420.0,63388.0,55107.0,64787.333333333336,60685.5,59389.5
2021,7,A3136,BILBAO - BARAKALDO - SANTURTZI,69072.0,43468.0,12623.0,1241.0,1121.0,4311.0,24.0,2623.0,2094.0,2021-07-01,1,0,73892.0,909.0,6157.666666666667,11.217235966004438,3,7,2021,-0.4999999999999997,-0.8660254037844388,70254.0,60554.0,60257.0,67076.0,62411.833333333336,60651.75
2021,8,A3136,BILBAO - BARAKALDO - SANTURTZI,58811.0,37203.0,10081.0,1002.0,975.0,4632.0,26.0,2005.0,1633.0,2021-08-01,1,0,73892.0,909.0,6157.666666666667,9.550858008986088,3,8,2021,-0.8660254037844385,-0.5000000000000004,69072.0,70420.0,51893.0,69915.33333333333,64587.0,61386.333333333336
2021,9,A3136,BILBAO - BARAKALDO - SANTURTZI,72215.0,44474.0,13070.0,1685.0,1453.0,4778.0,23.0,2248.0,2688.0,2021-09-01,1,0,73892.0,909.0,6157.666666666667,11.727656579873328,3,9,2021,-1.0,-1.8369701987210297e-16,58811.0,70254.0,61489.0,66045.66666666667,65416.5,61962.833333333336
2021,10,A3136,BILBAO - BARAKALDO - SANTURTZI,77575.0,46706.0,14442.0,2271.0,1791.0,5213.0,29.0,2212.0,2773.0,2021-10-01,1,0,73892.0,909.0,6157.666666666667,12.59811616954474,4,10,2021,-0.8660254037844386,0.5000000000000001,72215.0,69072.0,66032.0,66699.33333333333,66887.66666666667,62856.666666666664
2021,11,A3136,BILBAO - BARAKALDO - SANTURTZI,76534.0,46424.0,14121.0,2294.0,1868.0,4835.0,37.0,2041.0,2759.0,2021-11-01,1,0,73892.0,909.0,6157.666666666667,12.429058626102961,4,11,2021,-0.5000000000000004,0.8660254037844384,77575.0,58811.0,53783.0,69533.66666666667,69724.5,63818.583333333336
2021,12,A3136,BILBAO - BARAKALDO - SANTURTZI,75848.0,45981.0,14030.0,1890.0,1626.0,5221.0,44.0,2144.0,2698.0,2021-12-01,1,0,73892.0,909.0,6157.666666666667,12.317652790559194,4,12,2021,-2.4492935982947064e-16,1.0,76534.0,72215.0,59896.0,75441.33333333333,70743.5,65714.5
2022,1,A3136,BILBAO - BARAKALDO - SANTURTZI,71562.0,43413.0,12885.0,1876.0,1511.0,5042.0,30.0,1971.0,2592.0,2022-01-01,0,0,73898.0,909.0,6158.166666666667,11.620666323851795,1,1,2022,0.49999999999999994,0.8660254037844387,75848.0,77575.0,56021.0,76652.33333333333,71675.83333333333,67043.83333333333
2022,2,A3136,BILBAO - BARAKALDO - SANTURTZI,74070.0,44094.0,13601.0,2194.0,1745.0,4740.0,28.0,2259.0,2757.0,2022-02-01,0,0,73898.0,909.0,6158.166666666667,12.027930390538309,1,2,2022,0.8660254037844386,0.5000000000000001,71562.0,76534.0,53834.0,74648.0,72090.83333333333,68338.91666666667
2022,3,A3136,BILBAO - BARAKALDO - SANTURTZI,84482.0,49828.0,16049.0,2369.0,2192.0,5340.0,26.0,2592.0,3208.0,2022-03-01,0,0,73898.0,909.0,6158.166666666667,13.718693334055049,1,3,2022,1.0,6.123233995736766e-17,74070.0,75848.0,63388.0,73826.66666666667,74634.0,70025.25
2022,4,A3136,BILBAO - BARAKALDO - SANTURTZI,76804.0,45866.0,13692.0,1936.0,2062.0,5828.0,29.0,2509.0,2500.0,2022-04-01,0,0,73898.0,909.0,6158.166666666667,12.47189369130423,2,4,2022,0.8660254037844387,-0.4999999999999998,84482.0,71562.0,60554.0,76704.66666666667,76678.5,71783.08333333333
2022,5,A3136,BILBAO - BARAKALDO - SANTURTZI,84974.0,49899.0,15945.0,2304.0,2448.0,5979.0,29.0,2924.0,2753.0,2022-05-01,0,0,73898.0,909.0,6158.166666666667,13.798587241873934,2,5,2022,0.49999999999999994,-0.8660254037844387,76804.0,74070.0,70420.0,78452.0,76550.0,73137.25
2022,6,A3136,BILBAO - BARAKALDO - SANTURTZI,85319.0,51461.0,15628.0,1967.0,2096.0,6088.0,36.0,2834.0,2663.0,2022-06-01,0,0,73898.0,909.0,6158.166666666667,13.854610408942055,2,6,2022,1.2246467991473532e-16,-1.0,84974.0,84482.0,70254.0,82086.66666666667,77956.66666666667,74350.08333333333
2022,7,A3136,BILBAO - BARAKALDO - SANTURTZI,83701.0,51235.0,14289.0,1526.0,1799.0,7322.0,45.0,3193.0,2180.0,2022-07-01,0,0,73898.0,909.0,6158.166666666667,13.591869874692142,3,7,2022,-0.4999999999999997,-0.8660254037844388,85319.0,76804.0,69072.0,82365.66666666667,79535.16666666667,75605.5
2022,8,A3136,BILBAO - BARAKALDO - SANTURTZI,74500.0,45944.0,12568.0,1260.0,1552.0,6788.0,40.0,2596.0,1936.0,2022-08-01,0,0,73898.0,909.0,6158.166666666667,12.097756366884083,3,8,2022,-0.8660254037844385,-0.5000000000000004,83701.0,84974.0,58811.0,84664.66666666667,81558.33333333333,76824.58333333333
2020,1,A3622,BILBAO - BASAURI - Artunduaga - San Miguel -ZARATAMO,10616.0,5963.0,2579.0,191.0,169.0,922.0,1.0,307.0,185.0,2020-01-01,1,0,,,,,1,1,2020,0.49999999999999994,0.8660254037844387,,,,,,
2020,2,A3622,BILBAO - BASAURI - Artunduaga - San Miguel -ZARATAMO,10504.0,6012.0,2462.0,220.0,259.0,895.0,2.0,240.0,125.0,2020-02-01,1,0,,,,,1,2,2020,0.8660254037844386,0.5000000000000001,10616.0,,,,,
2020,3,A3622,BILBAO - BASAURI - Artunduaga - San Miguel -ZARATAMO,4867.0,3003.0,1016.0,94.0,109.0,360.0,1.0,93.0,65.0,2020-03-01,1,0,,,,,1,3,2020,1.0,6.123233995736766e-17,10504.0,,,,,
2020,4,A3622,BILBAO - BASAURI - Artunduaga - San Miguel -ZARATAMO,1279.0,1110.0,122.0,25.0,0.0,0.0,0.0,2.0,2.0,2020-04-01,1,0,,,,,2,4,2020,0.8660254037844387,-0.4999999999999998,4867.0,10616.0,,8662.333333333334,,
2020,5,A3622,BILBAO - BASAURI - Artunduaga - San Miguel -ZARATAMO,2952.0,2174.0,699.0,30.0,6.0,0.0,0.0,4.0,5.0,2020-05-01,1,0,,,,,2,5,2020,0.49999999999999994,-0.8660254037844387,1279.0,10504.0,,5550.0,,
2020,6,A3622,BILBAO - BASAURI - Artunduaga - San Miguel -ZARATAMO,7001.0,4976.0,1693.0,39.0,38.0,0.0,0.0,87.0,43.0,2020-06-01,1,0,,,,,2,6,2020,1.2246467991473532e-16,-1.0,2952.0,4867.0,,3032.6666666666665,,
2020,7,A3622,BILBAO - BASAURI - Artunduaga - San Miguel -ZARATAMO,7713.0,5369.0,1757.0,117.0,92.0,0.0,0.0,144.0,56.0,2020-07-01,1,0,,,,,3,7,2020,-0.4999999999999997,-0.8660254037844388,7001.0,1279.0,,3744.0,6203.166666666667,
2020,8,A3622,BILBAO - BASAURI - Artunduaga - San Miguel -ZARATAMO,6424.0,4594.0,1355.0,78.0,95.0,0.0,0.0,91.0,67.0,2020-08-01,1,0,,,,,3,8,2020,-0.8660254037844385,-0.5000000000000004,7713.0,2952.0,,5888.666666666667,5719.333333333333,
2020,9,A3622,BILBAO - BASAURI - Artunduaga - San Miguel -ZARATAMO,8372.0,5642.0,1930.0,210.0,104.0,0.0,0.0,139.0,110.0,2020-09-01,1,0,,,,,3,9,2020,-1.0,-1.8369701987210297e-16,6424.0,7001.0,,7046.0,5039.333333333333,
2020,10,A3622,BILBAO - BASAURI - Artunduaga - San Miguel -ZARATAMO,8780.0,5810.0,2058.0,302.0,190.0,0.0,0.0,99.0,90.0,2020-10-01,1,0,,,,,4,10,2020,-0.8660254037844386,0.5000000000000001,8372.0,7713.0,,7503.0,5623.5,
2020,11,A3622,BILBAO - BASAURI - Artunduaga - San Miguel -ZARATAMO,8007.0,5373.0,1891.0,182.0,167.0,0.0,0.0,106.0,86.0,2020-11-01,1,0,,,,,4,11,2020,-0.5000000000000004,0.8660254037844384,8780.0,6424.0,,7858.666666666667,6873.666666666667,
2020,12,A3622,BILBAO - BASAURI - Artunduaga - San Miguel -ZARATAMO,8464.0,5748.0,1778.0,301.0,163.0,59.0,0.0,94.0,106.0,2020-12-01,1,0,,,,,4,12,2020,-2.4492935982947064e-16,1.0,8007.0,8372.0,,8386.333333333334,7716.166666666667,
2021,1,A3622,BILBAO - BASAURI - Artunduaga - San Miguel -ZARATAMO,7567.0,5023.0,1523.0,225.0,132.0,205.0,0.0,137.0,91.0,2021-01-01,1,0,28790.0,748.0,2399.1666666666665,3.1540118096561307,1,1,2021,0.49999999999999994,0.8660254037844387,8464.0,8780.0,10616.0,8417.0,7960.0,7081.583333333333
2021,2,A3622,BILBAO - BASAURI - Artunduaga - San Miguel -ZARATAMO,7357.0,4656.0,1594.0,200.0,156.0,277.0,0.0,107.0,130.0,2021-02-01,1,0,28790.0,748.0,2399.1666666666665,3.066481417158736,1,2,2021,0.8660254037844386,0.5000000000000001,7567.0,8007.0,10504.0,8012.666666666667,7935.666666666667,6827.5
2021,3,A3622,BILBAO - BASAURI - Artunduaga - San Miguel -ZARATAMO,8427.0,5252.0,2004.0,195.0,187.0,330.0,2.0,153.0,93.0,2021-03-01,1,0,28790.0,748.0,2399.1666666666665,3.5124696075026054,1,3,2021,1.0,6.123233995736766e-17,7357.0,8464.0,4867.0,7796.0,8091.166666666667,6565.25
2021,4,A3622,BILBAO - BASAURI - Artunduaga - San Miguel -ZARATAMO,7727.0,4951.0,1666.0,220.0,134.0,336.0,1.0,115.0,103.0,2021-04-01,1,0,28790.0,748.0,2399.1666666666665,3.2207016325112887,2,4,2021,0.8660254037844387,-0.4999999999999998,8427.0,7567.0,1279.0,7783.666666666667,8100.333333333333,6861.916666666667
2021,5,A3622,BILBAO - BASAURI - Artunduaga - San Miguel -ZARATAMO,8256.0,5245.0,1761.0,217.0,151.0,388.0,1.0,175.0,100.0,2021-05-01,1,0,28790.0,748.0,2399.1666666666665,3.441194859326155,2,5,2021,0.49999999999999994,-0.8660254037844387,7727.0,7357.0,2952.0,7837.0,7924.833333333333,7399.25
2021,6,A3622,BILBAO - BASAURI - Artunduaga - San Miguel -ZARATAMO,10027.0,6372.0,2161.0,280.0,167.0,534.0,0.0,203.0,85.0,2021-06-01,1,0,28790.0,748.0,2399.1666666666665,4.179367836054186,2,6,2021,1.2246467991473532e-16,-1.0,8256.0,8427.0,7001.0,8136.666666666667,7966.333333333333,7841.25
2021,7,A3622,BILBAO - BASAURI - Artunduaga - San Miguel -ZARATAMO,8934.0,5607.0,2017.0,84.0,145.0,539.0,0.0,231.0,100.0,2021-07-01,1,0,28790.0,748.0,2399.1666666666665,3.7237929836748873,3,7,2021,-0.4999999999999997,-0.8660254037844388,10027.0,7727.0,7713.0,8670.0,8226.833333333334,8093.416666666667
2021,8,A3622,BILBAO - BASAURI - Artunduaga - San Miguel -ZARATAMO,7507.0,4857.0,1391.0,91.0,171.0,494.0,1.0,226.0,108.0,2021-08-01,1,0,28790.0,748.0,2399.1666666666665,3.1290031260854465,3,8,2021,-0.8660254037844385,-0.5000000000000004,8934.0,8256.0,6424.0,9072.333333333334,8454.666666666666,8195.166666666666
2021,9,A3622,BILBAO - BASAURI - Artunduaga - San Miguel -ZARATAMO,8837.0,5507.0,1922.0,165.0,175.0,474.0,1.0,223.0,94.0,2021-09-01,1,0,28790.0,748.0,2399.1666666666665,3.6833622785689477,3,9,2021,-1.0,-1.8369701987210297e-16,7507.0,10027.0,8372.0,8822.666666666666,8479.666666666666,8285.416666666666
2021,10,A3622,BILBAO - BASAURI - Artunduaga - San Miguel -ZARATAMO,8868.0,5387.0,2033.0,215.0,211.0,519.0,1.0,177.0,113.0,2021-10-01,1,0,28790.0,748.0,2399.1666666666665,3.6962834317471347,4,10,2021,-0.8660254037844386,0.5000000000000001,8837.0,8934.0,8780.0,8426.0,8548.0,8324.166666666666
2021,11,A3622,BILBAO - BASAURI - Artunduaga - San Miguel -ZARATAMO,8573.0,5352.0,1831.0,201.0,148.0,539.0,2.0,138.0,123.0,2021-11-01,1,0,28790.0,748.0,2399.1666666666665,3.573324070857937,4,11,2021,-0.5000000000000004,0.8660254037844384,8868.0,7507.0,8007.0,8404.0,8738.166666666666,8331.5
2021,12,A3622,BILBAO - BASAURI - Artunduaga - San Miguel -ZARATAMO,8517.0,5254.0,1876.0,171.0,140.0,546.0,0.0,177.0,105.0,2021-12-01,1,0,28790.0,748.0,2399.1666666666665,3.5499826328586317,4,12,2021,-2.4492935982947064e-16,1.0,8573.0,8837.0,8464.0,8759.333333333334,8791.0,8378.666666666666
2022,1,A3622,BILBAO - BASAURI - Artunduaga - San Miguel -ZARATAMO,7804.0,4830.0,1713.0,210.0,110.0,448.0,0.0,161.0,94.0,2022-01-01,0,0,28859.0,750.0,2404.9166666666665,3.2450188849232475,1,1,2022,0.49999999999999994,0.8660254037844387,8517.0,8868.0,7567.0,8652.666666666666,8539.333333333334,8383.083333333334
2022,2,A3622,BILBAO - BASAURI - Artunduaga - San Miguel -ZARATAMO,7364.0,4442.0,1644.0,195.0,160.0,520.0,0.0,120.0,81.0,2022-02-01,0,0,28859.0,750.0,2404.9166666666665,3.0620603624519216,1,2,2022,0.8660254037844386,0.5000000000000001,7804.0,8573.0,7357.0,8298.0,8351.0,8402.833333333334
2022,3,A3622,BILBAO - BASAURI - Artunduaga - San Miguel -ZARATAMO,9692.0,5732.0,2241.0,297.0,266.0,569.0,0.0,169.0,160.0,2022-03-01,0,0,28859.0,750.0,2404.9166666666665,4.030077272254756,1,3,2022,1.0,6.123233995736766e-17,7364.0,8517.0,8427.0,7895.0,8327.166666666666,8403.416666666666
2022,4,A3622,BILBAO - BASAURI - Artunduaga - San Miguel -ZARATAMO,7378.0,4489.0,1582.0,175.0,199.0,495.0,0.0,134.0,116.0,2022-04-01,0,0,28859.0,750.0,2404.9166666666665,3.0678817699851,2,4,2022,0.8660254037844387,-0.4999999999999998,9692.0,7804.0,7727.0,8286.666666666666,8469.666666666666,8508.833333333334
2022,5,A3622,BILBAO - BASAURI - Artunduaga - San Miguel -ZARATAMO,8119.0,4879.0,1898.0,157.0,188.0,485.0,0.0,144.0,143.0,2022-05-01,0,0,28859.0,750.0,2404.9166666666665,3.376000554419765,2,5,2022,0.49999999999999994,-0.8660254037844387,7378.0,7364.0,8256.0,8144.666666666667,8221.333333333334,8479.75
2022,6,A3622,BILBAO - BASAURI - Artunduaga - San Miguel -ZARATAMO,8540.0,5187.0,1815.0,140.0,150.0,692.0,0.0,196.0,148.0,2022-06-01,0,0,28859.0,750.0,2404.9166666666665,3.5510585952389206,2,6,2022,1.2246467991473532e-16,-1.0,8119.0,9692.0,10027.0,8396.333333333334,8145.666666666667,8468.333333333334
2022,7,A3622,BILBAO - BASAURI - Artunduaga - San Miguel -ZARATAMO,8301.0,5057.0,1728.0,89.0,123.0,675.0,0.0,292.0,97.0,2022-07-01,0,0,28859.0,750.0,2404.9166666666665,3.4516788523510864,3,7,2022,-0.4999999999999997,-0.8660254037844388,8540.0,7378.0,8934.0,8012.333333333333,8149.5,8344.416666666666
2022,8,A3622,BILBAO - BASAURI - Artunduaga - San Miguel -ZARATAMO,7331.0,4568.0,1430.0,61.0,177.0,603.0,0.0,226.0,94.0,2022-08-01,0,0,28859.0,750.0,2404.9166666666665,3.048338473266572,3,8,2022,-0.8660254037844385,-0.5000000000000004,8301.0,8119.0,7507.0,8320.0,8232.333333333334,8291.666666666666
2020,1,A3517,BILBAO - DERIO - MUNGIA,47671.0,31199.0,5255.0,1920.0,2783.0,3416.0,1.0,326.0,623.0,2020-01-01,1,0,,,,,1,1,2020,0.49999999999999994,0.8660254037844387,,,,,,
2020,2,A3517,BILBAO - DERIO - MUNGIA,47774.0,30504.0,5432.0,2256.0,2941.0,3340.0,0.0,342.0,581.0,2020-02-01,1,0,,,,,1,2,2020,0.8660254037844386,0.5000000000000001,47671.0,,,,,
2020,3,A3517,BILBAO - DERIO - MUNGIA,24256.0,16981.0,2130.0,1083.0,1318.0,1343.0,0.0,118.0,302.0,2020-03-01,1,0,,,,,1,3,2020,1.0,6.123233995736766e-17,47774.0,,,,,
2020,4,A3517,BILBAO - DERIO - MUNGIA,7469.0,6797.0,307.0,71.0,96.0,,,,66.0,2020-04-01,1,0,,,,,2,4,2020,0.8660254037844387,-0.4999999999999998,24256.0,47671.0,,39900.333333333336,,
2020,5,A3517,BILBAO - DERIO - MUNGIA,16630.0,14575.0,1083.0,187.0,254.0,0.0,0.0,17.0,67.0,2020-05-01,1,0,,,,,2,5,2020,0.49999999999999994,-0.8660254037844387,7469.0,47774.0,,26499.666666666668,,
2020,6,A3517,BILBAO - DERIO - MUNGIA,37127.0,30067.0,3428.0,651.0,1022.0,0.0,0.0,75.0,193.0,2020-06-01,1,0,,,,,2,6,2020,1.2246467991473532e-16,-1.0,16630.0,24256.0,,16118.333333333334,,
2020,7,A3517,BILBAO - DERIO - MUNGIA,51780.0,42355.0,4802.0,735.0,1129.0,0.0,0.0,171.0,263.0,2020-07-01,1,0,,,,,3,7,2020,-0.4999999999999997,-0.8660254037844388,37127.0,7469.0,,20408.666666666668,30154.5,
2020,8,A3517,BILBAO - DERIO - MUNGIA,40647.0,33117.0,3628.0,618.0,1105.0,0.0,0.0,155.0,219.0,2020-08-01,1,0,,,,,3,8,2020,-0.8660254037844385,-0.5000000000000004,51780.0,16630.0,,35179.0,30839.333333333332,
2020,9,A3517,BILBAO - DERIO - MUNGIA,38176.0,29558.0,3449.0,1413.0,1579.0,,,64.0,245.0,2020-09-01,1,0,,,,,3,9,2020,-1.0,-1.8369701987210297e-16,40647.0,37127.0,,43184.666666666664,29651.5,
2020,10,A3517,BILBAO - DERIO - MUNGIA,36091.0,26447.0,3220.0,2206.0,2110.0,,,63.0,225.0,2020-10-01,1,0,,,,,4,10,2020,-0.8660254037844386,0.5000000000000001,38176.0,51780.0,,43534.333333333336,31971.5,
2020,11,A3517,BILBAO - DERIO - MUNGIA,26968.0,19917.0,2120.0,1624.0,1796.0,,,44.0,181.0,2020-11-01,1,0,,,,,4,11,2020,-0.5000000000000004,0.8660254037844384,36091.0,40647.0,,38304.666666666664,36741.833333333336,
2020,12,A3517,BILBAO - DERIO - MUNGIA,27556.0,20482.0,2372.0,1324.0,1574.0,108.0,0.0,77.0,211.0,2020-12-01,1,0,,,,,4,12,2020,-2.4492935982947064e-16,1.0,26968.0,38176.0,,33745.0,38464.833333333336,
2021,1,A3517,BILBAO - DERIO - MUNGIA,26578.0,19696.0,2174.0,1323.0,1498.0,429.0,0.0,55.0,310.0,2021-01-01,1,0,61298.0,909.0,5108.166666666667,5.2030408822473815,1,1,2021,0.49999999999999994,0.8660254037844387,27556.0,36091.0,47671.0,30205.0,36869.666666666664,33512.083333333336
2021,2,A3517,BILBAO - DERIO - MUNGIA,29172.0,21415.0,2261.0,1559.0,1662.0,537.0,0.0,64.0,368.0,2021-02-01,1,0,61298.0,909.0,5108.166666666667,5.710855166563346,1,2,2021,0.8660254037844386,0.5000000000000001,26578.0,26968.0,47774.0,27034.0,32669.333333333332,31754.333333333332
2021,3,A3517,BILBAO - DERIO - MUNGIA,34722.0,24895.0,3187.0,1790.0,1980.0,673.0,0.0,113.0,428.0,2021-03-01,1,0,61298.0,909.0,5108.166666666667,6.797350647655715,1,3,2021,1.0,6.123233995736766e-17,29172.0,27556.0,24256.0,27768.666666666668,30756.833333333332,30204.166666666668
2021,4,A3517,BILBAO - DERIO - MUNGIA,32010.0,23184.0,2694.0,1810.0,1564.0,853.0,,111.0,298.0,2021-04-01,1,0,61298.0,909.0,5108.166666666667,6.266436099057065,2,4,2021,0.8660254037844387,-0.4999999999999998,34722.0,26578.0,7469.0,30157.333333333332,30181.166666666668,31076.333333333332
2021,5,A3517,BILBAO - DERIO - MUNGIA,36523.0,26241.0,3523.0,1773.0,1889.0,1028.0,0.0,133.0,370.0,2021-05-01,1,0,61298.0,909.0,5108.166666666667,7.149923325393977,2,5,2021,0.49999999999999994,-0.8660254037844387,32010.0,29172.0,16630.0,31968.0,29501.0,33121.416666666664
2021,6,A3517,BILBAO - DERIO - MUNGIA,45259.0,32907.0,4615.0,1229.0,1693.0,1966.0,0.0,237.0,435.0,2021-06-01,1,0,61298.0,909.0,5108.166666666667,8.86012594211883,2,6,2021,1.2246467991473532e-16,-1.0,36523.0,34722.0,37127.0,34418.333333333336,31093.5,34779.166666666664
2021,7,A3517,BILBAO - DERIO - MUNGIA,55158.0,40084.0,5382.0,896.0,1490.0,4082.0,8.0,389.0,451.0,2021-07-01,1,0,61298.0,909.0,5108.166666666667,10.798003197494207,3,7,2021,-0.4999999999999997,-0.8660254037844388,45259.0,32010.0,51780.0,37930.666666666664,34044.0,35456.833333333336
2021,8,A3517,BILBAO - DERIO - MUNGIA,48385.0,33959.0,4632.0,643.0,941.0,5279.0,1.0,451.0,511.0,2021-08-01,1,0,61298.0,909.0,5108.166666666667,9.472087180658422,3,8,2021,-0.8660254037844385,-0.5000000000000004,55158.0,36523.0,40647.0,45646.666666666664,38807.333333333336,35738.333333333336
2021,9,A3517,BILBAO - DERIO - MUNGIA,43265.0,30367.0,4139.0,1925.0,1839.0,2358.0,,212.0,440.0,2021-09-01,1,0,61298.0,909.0,5108.166666666667,8.46977062873177,3,9,2021,-1.0,-1.8369701987210297e-16,48385.0,45259.0,38176.0,49600.666666666664,42009.5,36383.166666666664
2021,10,A3517,BILBAO - DERIO - MUNGIA,42077.0,28315.0,4415.0,2686.0,2342.0,1692.0,,168.0,398.0,2021-10-01,1,0,61298.0,909.0,5108.166666666667,8.237201866292537,4,10,2021,-0.8660254037844386,0.5000000000000001,43265.0,55158.0,36091.0,48936.0,43433.333333333336,36807.25
2021,11,A3517,BILBAO - DERIO - MUNGIA,41753.0,28463.0,4009.0,2812.0,2611.0,1538.0,0.0,133.0,363.0,2021-11-01,1,0,61298.0,909.0,5108.166666666667,8.17377402199093,4,11,2021,-0.5000000000000004,0.8660254037844384,42077.0,48385.0,26968.0,44575.666666666664,45111.166666666664,37306.083333333336
2021,12,A3517,BILBAO - DERIO - MUNGIA,37869.0,26135.0,3611.0,1953.0,1936.0,1774.0,,188.0,446.0,2021-12-01,1,0,61298.0,909.0,5108.166666666667,7.41342295017782,4,12,2021,-2.4492935982947064e-16,1.0,41753.0,43265.0,27556.0,42365.0,45982.833333333336,38538.166666666664
2022,1,A3517,BILBAO - DERIO - MUNGIA,35941.0,25024.0,3637.0,1669.0,1702.0,1609.0,3.0,158.0,390.0,2022-01-01,0,0,61600.0,909.0,5133.333333333333,7.001493506493507,1,1,2022,0.49999999999999994,0.8660254037844387,37869.0,42077.0,26578.0,40566.333333333336,44751.166666666664,39397.583333333336
2022,2,A3517,BILBAO - DERIO - MUNGIA,39201.0,26518.0,3915.0,2380.0,2036.0,1620.0,,187.0,483.0,2022-02-01,0,0,61600.0,909.0,5133.333333333333,7.636558441558442,1,2,2022,0.8660254037844386,0.5000000000000001,35941.0,41753.0,29172.0,38521.0,41548.333333333336,40177.833333333336
2022,3,A3517,BILBAO - DERIO - MUNGIA,46193.0,31273.0,4735.0,2854.0,2140.0,1988.0,0.0,217.0,511.0,2022-03-01,0,0,61600.0,909.0,5133.333333333333,8.998636363636365,1,3,2022,1.0,6.123233995736766e-17,39201.0,37869.0,34722.0,37670.333333333336,40017.666666666664,41013.583333333336
2022,4,A3517,BILBAO - DERIO - MUNGIA,38811.0,26517.0,3883.0,1830.0,1743.0,1864.0,,226.0,547.0,2022-04-01,0,0,61600.0,909.0,5133.333333333333,7.560584415584416,2,4,2022,0.8660254037844387,-0.4999999999999998,46193.0,35941.0,32010.0,40445.0,40505.666666666664,41969.5
2022,5,A3517,BILBAO - DERIO - MUNGIA,47027.0,32149.0,4827.0,2485.0,2090.0,2195.0,1.0,287.0,581.0,2022-05-01,0,0,61600.0,909.0,5133.333333333333,9.161103896103898,2,5,2022,0.49999999999999994,-0.8660254037844387,38811.0,39201.0,36523.0,41401.666666666664,39961.333333333336,42536.25
2022,6,A3517,BILBAO - DERIO - MUNGIA,57918.0,40573.0,6020.0,1398.0,1429.0,4650.0,1.0,345.0,745.0,2022-06-01,0,0,61600.0,909.0,5133.333333333333,11.282727272727273,2,6,2022,1.2246467991473532e-16,-1.0,47027.0,46193.0,45259.0,44010.333333333336,40840.333333333336,43411.583333333336
2022,7,A3517,BILBAO - DERIO - MUNGIA,63148.0,44068.0,6287.0,1061.0,1129.0,6791.0,5.0,494.0,714.0,2022-07-01,0,0,61600.0,909.0,5133.333333333333,12.301558441558443,3,7,2022,-0.4999999999999997,-0.8660254037844388,57918.0,38811.0,55158.0,47918.666666666664,44181.833333333336,44466.5
2022,8,A3517,BILBAO - DERIO - MUNGIA,65533.0,45951.0,5629.0,902.0,1158.0,7924.0,6.0,671.0,708.0,2022-08-01,0,0,61600.0,909.0,5133.333333333333,12.766168831168832,3,8,2022,-0.8660254037844385,-0.5000000000000004,63148.0,47027.0,48385.0,56031.0,48716.333333333336,45132.333333333336
2020,1,A3933,BILBAO - DURANGO (Autopista),34049.0,23008.0,3666.0,2068.0,1509.0,1563.0,4.0,239.0,56.0,2020-01-01,1,0,,,,,1,1,2020,0.49999999999999994,0.8660254037844387,,,,,,
2020,2,A3933,BILBAO - DURANGO (Autopista),35938.0,22808.0,3436.0,3522.0,2194.0,1575.0,5.0,199.0,56.0,2020-02-01,1,0,,,,,1,2,2020,0.8660254037844386,0.5000000000000001,34049.0,,,,,
2020,3,A3933,BILBAO - DURANGO (Autopista),17889.0,11642.0,1547.0,1827.0,1094.0,636.0,3.0,74.0,32.0,2020-03-01,1,0,,,,,1,3,2020,1.0,6.123233995736766e-17,35938.0,,,,,
2020,4,A3933,BILBAO - DURANGO (Autopista),1806.0,1492.0,79.0,65.0,26.0,0.0,0.0,1.0,6.0,2020-04-01,1,0,,,,,2,4,2020,0.8660254037844387,-0.4999999999999998,17889.0,34049.0,,29292.0,,
2020,5,A3933,BILBAO - DURANGO (Autopista),5937.0,5135.0,496.0,0.0,0.0,0.0,0.0,1.0,4.0,2020-05-01,1,0,,,,,2,5,2020,0.49999999999999994,-0.8660254037844387,1806.0,35938.0,,18544.333333333332,,
2020,6,A3933,BILBAO - DURANGO (Autopista),16174.0,13089.0,1633.0,279.0,256.0,0.0,0.0,42.0,7.0,2020-06-01,1,0,,,,,2,6,2020,1.2246467991473532e-16,-1.0,5937.0,17889.0,,8544.0,,
2020,7,A3933,BILBAO - DURANGO (Autopista),19203.0,15795.0,1884.0,328.0,233.0,0.0,0.0,78.0,7.0,2020-07-01,1,0,,,,,3,7,2020,-0.4999999999999997,-0.8660254037844388,16174.0,1806.0,,7972.333333333333,18632.166666666668,
2020,8,A3933,BILBAO - DURANGO (Autopista),9289.0,7796.0,794.0,107.0,132.0,0.0,0.0,42.0,19.0,2020-08-01,1,0,,,,,3,8,2020,-0.8660254037844385,-0.5000000000000004,19203.0,5937.0,,13771.333333333334,16157.833333333334,
2020,9,A3933,BILBAO - DURANGO (Autopista),23106.0,17069.0,1665.0,2213.0,524.0,0.0,0.0,45.0,33.0,2020-09-01,1,0,,,,,3,9,2020,-1.0,-1.8369701987210297e-16,9289.0,16174.0,,14888.666666666666,11716.333333333334,
2020,10,A3933,BILBAO - DURANGO (Autopista),24522.0,16937.0,1711.0,2974.0,945.0,0.0,0.0,42.0,27.0,2020-10-01,1,0,,,,,4,10,2020,-0.8660254037844386,0.5000000000000001,23106.0,19203.0,,17199.333333333332,12585.833333333334,
2020,11,A3933,BILBAO - DURANGO (Autopista),23166.0,15811.0,1118.0,3033.0,1128.0,0.0,0.0,44.0,29.0,2020-11-01,1,0,,,,,4,11,2020,-0.5000000000000004,0.8660254037844384,24522.0,9289.0,,18972.333333333332,16371.833333333334,
2020,12,A3933,BILBAO - DURANGO (Autopista),21095.0,15543.0,1557.0,1590.0,735.0,94.0,0.0,60.0,42.0,2020-12-01,1,0,,,,,4,12,2020,-2.4492935982947064e-16,1.0,23166.0,23106.0,,23598.0,19243.333333333332,
2021,1,A3933,BILBAO - DURANGO (Autopista),19449.0,14292.0,1346.0,1461.0,756.0,249.0,0.0,81.0,30.0,2021-01-01,1,0,36734.0,624.0,3061.1666666666665,6.353460009800186,1,1,2021,0.49999999999999994,0.8660254037844387,21095.0,24522.0,34049.0,22927.666666666668,20063.5,19347.833333333332
2021,2,A3933,BILBAO - DURANGO (Autopista),19563.0,13573.0,985.0,2418.0,766.0,284.0,1.0,92.0,33.0,2021-02-01,1,0,36734.0,624.0,3061.1666666666665,6.390700713235694,1,2,2021,0.8660254037844386,0.5000000000000001,19449.0,23166.0,35938.0,21236.666666666668,20104.5,18131.166666666668
2021,3,A3933,BILBAO - DURANGO (Autopista),25275.0,17520.0,2007.0,2622.0,820.0,464.0,0.0,95.0,48.0,2021-03-01,1,0,36734.0,624.0,3061.1666666666665,8.256655959057005,1,3,2021,1.0,6.123233995736766e-17,19563.0,21095.0,17889.0,20035.666666666668,21816.833333333332,16766.583333333332
2021,4,A3933,BILBAO - DURANGO (Autopista),19932.0,14142.0,1419.0,1875.0,662.0,415.0,0.0,105.0,48.0,2021-04-01,1,0,36734.0,624.0,3061.1666666666665,6.5112429901453694,2,4,2021,0.8660254037844387,-0.4999999999999998,25275.0,19449.0,1806.0,21429.0,22178.333333333332,17382.083333333332
2021,5,A3933,BILBAO - DURANGO (Autopista),24757.0,17771.0,2096.0,1901.0,799.0,546.0,3.0,126.0,59.0,2021-05-01,1,0,36734.0,624.0,3061.1666666666665,8.087439429411445,2,5,2021,0.49999999999999994,-0.8660254037844387,19932.0,19563.0,5937.0,21590.0,21413.333333333332,18892.583333333332
2021,6,A3933,BILBAO - DURANGO (Autopista),28512.0,21508.0,2499.0,1610.0,520.0,658.0,0.0,158.0,57.0,2021-06-01,1,0,36734.0,624.0,3061.1666666666665,9.314095932923179,2,6,2021,1.2246467991473532e-16,-1.0,24757.0,25275.0,16174.0,23321.333333333332,21678.5,20460.916666666668
2021,7,A3933,BILBAO - DURANGO (Autopista),23101.0,17673.0,2111.0,936.0,274.0,852.0,4.0,238.0,46.0,2021-07-01,1,0,36734.0,624.0,3061.1666666666665,7.546469211085099,3,7,2021,-0.4999999999999997,-0.8660254037844388,28512.0,19932.0,19203.0,24400.333333333332,22914.666666666668,21489.083333333332
2021,8,A3933,BILBAO - DURANGO (Autopista),11889.0,8943.0,1206.0,358.0,88.0,600.0,1.0,140.0,33.0,2021-08-01,1,0,36734.0,624.0,3061.1666666666665,3.88381336091904,3,8,2021,-0.8660254037844385,-0.5000000000000004,23101.0,24757.0,9289.0,25456.666666666668,23523.333333333332,21813.916666666668
2021,9,A3933,BILBAO - DURANGO (Autopista),28088.0,19714.0,2442.0,2480.0,923.0,876.0,3.0,155.0,44.0,2021-09-01,1,0,36734.0,624.0,3061.1666666666665,9.175586649970056,3,9,2021,-1.0,-1.8369701987210297e-16,11889.0,28512.0,23106.0,21167.333333333332,22244.333333333332,22030.583333333332
2021,10,A3933,BILBAO - DURANGO (Autopista),30736.0,19340.0,2630.0,3963.0,1749.0,916.0,1.0,112.0,65.0,2021-10-01,1,0,36734.0,624.0,3061.1666666666665,10.040616322752763,4,10,2021,-0.8660254037844386,0.5000000000000001,28088.0,23101.0,24522.0,21026.0,22713.166666666668,22445.75
2021,11,A3933,BILBAO - DURANGO (Autopista),33476.0,20763.0,2665.0,4694.0,2118.0,963.0,1.0,97.0,59.0,2021-11-01,1,0,36734.0,624.0,3061.1666666666665,10.935699896553603,4,11,2021,-0.5000000000000004,0.8660254037844384,30736.0,11889.0,23166.0,23571.0,24513.833333333332,22963.583333333332
2021,12,A3933,BILBAO - DURANGO (Autopista),27054.0,18914.0,2463.0,2143.0,862.0,922.0,9.0,139.0,42.0,2021-12-01,1,0,36734.0,624.0,3061.1666666666665,8.837806936353243,4,12,2021,-2.4492935982947064e-16,1.0,33476.0,28088.0,21095.0,30766.666666666668,25967.0,23822.75
2022,1,A3933,BILBAO - DURANGO (Autopista),24846.0,17228.0,2362.0,1975.0,908.0,763.0,5.0,116.0,42.0,2022-01-01,0,0,36683.0,623.0,3056.9166666666665,8.127797617424966,1,1,2022,0.49999999999999994,0.8660254037844387,27054.0,30736.0,19449.0,30422.0,25724.0,24319.333333333332
2022,2,A3933,BILBAO - DURANGO (Autopista),29408.0,18814.0,2543.0,3499.0,1681.0,780.0,1.0,128.0,60.0,2022-02-01,0,0,36683.0,623.0,3056.9166666666665,9.620151023634927,1,2,2022,0.8660254037844386,0.5000000000000001,24846.0,33476.0,19563.0,28458.666666666668,26014.833333333332,24769.083333333332
2022,3,A3933,BILBAO - DURANGO (Autopista),36455.0,23298.0,3100.0,4516.0,1950.0,959.0,6.0,139.0,69.0,2022-03-01,0,0,36683.0,623.0,3056.9166666666665,11.925415042390208,1,3,2022,1.0,6.123233995736766e-17,29408.0,27054.0,25275.0,27102.666666666668,28934.666666666668,25589.5
2022,4,A3933,BILBAO - DURANGO (Autopista),24696.0,16631.0,2146.0,2482.0,908.0,796.0,1.0,123.0,44.0,2022-04-01,0,0,36683.0,623.0,3056.9166666666665,8.078728566365893,2,4,2022,0.8660254037844387,-0.4999999999999998,36455.0,24846.0,19932.0,30236.333333333332,30329.166666666668,26521.166666666668
2022,5,A3933,BILBAO - DURANGO (Autopista),31809.0,21648.0,2861.0,2987.0,1142.0,1017.0,3.0,125.0,50.0,2022-05-01,0,0,36683.0,623.0,3056.9166666666665,10.405582967587167,2,5,2022,0.49999999999999994,-0.8660254037844387,24696.0,29408.0,24757.0,30186.333333333332,29322.5,26918.166666666668
2022,6,A3933,BILBAO - DURANGO (Autopista),31345.0,23405.0,3089.0,1484.0,413.0,1098.0,8.0,151.0,39.0,2022-06-01,0,0,36683.0,623.0,3056.9166666666665,10.253796036311098,2,6,2022,1.2246467991473532e-16,-1.0,31809.0,36455.0,28512.0,30986.666666666668,29044.666666666668,27505.833333333332
2022,7,A3933,BILBAO - DURANGO (Autopista),22824.0,17233.0,2243.0,794.0,233.0,1017.0,1.0,184.0,29.0,2022-07-01,0,0,36683.0,623.0,3056.9166666666665,7.466346809148653,3,7,2022,-0.4999999999999997,-0.8660254037844388,31345.0,24696.0,23101.0,29283.333333333332,29759.833333333332,27741.916666666668
2022,8,A3933,BILBAO - DURANGO (Autopista),15598.0,11717.0,1598.0,325.0,128.0,873.0,3.0,251.0,23.0,2022-08-01,0,0,36683.0,623.0,3056.9166666666665,5.102527056129542,3,8,2022,-0.8660254037844385,-0.5000000000000004,22824.0,31809.0,11889.0,28659.333333333332,29422.833333333332,27718.833333333332
2020,1,A3923,BILBAO - DURANGO - ELORRIO (Autopista),45958.0,30062.0,6946.0,222.0,1824.0,3891.0,13.0,370.0,87.0,2020-01-01,1,0,,,,,1,1,2020,0.49999999999999994,0.8660254037844387,,,,,,
2020,2,A3923,BILBAO - DURANGO - ELORRIO (Autopista),50043.0,30016.0,7190.0,3113.0,2235.0,4091.0,8.0,400.0,125.0,2020-02-01,1,0,,,,,1,2,2020,0.8660254037844386,0.5000000000000001,45958.0,,,,,
2020,3,A3923,BILBAO - DURANGO - ELORRIO (Autopista),21900.0,14060.0,2580.0,1425.0,1050.0,1395.0,3.0,118.0,41.0,2020-03-01,1,0,,,,,1,3,2020,1.0,6.123233995736766e-17,50043.0,,,,,
2020,4,A3923,BILBAO - DURANGO - ELORRIO (Autopista),3555.0,3164.0,165.0,29.0,29.0,0.0,0.0,2.0,2.0,2020-04-01,1,0,,,,,2,4,2020,0.8660254037844387,-0.4999999999999998,21900.0,45958.0,,39300.333333333336,,
2020,5,A3923,BILBAO - DURANGO - ELORRIO (Autopista),9796.0,8166.0,963.0,127.0,90.0,0.0,0.0,3.0,0.0,2020-05-01,1,0,,,,,2,5,2020,0.49999999999999994,-0.8660254037844387,3555.0,50043.0,,25166.0,,
2020,6,A3923,BILBAO - DURANGO - ELORRIO (Autopista),23966.0,18944.0,2824.0,583.0,305.0,0.0,0.0,56.0,17.0,2020-06-01,1,0,,,,,2,6,2020,1.2246467991473532e-16,-1.0,9796.0,21900.0,,11750.333333333334,,
2020,7,A3923,BILBAO - DURANGO - ELORRIO (Autopista),29218.0,23181.0,3546.0,605.0,342.0,0.0,0.0,129.0,20.0,2020-07-01,1,0,,,,,3,7,2020,-0.4999999999999997,-0.8660254037844388,23966.0,3555.0,,12439.0,25869.666666666668,
2020,8,A3923,BILBAO - DURANGO - ELORRIO (Autopista),22069.0,17595.0,2588.0,398.0,196.0,0.0,0.0,104.0,23.0,2020-08-01,1,0,,,,,3,8,2020,-0.8660254037844385,-0.5000000000000004,29218.0,9796.0,,20993.333333333332,23079.666666666668,
2020,9,A3923,BILBAO - DURANGO - ELORRIO (Autopista),32886.0,24614.0,3243.0,2012.0,792.0,0.0,0.0,71.0,27.0,2020-09-01,1,0,,,,,3,9,2020,-1.0,-1.8369701987210297e-16,22069.0,23966.0,,25084.333333333332,18417.333333333332,
2020,10,A3923,BILBAO - DURANGO - ELORRIO (Autopista),35254.0,24731.0,2991.0,3441.0,1633.0,0.0,0.0,69.0,34.0,2020-10-01,1,0,,,,,4,10,2020,-0.8660254037844386,0.5000000000000001,32886.0,29218.0,,28057.666666666668,20248.333333333332,
2020,11,A3923,BILBAO - DURANGO - ELORRIO (Autopista),28606.0,19834.0,1798.0,3200.0,1471.0,0.0,0.0,50.0,30.0,2020-11-01,1,0,,,,,4,11,2020,-0.5000000000000004,0.8660254037844384,35254.0,22069.0,,30069.666666666668,25531.5,
2020,12,A3923,BILBAO - DURANGO - ELORRIO (Autopista),29527.0,21755.0,2353.0,1973.0,1034.0,160.0,1.0,103.0,25.0,2020-12-01,1,0,,,,,4,12,2020,-2.4492935982947064e-16,1.0,28606.0,32886.0,,32248.666666666668,28666.5,
2021,1,A3923,BILBAO - DURANGO - ELORRIO (Autopista),29062.0,20975.0,2241.0,1979.0,1139.0,703.0,2.0,120.0,70.0,2021-01-01,1,0,29146.0,909.0,2428.8333333333335,11.965415494407464,1,1,2021,0.49999999999999994,0.8660254037844387,29527.0,35254.0,45958.0,31129.0,29593.333333333332,27731.5
2021,2,A3923,BILBAO - DURANGO - ELORRIO (Autopista),25927.0,17815.0,1601.0,2559.0,1127.0,806.0,0.0,126.0,56.0,2021-02-01,1,0,29146.0,909.0,2428.8333333333335,10.67467233925753,1,2,2021,0.8660254037844386,0.5000000000000001,29062.0,28606.0,50043.0,29065.0,29567.333333333332,26323.5
2021,3,A3923,BILBAO - DURANGO - ELORRIO (Autopista),32981.0,22652.0,3063.0,2508.0,1099.0,1320.0,0.0,175.0,108.0,2021-03-01,1,0,29146.0,909.0,2428.8333333333335,13.578947368421051,1,3,2021,1.0,6.123233995736766e-17,25927.0,29527.0,21900.0,28172.0,30210.333333333332,24313.833333333332
2021,4,A3923,BILBAO - DURANGO - ELORRIO (Autopista),29581.0,20158.0,2859.0,1997.0,1026.0,1404.0,1.0,194.0,73.0,2021-04-01,1,0,29146.0,909.0,2428.8333333333335,12.179098332532766,2,4,2021,0.8660254037844387,-0.4999999999999998,32981.0,29062.0,3555.0,29323.333333333332,30226.166666666668,25237.25
2021,5,A3923,BILBAO - DURANGO - ELORRIO (Autopista),35735.0,24614.0,3790.0,2133.0,950.0,1759.0,0.0,238.0,96.0,2021-05-01,1,0,29146.0,909.0,2428.8333333333335,14.712825087490565,2,5,2021,0.49999999999999994,-0.8660254037844387,29581.0,25927.0,9796.0,29496.333333333332,29280.666666666668,27406.083333333332
2021,6,A3923,BILBAO - DURANGO - ELORRIO (Autopista),39592.0,28183.0,4293.0,1805.0,719.0,2025.0,6.0,244.0,107.0,2021-06-01,1,0,29146.0,909.0,2428.8333333333335,16.300830302614422,2,6,2021,1.2246467991473532e-16,-1.0,35735.0,32981.0,23966.0,32765.666666666668,30468.833333333332,29567.666666666668
2021,7,A3923,BILBAO - DURANGO - ELORRIO (Autopista),33410.0,23940.0,4046.0,850.0,398.0,2122.0,8.0,360.0,68.0,2021-07-01,1,0,29146.0,909.0,2428.8333333333335,13.75557537912578,3,7,2021,-0.4999999999999997,-0.8660254037844388,39592.0,29581.0,29218.0,34969.333333333336,32146.333333333332,30869.833333333332
2021,8,A3923,BILBAO - DURANGO - ELORRIO (Autopista),26276.0,18608.0,3180.0,445.0,257.0,2227.0,10.0,336.0,99.0,2021-08-01,1,0,29146.0,909.0,2428.8333333333335,10.818362725588416,3,8,2021,-0.8660254037844385,-0.5000000000000004,33410.0,35735.0,22069.0,36245.666666666664,32871.0,31219.166666666668
2021,9,A3923,BILBAO - DURANGO - ELORRIO (Autopista),38713.0,25904.0,4220.0,2317.0,1266.0,2462.0,7.0,295.0,103.0,2021-09-01,1,0,29146.0,909.0,2428.8333333333335,15.938928154806833,3,9,2021,-1.0,-1.8369701987210297e-16,26276.0,39592.0,32886.0,33092.666666666664,32929.166666666664,31569.75
2021,10,A3923,BILBAO - DURANGO - ELORRIO (Autopista),44081.0,27647.0,4939.0,3424.0,2046.0,2911.0,2.0,326.0,105.0,2021-10-01,1,0,29146.0,909.0,2428.8333333333335,18.149042750291635,4,10,2021,-0.8660254037844386,0.5000000000000001,38713.0,33410.0,35254.0,32799.666666666664,33884.5,32055.333333333332
2021,11,A3923,BILBAO - DURANGO - ELORRIO (Autopista),42952.0,27008.0,4640.0,3563.0,2242.0,2528.0,2.0,198.0,84.0,2021-11-01,1,0,29146.0,909.0,2428.8333333333335,17.684210526315788,4,11,2021,-0.5000000000000004,0.8660254037844384,44081.0,26276.0,28606.0,36356.666666666664,36301.166666666664,32790.916666666664
2021,12,A3923,BILBAO - DURANGO - ELORRIO (Autopista),37895.0,25379.0,3869.0,2144.0,1132.0,2776.0,4.0,288.0,63.0,2021-12-01,1,0,29146.0,909.0,2428.8333333333335,15.6021409455843,4,12,2021,-2.4492935982947064e-16,1.0,42952.0,38713.0,29527.0,41915.333333333336,37504.0,33986.416666666664
2022,1,A3923,BILBAO - DURANGO - ELORRIO (Autopista),34870.0,23198.0,3914.0,2158.0,1119.0,2220.0,13.0,248.0,56.0,2022-01-01,0,0,29147.0,909.0,2428.9166666666665,14.356194462551892,1,1,2022,0.49999999999999994,0.8660254037844387,37895.0,44081.0,29062.0,41642.666666666664,37221.166666666664,34683.75
2022,2,A3923,BILBAO - DURANGO - ELORRIO (Autopista),38479.0,24626.0,4385.0,2943.0,1542.0,2335.0,3.0,231.0,106.0,2022-02-01,0,0,29147.0,909.0,2428.9166666666665,15.842042062647957,1,2,2022,0.8660254037844386,0.5000000000000001,34870.0,42952.0,25927.0,38572.333333333336,37464.5,35167.75
2022,3,A3923,BILBAO - DURANGO - ELORRIO (Autopista),46416.0,30185.0,5313.0,3600.0,1633.0,2578.0,5.0,287.0,118.0,2022-03-01,0,0,29147.0,909.0,2428.9166666666665,19.109754005558035,1,3,2022,1.0,6.123233995736766e-17,38479.0,37895.0,32981.0,37081.333333333336,39498.333333333336,36213.75
2022,4,A3923,BILBAO - DURANGO - ELORRIO (Autopista),37900.0,24937.0,4623.0,2229.0,936.0,2681.0,5.0,281.0,112.0,2022-04-01,0,0,29147.0,909.0,2428.9166666666665,15.603664184993312,2,4,2022,0.8660254037844387,-0.4999999999999998,46416.0,34870.0,29581.0,39921.666666666664,40782.166666666664,37333.333333333336
2022,5,A3923,BILBAO - DURANGO - ELORRIO (Autopista),44159.0,29390.0,5227.0,2793.0,1105.0,2891.0,22.0,286.0,95.0,2022-05-01,0,0,29147.0,909.0,2428.9166666666665,18.180533159501838,2,5,2022,0.49999999999999994,-0.8660254037844387,37900.0,38479.0,35735.0,40931.666666666664,39752.0,38026.583333333336
2022,6,A3923,BILBAO - DURANGO - ELORRIO (Autopista),43841.0,30924.0,5145.0,1512.0,568.0,3136.0,3.0,342.0,93.0,2022-06-01,0,0,29147.0,909.0,2428.9166666666665,18.049610594572343,2,6,2022,1.2246467991473532e-16,-1.0,44159.0,46416.0,39592.0,42825.0,39953.166666666664,38728.583333333336
2022,7,A3923,BILBAO - DURANGO - ELORRIO (Autopista),38238.0,26541.0,4942.0,937.0,461.0,3219.0,12.0,489.0,58.0,2022-07-01,0,0,29147.0,909.0,2428.9166666666665,15.742820873503277,3,7,2022,-0.4999999999999997,-0.8660254037844388,43841.0,37900.0,33410.0,41966.666666666664,40944.166666666664,39082.666666666664
2022,8,A3923,BILBAO - DURANGO - ELORRIO (Autopista),38078.0,27673.0,4492.0,662.0,375.0,2902.0,6.0,501.0,87.0,2022-08-01,0,0,29147.0,909.0,2428.9166666666665,15.676947884859507,3,8,2022,-0.8660254037844385,-0.5000000000000004,38238.0,44159.0,26276.0,42079.333333333336,41505.5,39485.0
2020,1,A3915,BILBAO - DURANGO - ONDARROA (Autopista),47433.0,26607.0,10498.0,1456.0,685.0,5813.0,8.0,458.0,183.0,2020-01-01,1,0,,,,,1,1,2020,0.49999999999999994,0.8660254037844387,,,,,,
2020,2,A3915,BILBAO - DURANGO - ONDARROA (Autopista),49106.0,27827.0,10555.0,1664.0,758.0,5808.0,22.0,525.0,191.0,2020-02-01,1,0,,,,,1,2,2020,0.8660254037844386,0.5000000000000001,47433.0,,,,,
2020,3,A3915,BILBAO - DURANGO - ONDARROA (Autopista),21574.0,12836.0,4332.0,842.0,365.0,2231.0,3.0,153.0,78.0,2020-03-01,1,0,,,,,1,3,2020,1.0,6.123233995736766e-17,49106.0,,,,,
2020,4,A3915,BILBAO - DURANGO - ONDARROA (Autopista),4258.0,3779.0,308.0,27.0,5.0,0.0,0.0,3.0,7.0,2020-04-01,1,0,,,,,2,4,2020,0.8660254037844387,-0.4999999999999998,21574.0,47433.0,,39371.0,,
2020,5,A3915,BILBAO - DURANGO - ONDARROA (Autopista),12119.0,9751.0,1933.0,62.0,53.0,0.0,0.0,15.0,18.0,2020-05-01,1,0,,,,,2,5,2020,0.49999999999999994,-0.8660254037844387,4258.0,49106.0,,24979.333333333332,,
2020,6,A3915,BILBAO - DURANGO - ONDARROA (Autopista),26451.0,19721.0,5169.0,340.0,242.0,0.0,0.0,54.0,73.0,2020-06-01,1,0,,,,,2,6,2020,1.2246467991473532e-16,-1.0,12119.0,21574.0,,12650.333333333334,,
2020,7,A3915,BILBAO - DURANGO - ONDARROA (Autopista),32393.0,24047.0,6392.0,443.0,195.0,0.0,0.0,167.0,66.0,2020-07-01,1,0,,,,,3,7,2020,-0.4999999999999997,-0.8660254037844388,26451.0,4258.0,,14276.0,26823.5,
2020,8,A3915,BILBAO - DURANGO - ONDARROA (Autopista),27113.0,20629.0,4994.0,329.0,183.0,0.0,0.0,127.0,52.0,2020-08-01,1,0,,,,,3,8,2020,-0.8660254037844385,-0.5000000000000004,32393.0,12119.0,,23654.333333333332,24316.833333333332,
2020,9,A3915,BILBAO - DURANGO - ONDARROA (Autopista),32365.0,23607.0,6013.0,1027.0,232.0,0.0,0.0,109.0,51.0,2020-09-01,1,0,,,,,3,9,2020,-1.0,-1.8369701987210297e-16,27113.0,26451.0,,28652.333333333332,20651.333333333332,
2020,10,A3915,BILBAO - DURANGO - ONDARROA (Autopista),31326.0,23064.0,4542.0,1724.0,390.0,0.0,0.0,48.0,24.0,2020-10-01,1,0,,,,,4,10,2020,-0.8660254037844386,0.5000000000000001,32365.0,32393.0,,30623.666666666668,22449.833333333332,
2020,11,A3915,BILBAO - DURANGO - ONDARROA (Autopista),25389.0,18576.0,3591.0,1575.0,311.0,0.0,0.0,57.0,32.0,2020-11-01,1,0,,,,,4,11,2020,-0.5000000000000004,0.8660254037844384,31326.0,27113.0,,30268.0,26961.166666666668,
2020,12,A3915,BILBAO - DURANGO - ONDARROA (Autopista),27379.0,20406.0,3803.0,1119.0,280.0,287.0,0.0,97.0,47.0,2020-12-01,1,0,,,,,4,12,2020,-2.4492935982947064e-16,1.0,25389.0,32365.0,,29693.333333333332,29172.833333333332,
2021,1,A3915,BILBAO - DURANGO - ONDARROA (Autopista),26965.0,19339.0,3484.0,1128.0,285.0,1333.0,1.0,165.0,56.0,2021-01-01,1,0,28007.0,909.0,2333.9166666666665,11.553540186381976,1,1,2021,0.49999999999999994,0.8660254037844387,27379.0,31326.0,47433.0,28031.333333333332,29327.5,28075.5
2021,2,A3915,BILBAO - DURANGO - ONDARROA (Autopista),26008.0,18088.0,3587.0,1384.0,254.0,1403.0,1.0,126.0,68.0,2021-02-01,1,0,28007.0,909.0,2333.9166666666665,11.143499839325884,1,2,2021,0.8660254037844386,0.5000000000000001,26965.0,25389.0,49106.0,26577.666666666668,28422.833333333332,26369.833333333332
2021,3,A3915,BILBAO - DURANGO - ONDARROA (Autopista),35094.0,23559.0,5703.0,1592.0,315.0,2159.0,0.0,274.0,122.0,2021-03-01,1,0,28007.0,909.0,2333.9166666666665,15.036526582640056,1,3,2021,1.0,6.123233995736766e-17,26008.0,27379.0,21574.0,26784.0,28238.666666666668,24445.0
2021,4,A3915,BILBAO - DURANGO - ONDARROA (Autopista),29867.0,19335.0,5347.0,1330.0,247.0,2150.0,2.0,276.0,102.0,2021-04-01,1,0,28007.0,909.0,2333.9166666666665,12.79694362123755,2,4,2021,0.8660254037844387,-0.4999999999999998,35094.0,26965.0,4258.0,29355.666666666668,28693.5,25571.666666666668
2021,5,A3915,BILBAO - DURANGO - ONDARROA (Autopista),36802.0,23269.0,7490.0,1314.0,272.0,2675.0,2.0,317.0,116.0,2021-05-01,1,0,28007.0,909.0,2333.9166666666665,15.76834362837862,2,5,2021,0.49999999999999994,-0.8660254037844387,29867.0,26008.0,12119.0,30323.0,28450.333333333332,27705.75
2021,6,A3915,BILBAO - DURANGO - ONDARROA (Autopista),39935.0,25711.0,7619.0,832.0,230.0,3594.0,0.0,388.0,188.0,2021-06-01,1,0,28007.0,909.0,2333.9166666666665,17.110722319420145,2,6,2021,1.2246467991473532e-16,-1.0,36802.0,35094.0,26451.0,33921.0,30352.5,29762.666666666668
2021,7,A3915,BILBAO - DURANGO - ONDARROA (Autopista),37429.0,23881.0,6885.0,610.0,154.0,3957.0,8.0,591.0,109.0,2021-07-01,1,0,28007.0,909.0,2333.9166666666665,16.036990752311922,3,7,2021,-0.4999999999999997,-0.8660254037844388,39935.0,29867.0,32393.0,35534.666666666664,32445.166666666668,30886.333333333332
2021,8,A3915,BILBAO - DURANGO - ONDARROA (Autopista),34518.0,21578.0,6787.0,474.0,54.0,3909.0,4.0,659.0,120.0,2021-08-01,1,0,28007.0,909.0,2333.9166666666665,14.789731138643912,3,8,2021,-0.8660254037844385,-0.5000000000000004,37429.0,36802.0,27113.0,38055.333333333336,34189.166666666664,31306.0
2021,9,A3915,BILBAO - DURANGO - ONDARROA (Autopista),39955.0,24874.0,7255.0,1380.0,244.0,4187.0,1.0,397.0,120.0,2021-09-01,1,0,28007.0,909.0,2333.9166666666665,17.11929160567001,3,9,2021,-1.0,-1.8369701987210297e-16,34518.0,39935.0,32365.0,37294.0,35607.5,31923.083333333332
2021,10,A3915,BILBAO - DURANGO - ONDARROA (Autopista),41553.0,25393.0,7373.0,2054.0,458.0,4108.0,0.0,398.0,84.0,2021-10-01,1,0,28007.0,909.0,2333.9166666666665,17.803977577034313,4,10,2021,-0.8660254037844386,0.5000000000000001,39955.0,37429.0,31326.0,37300.666666666664,36417.666666666664,32555.583333333332
2021,11,A3915,BILBAO - DURANGO - ONDARROA (Autopista),37177.0,24942.0,7070.0,,,3633.0,2.0,289.0,127.0,2021-11-01,1,0,28007.0,909.0,2333.9166666666665,15.92901774556361,4,11,2021,-0.5000000000000004,0.8660254037844384,41553.0,34518.0,25389.0,38675.333333333336,38365.333333333336,33407.833333333336
2021,12,A3915,BILBAO - DURANGO - ONDARROA (Autopista),36594.0,23297.0,6501.0,1067.0,293.0,3588.0,4.0,333.0,106.0,2021-12-01,1,0,28007.0,909.0,2333.9166666666665,15.679223051380013,4,12,2021,-2.4492935982947064e-16,1.0,37177.0,39955.0,27379.0,39561.666666666664,38427.833333333336,34390.166666666664
2022,1,A3915,BILBAO - DURANGO - ONDARROA (Autopista),35563.0,22406.0,6333.0,1290.0,352.0,3311.0,5.0,391.0,118.0,2022-01-01,0,0,28009.0,909.0,2334.0833333333335,15.236388303759504,1,1,2022,0.49999999999999994,0.8660254037844387,36594.0,41553.0,26965.0,38441.333333333336,37871.0,35158.083333333336
2022,2,A3915,BILBAO - DURANGO - ONDARROA (Autopista),38016.0,23343.0,7192.0,1794.0,460.0,3252.0,0.0,353.0,160.0,2022-02-01,0,0,28009.0,909.0,2334.0833333333335,16.28733621335999,1,2,2022,0.8660254037844386,0.5000000000000001,35563.0,37177.0,26008.0,36444.666666666664,37560.0,35874.583333333336
2022,3,A3915,BILBAO - DURANGO - ONDARROA (Autopista),46990.0,28876.0,9139.0,1903.0,586.0,3865.0,7.0,477.0,165.0,2022-03-01,0,0,28009.0,909.0,2334.0833333333335,20.132100396301187,1,3,2022,1.0,6.123233995736766e-17,38016.0,36594.0,35094.0,36724.333333333336,38143.0,36875.25
2022,4,A3915,BILBAO - DURANGO - ONDARROA (Autopista),41142.0,25612.0,7518.0,1371.0,389.0,4059.0,2.0,485.0,139.0,2022-04-01,0,0,28009.0,909.0,2334.0833333333335,17.62662001499518,2,4,2022,0.8660254037844387,-0.4999999999999998,46990.0,35563.0,29867.0,40189.666666666664,39315.5,37866.583333333336
2022,5,A3915,BILBAO - DURANGO - ONDARROA (Autopista),47910.0,29561.0,9365.0,1765.0,402.0,4272.0,8.0,547.0,186.0,2022-05-01,0,0,28009.0,909.0,2334.0833333333335,20.526259416616085,2,5,2022,0.49999999999999994,-0.8660254037844387,41142.0,38016.0,36802.0,42049.333333333336,39247.0,38806.166666666664
2022,6,A3915,BILBAO - DURANGO - ONDARROA (Autopista),46557.0,29339.0,9516.0,837.0,170.0,4227.0,4.0,561.0,147.0,2022-06-01,0,0,28009.0,909.0,2334.0833333333335,19.946588596522545,2,6,2022,1.2246467991473532e-16,-1.0,47910.0,46990.0,39935.0,45347.333333333336,41035.833333333336,39731.833333333336
2022,7,A3915,BILBAO - DURANGO - ONDARROA (Autopista),45725.0,27891.0,9572.0,493.0,186.0,4953.0,7.0,772.0,146.0,2022-07-01,0,0,28009.0,909.0,2334.0833333333335,19.5901317433682,3,7,2022,-0.4999999999999997,-0.8660254037844388,46557.0,41142.0,37429.0,45203.0,42696.333333333336,40283.666666666664
2022,8,A3915,BILBAO - DURANGO - ONDARROA (Autopista),42048.0,25326.0,8944.0,425.0,143.0,4953.0,10.0,731.0,135.0,2022-08-01,0,0,28009.0,909.0,2334.0833333333335,18.014780963261806,3,8,2022,-0.8660254037844385,-0.5000000000000004,45725.0,47910.0,34518.0,46730.666666666664,44390.0,40975.0
2020,1,A3926,BILBAO - ERMUA - EIBAR (Autopista),27487.0,19144.0,2498.0,1286.0,354.0,2959.0,46.0,224.0,53.0,2020-01-01,1,0,,,,,1,1,2020,0.49999999999999994,0.8660254037844387,,,,,,
2020,2,A3926,BILBAO - ERMUA - EIBAR (Autopista),27868.0,18864.0,2401.0,1825.0,414.0,2856.0,61.0,243.0,49.0,2020-02-01,1,0,,,,,1,2,2020,0.8660254037844386,0.5000000000000001,27487.0,,,,,
2020,3,A3926,BILBAO - ERMUA - EIBAR (Autopista),12522.0,8773.0,900.0,847.0,224.0,1160.0,17.0,72.0,17.0,2020-03-01,1,0,,,,,1,3,2020,1.0,6.123233995736766e-17,27868.0,,,,,
2020,4,A3926,BILBAO - ERMUA - EIBAR (Autopista),929.0,863.0,8.0,17.0,0.0,0.0,0.0,0.0,1.0,2020-04-01,1,0,,,,,2,4,2020,0.8660254037844387,-0.4999999999999998,12522.0,27487.0,,22625.666666666668,,
2020,5,A3926,BILBAO - ERMUA - EIBAR (Autopista),4028.0,3561.0,196.0,64.0,43.0,0.0,0.0,2.0,2.0,2020-05-01,1,0,,,,,2,5,2020,0.49999999999999994,-0.8660254037844387,929.0,27868.0,,13773.0,,
2020,6,A3926,BILBAO - ERMUA - EIBAR (Autopista),12750.0,11018.0,1056.0,165.0,94.0,0.0,0.0,36.0,9.0,2020-06-01,1,0,,,,,2,6,2020,1.2246467991473532e-16,-1.0,4028.0,12522.0,,5826.333333333333,,
2020,7,A3926,BILBAO - ERMUA - EIBAR (Autopista),15574.0,13536.0,1263.0,136.0,65.0,0.0,0.0,95.0,11.0,2020-07-01,1,0,,,,,3,7,2020,-0.4999999999999997,-0.8660254037844388,12750.0,929.0,,5902.333333333333,14264.0,
2020,8,A3926,BILBAO - ERMUA - EIBAR (Autopista),11380.0,9813.0,990.0,89.0,26.0,0.0,0.0,79.0,10.0,2020-08-01,1,0,,,,,3,8,2020,-0.8660254037844385,-0.5000000000000004,15574.0,4028.0,,10784.0,12278.5,
2020,9,A3926,BILBAO - ERMUA - EIBAR (Autopista),19240.0,15983.0,1134.0,981.0,289.0,0.0,0.0,55.0,16.0,2020-09-01,1,0,,,,,3,9,2020,-1.0,-1.8369701987210297e-16,11380.0,12750.0,,13234.666666666666,9530.5,
2020,10,A3926,BILBAO - ERMUA - EIBAR (Autopista),19333.0,15683.0,1013.0,1261.0,463.0,0.0,0.0,40.0,10.0,2020-10-01,1,0,,,,,4,10,2020,-0.8660254037844386,0.5000000000000001,19240.0,15574.0,,15398.0,10650.166666666666,
2020,11,A3926,BILBAO - ERMUA - EIBAR (Autopista),14399.0,11529.0,460.0,1210.0,333.0,0.0,0.0,21.0,2.0,2020-11-01,1,0,,,,,4,11,2020,-0.5000000000000004,0.8660254037844384,19333.0,11380.0,,16651.0,13717.5,
2020,12,A3926,BILBAO - ERMUA - EIBAR (Autopista),15718.0,13235.0,644.0,648.0,206.0,191.0,5.0,64.0,13.0,2020-12-01,1,0,,,,,4,12,2020,-2.4492935982947064e-16,1.0,14399.0,19240.0,,17657.333333333332,15446.0,
2021,1,A3926,BILBAO - ERMUA - EIBAR (Autopista),14795.0,12186.0,579.0,460.0,321.0,457.0,12.0,82.0,25.0,2021-01-01,1,0,28948.0,909.0,2412.3333333333335,6.133066187646815,1,1,2021,0.49999999999999994,0.8660254037844387,15718.0,19333.0,27487.0,16483.333333333332,15940.666666666666,15102.333333333334
2021,2,A3926,BILBAO - ERMUA - EIBAR (Autopista),13899.0,10887.0,463.0,932.0,362.0,431.0,9.0,81.0,38.0,2021-02-01,1,0,28948.0,909.0,2412.3333333333335,5.761641564184054,1,2,2021,0.8660254037844386,0.5000000000000001,14795.0,14399.0,27868.0,14970.666666666666,15810.833333333334,14044.666666666666
2021,3,A3926,BILBAO - ERMUA - EIBAR (Autopista),19154.0,14675.0,1004.0,1044.0,267.0,938.0,8.0,145.0,65.0,2021-03-01,1,0,28948.0,909.0,2412.3333333333335,7.940030399336742,1,3,2021,1.0,6.123233995736766e-17,13899.0,15718.0,12522.0,14804.0,16230.666666666666,12880.583333333334
2021,4,A3926,BILBAO - ERMUA - EIBAR (Autopista),15973.0,12325.0,748.0,891.0,226.0,787.0,9.0,133.0,79.0,2021-04-01,1,0,28948.0,909.0,2412.3333333333335,6.621390078761918,2,4,2021,0.8660254037844387,-0.4999999999999998,19154.0,14795.0,929.0,15949.333333333334,16216.333333333334,13433.25
2021,5,A3926,BILBAO - ERMUA - EIBAR (Autopista),18986.0,14479.0,1272.0,769.0,238.0,1124.0,11.0,203.0,42.0,2021-05-01,1,0,28948.0,909.0,2412.3333333333335,7.870388282437474,2,5,2021,0.49999999999999994,-0.8660254037844387,15973.0,13899.0,4028.0,16342.0,15656.333333333334,14686.916666666666
2021,6,A3926,BILBAO - ERMUA - EIBAR (Autopista),22310.0,17335.0,1657.0,527.0,120.0,1480.0,52.0,266.0,43.0,2021-06-01,1,0,28948.0,909.0,2412.3333333333335,9.248307309658697,2,6,2021,1.2246467991473532e-16,-1.0,18986.0,19154.0,12750.0,18037.666666666668,16420.833333333332,15933.416666666666
2021,7,A3926,BILBAO - ERMUA - EIBAR (Autopista),19549.0,14957.0,1539.0,257.0,25.0,1728.0,70.0,276.0,80.0,2021-07-01,1,0,28948.0,909.0,2412.3333333333335,8.103772281332043,3,7,2021,-0.4999999999999997,-0.8660254037844388,22310.0,15973.0,15574.0,19089.666666666668,17519.5,16730.083333333332
2021,8,A3926,BILBAO - ERMUA - EIBAR (Autopista),14111.0,10259.0,1188.0,133.0,12.0,1807.0,18.0,265.0,23.0,2021-08-01,1,0,28948.0,909.0,2412.3333333333335,5.8495232831283674,3,8,2021,-0.8660254037844385,-0.5000000000000004,19549.0,18986.0,11380.0,20281.666666666668,18311.833333333332,17061.333333333332
2021,9,A3926,BILBAO - ERMUA - EIBAR (Autopista),22440.0,16543.0,1591.0,1101.0,252.0,1745.0,24.0,194.0,43.0,2021-09-01,1,0,28948.0,909.0,2412.3333333333335,9.302197042973607,3,9,2021,-1.0,-1.8369701987210297e-16,14111.0,22310.0,19240.0,18656.666666666668,18347.166666666668,17288.916666666668
2021,10,A3926,BILBAO - ERMUA - EIBAR (Autopista),26636.0,19141.0,1962.0,1689.0,393.0,1960.0,29.0,224.0,56.0,2021-10-01,1,0,28948.0,909.0,2412.3333333333335,11.04159181981484,4,10,2021,-0.8660254037844386,0.5000000000000001,22440.0,19549.0,19333.0,18700.0,18894.833333333332,17555.583333333332
2021,11,A3926,BILBAO - ERMUA - EIBAR (Autopista),26187.0,18783.0,1804.0,1815.0,430.0,1909.0,21.0,187.0,58.0,2021-11-01,1,0,28948.0,909.0,2412.3333333333335,10.855464971673344,4,11,2021,-0.5000000000000004,0.8660254037844384,26636.0,14111.0,14399.0,21062.333333333332,20672.0,18164.166666666668
2021,12,A3926,BILBAO - ERMUA - EIBAR (Autopista),23408.0,17386.0,1643.0,832.0,193.0,2084.0,47.0,263.0,36.0,2021-12-01,1,0,28948.0,909.0,2412.3333333333335,9.703468287964625,4,12,2021,-2.4492935982947064e-16,1.0,26187.0,22440.0,15718.0,25087.666666666668,21872.166666666668,19146.5
2022,1,A3926,BILBAO - ERMUA - EIBAR (Autopista),20816.0,15542.0,1461.0,823.0,323.0,1616.0,34.0,180.0,57.0,2022-01-01,0,0,28943.0,909.0,2411.9166666666665,8.630480599799606,1,1,2022,0.49999999999999994,0.8660254037844387,23408.0,26636.0,14795.0,25410.333333333332,22055.166666666668,19787.333333333332
2022,2,A3926,BILBAO - ERMUA - EIBAR (Autopista),22541.0,15990.0,1699.0,1517.0,347.0,1722.0,46.0,185.0,53.0,2022-02-01,0,0,28943.0,909.0,2411.9166666666665,9.345679438897143,1,2,2022,0.8660254037844386,0.5000000000000001,20816.0,26187.0,13899.0,23470.333333333332,22266.333333333332,20289.083333333332
2022,3,A3926,BILBAO - ERMUA - EIBAR (Autopista),27516.0,19655.0,2123.0,1824.0,424.0,2013.0,42.0,215.0,60.0,2022-03-01,0,0,28943.0,909.0,2411.9166666666665,11.408354351656705,1,3,2022,1.0,6.123233995736766e-17,22541.0,23408.0,19154.0,22255.0,23671.333333333332,21009.25
2022,4,A3926,BILBAO - ERMUA - EIBAR (Autopista),22876.0,16628.0,1828.0,926.0,201.0,2240.0,53.0,203.0,48.0,2022-04-01,0,0,28943.0,909.0,2411.9166666666665,9.484573126489998,2,4,2022,0.8660254037844387,-0.4999999999999998,27516.0,20816.0,15973.0,23624.333333333332,24517.333333333332,21706.083333333332
2022,5,A3926,BILBAO - ERMUA - EIBAR (Autopista),25914.0,18859.0,1962.0,1271.0,336.0,2195.0,50.0,263.0,81.0,2022-05-01,0,0,28943.0,909.0,2411.9166666666665,10.744152299346993,2,5,2022,0.49999999999999994,-0.8660254037844387,22876.0,22541.0,18986.0,24311.0,23890.666666666668,22281.333333333332
2022,6,A3926,BILBAO - ERMUA - EIBAR (Autopista),26219.0,19898.0,2014.0,566.0,86.0,2417.0,61.0,254.0,70.0,2022-06-01,0,0,28943.0,909.0,2411.9166666666665,10.870607746259891,2,6,2022,1.2246467991473532e-16,-1.0,25914.0,27516.0,22310.0,25435.333333333332,23845.166666666668,22858.666666666668
2022,7,A3926,BILBAO - ERMUA - EIBAR (Autopista),23646.0,17277.0,1917.0,298.0,92.0,2917.0,65.0,335.0,73.0,2022-07-01,0,0,28943.0,909.0,2411.9166666666665,9.803821303942232,3,7,2022,-0.4999999999999997,-0.8660254037844388,26219.0,22876.0,19549.0,25003.0,24313.666666666668,23184.416666666668
2022,8,A3926,BILBAO - ERMUA - EIBAR (Autopista),19345.0,13731.0,1624.0,126.0,64.0,2950.0,51.0,317.0,62.0,2022-08-01,0,0,28943.0,909.0,2411.9166666666665,8.02059219845904,3,8,2022,-0.8660254037844385,-0.5000000000000004,23646.0,25914.0,14111.0,25259.666666666668,24785.333333333332,23525.833333333332
2020,1,A3916,BILBAO - ERMUA - ONDARROA (Autopista),28342.0,17583.0,3936.0,1790.0,413.0,3071.0,13.0,294.0,79.0,2020-01-01,1,0,,,,,1,1,2020,0.49999999999999994,0.8660254037844387,,,,,,
2020,2,A3916,BILBAO - ERMUA - ONDARROA (Autopista),29623.0,18423.0,3936.0,2181.0,474.0,3007.0,26.0,302.0,80.0,2020-02-01,1,0,,,,,1,2,2020,0.8660254037844386,0.5000000000000001,28342.0,,,,,
2020,3,A3916,BILBAO - ERMUA - ONDARROA (Autopista),14207.0,9352.0,1516.0,1119.0,282.0,1240.0,8.0,89.0,32.0,2020-03-01,1,0,,,,,1,3,2020,1.0,6.123233995736766e-17,29623.0,,,,,
2020,4,A3916,BILBAO - ERMUA - ONDARROA (Autopista),2807.0,2619.0,66.0,28.0,27.0,0.0,0.0,2.0,1.0,2020-04-01,1,0,,,,,2,4,2020,0.8660254037844387,-0.4999999999999998,14207.0,28342.0,,24057.333333333332,,
2020,5,A3916,BILBAO - ERMUA - ONDARROA (Autopista),7407.0,6459.0,680.0,48.0,36.0,0.0,0.0,6.0,6.0,2020-05-01,1,0,,,,,2,5,2020,0.49999999999999994,-0.8660254037844387,2807.0,29623.0,,15545.666666666666,,
2020,6,A3916,BILBAO - ERMUA - ONDARROA (Autopista),16957.0,13591.0,2306.0,247.0,137.0,0.0,0.0,72.0,19.0,2020-06-01,1,0,,,,,2,6,2020,1.2246467991473532e-16,-1.0,7407.0,14207.0,,8140.333333333333,,
2020,7,A3916,BILBAO - ERMUA - ONDARROA (Autopista),20469.0,15921.0,3276.0,230.0,184.0,0.0,0.0,97.0,35.0,2020-07-01,1,0,,,,,3,7,2020,-0.4999999999999997,-0.8660254037844388,16957.0,2807.0,,9057.0,16557.166666666668,
2020,8,A3916,BILBAO - ERMUA - ONDARROA (Autopista),15920.0,12520.0,2586.0,104.0,79.0,0.0,0.0,86.0,13.0,2020-08-01,1,0,,,,,3,8,2020,-0.8660254037844385,-0.5000000000000004,20469.0,7407.0,,14944.333333333334,15245.0,
2020,9,A3916,BILBAO - ERMUA - ONDARROA (Autopista),21500.0,16430.0,2860.0,891.0,279.0,0.0,0.0,77.0,30.0,2020-09-01,1,0,,,,,3,9,2020,-1.0,-1.8369701987210297e-16,15920.0,16957.0,,17782.0,12961.166666666666,
2020,10,A3916,BILBAO - ERMUA - ONDARROA (Autopista),21977.0,16516.0,2149.0,1639.0,546.0,0.0,0.0,40.0,14.0,2020-10-01,1,0,,,,,4,10,2020,-0.8660254037844386,0.5000000000000001,21500.0,20469.0,,19296.333333333332,14176.666666666666,
2020,11,A3916,BILBAO - ERMUA - ONDARROA (Autopista),17784.0,13619.0,1258.0,1608.0,364.0,0.0,0.0,25.0,5.0,2020-11-01,1,0,,,,,4,11,2020,-0.5000000000000004,0.8660254037844384,21977.0,15920.0,,19799.0,17371.666666666668,
2020,12,A3916,BILBAO - ERMUA - ONDARROA (Autopista),17612.0,13836.0,1673.0,859.0,226.0,127.0,0.0,56.0,15.0,2020-12-01,1,0,,,,,4,12,2020,-2.4492935982947064e-16,1.0,17784.0,21500.0,,20420.333333333332,19101.166666666668,
2021,1,A3916,BILBAO - ERMUA - ONDARROA (Autopista),17292.0,13143.0,1305.0,969.0,375.0,609.0,2.0,78.0,12.0,2021-01-01,1,0,29381.0,909.0,2448.4166666666665,7.062523399475852,1,1,2021,0.49999999999999994,0.8660254037844387,17612.0,21977.0,28342.0,19124.333333333332,19210.333333333332,17883.75
2021,2,A3916,BILBAO - ERMUA - ONDARROA (Autopista),17619.0,12967.0,1206.0,1355.0,473.0,715.0,0.0,91.0,13.0,2021-02-01,1,0,29381.0,909.0,2448.4166666666665,7.19607909873728,1,2,2021,0.8660254037844386,0.5000000000000001,17292.0,17784.0,29623.0,17562.666666666668,18680.833333333332,16962.916666666668
2021,3,A3916,BILBAO - ERMUA - ONDARROA (Autopista),22557.0,16349.0,2125.0,1434.0,376.0,1048.0,2.0,169.0,56.0,2021-03-01,1,0,29381.0,909.0,2448.4166666666665,9.212892685749294,1,3,2021,1.0,6.123233995736766e-17,17619.0,17612.0,14207.0,17507.666666666668,18964.0,15962.583333333334
2021,4,A3916,BILBAO - ERMUA - ONDARROA (Autopista),17655.0,12822.0,1526.0,1109.0,292.0,975.0,3.0,126.0,43.0,2021-04-01,1,0,29381.0,909.0,2448.4166666666665,7.210782478472483,2,4,2021,0.8660254037844387,-0.4999999999999998,22557.0,17292.0,2807.0,19156.0,19140.166666666668,16658.416666666668
2021,5,A3916,BILBAO - ERMUA - ONDARROA (Autopista),23245.0,16880.0,2396.0,1158.0,315.0,1337.0,1.0,253.0,42.0,2021-05-01,1,0,29381.0,909.0,2448.4166666666665,9.493890609577619,2,5,2021,0.49999999999999994,-0.8660254037844387,17655.0,17619.0,7407.0,19277.0,18419.833333333332,17895.75
2021,6,A3916,BILBAO - ERMUA - ONDARROA (Autopista),24204.0,17547.0,3037.0,534.0,179.0,1695.0,4.0,307.0,51.0,2021-06-01,1,0,29381.0,909.0,2448.4166666666665,9.885572308634833,2,6,2021,1.2246467991473532e-16,-1.0,23245.0,22557.0,16957.0,21152.333333333332,19330.0,19215.583333333332
2021,7,A3916,BILBAO - ERMUA - ONDARROA (Autopista),23318.0,16117.0,3548.0,298.0,82.0,2087.0,1.0,380.0,41.0,2021-07-01,1,0,29381.0,909.0,2448.4166666666665,9.523705796262892,3,7,2021,-0.4999999999999997,-0.8660254037844388,24204.0,17655.0,20469.0,21701.333333333332,20428.666666666668,19819.5
2021,8,A3916,BILBAO - ERMUA - ONDARROA (Autopista),20015.0,13143.0,3573.0,143.0,64.0,2064.0,7.0,405.0,47.0,2021-08-01,1,0,29381.0,909.0,2448.4166666666665,8.174670705558015,3,8,2021,-0.8660254037844385,-0.5000000000000004,23318.0,23245.0,15920.0,23589.0,21433.0,20056.916666666668
2021,9,A3916,BILBAO - ERMUA - ONDARROA (Autopista),25080.0,17135.0,3269.0,1134.0,284.0,1973.0,1.0,250.0,55.0,2021-09-01,1,0,29381.0,909.0,2448.4166666666665,10.243354548858106,3,9,2021,-1.0,-1.8369701987210297e-16,20015.0,24204.0,21500.0,22512.333333333332,21832.333333333332,20398.166666666668
2021,10,A3916,BILBAO - ERMUA - ONDARROA (Autopista),26917.0,17959.0,3225.0,1857.0,492.0,1914.0,8.0,227.0,71.0,2021-10-01,1,0,29381.0,909.0,2448.4166666666665,10.993635342568327,4,10,2021,-0.8660254037844386,0.5000000000000001,25080.0,23318.0,21977.0,22804.333333333332,22252.833333333332,20696.5
2021,11,A3916,BILBAO - ERMUA - ONDARROA (Autopista),26236.0,17404.0,2727.0,2023.0,627.0,1920.0,4.0,217.0,71.0,2021-11-01,1,0,29381.0,909.0,2448.4166666666665,10.71549640924407,4,11,2021,-0.5000000000000004,0.8660254037844384,26917.0,20015.0,17784.0,24004.0,23796.5,21108.166666666668
2021,12,A3916,BILBAO - ERMUA - ONDARROA (Autopista),22968.0,15902.0,2632.0,939.0,248.0,1894.0,8.0,261.0,72.0,2021-12-01,1,0,29381.0,909.0,2448.4166666666665,9.380756271059528,4,12,2021,-2.4492935982947064e-16,1.0,26236.0,25080.0,17612.0,26077.666666666668,24295.0,21812.5
2022,1,A3916,BILBAO - ERMUA - ONDARROA (Autopista),21598.0,14917.0,2490.0,954.0,337.0,1676.0,5.0,237.0,68.0,2022-01-01,0,0,29468.0,909.0,2455.6666666666665,8.795167639473327,1,1,2022,0.49999999999999994,0.8660254037844387,22968.0,26917.0,17292.0,25373.666666666668,24089.0,22258.833333333332
2022,2,A3916,BILBAO - ERMUA - ONDARROA (Autopista),24495.0,16237.0,2878.0,1614.0,500.0,1768.0,5.0,209.0,78.0,2022-02-01,0,0,29468.0,909.0,2455.6666666666665,9.97488801411701,1,2,2022,0.8660254037844386,0.5000000000000001,21598.0,26236.0,17619.0,23600.666666666668,23802.333333333332,22617.666666666668
2022,3,A3916,BILBAO - ERMUA - ONDARROA (Autopista),29154.0,19597.0,3441.0,1843.0,558.0,2040.0,10.0,263.0,104.0,2022-03-01,0,0,29468.0,909.0,2455.6666666666665,11.872132482693091,1,3,2022,1.0,6.123233995736766e-17,24495.0,22968.0,22557.0,23020.333333333332,24549.0,23190.666666666668
2022,4,A3916,BILBAO - ERMUA - ONDARROA (Autopista),25386.0,17144.0,3307.0,1157.0,302.0,2153.0,3.0,242.0,79.0,2022-04-01,0,0,29468.0,909.0,2455.6666666666665,10.337722275010181,2,4,2022,0.8660254037844387,-0.4999999999999998,29154.0,21598.0,17655.0,25082.333333333332,25228.0,23740.416666666668
2022,5,A3916,BILBAO - ERMUA - ONDARROA (Autopista),30399.0,20382.0,3876.0,1590.0,321.0,2560.0,8.0,336.0,119.0,2022-05-01,0,0,29468.0,909.0,2455.6666666666665,12.37912311660106,2,5,2022,0.49999999999999994,-0.8660254037844387,25386.0,24495.0,23245.0,26345.0,24972.833333333332,24384.666666666668
2022,6,A3916,BILBAO - ERMUA - ONDARROA (Autopista),29386.0,20497.0,4046.0,716.0,137.0,2658.0,6.0,329.0,86.0,2022-06-01,0,0,29468.0,909.0,2455.6666666666665,11.966607845798833,2,6,2022,1.2246467991473532e-16,-1.0,30399.0,29154.0,24204.0,28313.0,25666.666666666668,24980.833333333332
2022,7,A3916,BILBAO - ERMUA - ONDARROA (Autopista),28958.0,19359.0,4488.0,304.0,90.0,3220.0,7.0,519.0,102.0,2022-07-01,0,0,29468.0,909.0,2455.6666666666665,11.792317089724447,3,7,2022,-0.4999999999999997,-0.8660254037844388,29386.0,25386.0,23318.0,28390.333333333332,26736.333333333332,25412.666666666668
2022,8,A3916,BILBAO - ERMUA - ONDARROA (Autopista),25260.0,16564.0,4202.0,90.0,69.0,3127.0,6.0,415.0,92.0,2022-08-01,0,0,29468.0,909.0,2455.6666666666665,10.286412379530338,3,8,2022,-0.8660254037844385,-0.5000000000000004,28958.0,30399.0,20015.0,29581.0,27963.0,25882.666666666668
2020,1,A3632,BILBAO - ETXEBARRI - BASAURI - San Miguel (BegoÃ±a),5172.0,2763.0,1272.0,128.0,79.0,339.0,0.0,101.0,280.0,2020-01-01,1,0,,,,,1,1,2020,0.49999999999999994,0.8660254037844387,,,,,,
2020,2,A3632,BILBAO - ETXEBARRI - BASAURI - San Miguel (BegoÃ±a),5041.0,2645.0,1298.0,105.0,60.0,378.0,0.0,106.0,213.0,2020-02-01,1,0,,,,,1,2,2020,0.8660254037844386,0.5000000000000001,5172.0,,,,,
2020,3,A3632,BILBAO - ETXEBARRI - BASAURI - San Miguel (BegoÃ±a),2630.0,1548.0,544.0,66.0,41.0,166.0,0.0,33.0,104.0,2020-03-01,1,0,,,,,1,3,2020,1.0,6.123233995736766e-17,5041.0,,,,,
2020,4,A3632,BILBAO - ETXEBARRI - BASAURI - San Miguel (BegoÃ±a),423.0,301.0,53.0,13.0,1.0,0.0,0.0,0.0,2.0,2020-04-01,1,0,,,,,2,4,2020,0.8660254037844387,-0.4999999999999998,2630.0,5172.0,,4281.0,,
2020,5,A3632,BILBAO - ETXEBARRI - BASAURI - San Miguel (BegoÃ±a),1544.0,1130.0,259.0,54.0,7.0,0.0,0.0,3.0,8.0,2020-05-01,1,0,,,,,2,5,2020,0.49999999999999994,-0.8660254037844387,423.0,5041.0,,2698.0,,
2020,6,A3632,BILBAO - ETXEBARRI - BASAURI - San Miguel (BegoÃ±a),3276.0,2207.0,663.0,108.0,15.0,0.0,0.0,36.0,138.0,2020-06-01,1,0,,,,,2,6,2020,1.2246467991473532e-16,-1.0,1544.0,2630.0,,1532.3333333333333,,
2020,7,A3632,BILBAO - ETXEBARRI - BASAURI - San Miguel (BegoÃ±a),3644.0,2548.0,695.0,79.0,54.0,0.0,0.0,41.0,119.0,2020-07-01,1,0,,,,,3,7,2020,-0.4999999999999997,-0.8660254037844388,3276.0,423.0,,1747.6666666666667,3014.3333333333335,
2020,8,A3632,BILBAO - ETXEBARRI - BASAURI - San Miguel (BegoÃ±a),2580.0,1745.0,551.0,52.0,38.0,0.0,0.0,40.0,90.0,2020-08-01,1,0,,,,,3,8,2020,-0.8660254037844385,-0.5000000000000004,3644.0,1544.0,,2821.3333333333335,2759.6666666666665,
2020,9,A3632,BILBAO - ETXEBARRI - BASAURI - San Miguel (BegoÃ±a),3588.0,2402.0,723.0,129.0,44.0,0.0,0.0,60.0,120.0,2020-09-01,1,0,,,,,3,9,2020,-1.0,-1.8369701987210297e-16,2580.0,3276.0,,3166.6666666666665,2349.5,
2020,10,A3632,BILBAO - ETXEBARRI - BASAURI - San Miguel (BegoÃ±a),3792.0,2493.0,745.0,107.0,94.0,0.0,0.0,44.0,168.0,2020-10-01,1,0,,,,,4,10,2020,-0.8660254037844386,0.5000000000000001,3588.0,3644.0,,3270.6666666666665,2509.1666666666665,
2020,11,A3632,BILBAO - ETXEBARRI - BASAURI - San Miguel (BegoÃ±a),3403.0,2281.0,619.0,131.0,61.0,0.0,0.0,31.0,102.0,2020-11-01,1,0,,,,,4,11,2020,-0.5000000000000004,0.8660254037844384,3792.0,2580.0,,3320.0,3070.6666666666665,
2020,12,A3632,BILBAO - ETXEBARRI - BASAURI - San Miguel (BegoÃ±a),3612.0,2402.0,641.0,139.0,54.0,13.0,0.0,38.0,153.0,2020-12-01,1,0,,,,,4,12,2020,-2.4492935982947064e-16,1.0,3403.0,3588.0,,3594.3333333333335,3380.5,
2021,1,A3632,BILBAO - ETXEBARRI - BASAURI - San Miguel (BegoÃ±a),3568.0,2293.0,614.0,187.0,46.0,71.0,0.0,75.0,128.0,2021-01-01,1,0,29596.0,909.0,2466.3333333333335,1.4466819840518987,1,1,2021,0.49999999999999994,0.8660254037844387,3612.0,3792.0,5172.0,3602.3333333333335,3436.5,3225.4166666666665
2021,2,A3632,BILBAO - ETXEBARRI - BASAURI - San Miguel (BegoÃ±a),3208.0,2074.0,598.0,104.0,35.0,66.0,0.0,64.0,133.0,2021-02-01,1,0,29596.0,909.0,2466.3333333333335,1.3007163130152724,1,2,2021,0.8660254037844386,0.5000000000000001,3568.0,3403.0,5041.0,3527.6666666666665,3423.8333333333335,3091.75
2021,3,A3632,BILBAO - ETXEBARRI - BASAURI - San Miguel (BegoÃ±a),4118.0,2476.0,824.0,219.0,95.0,114.0,0.0,72.0,178.0,2021-03-01,1,0,29596.0,909.0,2466.3333333333335,1.6696850925800784,1,3,2021,1.0,6.123233995736766e-17,3208.0,3612.0,2630.0,3462.6666666666665,3528.5,2939.0
2021,4,A3632,BILBAO - ETXEBARRI - BASAURI - San Miguel (BegoÃ±a),3975.0,2284.0,807.0,247.0,87.0,140.0,1.0,71.0,166.0,2021-04-01,1,0,29596.0,909.0,2466.3333333333335,1.6117042843627516,2,4,2021,0.8660254037844387,-0.4999999999999998,4118.0,3568.0,423.0,3631.3333333333335,3616.8333333333335,3063.0
2021,5,A3632,BILBAO - ETXEBARRI - BASAURI - San Miguel (BegoÃ±a),4371.0,2496.0,884.0,271.0,133.0,171.0,0.0,79.0,169.0,2021-05-01,1,0,29596.0,909.0,2466.3333333333335,1.772266522503041,2,5,2021,0.49999999999999994,-0.8660254037844387,3975.0,3208.0,1544.0,3767.0,3647.3333333333335,3359.0
2021,6,A3632,BILBAO - ETXEBARRI - BASAURI - San Miguel (BegoÃ±a),4793.0,2830.0,956.0,235.0,124.0,224.0,0.0,90.0,163.0,2021-06-01,1,0,29596.0,909.0,2466.3333333333335,1.9433707257737531,2,6,2021,1.2246467991473532e-16,-1.0,4371.0,4118.0,3276.0,4154.666666666667,3808.6666666666665,3594.5833333333335
2021,7,A3632,BILBAO - ETXEBARRI - BASAURI - San Miguel (BegoÃ±a),4135.0,2513.0,908.0,158.0,56.0,219.0,0.0,86.0,128.0,2021-07-01,1,0,29596.0,909.0,2466.3333333333335,1.6765779159345857,3,7,2021,-0.4999999999999997,-0.8660254037844388,4793.0,3975.0,3644.0,4379.666666666667,4005.5,3721.0
2021,8,A3632,BILBAO - ETXEBARRI - BASAURI - San Miguel (BegoÃ±a),3094.0,1791.0,754.0,68.0,36.0,187.0,0.0,82.0,109.0,2021-08-01,1,0,29596.0,909.0,2466.3333333333335,1.2544938505203405,3,8,2021,-0.8660254037844385,-0.5000000000000004,4135.0,4371.0,2580.0,4433.0,4100.0,3761.9166666666665
2021,9,A3632,BILBAO - ETXEBARRI - BASAURI - San Miguel (BegoÃ±a),4036.0,2388.0,922.0,165.0,77.0,184.0,0.0,74.0,123.0,2021-09-01,1,0,29596.0,909.0,2466.3333333333335,1.6364373563995134,3,9,2021,-1.0,-1.8369701987210297e-16,3094.0,4793.0,3588.0,4007.3333333333335,4081.0,3804.75
2021,10,A3632,BILBAO - ETXEBARRI - BASAURI - San Miguel (BegoÃ±a),4538.0,2451.0,1115.0,215.0,136.0,231.0,0.0,69.0,197.0,2021-10-01,1,0,29596.0,909.0,2466.3333333333335,1.8399783754561425,4,10,2021,-0.8660254037844386,0.5000000000000001,4036.0,4135.0,3792.0,3755.0,4067.3333333333335,3842.0833333333335
2021,11,A3632,BILBAO - ETXEBARRI - BASAURI - San Miguel (BegoÃ±a),4133.0,2235.0,941.0,254.0,133.0,215.0,0.0,72.0,187.0,2021-11-01,1,0,29596.0,909.0,2466.3333333333335,1.6757669955399377,4,11,2021,-0.5000000000000004,0.8660254037844384,4538.0,3094.0,3403.0,3889.3333333333335,4161.166666666667,3904.25
2021,12,A3632,BILBAO - ETXEBARRI - BASAURI - San Miguel (BegoÃ±a),4105.0,2289.0,947.0,221.0,108.0,228.0,0.0,67.0,146.0,2021-12-01,1,0,29596.0,909.0,2466.3333333333335,1.6644141100148668,4,12,2021,-2.4492935982947064e-16,1.0,4133.0,4036.0,3612.0,4235.666666666667,4121.5,3965.0833333333335
2022,1,A3632,BILBAO - ETXEBARRI - BASAURI - San Miguel (BegoÃ±a),3838.0,2158.0,890.0,209.0,100.0,192.0,1.0,47.0,131.0,2022-01-01,0,0,29595.0,909.0,2466.25,1.5562088190572732,1,1,2022,0.49999999999999994,0.8660254037844387,4105.0,4538.0,3568.0,4258.666666666667,4006.8333333333335,4006.1666666666665
2022,2,A3632,BILBAO - ETXEBARRI - BASAURI - San Miguel (BegoÃ±a),4357.0,2480.0,906.0,241.0,129.0,197.0,0.0,61.0,190.0,2022-02-01,0,0,29595.0,909.0,2466.25,1.7666497719209326,1,2,2022,0.8660254037844386,0.5000000000000001,3838.0,4133.0,3208.0,4025.3333333333335,3957.3333333333335,4028.6666666666665
2022,3,A3632,BILBAO - ETXEBARRI - BASAURI - San Miguel (BegoÃ±a),4449.0,2510.0,1006.0,187.0,176.0,211.0,1.0,41.0,152.0,2022-03-01,0,0,29595.0,909.0,2466.25,1.8039533705017738,1,3,2022,1.0,6.123233995736766e-17,4357.0,4105.0,4118.0,4100.0,4167.833333333333,4124.416666666667
2022,4,A3632,BILBAO - ETXEBARRI - BASAURI - San Miguel (BegoÃ±a),3893.0,2120.0,952.0,122.0,111.0,235.0,0.0,80.0,160.0,2022-04-01,0,0,29595.0,909.0,2466.25,1.5785098834262545,2,4,2022,0.8660254037844387,-0.4999999999999998,4449.0,3838.0,3975.0,4214.666666666667,4236.666666666667,4152.0
2022,5,A3632,BILBAO - ETXEBARRI - BASAURI - San Miguel (BegoÃ±a),4516.0,2557.0,1061.0,157.0,109.0,235.0,0.0,106.0,162.0,2022-05-01,0,0,29595.0,909.0,2466.25,1.8311201216421693,2,5,2022,0.49999999999999994,-0.8660254037844387,3893.0,4357.0,4371.0,4233.0,4129.166666666667,4145.166666666667
2022,6,A3632,BILBAO - ETXEBARRI - BASAURI - San Miguel (BegoÃ±a),4944.0,2891.0,1149.0,140.0,103.0,272.0,0.0,82.0,162.0,2022-06-01,0,0,29595.0,909.0,2466.25,2.004662949822605,2,6,2022,1.2246467991473532e-16,-1.0,4516.0,4449.0,4793.0,4286.0,4193.0,4157.25
2022,7,A3632,BILBAO - ETXEBARRI - BASAURI - San Miguel (BegoÃ±a),4571.0,2785.0,982.0,92.0,67.0,331.0,0.0,115.0,111.0,2022-07-01,0,0,29595.0,909.0,2466.25,1.8534211860111505,3,7,2022,-0.4999999999999997,-0.8660254037844388,4944.0,3893.0,4135.0,4451.0,4332.833333333333,4169.833333333333
2022,8,A3632,BILBAO - ETXEBARRI - BASAURI - San Miguel (BegoÃ±a),4346.0,2625.0,972.0,45.0,57.0,273.0,0.0,134.0,158.0,2022-08-01,0,0,29595.0,909.0,2466.25,1.7621895590471364,3,8,2022,-0.8660254037844385,-0.5000000000000004,4571.0,4516.0,3094.0,4677.0,4455.0,4206.166666666667
2020,1,A2314,BILBAO - Erandiogoikoa - UPV/EHU,20042.0,14143.0,393.0,2207.0,669.0,809.0,9.0,109.0,127.0,2020-01-01,1,0,,,,,1,1,2020,0.49999999999999994,0.8660254037844387,,,,,,
2020,2,A2314,BILBAO - Erandiogoikoa - UPV/EHU,35519.0,22336.0,486.0,6325.0,1555.0,1193.0,6.0,86.0,191.0,2020-02-01,1,0,,,,,1,2,2020,0.8660254037844386,0.5000000000000001,20042.0,,,,,
2020,3,A2314,BILBAO - Erandiogoikoa - UPV/EHU,16353.0,10514.0,181.0,2772.0,648.0,531.0,5.0,29.0,78.0,2020-03-01,1,0,,,,,1,3,2020,1.0,6.123233995736766e-17,35519.0,,,,,
2020,4,A2314,BILBAO - Erandiogoikoa - UPV/EHU,437.0,416.0,10.0,,1.0,0.0,0.0,0.0,7.0,2020-04-01,1,0,,,,,2,4,2020,0.8660254037844387,-0.4999999999999998,16353.0,20042.0,,23971.333333333332,,
2020,5,A2314,BILBAO - Erandiogoikoa - UPV/EHU,1706.0,1553.0,88.0,29.0,2.0,0.0,0.0,0.0,17.0,2020-05-01,1,0,,,,,2,5,2020,0.49999999999999994,-0.8660254037844387,437.0,35519.0,,17436.333333333332,,
2020,6,A2314,BILBAO - Erandiogoikoa - UPV/EHU,3366.0,2860.0,202.0,121.0,33.0,0.0,0.0,28.0,39.0,2020-06-01,1,0,,,,,2,6,2020,1.2246467991473532e-16,-1.0,1706.0,16353.0,,6165.333333333333,,
2020,7,A2314,BILBAO - Erandiogoikoa - UPV/EHU,5213.0,4408.0,309.0,153.0,40.0,0.0,0.0,63.0,69.0,2020-07-01,1,0,,,,,3,7,2020,-0.4999999999999997,-0.8660254037844388,3366.0,437.0,,1836.3333333333333,12903.833333333334,
2020,8,A2314,BILBAO - Erandiogoikoa - UPV/EHU,1377.0,1173.0,70.0,79.0,5.0,0.0,0.0,4.0,5.0,2020-08-01,1,0,,,,,3,8,2020,-0.8660254037844385,-0.5000000000000004,5213.0,1706.0,,3428.3333333333335,10432.333333333334,
2020,9,A2314,BILBAO - Erandiogoikoa - UPV/EHU,21509.0,16680.0,202.0,1905.0,518.0,0.0,0.0,33.0,48.0,2020-09-01,1,0,,,,,3,9,2020,-1.0,-1.8369701987210297e-16,1377.0,3366.0,,3318.6666666666665,4742.0,
2020,10,A2314,BILBAO - Erandiogoikoa - UPV/EHU,30232.0,22618.0,236.0,3417.0,873.0,0.0,0.0,23.0,73.0,2020-10-01,1,0,,,,,4,10,2020,-0.8660254037844386,0.5000000000000001,21509.0,5213.0,,9366.333333333334,5601.333333333333,
2020,11,A2314,BILBAO - Erandiogoikoa - UPV/EHU,29894.0,22450.0,230.0,3225.0,795.0,0.0,0.0,25.0,58.0,2020-11-01,1,0,,,,,4,11,2020,-0.5000000000000004,0.8660254037844384,30232.0,1377.0,,17706.0,10567.166666666666,
2020,12,A2314,BILBAO - Erandiogoikoa - UPV/EHU,17809.0,13803.0,210.0,1557.0,413.0,8.0,0.0,22.0,58.0,2020-12-01,1,0,,,,,4,12,2020,-2.4492935982947064e-16,1.0,29894.0,21509.0,,27211.666666666668,15265.166666666666,
2021,1,A2314,BILBAO - Erandiogoikoa - UPV/EHU,16376.0,13001.0,196.0,1209.0,368.0,154.0,1.0,32.0,67.0,2021-01-01,1,0,27538.0,724.0,2294.8333333333335,7.136030212796862,1,1,2021,0.49999999999999994,0.8660254037844387,17809.0,30232.0,20042.0,25978.333333333332,17672.333333333332,15288.083333333334
2021,2,A2314,BILBAO - Erandiogoikoa - UPV/EHU,27285.0,20544.0,234.0,2859.0,607.0,273.0,0.0,50.0,83.0,2021-02-01,1,0,27538.0,724.0,2294.8333333333335,11.889752342218026,1,2,2021,0.8660254037844386,0.5000000000000001,16376.0,29894.0,35519.0,21359.666666666668,19532.833333333332,14982.583333333334
2021,3,A2314,BILBAO - Erandiogoikoa - UPV/EHU,27217.0,20312.0,287.0,2794.0,652.0,291.0,2.0,56.0,130.0,2021-03-01,1,0,27538.0,724.0,2294.8333333333335,11.860120560679787,1,3,2021,1.0,6.123233995736766e-17,27285.0,17809.0,16353.0,20490.0,23850.833333333332,14296.416666666666
2021,4,A2314,BILBAO - Erandiogoikoa - UPV/EHU,19528.0,14824.0,159.0,1940.0,485.0,245.0,1.0,39.0,80.0,2021-04-01,1,0,27538.0,724.0,2294.8333333333335,8.509550439392838,2,4,2021,0.8660254037844387,-0.4999999999999998,27217.0,16376.0,437.0,23626.0,24802.166666666668,15201.75
2021,5,A2314,BILBAO - Erandiogoikoa - UPV/EHU,20302.0,15901.0,256.0,1417.0,396.0,326.0,1.0,42.0,107.0,2021-05-01,1,0,27538.0,724.0,2294.8333333333335,8.846829835136901,2,5,2021,0.49999999999999994,-0.8660254037844387,19528.0,27285.0,1706.0,24676.666666666668,23018.166666666668,16792.666666666668
2021,6,A2314,BILBAO - Erandiogoikoa - UPV/EHU,11032.0,8899.0,311.0,479.0,146.0,231.0,0.0,21.0,107.0,2021-06-01,1,0,27538.0,724.0,2294.8333333333335,4.807320793085918,2,6,2021,1.2246467991473532e-16,-1.0,20302.0,27217.0,3366.0,22349.0,21419.5,18342.333333333332
2021,7,A2314,BILBAO - Erandiogoikoa - UPV/EHU,6682.0,5266.0,301.0,339.0,102.0,268.0,0.0,24.0,79.0,2021-07-01,1,0,27538.0,724.0,2294.8333333333335,2.9117582976250995,3,7,2021,-0.4999999999999997,-0.8660254037844388,11032.0,19528.0,5213.0,16954.0,20290.0,18981.166666666668
2021,8,A2314,BILBAO - Erandiogoikoa - UPV/EHU,1352.0,1057.0,111.0,40.0,33.0,26.0,0.0,9.0,16.0,2021-08-01,1,0,27538.0,724.0,2294.8333333333335,0.5891495388190863,3,8,2021,-0.8660254037844385,-0.5000000000000004,6682.0,20302.0,1377.0,12672.0,18674.333333333332,19103.583333333332
2021,9,A2314,BILBAO - Erandiogoikoa - UPV/EHU,26219.0,20272.0,278.0,1871.0,616.0,573.0,0.0,21.0,82.0,2021-09-01,1,0,27538.0,724.0,2294.8333333333335,11.425230590456822,3,9,2021,-1.0,-1.8369701987210297e-16,1352.0,11032.0,21509.0,6355.333333333333,14352.166666666666,19101.5
2021,10,A2314,BILBAO - Erandiogoikoa - UPV/EHU,36563.0,26748.0,356.0,3795.0,942.0,689.0,2.0,17.0,103.0,2021-10-01,1,0,27538.0,724.0,2294.8333333333335,15.932747476214685,4,10,2021,-0.8660254037844386,0.5000000000000001,26219.0,6682.0,30232.0,11417.666666666666,14185.833333333334,19494.0
2021,11,A2314,BILBAO - Erandiogoikoa - UPV/EHU,39404.0,28121.0,326.0,4749.0,1172.0,743.0,3.0,39.0,131.0,2021-11-01,1,0,27538.0,724.0,2294.8333333333335,17.170745878422544,4,11,2021,-0.5000000000000004,0.8660254037844384,36563.0,1352.0,29894.0,21378.0,17025.0,20021.583333333332
2021,12,A2314,BILBAO - Erandiogoikoa - UPV/EHU,21247.0,15725.0,217.0,2029.0,517.0,465.0,0.0,23.0,80.0,2021-12-01,1,0,27538.0,724.0,2294.8333333333335,9.258624446219768,4,12,2021,-2.4492935982947064e-16,1.0,39404.0,26219.0,17809.0,34062.0,20208.666666666668,20814.083333333332
2022,1,A2314,BILBAO - Erandiogoikoa - UPV/EHU,17906.0,13660.0,235.0,1409.0,483.0,370.0,0.0,41.0,71.0,2022-01-01,0,0,27159.0,708.0,2263.25,7.9116315033690485,1,1,2022,0.49999999999999994,0.8660254037844387,21247.0,36563.0,16376.0,32404.666666666668,21911.166666666668,21100.583333333332
2022,2,A2314,BILBAO - Erandiogoikoa - UPV/EHU,34501.0,24705.0,359.0,4104.0,969.0,674.0,2.0,49.0,94.0,2022-02-01,0,0,27159.0,708.0,2263.25,15.244007511322213,1,2,2022,0.8660254037844386,0.5000000000000001,17906.0,39404.0,27285.0,26185.666666666668,23781.833333333332,21228.083333333332
2022,3,A2314,BILBAO - Erandiogoikoa - UPV/EHU,37853.0,27347.0,359.0,4482.0,1015.0,714.0,3.0,56.0,92.0,2022-03-01,0,0,27159.0,708.0,2263.25,16.725063514856952,1,3,2022,1.0,6.123233995736766e-17,34501.0,21247.0,27217.0,24551.333333333332,29306.666666666668,21829.416666666668
2022,4,A2314,BILBAO - Erandiogoikoa - UPV/EHU,21545.0,16171.0,225.0,2012.0,512.0,447.0,1.0,44.0,75.0,2022-04-01,0,0,27159.0,708.0,2263.25,9.519496299569203,2,4,2022,0.8660254037844387,-0.4999999999999998,37853.0,17906.0,19528.0,30086.666666666668,31245.666666666668,22715.75
2022,5,A2314,BILBAO - Erandiogoikoa - UPV/EHU,25147.0,18755.0,318.0,2304.0,607.0,536.0,1.0,55.0,100.0,2022-05-01,0,0,27159.0,708.0,2263.25,11.111012923892632,2,5,2022,0.49999999999999994,-0.8660254037844387,21545.0,34501.0,20302.0,31299.666666666668,28742.666666666668,22883.833333333332
2022,6,A2314,BILBAO - Erandiogoikoa - UPV/EHU,13467.0,10649.0,376.0,500.0,228.0,464.0,3.0,53.0,90.0,2022-06-01,0,0,27159.0,708.0,2263.25,5.95029272064509,2,6,2022,1.2246467991473532e-16,-1.0,25147.0,37853.0,11032.0,28181.666666666668,26366.5,23287.583333333332
2022,7,A2314,BILBAO - Erandiogoikoa - UPV/EHU,6524.0,5649.0,231.0,15.0,,290.0,1.0,47.0,52.0,2022-07-01,0,0,27159.0,708.0,2263.25,2.8825803601016236,3,7,2022,-0.4999999999999997,-0.8660254037844388,13467.0,21545.0,6682.0,20053.0,25069.833333333332,23490.5
2022,8,A2314,BILBAO - Erandiogoikoa - UPV/EHU,1047.0,866.0,52.0,18.0,15.0,22.0,0.0,11.0,23.0,2022-08-01,0,0,27159.0,708.0,2263.25,0.46260907986302885,3,8,2022,-0.8660254037844385,-0.5000000000000004,6524.0,25147.0,1352.0,15046.0,23172.833333333332,23477.333333333332
2020,1,A3930,BILBAO - GALDAKAO (Autopista),21659.0,14724.0,2166.0,1993.0,808.0,827.0,0.0,155.0,259.0,2020-01-01,1,0,,,,,1,1,2020,0.49999999999999994,0.8660254037844387,,,,,,
2020,2,A3930,BILBAO - GALDAKAO (Autopista),25019.0,15075.0,2487.0,3866.0,1473.0,772.0,0.0,178.0,325.0,2020-02-01,1,0,,,,,1,2,2020,0.8660254037844386,0.5000000000000001,21659.0,,,,,
2020,3,A3930,BILBAO - GALDAKAO (Autopista),11397.0,7272.0,923.0,1632.0,751.0,291.0,0.0,51.0,102.0,2020-03-01,1,0,,,,,1,3,2020,1.0,6.123233995736766e-17,25019.0,,,,,
2020,4,A3930,BILBAO - GALDAKAO (Autopista),1185.0,1136.0,22.0,0.0,19.0,0.0,0.0,0.0,3.0,2020-04-01,1,0,,,,,2,4,2020,0.8660254037844387,-0.4999999999999998,11397.0,21659.0,,19358.333333333332,,
2020,5,A3930,BILBAO - GALDAKAO (Autopista),4435.0,4036.0,320.0,7.0,9.0,0.0,0.0,1.0,9.0,2020-05-01,1,0,,,,,2,5,2020,0.49999999999999994,-0.8660254037844387,1185.0,25019.0,,12533.666666666666,,
2020,6,A3930,BILBAO - GALDAKAO (Autopista),10725.0,8979.0,965.0,209.0,206.0,0.0,0.0,23.0,58.0,2020-06-01,1,0,,,,,2,6,2020,1.2246467991473532e-16,-1.0,4435.0,11397.0,,5672.333333333333,,
2020,7,A3930,BILBAO - GALDAKAO (Autopista),12039.0,10187.0,1062.0,278.0,215.0,0.0,0.0,37.0,47.0,2020-07-01,1,0,,,,,3,7,2020,-0.4999999999999997,-0.8660254037844388,10725.0,1185.0,,5448.333333333333,12403.333333333334,
2020,8,A3930,BILBAO - GALDAKAO (Autopista),0.0,0.0,0.0,0.0,0.0,0.0,0.0,0.0,0.0,2020-08-01,1,0,,,,,3,8,2020,-0.8660254037844385,-0.5000000000000004,12039.0,4435.0,,9066.333333333334,10800.0,
2020,9,A3930,BILBAO - GALDAKAO (Autopista),15450.0,11305.0,1071.0,1782.0,649.0,0.0,0.0,25.0,42.0,2020-09-01,1,0,,,,,3,9,2020,-1.0,-1.8369701987210297e-16,0.0,10725.0,,7588.0,6630.166666666667,
2020,10,A3930,BILBAO - GALDAKAO (Autopista),17838.0,12141.0,1032.0,2853.0,987.0,0.0,0.0,14.0,45.0,2020-10-01,1,0,,,,,4,10,2020,-0.8660254037844386,0.5000000000000001,15450.0,12039.0,,9163.0,7305.666666666667,
2020,11,A3930,BILBAO - GALDAKAO (Autopista),16088.0,11105.0,900.0,2527.0,813.0,0.0,0.0,12.0,18.0,2020-11-01,1,0,,,,,4,11,2020,-0.5000000000000004,0.8660254037844384,17838.0,0.0,,11096.0,10081.166666666666,
2020,12,A3930,BILBAO - GALDAKAO (Autopista),14567.0,10772.0,1138.0,1429.0,573.0,40.0,0.0,11.0,59.0,2020-12-01,1,0,,,,,4,12,2020,-2.4492935982947064e-16,1.0,16088.0,15450.0,,16458.666666666668,12023.333333333334,
2021,1,A3930,BILBAO - GALDAKAO (Autopista),13925.0,10746.0,843.0,1194.0,428.0,91.0,1.0,48.0,130.0,2021-01-01,1,0,39666.0,696.0,3305.5,4.212675843291484,1,1,2021,0.49999999999999994,0.8660254037844387,14567.0,17838.0,21659.0,16164.333333333334,12663.666666666666,12533.5
2021,2,A3930,BILBAO - GALDAKAO (Autopista),15502.0,10710.0,758.0,2450.0,586.0,128.0,0.0,48.0,175.0,2021-02-01,1,0,39666.0,696.0,3305.5,4.689759491756164,1,2,2021,0.8660254037844386,0.5000000000000001,13925.0,16088.0,25019.0,14860.0,12978.0,11889.0
2021,3,A3930,BILBAO - GALDAKAO (Autopista),18116.0,12620.0,1257.0,2434.0,638.0,204.0,0.0,95.0,212.0,2021-03-01,1,0,39666.0,696.0,3305.5,5.480562698532748,1,3,2021,1.0,6.123233995736766e-17,15502.0,14567.0,11397.0,14664.666666666666,15561.666666666666,11095.916666666666
2021,4,A3930,BILBAO - GALDAKAO (Autopista),14962.0,10741.0,839.0,1826.0,553.0,188.0,1.0,109.0,147.0,2021-04-01,1,0,39666.0,696.0,3305.5,4.526395401603389,2,4,2021,0.8660254037844387,-0.4999999999999998,18116.0,13925.0,1185.0,15847.666666666666,16006.0,11655.833333333334
2021,5,A3930,BILBAO - GALDAKAO (Autopista),16679.0,12134.0,1164.0,1639.0,652.0,242.0,0.0,106.0,193.0,2021-05-01,1,0,39666.0,696.0,3305.5,5.04583270307064,2,5,2021,0.49999999999999994,-0.8660254037844387,14962.0,15502.0,4435.0,16193.333333333334,15526.666666666666,12803.916666666666
2021,6,A3930,BILBAO - GALDAKAO (Autopista),18170.0,13683.0,1554.0,1289.0,482.0,307.0,1.0,142.0,188.0,2021-06-01,1,0,39666.0,696.0,3305.5,5.496899107548026,2,6,2021,1.2246467991473532e-16,-1.0,16679.0,18116.0,10725.0,16585.666666666668,15625.166666666666,13824.25
2021,7,A3930,BILBAO - GALDAKAO (Autopista),13615.0,10704.0,1184.0,530.0,283.0,340.0,3.0,123.0,128.0,2021-07-01,1,0,39666.0,696.0,3305.5,4.1188927545000755,3,7,2021,-0.4999999999999997,-0.8660254037844388,18170.0,14962.0,12039.0,16603.666666666668,16225.666666666666,14444.666666666666
2021,8,A3930,BILBAO - GALDAKAO (Autopista),2.0,1.0,0.0,1.0,0.0,0.0,0.0,0.0,0.0,2021-08-01,1,0,39666.0,696.0,3305.5,0.000605052185751021,3,8,2021,-0.8660254037844385,-0.5000000000000004,13615.0,16679.0,0.0,16154.666666666666,16174.0,14576.0
2021,9,A3930,BILBAO - GALDAKAO (Autopista),17688.0,12076.0,1476.0,2230.0,705.0,332.0,1.0,108.0,191.0,2021-09-01,1,0,39666.0,696.0,3305.5,5.35108153078203,3,9,2021,-1.0,-1.8369701987210297e-16,2.0,18170.0,15450.0,10595.666666666666,13590.666666666666,14576.166666666666
2021,10,A3930,BILBAO - GALDAKAO (Autopista),21109.0,13179.0,1864.0,3339.0,1259.0,463.0,0.0,119.0,171.0,2021-10-01,1,0,39666.0,696.0,3305.5,6.386023294509151,4,10,2021,-0.8660254037844386,0.5000000000000001,17688.0,13615.0,17838.0,10435.0,13519.333333333334,14762.666666666666
2021,11,A3930,BILBAO - GALDAKAO (Autopista),22543.0,14006.0,1998.0,3337.0,1571.0,488.0,1.0,115.0,190.0,2021-11-01,1,0,39666.0,696.0,3305.5,6.819845711692634,4,11,2021,-0.5000000000000004,0.8660254037844384,21109.0,2.0,16088.0,12933.0,14543.833333333334,15035.25
2021,12,A3930,BILBAO - GALDAKAO (Autopista),17843.0,12161.0,1673.0,1787.0,941.0,447.0,3.0,107.0,155.0,2021-12-01,1,0,39666.0,696.0,3305.5,5.397973075177734,4,12,2021,-2.4492935982947064e-16,1.0,22543.0,17688.0,14567.0,20446.666666666668,15521.166666666666,15573.166666666666
2022,1,A3930,BILBAO - GALDAKAO (Autopista),16728.0,11869.0,1600.0,1330.0,752.0,402.0,0.0,90.0,165.0,2022-01-01,0,0,39780.0,698.0,3315.0,5.046153846153846,1,1,2022,0.49999999999999994,0.8660254037844387,17843.0,21109.0,13925.0,20498.333333333332,15466.666666666666,15846.166666666666
2022,2,A3930,BILBAO - GALDAKAO (Autopista),20419.0,12894.0,1828.0,2895.0,1282.0,422.0,1.0,133.0,227.0,2022-02-01,0,0,39780.0,698.0,3315.0,6.159577677224736,1,2,2022,0.8660254037844386,0.5000000000000001,16728.0,22543.0,15502.0,19038.0,15985.5,16079.75
2022,3,A3930,BILBAO - GALDAKAO (Autopista),25761.0,16316.0,2354.0,3976.0,1382.0,490.0,0.0,136.0,284.0,2022-03-01,0,0,39780.0,698.0,3315.0,7.7710407239819,1,3,2022,1.0,6.123233995736766e-17,20419.0,17843.0,18116.0,18330.0,19388.333333333332,16489.5
2022,4,A3930,BILBAO - GALDAKAO (Autopista),16622.0,11161.0,1692.0,1944.0,647.0,366.0,0.0,111.0,216.0,2022-04-01,0,0,39780.0,698.0,3315.0,5.014177978883861,2,4,2022,0.8660254037844387,-0.4999999999999998,25761.0,16728.0,14962.0,20969.333333333332,20733.833333333332,17126.583333333332
2022,5,A3930,BILBAO - GALDAKAO (Autopista),20568.0,14218.0,2001.0,2249.0,728.0,392.0,2.0,115.0,219.0,2022-05-01,0,0,39780.0,698.0,3315.0,6.204524886877828,2,5,2022,0.49999999999999994,-0.8660254037844387,16622.0,20419.0,16679.0,20934.0,19986.0,17264.916666666668
2022,6,A3930,BILBAO - GALDAKAO (Autopista),19236.0,14148.0,2160.0,988.0,435.0,421.0,0.0,118.0,253.0,2022-06-01,0,0,39780.0,698.0,3315.0,5.802714932126697,2,6,2022,1.2246467991473532e-16,-1.0,20568.0,25761.0,18170.0,20983.666666666668,19656.833333333332,17589.0
2022,7,A3930,BILBAO - GALDAKAO (Autopista),14512.0,10901.0,1568.0,481.0,387.0,465.0,1.0,125.0,176.0,2022-07-01,0,0,39780.0,698.0,3315.0,4.377677224736049,3,7,2022,-0.4999999999999997,-0.8660254037844388,19236.0,16622.0,13615.0,18808.666666666668,19889.0,17677.833333333332
2022,8,A3930,BILBAO - GALDAKAO (Autopista),1.0,1.0,0.0,0.0,0.0,0.0,0.0,0.0,0.0,2022-08-01,0,0,39780.0,698.0,3315.0,0.00030165912518853697,3,8,2022,-0.8660254037844385,-0.5000000000000004,14512.0,20568.0,2.0,18105.333333333332,19519.666666666668,17752.583333333332
2020,1,A3631,BILBAO - GALDAKAO - LARRABETZU,35924.0,22186.0,6899.0,1148.0,804.0,2507.0,0.0,417.0,760.0,2020-01-01,1,0,,,,,1,1,2020,0.49999999999999994,0.8660254037844387,,,,,,
2020,2,A3631,BILBAO - GALDAKAO - LARRABETZU,35187.0,20980.0,7043.0,1398.0,987.0,2383.0,2.0,469.0,739.0,2020-02-01,1,0,,,,,1,2,2020,0.8660254037844386,0.5000000000000001,35924.0,,,,,
2020,3,A3631,BILBAO - GALDAKAO - LARRABETZU,17086.0,11085.0,2753.0,648.0,489.0,1008.0,0.0,181.0,371.0,2020-03-01,1,0,,,,,1,3,2020,1.0,6.123233995736766e-17,35187.0,,,,,
2020,4,A3631,BILBAO - GALDAKAO - LARRABETZU,3307.0,3016.0,212.0,2.0,27.0,0.0,0.0,5.0,10.0,2020-04-01,1,0,,,,,2,4,2020,0.8660254037844387,-0.4999999999999998,17086.0,35924.0,,29399.0,,
2020,5,A3631,BILBAO - GALDAKAO - LARRABETZU,9610.0,7746.0,1497.0,62.0,49.0,0.0,0.0,16.0,26.0,2020-05-01,1,0,,,,,2,5,2020,0.49999999999999994,-0.8660254037844387,3307.0,35187.0,,18526.666666666668,,
2020,6,A3631,BILBAO - GALDAKAO - LARRABETZU,21584.0,16020.0,4246.0,190.0,261.0,0.0,0.0,123.0,212.0,2020-06-01,1,0,,,,,2,6,2020,1.2246467991473532e-16,-1.0,9610.0,17086.0,,10001.0,,
2020,7,A3631,BILBAO - GALDAKAO - LARRABETZU,18633.0,13688.0,3632.0,164.0,275.0,0.0,0.0,205.0,233.0,2020-07-01,1,0,,,,,3,7,2020,-0.4999999999999997,-0.8660254037844388,21584.0,3307.0,,11500.333333333334,20449.666666666668,
2020,8,A3631,BILBAO - GALDAKAO - LARRABETZU,13037.0,9544.0,2505.0,151.0,199.0,0.0,0.0,163.0,198.0,2020-08-01,1,0,,,,,3,8,2020,-0.8660254037844385,-0.5000000000000004,18633.0,9610.0,,16609.0,17567.833333333332,
2020,9,A3631,BILBAO - GALDAKAO - LARRABETZU,24516.0,17850.0,4184.0,721.0,502.0,0.0,0.0,184.0,332.0,2020-09-01,1,0,,,,,3,9,2020,-1.0,-1.8369701987210297e-16,13037.0,21584.0,,17751.333333333332,13876.166666666666,
2020,10,A3631,BILBAO - GALDAKAO - LARRABETZU,26409.0,18515.0,4227.0,1270.0,914.0,0.0,0.0,163.0,392.0,2020-10-01,1,0,,,,,4,10,2020,-0.8660254037844386,0.5000000000000001,24516.0,18633.0,,18728.666666666668,15114.5,
2020,11,A3631,BILBAO - GALDAKAO - LARRABETZU,23531.0,16634.0,3516.0,1148.0,791.0,0.0,0.0,152.0,407.0,2020-11-01,1,0,,,,,4,11,2020,-0.5000000000000004,0.8660254037844384,26409.0,13037.0,,21320.666666666668,18964.833333333332,
2020,12,A3631,BILBAO - GALDAKAO - LARRABETZU,24860.0,17570.0,4126.0,855.0,745.0,138.0,0.0,186.0,461.0,2020-12-01,1,0,,,,,4,12,2020,-2.4492935982947064e-16,1.0,23531.0,24516.0,,24818.666666666668,21285.0,
2021,1,A3631,BILBAO - GALDAKAO - LARRABETZU,22859.0,15927.0,3589.0,926.0,671.0,386.0,0.0,119.0,527.0,2021-01-01,1,0,77691.0,909.0,6474.25,3.5307564582770206,1,1,2021,0.49999999999999994,0.8660254037844387,24860.0,26409.0,35924.0,24933.333333333332,21831.0,21140.333333333332
2021,2,A3631,BILBAO - GALDAKAO - LARRABETZU,22119.0,15248.0,3131.0,1086.0,685.0,576.0,11.0,169.0,515.0,2021-02-01,1,0,77691.0,909.0,6474.25,3.4164575047302774,1,2,2021,0.8660254037844386,0.5000000000000001,22859.0,23531.0,35187.0,23750.0,22535.333333333332,20051.583333333332
2021,3,A3631,BILBAO - GALDAKAO - LARRABETZU,27487.0,18387.0,4657.0,1229.0,836.0,767.0,0.0,287.0,553.0,2021-03-01,1,0,77691.0,909.0,6474.25,4.245588292080163,1,3,2021,1.0,6.123233995736766e-17,22119.0,24860.0,17086.0,23279.333333333332,24049.0,18962.583333333332
2021,4,A3631,BILBAO - GALDAKAO - LARRABETZU,23233.0,15516.0,3773.0,996.0,762.0,793.0,12.0,350.0,408.0,2021-04-01,1,0,77691.0,909.0,6474.25,3.5885237672317256,2,4,2021,0.8660254037844387,-0.4999999999999998,27487.0,22859.0,3307.0,24155.0,24544.166666666668,19829.333333333332
2021,5,A3631,BILBAO - GALDAKAO - LARRABETZU,27115.0,18050.0,4562.0,1112.0,866.0,1001.0,0.0,326.0,556.0,2021-05-01,1,0,77691.0,909.0,6474.25,4.1881298992161256,2,5,2021,0.49999999999999994,-0.8660254037844387,23233.0,22119.0,9610.0,24279.666666666668,24014.833333333332,21489.833333333332
2021,6,A3631,BILBAO - GALDAKAO - LARRABETZU,31210.0,21326.0,5497.0,796.0,690.0,1217.0,0.0,375.0,573.0,2021-06-01,1,0,77691.0,909.0,6474.25,4.820635594856547,2,6,2021,1.2246467991473532e-16,-1.0,27115.0,27487.0,21584.0,25945.0,24612.166666666668,22948.583333333332
2021,7,A3631,BILBAO - GALDAKAO - LARRABETZU,21423.0,14257.0,4106.0,293.0,396.0,1102.0,13.0,431.0,339.0,2021-07-01,1,0,77691.0,909.0,6474.25,3.308954705178206,3,7,2021,-0.4999999999999997,-0.8660254037844388,31210.0,23233.0,18633.0,27186.0,25670.5,23750.75
2021,8,A3631,BILBAO - GALDAKAO - LARRABETZU,15605.0,10141.0,2853.0,214.0,332.0,1093.0,2.0,345.0,267.0,2021-08-01,1,0,77691.0,909.0,6474.25,2.4103177974282737,3,8,2021,-0.8660254037844385,-0.5000000000000004,21423.0,27115.0,13037.0,26582.666666666668,25431.166666666668,23983.25
2021,9,A3631,BILBAO - GALDAKAO - LARRABETZU,27209.0,17782.0,4556.0,1163.0,620.0,1322.0,1.0,365.0,536.0,2021-09-01,1,0,77691.0,909.0,6474.25,4.202648955477469,3,9,2021,-1.0,-1.8369701987210297e-16,15605.0,31210.0,24516.0,22746.0,24345.5,24197.25
2021,10,A3631,BILBAO - GALDAKAO - LARRABETZU,30332.0,19122.0,5456.0,1595.0,960.0,1410.0,5.0,416.0,552.0,2021-10-01,1,0,77691.0,909.0,6474.25,4.68502143105379,4,10,2021,-0.8660254037844386,0.5000000000000001,27209.0,21423.0,26409.0,21412.333333333332,24299.166666666668,24421.666666666668
2021,11,A3631,BILBAO - GALDAKAO - LARRABETZU,30149.0,19074.0,5180.0,1727.0,1026.0,1347.0,1.0,384.0,503.0,2021-11-01,1,0,77691.0,909.0,6474.25,4.656755608757771,4,11,2021,-0.5000000000000004,0.8660254037844384,30332.0,15605.0,23531.0,24382.0,25482.333333333332,24748.583333333332
2021,12,A3631,BILBAO - GALDAKAO - LARRABETZU,28569.0,18539.0,4918.0,1144.0,762.0,1381.0,8.0,406.0,488.0,2021-12-01,1,0,77691.0,909.0,6474.25,4.412711897130942,4,12,2021,-2.4492935982947064e-16,1.0,30149.0,27209.0,24860.0,29230.0,25988.0,25300.083333333332
2022,1,A3631,BILBAO - GALDAKAO - LARRABETZU,25677.0,16380.0,4501.0,1350.0,708.0,1194.0,2.0,376.0,451.0,2022-01-01,0,0,77872.0,909.0,6489.333333333333,3.956800904047668,1,1,2022,0.49999999999999994,0.8660254037844387,28569.0,30332.0,22859.0,29683.333333333332,25547.833333333332,25609.166666666668
2022,2,A3631,BILBAO - GALDAKAO - LARRABETZU,27162.0,17119.0,4869.0,1437.0,865.0,1245.0,2.0,410.0,474.0,2022-02-01,0,0,77872.0,909.0,6489.333333333333,4.1856379700020545,1,2,2022,0.8660254037844386,0.5000000000000001,25677.0,30149.0,22119.0,28131.666666666668,26256.833333333332,25844.0
2022,3,A3631,BILBAO - GALDAKAO - LARRABETZU,30294.0,19118.0,5468.0,1577.0,909.0,1366.0,6.0,467.0,560.0,2022-03-01,0,0,77872.0,909.0,6489.333333333333,4.6682761454694885,1,3,2022,1.0,6.123233995736766e-17,27162.0,28569.0,27487.0,27136.0,28183.0,26264.25
2022,4,A3631,BILBAO - GALDAKAO - LARRABETZU,24395.0,15353.0,4319.0,1095.0,588.0,1371.0,1.0,446.0,481.0,2022-04-01,0,0,77872.0,909.0,6489.333333333333,3.7592459420587634,2,4,2022,0.8660254037844387,-0.4999999999999998,30294.0,25677.0,23233.0,27711.0,28697.166666666668,26498.166666666668
2022,5,A3631,BILBAO - GALDAKAO - LARRABETZU,28543.0,18002.0,5105.0,1262.0,706.0,1601.0,3.0,462.0,557.0,2022-05-01,0,0,77872.0,909.0,6489.333333333333,4.398448736387919,2,5,2022,0.49999999999999994,-0.8660254037844387,24395.0,27162.0,27115.0,27283.666666666668,27707.666666666668,26595.0
2022,6,A3631,BILBAO - GALDAKAO - LARRABETZU,29612.0,19356.0,5341.0,865.0,532.0,1670.0,3.0,485.0,537.0,2022-06-01,0,0,77872.0,909.0,6489.333333333333,4.563180604068215,2,6,2022,1.2246467991473532e-16,-1.0,28543.0,30294.0,31210.0,27744.0,27440.0,26714.0
2022,7,A3631,BILBAO - GALDAKAO - LARRABETZU,21890.0,14123.0,4091.0,391.0,444.0,1445.0,7.0,522.0,284.0,2022-07-01,0,0,77872.0,909.0,6489.333333333333,3.373227861105404,3,7,2022,-0.4999999999999997,-0.8660254037844388,29612.0,24395.0,21423.0,27516.666666666668,27613.833333333332,26580.833333333332
2022,8,A3631,BILBAO - GALDAKAO - LARRABETZU,23645.0,15959.0,3740.0,373.0,349.0,1624.0,8.0,654.0,372.0,2022-08-01,0,0,77872.0,909.0,6489.333333333333,3.6436716663242246,3,8,2022,-0.8660254037844385,-0.5000000000000004,21890.0,28543.0,15605.0,26681.666666666668,26982.666666666668,26619.75
2020,1,A3144,BILBAO - Gurutzeta/Cruces - BARAKALDO (Ugarte),53643.0,34074.0,7433.0,1400.0,1425.0,4133.0,5.0,1203.0,2126.0,2020-01-01,1,0,,,,,1,1,2020,0.49999999999999994,0.8660254037844387,,,,,,
2020,2,A3144,BILBAO - Gurutzeta/Cruces - BARAKALDO (Ugarte),49953.0,31279.0,7110.0,1469.0,1481.0,3852.0,3.0,1106.0,2098.0,2020-02-01,1,0,,,,,1,2,2020,0.8660254037844386,0.5000000000000001,53643.0,,,,,
2020,3,A3144,BILBAO - Gurutzeta/Cruces - BARAKALDO (Ugarte),23458.0,15762.0,2681.0,767.0,726.0,1596.0,3.0,338.0,860.0,2020-03-01,1,0,,,,,1,3,2020,1.0,6.123233995736766e-17,49953.0,,,,,
2020,4,A3144,BILBAO - Gurutzeta/Cruces - BARAKALDO (Ugarte),5171.0,4595.0,288.0,34.0,50.0,0.0,0.0,9.0,90.0,2020-04-01,1,0,,,,,2,4,2020,0.8660254037844387,-0.4999999999999998,23458.0,53643.0,,42351.333333333336,,
2020,5,A3144,BILBAO - Gurutzeta/Cruces - BARAKALDO (Ugarte),13915.0,11550.0,1537.0,89.0,120.0,0.0,0.0,72.0,280.0,2020-05-01,1,0,,,,,2,5,2020,0.49999999999999994,-0.8660254037844387,5171.0,49953.0,,26194.0,,
2020,6,A3144,BILBAO - Gurutzeta/Cruces - BARAKALDO (Ugarte),34049.0,26604.0,4389.0,409.0,511.0,0.0,0.0,448.0,871.0,2020-06-01,1,0,,,,,2,6,2020,1.2246467991473532e-16,-1.0,13915.0,23458.0,,14181.333333333334,,
2020,7,A3144,BILBAO - Gurutzeta/Cruces - BARAKALDO (Ugarte),37150.0,28898.0,4449.0,854.0,623.0,0.0,0.0,603.0,728.0,2020-07-01,1,0,,,,,3,7,2020,-0.4999999999999997,-0.8660254037844388,34049.0,5171.0,,17711.666666666668,30031.5,
2020,8,A3144,BILBAO - Gurutzeta/Cruces - BARAKALDO (Ugarte),29307.0,23160.0,3315.0,534.0,357.0,0.0,0.0,616.0,613.0,2020-08-01,1,0,,,,,3,8,2020,-0.8660254037844385,-0.5000000000000004,37150.0,13915.0,,28371.333333333332,27282.666666666668,
2020,9,A3144,BILBAO - Gurutzeta/Cruces - BARAKALDO (Ugarte),38571.0,29536.0,4250.0,1063.0,852.0,0.0,0.0,599.0,1083.0,2020-09-01,1,0,,,,,3,9,2020,-1.0,-1.8369701987210297e-16,29307.0,34049.0,,33502.0,23841.666666666668,
2020,10,A3144,BILBAO - Gurutzeta/Cruces - BARAKALDO (Ugarte),40278.0,29882.0,4673.0,1360.0,1252.0,0.0,0.0,587.0,1304.0,2020-10-01,1,0,,,,,4,10,2020,-0.8660254037844386,0.5000000000000001,38571.0,37150.0,,35009.333333333336,26360.5,
2020,11,A3144,BILBAO - Gurutzeta/Cruces - BARAKALDO (Ugarte),34663.0,25987.0,3784.0,1319.0,968.0,0.0,0.0,491.0,1100.0,2020-11-01,1,0,,,,,4,11,2020,-0.5000000000000004,0.8660254037844384,40278.0,29307.0,,36052.0,32211.666666666668,
2020,12,A3144,BILBAO - Gurutzeta/Cruces - BARAKALDO (Ugarte),40349.0,30216.0,4507.0,1303.0,966.0,285.0,0.0,527.0,1236.0,2020-12-01,1,0,,,,,4,12,2020,-2.4492935982947064e-16,1.0,34663.0,38571.0,,37837.333333333336,35669.666666666664,
2021,1,A3144,BILBAO - Gurutzeta/Cruces - BARAKALDO (Ugarte),37063.0,27179.0,3850.0,1219.0,884.0,797.0,0.0,625.0,1388.0,2021-01-01,1,0,51592.0,748.0,4299.333333333333,8.62063885873779,1,1,2021,0.49999999999999994,0.8660254037844387,40349.0,40278.0,53643.0,38430.0,36719.666666666664,33375.583333333336
2021,2,A3144,BILBAO - Gurutzeta/Cruces - BARAKALDO (Ugarte),36531.0,26135.0,3983.0,1285.0,853.0,1190.0,0.0,631.0,1313.0,2021-02-01,1,0,51592.0,748.0,4299.333333333333,8.496898743991316,1,2,2021,0.8660254037844386,0.5000000000000001,37063.0,34663.0,49953.0,37358.333333333336,36705.166666666664,31993.916666666668
2021,3,A3144,BILBAO - Gurutzeta/Cruces - BARAKALDO (Ugarte),38424.0,26782.0,4501.0,1287.0,931.0,1395.0,0.0,705.0,1595.0,2021-03-01,1,0,51592.0,748.0,4299.333333333333,8.937199565824159,1,3,2021,1.0,6.123233995736766e-17,36531.0,40349.0,23458.0,37981.0,37909.166666666664,30875.416666666668
2021,4,A3144,BILBAO - Gurutzeta/Cruces - BARAKALDO (Ugarte),36150.0,25339.0,4117.0,1224.0,993.0,1395.0,0.0,667.0,1410.0,2021-04-01,1,0,51592.0,748.0,4299.333333333333,8.408280353543185,2,4,2021,0.8660254037844387,-0.4999999999999998,38424.0,37063.0,5171.0,37339.333333333336,37884.666666666664,32122.583333333332
2021,5,A3144,BILBAO - Gurutzeta/Cruces - BARAKALDO (Ugarte),43014.0,29653.0,5251.0,1558.0,1214.0,1779.0,1.0,864.0,1445.0,2021-05-01,1,0,51592.0,748.0,4299.333333333333,10.00480694681346,2,5,2021,0.49999999999999994,-0.8660254037844387,36150.0,36531.0,13915.0,37035.0,37196.666666666664,34704.166666666664
2021,6,A3144,BILBAO - Gurutzeta/Cruces - BARAKALDO (Ugarte),44404.0,31023.0,5121.0,1358.0,986.0,2145.0,7.0,933.0,1488.0,2021-06-01,1,0,51592.0,748.0,4299.333333333333,10.328112885718717,2,6,2021,1.2246467991473532e-16,-1.0,43014.0,38424.0,34049.0,39196.0,38588.5,37129.083333333336
2021,7,A3144,BILBAO - Gurutzeta/Cruces - BARAKALDO (Ugarte),41994.0,29341.0,4824.0,1025.0,918.0,2362.0,12.0,1071.0,1259.0,2021-07-01,1,0,51592.0,748.0,4299.333333333333,9.767560862149171,3,7,2021,-0.4999999999999997,-0.8660254037844388,44404.0,36150.0,37150.0,41189.333333333336,39264.333333333336,37992.0
2021,8,A3144,BILBAO - Gurutzeta/Cruces - BARAKALDO (Ugarte),33618.0,23720.0,3561.0,623.0,755.0,2306.0,5.0,909.0,875.0,2021-08-01,1,0,51592.0,748.0,4299.333333333333,7.819351837494185,3,8,2021,-0.8660254037844385,-0.5000000000000004,41994.0,43014.0,29307.0,43137.333333333336,40086.166666666664,38395.666666666664
2021,9,A3144,BILBAO - Gurutzeta/Cruces - BARAKALDO (Ugarte),43327.0,29522.0,5118.0,1399.0,1049.0,2451.0,2.0,954.0,1555.0,2021-09-01,1,0,51592.0,748.0,4299.333333333333,10.077608931617306,3,9,2021,-1.0,-1.8369701987210297e-16,33618.0,44404.0,38571.0,40005.333333333336,39600.666666666664,38754.916666666664
2021,10,A3144,BILBAO - Gurutzeta/Cruces - BARAKALDO (Ugarte),44088.0,29184.0,5588.0,1511.0,1273.0,2479.0,5.0,975.0,1586.0,2021-10-01,1,0,51592.0,748.0,4299.333333333333,10.254613118312918,4,10,2021,-0.8660254037844386,0.5000000000000001,43327.0,41994.0,40278.0,39646.333333333336,40417.833333333336,39151.25
2021,11,A3144,BILBAO - Gurutzeta/Cruces - BARAKALDO (Ugarte),45456.0,30392.0,5536.0,1727.0,1266.0,2558.0,3.0,916.0,1576.0,2021-11-01,1,0,51592.0,748.0,4299.333333333333,10.572801984803846,4,11,2021,-0.5000000000000004,0.8660254037844384,44088.0,33618.0,34663.0,40344.333333333336,41740.833333333336,39468.75
2021,12,A3144,BILBAO - Gurutzeta/Cruces - BARAKALDO (Ugarte),46174.0,31212.0,5637.0,1476.0,986.0,2927.0,3.0,967.0,1532.0,2021-12-01,1,0,51592.0,748.0,4299.333333333333,10.739804620871453,4,12,2021,-2.4492935982947064e-16,1.0,45456.0,43327.0,40349.0,44290.333333333336,42147.833333333336,40368.166666666664
2022,1,A3144,BILBAO - Gurutzeta/Cruces - BARAKALDO (Ugarte),44449.0,29792.0,5546.0,1544.0,967.0,2637.0,6.0,976.0,1530.0,2022-01-01,0,0,51730.0,750.0,4310.833333333333,10.310999420065727,1,1,2022,0.49999999999999994,0.8660254037844387,46174.0,44088.0,37063.0,45239.333333333336,42442.833333333336,40853.583333333336
2022,2,A3144,BILBAO - Gurutzeta/Cruces - BARAKALDO (Ugarte),43951.0,29283.0,5537.0,1627.0,1003.0,2438.0,5.0,966.0,1570.0,2022-02-01,0,0,51730.0,750.0,4310.833333333333,10.1954765126619,1,2,2022,0.8660254037844386,0.5000000000000001,44449.0,45456.0,36531.0,45359.666666666664,42852.0,41469.083333333336
2022,3,A3144,BILBAO - Gurutzeta/Cruces - BARAKALDO (Ugarte),49898.0,32670.0,6099.0,2070.0,1298.0,2849.0,13.0,1068.0,1954.0,2022-03-01,0,0,51730.0,750.0,4310.833333333333,11.57502416392809,1,3,2022,1.0,6.123233995736766e-17,43951.0,46174.0,38424.0,44858.0,44574.166666666664,42087.416666666664
2022,4,A3144,BILBAO - Gurutzeta/Cruces - BARAKALDO (Ugarte),42956.0,28666.0,4939.0,1612.0,1130.0,2728.0,6.0,1009.0,1500.0,2022-04-01,0,0,51730.0,750.0,4310.833333333333,9.96466267156389,2,4,2022,0.8660254037844387,-0.4999999999999998,49898.0,44449.0,36150.0,46099.333333333336,45669.333333333336,43043.583333333336
2022,5,A3144,BILBAO - Gurutzeta/Cruces - BARAKALDO (Ugarte),48056.0,31562.0,6000.0,1898.0,1203.0,2826.0,2.0,1154.0,1825.0,2022-05-01,0,0,51730.0,750.0,4310.833333333333,11.147728590759714,2,5,2022,0.49999999999999994,-0.8660254037844387,42956.0,43951.0,43014.0,45601.666666666664,45480.666666666664,43610.75
2022,6,A3144,BILBAO - Gurutzeta/Cruces - BARAKALDO (Ugarte),49681.0,33665.0,5921.0,1481.0,860.0,3200.0,8.0,1270.0,1797.0,2022-06-01,0,0,51730.0,750.0,4310.833333333333,11.524685868934855,2,6,2022,1.2246467991473532e-16,-1.0,48056.0,49898.0,44404.0,46970.0,45914.0,44030.916666666664
2022,7,A3144,BILBAO - Gurutzeta/Cruces - BARAKALDO (Ugarte),44171.0,30228.0,5066.0,1073.0,776.0,3291.0,2.0,1260.0,1286.0,2022-07-01,0,0,51730.0,750.0,4310.833333333333,10.246510728784072,3,7,2022,-0.4999999999999997,-0.8660254037844388,49681.0,42956.0,41994.0,46897.666666666664,46498.5,44470.666666666664
2022,8,A3144,BILBAO - Gurutzeta/Cruces - BARAKALDO (Ugarte),40173.0,27327.0,4288.0,919.0,789.0,3517.0,4.0,1229.0,1039.0,2022-08-01,0,0,51730.0,750.0,4310.833333333333,9.319079837618403,3,8,2022,-0.8660254037844385,-0.5000000000000004,44171.0,48056.0,33618.0,47302.666666666664,46452.166666666664,44652.083333333336
2020,1,A3523,BILBAO - Hospital Galdakao Ospitalea - GERNIKA LUMO - AULESTI - LEKEITIO,10622.0,5971.0,2502.0,346.0,263.0,1076.0,1.0,64.0,34.0,2020-01-01,1,0,,,,,1,1,2020,0.49999999999999994,0.8660254037844387,,,,,,
2020,2,A3523,BILBAO - Hospital Galdakao Ospitalea - GERNIKA LUMO - AULESTI - LEKEITIO,11883.0,6459.0,2892.0,593.0,278.0,1078.0,1.0,76.0,41.0,2020-02-01,1,0,,,,,1,2,2020,0.8660254037844386,0.5000000000000001,10622.0,,,,,
2020,3,A3523,BILBAO - Hospital Galdakao Ospitalea - GERNIKA LUMO - AULESTI - LEKEITIO,5314.0,3012.0,1138.0,322.0,143.0,484.0,1.0,9.0,14.0,2020-03-01,1,0,,,,,1,3,2020,1.0,6.123233995736766e-17,11883.0,,,,,
2020,4,A3523,BILBAO - Hospital Galdakao Ospitalea - GERNIKA LUMO - AULESTI - LEKEITIO,1135.0,957.0,152.0,2.0,,0.0,0.0,0.0,3.0,2020-04-01,1,0,,,,,2,4,2020,0.8660254037844387,-0.4999999999999998,5314.0,10622.0,,9273.0,,
2020,5,A3523,BILBAO - Hospital Galdakao Ospitalea - GERNIKA LUMO - AULESTI - LEKEITIO,3051.0,2397.0,555.0,6.0,25.0,0.0,0.0,6.0,5.0,2020-05-01,1,0,,,,,2,5,2020,0.49999999999999994,-0.8660254037844387,1135.0,11883.0,,6110.666666666667,,
2020,6,A3523,BILBAO - Hospital Galdakao Ospitalea - GERNIKA LUMO - AULESTI - LEKEITIO,6368.0,4723.0,1311.0,38.0,54.0,0.0,0.0,15.0,55.0,2020-06-01,1,0,,,,,2,6,2020,1.2246467991473532e-16,-1.0,3051.0,5314.0,,3166.6666666666665,,
2020,7,A3523,BILBAO - Hospital Galdakao Ospitalea - GERNIKA LUMO - AULESTI - LEKEITIO,8069.0,6159.0,1446.0,131.0,62.0,0.0,0.0,26.0,21.0,2020-07-01,1,0,,,,,3,7,2020,-0.4999999999999997,-0.8660254037844388,6368.0,1135.0,,3518.0,6395.5,
2020,8,A3523,BILBAO - Hospital Galdakao Ospitalea - GERNIKA LUMO - AULESTI - LEKEITIO,7401.0,5783.0,1343.0,59.0,35.0,0.0,0.0,26.0,11.0,2020-08-01,1,0,,,,,3,8,2020,-0.8660254037844385,-0.5000000000000004,8069.0,3051.0,,5829.333333333333,5970.0,
2020,9,A3523,BILBAO - Hospital Galdakao Ospitalea - GERNIKA LUMO - AULESTI - LEKEITIO,7688.0,5318.0,1405.0,412.0,182.0,0.0,0.0,28.0,7.0,2020-09-01,1,0,,,,,3,9,2020,-1.0,-1.8369701987210297e-16,7401.0,6368.0,,7279.333333333333,5223.0,
2020,10,A3523,BILBAO - Hospital Galdakao Ospitalea - GERNIKA LUMO - AULESTI - LEKEITIO,7881.0,5308.0,1415.0,536.0,221.0,0.0,0.0,11.0,15.0,2020-10-01,1,0,,,,,4,10,2020,-0.8660254037844386,0.5000000000000001,7688.0,8069.0,,7719.333333333333,5618.666666666667,
2020,11,A3523,BILBAO - Hospital Galdakao Ospitalea - GERNIKA LUMO - AULESTI - LEKEITIO,6255.0,4202.0,985.0,501.0,218.0,0.0,0.0,12.0,11.0,2020-11-01,1,0,,,,,4,11,2020,-0.5000000000000004,0.8660254037844384,7881.0,7401.0,,7656.666666666667,6743.0,
2020,12,A3523,BILBAO - Hospital Galdakao Ospitalea - GERNIKA LUMO - AULESTI - LEKEITIO,6252.0,4452.0,1104.0,243.0,138.0,66.0,0.0,15.0,14.0,2020-12-01,1,0,,,,,4,12,2020,-2.4492935982947064e-16,1.0,6255.0,7688.0,,7274.666666666667,7277.0,
2021,1,A3523,BILBAO - Hospital Galdakao Ospitalea - GERNIKA LUMO - AULESTI - LEKEITIO,5618.0,4073.0,856.0,165.0,113.0,157.0,0.0,14.0,12.0,2021-01-01,1,0,14190.0,909.0,1182.5,4.7509513742071885,1,1,2021,0.49999999999999994,0.8660254037844387,6252.0,7881.0,10622.0,6796.0,7257.666666666667,6826.583333333333
2021,2,A3523,BILBAO - Hospital Galdakao Ospitalea - GERNIKA LUMO - AULESTI - LEKEITIO,6129.0,4134.0,843.0,433.0,175.0,191.0,0.0,26.0,27.0,2021-02-01,1,0,14190.0,909.0,1182.5,5.183086680761099,1,2,2021,0.8660254037844386,0.5000000000000001,5618.0,6255.0,11883.0,6041.666666666667,6849.166666666667,6409.583333333333
2021,3,A3523,BILBAO - Hospital Galdakao Ospitalea - GERNIKA LUMO - AULESTI - LEKEITIO,8417.0,5593.0,1454.0,502.0,175.0,308.0,0.0,54.0,31.0,2021-03-01,1,0,14190.0,909.0,1182.5,7.117970401691332,1,3,2021,1.0,6.123233995736766e-17,6129.0,6252.0,5314.0,5999.666666666667,6637.166666666667,5930.083333333333
2021,4,A3523,BILBAO - Hospital Galdakao Ospitalea - GERNIKA LUMO - AULESTI - LEKEITIO,8162.0,5457.0,1459.0,286.0,163.0,432.0,0.0,65.0,53.0,2021-04-01,1,0,14190.0,909.0,1182.5,6.902325581395349,2,4,2021,0.8660254037844387,-0.4999999999999998,8417.0,5618.0,1135.0,6721.333333333333,6758.666666666667,6188.666666666667
2021,5,A3523,BILBAO - Hospital Galdakao Ospitalea - GERNIKA LUMO - AULESTI - LEKEITIO,8445.0,5379.0,1863.0,271.0,168.0,443.0,0.0,45.0,29.0,2021-05-01,1,0,14190.0,909.0,1182.5,7.141649048625792,2,5,2021,0.49999999999999994,-0.8660254037844387,8162.0,6129.0,3051.0,7569.333333333333,6805.5,6774.25
2021,6,A3523,BILBAO - Hospital Galdakao Ospitalea - GERNIKA LUMO - AULESTI - LEKEITIO,9195.0,6170.0,1814.0,123.0,65.0,677.0,2.0,68.0,41.0,2021-06-01,1,0,14190.0,909.0,1182.5,7.775898520084566,2,6,2021,1.2246467991473532e-16,-1.0,8445.0,8417.0,6368.0,8341.333333333334,7170.5,7223.75
2021,7,A3523,BILBAO - Hospital Galdakao Ospitalea - GERNIKA LUMO - AULESTI - LEKEITIO,9570.0,6313.0,1769.0,43.0,47.0,1027.0,7.0,128.0,51.0,2021-07-01,1,0,14190.0,909.0,1182.5,8.093023255813954,3,7,2021,-0.4999999999999997,-0.8660254037844388,9195.0,8162.0,8069.0,8600.666666666666,7661.0,7459.333333333333
2021,8,A3523,BILBAO - Hospital Galdakao Ospitalea - GERNIKA LUMO - AULESTI - LEKEITIO,9121.0,5661.0,1916.0,9.0,55.0,1088.0,1.0,111.0,62.0,2021-08-01,1,0,14190.0,909.0,1182.5,7.713319238900635,3,8,2021,-0.8660254037844385,-0.5000000000000004,9570.0,8445.0,7401.0,9070.0,8319.666666666666,7584.416666666667
2021,9,A3523,BILBAO - Hospital Galdakao Ospitalea - GERNIKA LUMO - AULESTI - LEKEITIO,8642.0,5221.0,1778.0,317.0,130.0,783.0,0.0,59.0,43.0,2021-09-01,1,0,14190.0,909.0,1182.5,7.308245243128964,3,9,2021,-1.0,-1.8369701987210297e-16,9121.0,9195.0,7688.0,9295.333333333334,8818.333333333334,7727.75
2021,10,A3523,BILBAO - Hospital Galdakao Ospitalea - GERNIKA LUMO - AULESTI - LEKEITIO,10189.0,5909.0,2092.0,690.0,251.0,783.0,1.0,46.0,54.0,2021-10-01,1,0,14190.0,909.0,1182.5,8.616490486257929,4,10,2021,-0.8660254037844386,0.5000000000000001,8642.0,9570.0,7881.0,9111.0,8855.833333333334,7807.25
2021,11,A3523,BILBAO - Hospital Galdakao Ospitalea - GERNIKA LUMO - AULESTI - LEKEITIO,9566.0,5642.0,2014.0,722.0,193.0,558.0,1.0,42.0,34.0,2021-11-01,1,0,14190.0,909.0,1182.5,8.089640591966173,4,11,2021,-0.5000000000000004,0.8660254037844384,10189.0,9121.0,6255.0,9317.333333333334,9193.666666666666,7999.583333333333
2021,12,A3523,BILBAO - Hospital Galdakao Ospitalea - GERNIKA LUMO - AULESTI - LEKEITIO,8669.0,5434.0,1815.0,354.0,122.0,652.0,1.0,36.0,47.0,2021-12-01,1,0,14190.0,909.0,1182.5,7.33107822410148,4,12,2021,-2.4492935982947064e-16,1.0,9566.0,8642.0,6252.0,9465.666666666666,9380.5,8275.5
2022,1,A3523,BILBAO - Hospital Galdakao Ospitalea - GERNIKA LUMO - AULESTI - LEKEITIO,8429.0,5463.0,1721.0,249.0,83.0,591.0,0.0,47.0,37.0,2022-01-01,0,0,14194.0,909.0,1182.8333333333333,7.126109623784698,1,1,2022,0.49999999999999994,0.8660254037844387,8669.0,10189.0,5618.0,9474.666666666666,9292.833333333334,8476.916666666666
2022,2,A3523,BILBAO - Hospital Galdakao Ospitalea - GERNIKA LUMO - AULESTI - LEKEITIO,9115.0,5436.0,1869.0,640.0,138.0,593.0,0.0,38.0,43.0,2022-02-01,0,0,14194.0,909.0,1182.8333333333333,7.706072988586727,1,2,2022,0.8660254037844386,0.5000000000000001,8429.0,9566.0,6129.0,8888.0,9102.666666666666,8711.166666666666
2022,3,A3523,BILBAO - Hospital Galdakao Ospitalea - GERNIKA LUMO - AULESTI - LEKEITIO,10869.0,6426.0,2291.0,639.0,166.0,708.0,0.0,59.0,63.0,2022-03-01,0,0,14194.0,909.0,1182.8333333333333,9.188953078765676,1,3,2022,1.0,6.123233995736766e-17,9115.0,8669.0,8417.0,8737.666666666666,9101.666666666666,8960.0
2022,4,A3523,BILBAO - Hospital Galdakao Ospitalea - GERNIKA LUMO - AULESTI - LEKEITIO,10456.0,6398.0,2115.0,368.0,107.0,943.0,4.0,81.0,56.0,2022-04-01,0,0,14194.0,909.0,1182.8333333333333,8.83979146118078,2,4,2022,0.8660254037844387,-0.4999999999999998,10869.0,8429.0,8162.0,9471.0,9472.833333333334,9164.333333333334
2022,5,A3523,BILBAO - Hospital Galdakao Ospitalea - GERNIKA LUMO - AULESTI - LEKEITIO,11686.0,7072.0,2433.0,465.0,129.0,1051.0,0.0,62.0,53.0,2022-05-01,0,0,14194.0,909.0,1182.8333333333333,9.87966746512611,2,5,2022,0.49999999999999994,-0.8660254037844387,10456.0,9115.0,8445.0,10146.666666666666,9517.333333333334,9355.5
2022,6,A3523,BILBAO - Hospital Galdakao Ospitalea - GERNIKA LUMO - AULESTI - LEKEITIO,11980.0,7382.0,2703.0,176.0,82.0,1128.0,0.0,105.0,61.0,2022-06-01,0,0,14194.0,909.0,1182.8333333333333,10.128223192898409,2,6,2022,1.2246467991473532e-16,-1.0,11686.0,10869.0,9195.0,11003.666666666666,9870.666666666666,9625.583333333334
2022,7,A3523,BILBAO - Hospital Galdakao Ospitalea - GERNIKA LUMO - AULESTI - LEKEITIO,12607.0,7920.0,2417.0,72.0,63.0,1584.0,0.0,125.0,67.0,2022-07-01,0,0,14194.0,909.0,1182.8333333333333,10.65830632661688,3,7,2022,-0.4999999999999997,-0.8660254037844388,11980.0,10456.0,9570.0,11374.0,10422.5,9857.666666666666
2022,8,A3523,BILBAO - Hospital Galdakao Ospitalea - GERNIKA LUMO - AULESTI - LEKEITIO,12077.0,7317.0,2289.0,78.0,80.0,1807.0,0.0,137.0,62.0,2022-08-01,0,0,14194.0,909.0,1182.8333333333333,10.210229674510357,3,8,2022,-0.8660254037844385,-0.5000000000000004,12607.0,11686.0,9121.0,12091.0,11118.833333333334,10110.75
2020,1,A3513,BILBAO - Hospital Galdakao Ospitalea - GERNIKA LUMO - EA - LEKEITIO,13784.0,7409.0,3394.0,579.0,323.0,1399.0,38.0,106.0,104.0,2020-01-01,1,0,,,,,1,1,2020,0.49999999999999994,0.8660254037844387,,,,,,
2020,2,A3513,BILBAO - Hospital Galdakao Ospitalea - GERNIKA LUMO - EA - LEKEITIO,14819.0,7915.0,3707.0,752.0,333.0,1492.0,1.0,125.0,90.0,2020-02-01,1,0,,,,,1,2,2020,0.8660254037844386,0.5000000000000001,13784.0,,,,,
2020,3,A3513,BILBAO - Hospital Galdakao Ospitalea - GERNIKA LUMO - EA - LEKEITIO,6931.0,3975.0,1577.0,351.0,146.0,584.0,0.0,38.0,41.0,2020-03-01,1,0,,,,,1,3,2020,1.0,6.123233995736766e-17,14819.0,,,,,
2020,4,A3513,BILBAO - Hospital Galdakao Ospitalea - GERNIKA LUMO - EA - LEKEITIO,1670.0,1446.0,198.0,10.0,,0.0,0.0,0.0,3.0,2020-04-01,1,0,,,,,2,4,2020,0.8660254037844387,-0.4999999999999998,6931.0,13784.0,,11844.666666666666,,
2020,5,A3513,BILBAO - Hospital Galdakao Ospitalea - GERNIKA LUMO - EA - LEKEITIO,4723.0,3722.0,922.0,4.0,14.0,0.0,0.0,4.0,6.0,2020-05-01,1,0,,,,,2,5,2020,0.49999999999999994,-0.8660254037844387,1670.0,14819.0,,7806.666666666667,,
2020,6,A3513,BILBAO - Hospital Galdakao Ospitalea - GERNIKA LUMO - EA - LEKEITIO,10508.0,7951.0,2083.0,56.0,98.0,0.0,0.0,20.0,11.0,2020-06-01,1,0,,,,,2,6,2020,1.2246467991473532e-16,-1.0,4723.0,6931.0,,4441.333333333333,,
2020,7,A3513,BILBAO - Hospital Galdakao Ospitalea - GERNIKA LUMO - EA - LEKEITIO,14270.0,11051.0,2422.0,70.0,89.0,0.0,0.0,26.0,28.0,2020-07-01,1,0,,,,,3,7,2020,-0.4999999999999997,-0.8660254037844388,10508.0,1670.0,,5633.666666666667,8739.166666666666,
2020,8,A3513,BILBAO - Hospital Galdakao Ospitalea - GERNIKA LUMO - EA - LEKEITIO,13191.0,10455.0,2048.0,65.0,79.0,0.0,0.0,59.0,56.0,2020-08-01,1,0,,,,,3,8,2020,-0.8660254037844385,-0.5000000000000004,14270.0,4723.0,,9833.666666666666,8820.166666666666,
2020,9,A3513,BILBAO - Hospital Galdakao Ospitalea - GERNIKA LUMO - EA - LEKEITIO,13308.0,9482.0,2547.0,457.0,173.0,0.0,0.0,35.0,35.0,2020-09-01,1,0,,,,,3,9,2020,-1.0,-1.8369701987210297e-16,13191.0,10508.0,,12656.333333333334,8548.833333333334,
2020,10,A3513,BILBAO - Hospital Galdakao Ospitalea - GERNIKA LUMO - EA - LEKEITIO,11453.0,7788.0,2231.0,663.0,252.0,0.0,0.0,12.0,16.0,2020-10-01,1,0,,,,,4,10,2020,-0.8660254037844386,0.5000000000000001,13308.0,14270.0,,13589.666666666666,9611.666666666666,
2020,11,A3513,BILBAO - Hospital Galdakao Ospitalea - GERNIKA LUMO - EA - LEKEITIO,8882.0,5947.0,1628.0,648.0,216.0,0.0,0.0,9.0,24.0,2020-11-01,1,0,,,,,4,11,2020,-0.5000000000000004,0.8660254037844384,11453.0,13191.0,,12650.666666666666,11242.166666666666,
2020,12,A3513,BILBAO - Hospital Galdakao Ospitalea - GERNIKA LUMO - EA - LEKEITIO,9595.0,6901.0,1733.0,338.0,173.0,64.0,0.0,18.0,24.0,2020-12-01,1,0,,,,,4,12,2020,-2.4492935982947064e-16,1.0,8882.0,13308.0,,11214.333333333334,11935.333333333334,
2021,1,A3513,BILBAO - Hospital Galdakao Ospitalea - GERNIKA LUMO - EA - LEKEITIO,8290.0,5880.0,1354.0,334.0,149.0,215.0,0.0,33.0,38.0,2021-01-01,1,0,14946.0,909.0,1245.5,6.655961461260538,1,1,2021,0.49999999999999994,0.8660254037844387,9595.0,11453.0,13784.0,9976.666666666666,11783.166666666666,10261.166666666666
2021,2,A3513,BILBAO - Hospital Galdakao Ospitalea - GERNIKA LUMO - EA - LEKEITIO,8778.0,6007.0,1400.0,436.0,222.0,314.0,0.0,34.0,34.0,2021-02-01,1,0,14946.0,909.0,1245.5,7.04777197912485,1,2,2021,0.8660254037844386,0.5000000000000001,8290.0,8882.0,14819.0,8922.333333333334,10786.5,9803.333333333334
2021,3,A3513,BILBAO - Hospital Galdakao Ospitalea - GERNIKA LUMO - EA - LEKEITIO,12402.0,8325.0,2212.0,518.0,242.0,569.0,0.0,49.0,48.0,2021-03-01,1,0,14946.0,909.0,1245.5,9.957446808510639,1,3,2021,1.0,6.123233995736766e-17,8778.0,9595.0,6931.0,8887.666666666666,10051.0,9299.916666666666
2021,4,A3513,BILBAO - Hospital Galdakao Ospitalea - GERNIKA LUMO - EA - LEKEITIO,12194.0,8139.0,2130.0,396.0,201.0,767.0,0.0,78.0,57.0,2021-04-01,1,0,14946.0,909.0,1245.5,9.79044560417503,2,4,2021,0.8660254037844387,-0.4999999999999998,12402.0,8290.0,1670.0,9823.333333333334,9900.0,9755.833333333334
2021,5,A3513,BILBAO - Hospital Galdakao Ospitalea - GERNIKA LUMO - EA - LEKEITIO,12420.0,8085.0,2755.0,310.0,188.0,650.0,5.0,62.0,56.0,2021-05-01,1,0,14946.0,909.0,1245.5,9.971898835808911,2,5,2021,0.49999999999999994,-0.8660254037844387,12194.0,8778.0,4723.0,11124.666666666666,10023.5,10632.833333333334
2021,6,A3513,BILBAO - Hospital Galdakao Ospitalea - GERNIKA LUMO - EA - LEKEITIO,13580.0,9171.0,2732.0,115.0,152.0,886.0,2.0,58.0,83.0,2021-06-01,1,0,14946.0,909.0,1245.5,10.903251706142111,2,6,2021,1.2246467991473532e-16,-1.0,12420.0,12402.0,10508.0,12338.666666666666,10613.166666666666,11274.25
2021,7,A3513,BILBAO - Hospital Galdakao Ospitalea - GERNIKA LUMO - EA - LEKEITIO,15321.0,10401.0,2757.0,52.0,149.0,1286.0,0.0,139.0,62.0,2021-07-01,1,0,14946.0,909.0,1245.5,12.30108390204737,3,7,2021,-0.4999999999999997,-0.8660254037844388,13580.0,12194.0,14270.0,12731.333333333334,11277.333333333334,11530.25
2021,8,A3513,BILBAO - Hospital Galdakao Ospitalea - GERNIKA LUMO - EA - LEKEITIO,15654.0,10530.0,2825.0,26.0,135.0,1468.0,7.0,125.0,71.0,2021-08-01,1,0,14946.0,909.0,1245.5,12.568446407065435,3,8,2021,-0.8660254037844385,-0.5000000000000004,15321.0,12420.0,13191.0,13773.666666666666,12449.166666666666,11617.833333333334
2021,9,A3513,BILBAO - Hospital Galdakao Ospitalea - GERNIKA LUMO - EA - LEKEITIO,12663.0,8028.0,2654.0,356.0,158.0,927.0,2.0,68.0,56.0,2021-09-01,1,0,14946.0,909.0,1245.5,10.167001204335609,3,9,2021,-1.0,-1.8369701987210297e-16,15654.0,13580.0,13308.0,14851.666666666666,13595.166666666666,11823.083333333334
2021,10,A3513,BILBAO - Hospital Galdakao Ospitalea - GERNIKA LUMO - EA - LEKEITIO,13848.0,8320.0,3150.0,678.0,214.0,999.0,0.0,41.0,69.0,2021-10-01,1,0,14946.0,909.0,1245.5,11.1184263348053,4,10,2021,-0.8660254037844386,0.5000000000000001,12663.0,15321.0,11453.0,14546.0,13638.666666666666,11769.333333333334
2021,11,A3513,BILBAO - Hospital Galdakao Ospitalea - GERNIKA LUMO - EA - LEKEITIO,12565.0,7755.0,2557.0,747.0,237.0,754.0,0.0,29.0,60.0,2021-11-01,1,0,14946.0,909.0,1245.5,10.088317944600561,4,11,2021,-0.5000000000000004,0.8660254037844384,13848.0,15654.0,8882.0,14055.0,13914.333333333334,11968.916666666666
2021,12,A3513,BILBAO - Hospital Galdakao Ospitalea - GERNIKA LUMO - EA - LEKEITIO,11684.0,7634.0,2227.0,401.0,150.0,840.0,0.0,47.0,77.0,2021-12-01,1,0,14946.0,909.0,1245.5,9.380971497390606,4,12,2021,-2.4492935982947064e-16,1.0,12565.0,12663.0,9595.0,13025.333333333334,13938.5,12275.833333333334
2022,1,A3513,BILBAO - Hospital Galdakao Ospitalea - GERNIKA LUMO - EA - LEKEITIO,11169.0,7266.0,2284.0,341.0,134.0,720.0,0.0,37.0,61.0,2022-01-01,0,0,14952.0,909.0,1246.0,8.963884430176565,1,1,2022,0.49999999999999994,0.8660254037844387,11684.0,13848.0,8290.0,12699.0,13622.5,12449.916666666666
2022,2,A3513,BILBAO - Hospital Galdakao Ospitalea - GERNIKA LUMO - EA - LEKEITIO,11986.0,7423.0,2363.0,645.0,196.0,838.0,0.0,61.0,69.0,2022-02-01,0,0,14952.0,909.0,1246.0,9.619582664526485,1,2,2022,0.8660254037844386,0.5000000000000001,11169.0,12565.0,8778.0,11806.0,12930.5,12689.833333333334
2022,3,A3513,BILBAO - Hospital Galdakao Ospitalea - GERNIKA LUMO - EA - LEKEITIO,14312.0,8783.0,2980.0,766.0,192.0,1009.0,0.0,47.0,39.0,2022-03-01,0,0,14952.0,909.0,1246.0,11.486356340288925,1,3,2022,1.0,6.123233995736766e-17,11986.0,11684.0,12402.0,11613.0,12319.166666666666,12957.166666666666
2022,4,A3513,BILBAO - Hospital Galdakao Ospitalea - GERNIKA LUMO - EA - LEKEITIO,13901.0,8779.0,2807.0,426.0,137.0,1152.0,1.0,81.0,67.0,2022-04-01,0,0,14952.0,909.0,1246.0,11.156500802568218,2,4,2022,0.8660254037844387,-0.4999999999999998,14312.0,11169.0,12194.0,12489.0,12594.0,13116.333333333334
2022,5,A3513,BILBAO - Hospital Galdakao Ospitalea - GERNIKA LUMO - EA - LEKEITIO,15002.0,9154.0,3406.0,538.0,168.0,1090.0,0.0,93.0,70.0,2022-05-01,0,0,14952.0,909.0,1246.0,12.040128410914928,2,5,2022,0.49999999999999994,-0.8660254037844387,13901.0,11986.0,12420.0,13399.666666666666,12602.833333333334,13258.583333333334
2022,6,A3513,BILBAO - Hospital Galdakao Ospitalea - GERNIKA LUMO - EA - LEKEITIO,15546.0,9753.0,3427.0,187.0,164.0,1345.0,2.0,110.0,82.0,2022-06-01,0,0,14952.0,909.0,1246.0,12.476725521669342,2,6,2022,1.2246467991473532e-16,-1.0,15002.0,14312.0,13580.0,14405.0,13009.0,13473.75
2022,7,A3513,BILBAO - Hospital Galdakao Ospitalea - GERNIKA LUMO - EA - LEKEITIO,18638.0,12277.0,3273.0,104.0,157.0,2041.0,0.0,137.0,66.0,2022-07-01,0,0,14952.0,909.0,1246.0,14.958266452648475,3,7,2022,-0.4999999999999997,-0.8660254037844388,15546.0,13901.0,15321.0,14816.333333333334,13652.666666666666,13637.583333333334
2022,8,A3513,BILBAO - Hospital Galdakao Ospitalea - GERNIKA LUMO - EA - LEKEITIO,17991.0,11553.0,3357.0,109.0,176.0,2082.0,4.0,119.0,108.0,2022-08-01,0,0,14952.0,909.0,1246.0,14.43900481540931,3,8,2022,-0.8660254037844385,-0.5000000000000004,18638.0,15002.0,15654.0,16395.333333333332,14897.5,13914.0
2020,1,A3911,BILBAO - Hospital Galdakao Ospitalea - LEMOA - DURANGO - ELORRIO,52958.0,30734.0,10161.0,3117.0,1370.0,4566.0,1.0,476.0,427.0,2020-01-01,1,0,,,,,1,1,2020,0.49999999999999994,0.8660254037844387,,,,,,
2020,2,A3911,BILBAO - Hospital Galdakao Ospitalea - LEMOA - DURANGO - ELORRIO,54042.0,31062.0,10672.0,3100.0,1447.0,4674.0,1.0,464.0,375.0,2020-02-01,1,0,,,,,1,2,2020,0.8660254037844386,0.5000000000000001,52958.0,,,,,
2020,3,A3911,BILBAO - Hospital Galdakao Ospitalea - LEMOA - DURANGO - ELORRIO,25869.0,16011.0,4091.0,1497.0,774.0,2046.0,0.0,158.0,165.0,2020-03-01,1,0,,,,,1,3,2020,1.0,6.123233995736766e-17,54042.0,,,,,
2020,4,A3911,BILBAO - Hospital Galdakao Ospitalea - LEMOA - DURANGO - ELORRIO,5719.0,5012.0,523.0,43.0,20.0,0.0,0.0,2.0,7.0,2020-04-01,1,0,,,,,2,4,2020,0.8660254037844387,-0.4999999999999998,25869.0,52958.0,,44289.666666666664,,
2020,5,A3911,BILBAO - Hospital Galdakao Ospitalea - LEMOA - DURANGO - ELORRIO,13262.0,10673.0,1993.0,140.0,65.0,0.0,0.0,2.0,5.0,2020-05-01,1,0,,,,,2,5,2020,0.49999999999999994,-0.8660254037844387,5719.0,54042.0,,28543.333333333332,,
2020,6,A3911,BILBAO - Hospital Galdakao Ospitalea - LEMOA - DURANGO - ELORRIO,28816.0,22258.0,4787.0,378.0,360.0,0.0,0.0,68.0,63.0,2020-06-01,1,0,,,,,2,6,2020,1.2246467991473532e-16,-1.0,13262.0,25869.0,,14950.0,,
2020,7,A3911,BILBAO - Hospital Galdakao Ospitalea - LEMOA - DURANGO - ELORRIO,33814.0,25664.0,5341.0,490.0,1071.0,0.0,0.0,134.0,128.0,2020-07-01,1,0,,,,,3,7,2020,-0.4999999999999997,-0.8660254037844388,28816.0,5719.0,,15932.333333333334,30111.0,
2020,8,A3911,BILBAO - Hospital Galdakao Ospitalea - LEMOA - DURANGO - ELORRIO,26013.0,19680.0,4184.0,316.0,691.0,0.0,0.0,174.0,143.0,2020-08-01,1,0,,,,,3,8,2020,-0.8660254037844385,-0.5000000000000004,33814.0,13262.0,,25297.333333333332,26920.333333333332,
2020,9,A3911,BILBAO - Hospital Galdakao Ospitalea - LEMOA - DURANGO - ELORRIO,35760.0,26338.0,5427.0,1438.0,846.0,0.0,0.0,108.0,138.0,2020-09-01,1,0,,,,,3,9,2020,-1.0,-1.8369701987210297e-16,26013.0,28816.0,,29547.666666666668,22248.833333333332,
2020,10,A3911,BILBAO - Hospital Galdakao Ospitalea - LEMOA - DURANGO - ELORRIO,38405.0,27121.0,5352.0,2656.0,1202.0,0.0,0.0,115.0,138.0,2020-10-01,1,0,,,,,4,10,2020,-0.8660254037844386,0.5000000000000001,35760.0,33814.0,,31862.333333333332,23897.333333333332,
2020,11,A3911,BILBAO - Hospital Galdakao Ospitalea - LEMOA - DURANGO - ELORRIO,34594.0,24605.0,4057.0,2724.0,1152.0,0.0,0.0,85.0,117.0,2020-11-01,1,0,,,,,4,11,2020,-0.5000000000000004,0.8660254037844384,38405.0,26013.0,,33392.666666666664,29345.0,
2020,12,A3911,BILBAO - Hospital Galdakao Ospitalea - LEMOA - DURANGO - ELORRIO,33162.0,24179.0,4525.0,1691.0,818.0,154.0,0.0,95.0,128.0,2020-12-01,1,0,,,,,4,12,2020,-2.4492935982947064e-16,1.0,34594.0,35760.0,,36253.0,32900.333333333336,
2021,1,A3911,BILBAO - Hospital Galdakao Ospitalea - LEMOA - DURANGO - ELORRIO,32539.0,23233.0,4020.0,1890.0,882.0,665.0,0.0,119.0,211.0,2021-01-01,1,0,31256.0,904.0,2604.6666666666665,12.492577425134375,1,1,2021,0.49999999999999994,0.8660254037844387,33162.0,38405.0,52958.0,35387.0,33624.666666666664,31867.833333333332
2021,2,A3911,BILBAO - Hospital Galdakao Ospitalea - LEMOA - DURANGO - ELORRIO,32059.0,22497.0,3644.0,2063.0,925.0,1010.0,4.0,178.0,216.0,2021-02-01,1,0,31256.0,904.0,2604.6666666666665,12.308292807780907,1,2,2021,0.8660254037844386,0.5000000000000001,32539.0,34594.0,54042.0,33431.666666666664,33412.166666666664,30166.25
2021,3,A3911,BILBAO - Hospital Galdakao Ospitalea - LEMOA - DURANGO - ELORRIO,38724.0,26008.0,5305.0,2450.0,1069.0,1676.0,0.0,194.0,283.0,2021-03-01,1,0,31256.0,904.0,2604.6666666666665,14.867161504991042,1,3,2021,1.0,6.123233995736766e-17,32059.0,33162.0,25869.0,32586.666666666668,34419.833333333336,28334.333333333332
2021,4,A3911,BILBAO - Hospital Galdakao Ospitalea - LEMOA - DURANGO - ELORRIO,36321.0,23799.0,5584.0,2011.0,1339.0,1594.0,1.0,244.0,234.0,2021-04-01,1,0,31256.0,904.0,2604.6666666666665,13.944586639365243,2,4,2021,0.8660254037844387,-0.4999999999999998,38724.0,32539.0,5719.0,34440.666666666664,34913.833333333336,29405.583333333332
2021,5,A3911,BILBAO - Hospital Galdakao Ospitalea - LEMOA - DURANGO - ELORRIO,41323.0,26376.0,6988.0,2151.0,1674.0,1964.0,1.0,255.0,273.0,2021-05-01,1,0,31256.0,904.0,2604.6666666666665,15.864985922702841,2,5,2021,0.49999999999999994,-0.8660254037844387,36321.0,32059.0,13262.0,35701.333333333336,34566.5,31955.75
2021,6,A3911,BILBAO - Hospital Galdakao Ospitalea - LEMOA - DURANGO - ELORRIO,46333.0,31293.0,7647.0,1436.0,1240.0,2357.0,1.0,355.0,329.0,2021-06-01,1,0,31256.0,904.0,2604.6666666666665,17.788456616329665,2,6,2021,1.2246467991473532e-16,-1.0,41323.0,38724.0,28816.0,38789.333333333336,35688.0,34294.166666666664
2021,7,A3911,BILBAO - Hospital Galdakao Ospitalea - LEMOA - DURANGO - ELORRIO,38023.0,26088.0,6083.0,589.0,909.0,2390.0,5.0,435.0,224.0,2021-07-01,1,0,31256.0,904.0,2604.6666666666665,14.598029178397748,3,7,2021,-0.4999999999999997,-0.8660254037844388,46333.0,36321.0,33814.0,41325.666666666664,37883.166666666664,35753.916666666664
2021,8,A3911,BILBAO - Hospital Galdakao Ospitalea - LEMOA - DURANGO - ELORRIO,29635.0,19626.0,4899.0,418.0,812.0,2315.0,2.0,388.0,198.0,2021-08-01,1,0,31256.0,904.0,2604.6666666666665,11.377655490145893,3,8,2021,-0.8660254037844385,-0.5000000000000004,38023.0,41323.0,26013.0,41893.0,38797.166666666664,36104.666666666664
2021,9,A3911,BILBAO - Hospital Galdakao Ospitalea - LEMOA - DURANGO - ELORRIO,43643.0,27586.0,6791.0,2578.0,1247.0,2947.0,1.0,382.0,258.0,2021-09-01,1,0,31256.0,904.0,2604.6666666666665,16.755694906577936,3,9,2021,-1.0,-1.8369701987210297e-16,29635.0,46333.0,35760.0,37997.0,38393.166666666664,36406.5
2021,10,A3911,BILBAO - Hospital Galdakao Ospitalea - LEMOA - DURANGO - ELORRIO,45820.0,28257.0,7380.0,3067.0,1799.0,2865.0,3.0,339.0,237.0,2021-10-01,1,0,31256.0,904.0,2604.6666666666665,17.591502431533147,4,10,2021,-0.8660254037844386,0.5000000000000001,43643.0,38023.0,38405.0,37100.333333333336,39213.0,37063.416666666664
2021,11,A3911,BILBAO - Hospital Galdakao Ospitalea - LEMOA - DURANGO - ELORRIO,45989.0,28044.0,7287.0,3325.0,1945.0,2816.0,1.0,275.0,273.0,2021-11-01,1,0,31256.0,904.0,2604.6666666666665,17.656385973893013,4,11,2021,-0.5000000000000004,0.8660254037844384,45820.0,29635.0,34594.0,39699.333333333336,40796.166666666664,37681.333333333336
2021,12,A3911,BILBAO - Hospital Galdakao Ospitalea - LEMOA - DURANGO - ELORRIO,40942.0,26082.0,6827.0,2039.0,1211.0,2652.0,0.0,340.0,236.0,2021-12-01,1,0,31256.0,904.0,2604.6666666666665,15.718710007678526,4,12,2021,-2.4492935982947064e-16,1.0,45989.0,43643.0,33162.0,45150.666666666664,41573.833333333336,38630.916666666664
2022,1,A3911,BILBAO - Hospital Galdakao Ospitalea - LEMOA - DURANGO - ELORRIO,38315.0,24073.0,6074.0,2511.0,1099.0,2420.0,2.0,301.0,238.0,2022-01-01,0,0,31256.0,904.0,2604.6666666666665,14.710135653954442,1,1,2022,0.49999999999999994,0.8660254037844387,40942.0,45820.0,32539.0,44250.333333333336,40675.333333333336,39279.25
2022,2,A3911,BILBAO - Hospital Galdakao Ospitalea - LEMOA - DURANGO - ELORRIO,40327.0,24834.0,6723.0,2786.0,1157.0,2578.0,0.0,299.0,250.0,2022-02-01,0,0,31256.0,904.0,2604.6666666666665,15.482595341694395,1,2,2022,0.8660254037844386,0.5000000000000001,38315.0,45989.0,32059.0,41748.666666666664,40724.0,39760.583333333336
2022,3,A3911,BILBAO - Hospital Galdakao Ospitalea - LEMOA - DURANGO - ELORRIO,47877.0,29828.0,8028.0,3147.0,1391.0,2816.0,2.0,444.0,289.0,2022-03-01,0,0,31256.0,904.0,2604.6666666666665,18.381238802149987,1,3,2022,1.0,6.123233995736766e-17,40327.0,40942.0,38724.0,39861.333333333336,42506.0,40449.583333333336
2022,4,A3911,BILBAO - Hospital Galdakao Ospitalea - LEMOA - DURANGO - ELORRIO,35039.0,22190.0,6041.0,1729.0,742.0,2390.0,0.0,382.0,240.0,2022-04-01,0,0,31256.0,904.0,2604.6666666666665,13.452393140517021,2,4,2022,0.8660254037844387,-0.4999999999999998,47877.0,38315.0,36321.0,42173.0,43211.666666666664,41212.333333333336
2022,5,A3911,BILBAO - Hospital Galdakao Ospitalea - LEMOA - DURANGO - ELORRIO,43771.0,27471.0,7467.0,2405.0,1007.0,2933.0,0.0,434.0,275.0,2022-05-01,0,0,31256.0,904.0,2604.6666666666665,16.80483747120553,2,5,2022,0.49999999999999994,-0.8660254037844387,35039.0,40327.0,41323.0,41081.0,41414.833333333336,41105.5
2022,6,A3911,BILBAO - Hospital Galdakao Ospitalea - LEMOA - DURANGO - ELORRIO,44211.0,28623.0,8150.0,1348.0,658.0,3125.0,0.0,414.0,237.0,2022-06-01,0,0,31256.0,904.0,2604.6666666666665,16.973765037112877,2,6,2022,1.2246467991473532e-16,-1.0,43771.0,47877.0,46333.0,42229.0,41045.166666666664,41309.5
2022,7,A3911,BILBAO - Hospital Galdakao Ospitalea - LEMOA - DURANGO - ELORRIO,36314.0,23671.0,6655.0,786.0,353.0,2999.0,2.0,469.0,219.0,2022-07-01,0,0,31256.0,904.0,2604.6666666666665,13.94189915536217,3,7,2022,-0.4999999999999997,-0.8660254037844388,44211.0,35039.0,38023.0,41007.0,41590.0,41132.666666666664
2022,8,A3911,BILBAO - Hospital Galdakao Ospitalea - LEMOA - DURANGO - ELORRIO,35451.0,23514.0,6049.0,556.0,340.0,3007.0,20.0,643.0,284.0,2022-08-01,0,0,31256.0,904.0,2604.6666666666665,13.610570770412082,3,8,2022,-0.8660254037844385,-0.5000000000000004,36314.0,43771.0,29635.0,41432.0,41256.5,40990.25
2020,1,A3912,BILBAO - Hospital Galdakao Ospitalea - LEMOA - DURANGO - ERMUA - EIBAR,50293.0,30767.0,10419.0,196.0,1333.0,5110.0,14.0,489.0,459.0,2020-01-01,1,0,,,,,1,1,2020,0.49999999999999994,0.8660254037844387,,,,,,
2020,2,A3912,BILBAO - Hospital Galdakao Ospitalea - LEMOA - DURANGO - ERMUA - EIBAR,52409.0,30998.0,10500.0,1988.0,1274.0,5207.0,10.0,500.0,424.0,2020-02-01,1,0,,,,,1,2,2020,0.8660254037844386,0.5000000000000001,50293.0,,,,,
2020,3,A3912,BILBAO - Hospital Galdakao Ospitalea - LEMOA - DURANGO - ERMUA - EIBAR,25303.0,16381.0,4253.0,921.0,673.0,2007.0,0.0,155.0,194.0,2020-03-01,1,0,,,,,1,3,2020,1.0,6.123233995736766e-17,52409.0,,,,,
2020,4,A3912,BILBAO - Hospital Galdakao Ospitalea - LEMOA - DURANGO - ERMUA - EIBAR,5595.0,5008.0,431.0,32.0,21.0,0.0,0.0,3.0,10.0,2020-04-01,1,0,,,,,2,4,2020,0.8660254037844387,-0.4999999999999998,25303.0,50293.0,,42668.333333333336,,
2020,5,A3912,BILBAO - Hospital Galdakao Ospitalea - LEMOA - DURANGO - ERMUA - EIBAR,13453.0,11082.0,1948.0,78.0,113.0,0.0,0.0,1.0,5.0,2020-05-01,1,0,,,,,2,5,2020,0.49999999999999994,-0.8660254037844387,5595.0,52409.0,,27769.0,,
2020,6,A3912,BILBAO - Hospital Galdakao Ospitalea - LEMOA - DURANGO - ERMUA - EIBAR,29950.0,23166.0,5229.0,399.0,366.0,0.0,0.0,61.0,114.0,2020-06-01,1,0,,,,,2,6,2020,1.2246467991473532e-16,-1.0,13453.0,25303.0,,14783.666666666666,,
2020,7,A3912,BILBAO - Hospital Galdakao Ospitalea - LEMOA - DURANGO - ERMUA - EIBAR,33706.0,25838.0,5575.0,423.0,930.0,0.0,0.0,109.0,91.0,2020-07-01,1,0,,,,,3,7,2020,-0.4999999999999997,-0.8660254037844388,29950.0,5595.0,,16332.666666666666,29500.5,
2020,8,A3912,BILBAO - Hospital Galdakao Ospitalea - LEMOA - DURANGO - ERMUA - EIBAR,26230.0,20326.0,4307.0,286.0,652.0,0.0,0.0,94.0,92.0,2020-08-01,1,0,,,,,3,8,2020,-0.8660254037844385,-0.5000000000000004,33706.0,13453.0,,25703.0,26736.0,
2020,9,A3912,BILBAO - Hospital Galdakao Ospitalea - LEMOA - DURANGO - ERMUA - EIBAR,35412.0,26687.0,5651.0,1095.0,777.0,0.0,0.0,129.0,161.0,2020-09-01,1,0,,,,,3,9,2020,-1.0,-1.8369701987210297e-16,26230.0,29950.0,,29962.0,22372.833333333332,
2020,10,A3912,BILBAO - Hospital Galdakao Ospitalea - LEMOA - DURANGO - ERMUA - EIBAR,37660.0,27667.0,5403.0,2148.0,953.0,0.0,0.0,87.0,142.0,2020-10-01,1,0,,,,,4,10,2020,-0.8660254037844386,0.5000000000000001,35412.0,33706.0,,31782.666666666668,24057.666666666668,
2020,11,A3912,BILBAO - Hospital Galdakao Ospitalea - LEMOA - DURANGO - ERMUA - EIBAR,32257.0,24085.0,3918.0,1982.0,836.0,0.0,0.0,85.0,136.0,2020-11-01,1,0,,,,,4,11,2020,-0.5000000000000004,0.8660254037844384,37660.0,26230.0,,33100.666666666664,29401.833333333332,
2020,12,A3912,BILBAO - Hospital Galdakao Ospitalea - LEMOA - DURANGO - ERMUA - EIBAR,32651.0,24452.0,4640.0,1430.0,628.0,181.0,0.0,97.0,183.0,2020-12-01,1,0,,,,,4,12,2020,-2.4492935982947064e-16,1.0,32257.0,35412.0,,35109.666666666664,32535.833333333332,
2021,1,A3912,BILBAO - Hospital Galdakao Ospitalea - LEMOA - DURANGO - ERMUA - EIBAR,30937.0,22541.0,3917.0,1712.0,601.0,856.0,1.0,105.0,251.0,2021-01-01,1,0,29719.0,909.0,2476.5833333333335,12.491806588377806,1,1,2021,0.49999999999999994,0.8660254037844387,32651.0,37660.0,50293.0,34189.333333333336,32986.0,31243.25
2021,2,A3912,BILBAO - Hospital Galdakao Ospitalea - LEMOA - DURANGO - ERMUA - EIBAR,30269.0,21771.0,3569.0,1790.0,531.0,1107.0,3.0,142.0,291.0,2021-02-01,1,0,29719.0,909.0,2476.5833333333335,12.222080150745313,1,2,2021,0.8660254037844386,0.5000000000000001,30937.0,32257.0,52409.0,31948.333333333332,32524.5,29630.25
2021,3,A3912,BILBAO - Hospital Galdakao Ospitalea - LEMOA - DURANGO - ERMUA - EIBAR,36219.0,24960.0,5307.0,2035.0,691.0,1562.0,2.0,190.0,316.0,2021-03-01,1,0,29719.0,909.0,2476.5833333333335,14.62458359971735,1,3,2021,1.0,6.123233995736766e-17,30269.0,32651.0,25303.0,31285.666666666668,33197.666666666664,27785.25
2021,4,A3912,BILBAO - Hospital Galdakao Ospitalea - LEMOA - DURANGO - ERMUA - EIBAR,34665.0,23030.0,5404.0,1557.0,1261.0,1768.0,2.0,237.0,300.0,2021-04-01,1,0,29719.0,909.0,2476.5833333333335,13.997106228338772,2,4,2021,0.8660254037844387,-0.4999999999999998,36219.0,30937.0,5595.0,32475.0,33332.166666666664,28694.916666666668
2021,5,A3912,BILBAO - Hospital Galdakao Ospitalea - LEMOA - DURANGO - ERMUA - EIBAR,40038.0,25832.0,7066.0,1915.0,1575.0,1913.0,1.0,244.0,310.0,2021-05-01,1,0,29719.0,909.0,2476.5833333333335,16.166627410074362,2,5,2021,0.49999999999999994,-0.8660254037844387,34665.0,30269.0,13453.0,33717.666666666664,32833.0,31117.416666666668
2021,6,A3912,BILBAO - Hospital Galdakao Ospitalea - LEMOA - DURANGO - ERMUA - EIBAR,43899.0,29366.0,7743.0,1211.0,1356.0,2206.0,59.0,403.0,348.0,2021-06-01,1,0,29719.0,909.0,2476.5833333333335,17.72563006830647,2,6,2021,1.2246467991473532e-16,-1.0,40038.0,36219.0,29950.0,36974.0,34129.833333333336,33332.833333333336
2021,7,A3912,BILBAO - Hospital Galdakao Ospitalea - LEMOA - DURANGO - ERMUA - EIBAR,37184.0,25178.0,6256.0,491.0,1114.0,2345.0,5.0,464.0,236.0,2021-07-01,1,0,29719.0,909.0,2476.5833333333335,15.014233318752312,3,7,2021,-0.4999999999999997,-0.8660254037844388,43899.0,34665.0,33706.0,39534.0,36004.5,34495.25
2021,8,A3912,BILBAO - Hospital Galdakao Ospitalea - LEMOA - DURANGO - ERMUA - EIBAR,30857.0,20733.0,5062.0,395.0,880.0,2441.0,3.0,370.0,220.0,2021-08-01,1,0,29719.0,909.0,2476.5833333333335,12.459504020996668,3,8,2021,-0.8660254037844385,-0.5000000000000004,37184.0,40038.0,26230.0,40373.666666666664,37045.666666666664,34785.083333333336
2021,9,A3912,BILBAO - Hospital Galdakao Ospitalea - LEMOA - DURANGO - ERMUA - EIBAR,41213.0,26814.0,6662.0,1781.0,1079.0,2712.0,6.0,392.0,329.0,2021-09-01,1,0,29719.0,909.0,2476.5833333333335,16.641071368484806,3,9,2021,-1.0,-1.8369701987210297e-16,30857.0,43899.0,35412.0,37313.333333333336,37143.666666666664,35170.666666666664
2021,10,A3912,BILBAO - Hospital Galdakao Ospitalea - LEMOA - DURANGO - ERMUA - EIBAR,43907.0,27582.0,7497.0,2394.0,1405.0,2935.0,3.0,351.0,319.0,2021-10-01,1,0,29719.0,909.0,2476.5833333333335,17.728860325044582,4,10,2021,-0.8660254037844386,0.5000000000000001,41213.0,37184.0,37660.0,36418.0,37976.0,35654.083333333336
2021,11,A3912,BILBAO - Hospital Galdakao Ospitalea - LEMOA - DURANGO - ERMUA - EIBAR,42476.0,26389.0,7208.0,2393.0,1491.0,2957.0,4.0,246.0,353.0,2021-11-01,1,0,29719.0,909.0,2476.5833333333335,17.1510481510145,4,11,2021,-0.5000000000000004,0.8660254037844384,43907.0,30857.0,32257.0,38659.0,39516.333333333336,36174.666666666664
2021,12,A3912,BILBAO - Hospital Galdakao Ospitalea - LEMOA - DURANGO - ERMUA - EIBAR,38139.0,24427.0,6487.0,1538.0,983.0,2718.0,11.0,286.0,323.0,2021-12-01,1,0,29719.0,909.0,2476.5833333333335,15.39984521686463,4,12,2021,-2.4492935982947064e-16,1.0,42476.0,41213.0,32651.0,42532.0,39922.666666666664,37026.25
2022,1,A3912,BILBAO - Hospital Galdakao Ospitalea - LEMOA - DURANGO - ERMUA - EIBAR,35399.0,22506.0,5876.0,1720.0,795.0,2611.0,2.0,335.0,294.0,2022-01-01,0,0,29721.0,909.0,2476.75,14.292520440092863,1,1,2022,0.49999999999999994,0.8660254037844387,38139.0,43907.0,30937.0,41507.333333333336,38962.666666666664,37483.583333333336
2022,2,A3912,BILBAO - Hospital Galdakao Ospitalea - LEMOA - DURANGO - ERMUA - EIBAR,37052.0,23034.0,6353.0,2036.0,855.0,2735.0,2.0,290.0,332.0,2022-02-01,0,0,29721.0,909.0,2476.75,14.959927324114263,1,2,2022,0.8660254037844386,0.5000000000000001,35399.0,42476.0,30269.0,38671.333333333336,38665.166666666664,37855.416666666664
2022,3,A3912,BILBAO - Hospital Galdakao Ospitalea - LEMOA - DURANGO - ERMUA - EIBAR,42395.0,26465.0,7669.0,1961.0,841.0,2976.0,5.0,399.0,371.0,2022-03-01,0,0,29721.0,909.0,2476.75,17.117189865751488,1,3,2022,1.0,6.123233995736766e-17,37052.0,38139.0,36219.0,36863.333333333336,39697.666666666664,38420.666666666664
2022,4,A3912,BILBAO - Hospital Galdakao Ospitalea - LEMOA - DURANGO - ERMUA - EIBAR,33926.0,21448.0,6311.0,1069.0,569.0,2675.0,4.0,326.0,266.0,2022-04-01,0,0,29721.0,909.0,2476.75,13.697789441808823,2,4,2022,0.8660254037844387,-0.4999999999999998,42395.0,35399.0,34665.0,38282.0,39894.666666666664,38935.333333333336
2022,5,A3912,BILBAO - Hospital Galdakao Ospitalea - LEMOA - DURANGO - ERMUA - EIBAR,40267.0,25764.0,7423.0,1347.0,693.0,2839.0,1.0,358.0,342.0,2022-05-01,0,0,29721.0,909.0,2476.75,16.25799939436762,2,5,2022,0.49999999999999994,-0.8660254037844387,33926.0,37052.0,40038.0,37791.0,38231.166666666664,38873.75
2022,6,A3912,BILBAO - Hospital Galdakao Ospitalea - LEMOA - DURANGO - ERMUA - EIBAR,40471.0,26617.0,7497.0,791.0,442.0,3005.0,10.0,366.0,374.0,2022-06-01,0,0,29721.0,909.0,2476.75,16.34036539820329,2,6,2022,1.2246467991473532e-16,-1.0,40267.0,42395.0,43899.0,38862.666666666664,37863.0,38892.833333333336
2022,7,A3912,BILBAO - Hospital Galdakao Ospitalea - LEMOA - DURANGO - ERMUA - EIBAR,35652.0,23489.0,6169.0,682.0,323.0,3143.0,26.0,398.0,277.0,2022-07-01,0,0,29721.0,909.0,2476.75,14.394670435045928,3,7,2022,-0.4999999999999997,-0.8660254037844388,40471.0,33926.0,37184.0,38221.333333333336,38251.666666666664,38607.166666666664
2022,8,A3912,BILBAO - Hospital Galdakao Ospitalea - LEMOA - DURANGO - ERMUA - EIBAR,33855.0,22022.0,5935.0,546.0,321.0,3050.0,41.0,600.0,356.0,2022-08-01,0,0,29721.0,909.0,2476.75,13.669122842434643,3,8,2022,-0.8660254037844385,-0.5000000000000004,35652.0,40267.0,30857.0,38796.666666666664,38293.833333333336,38479.5
2020,1,A3917,BILBAO - Hospital Galdakao Ospitalea - LEMOA - ZEANURI,32902.0,20611.0,5013.0,1419.0,1462.0,2491.0,1.0,369.0,373.0,2020-01-01,1,0,,,,,1,1,2020,0.49999999999999994,0.8660254037844387,,,,,,
2020,2,A3917,BILBAO - Hospital Galdakao Ospitalea - LEMOA - ZEANURI,33583.0,20668.0,5187.0,1517.0,1618.0,2525.0,0.0,361.0,418.0,2020-02-01,1,0,,,,,1,2,2020,0.8660254037844386,0.5000000000000001,32902.0,,,,,
2020,3,A3917,BILBAO - Hospital Galdakao Ospitalea - LEMOA - ZEANURI,15477.0,10155.0,1891.0,749.0,706.0,1051.0,0.0,131.0,198.0,2020-03-01,1,0,,,,,1,3,2020,1.0,6.123233995736766e-17,33583.0,,,,,
2020,4,A3917,BILBAO - Hospital Galdakao Ospitalea - LEMOA - ZEANURI,3745.0,3300.0,266.0,21.0,14.0,0.0,0.0,1.0,6.0,2020-04-01,1,0,,,,,2,4,2020,0.8660254037844387,-0.4999999999999998,15477.0,32902.0,,27320.666666666668,,
2020,5,A3917,BILBAO - Hospital Galdakao Ospitalea - LEMOA - ZEANURI,8758.0,7487.0,903.0,56.0,67.0,0.0,0.0,1.0,0.0,2020-05-01,1,0,,,,,2,5,2020,0.49999999999999994,-0.8660254037844387,3745.0,33583.0,,17601.666666666668,,
2020,6,A3917,BILBAO - Hospital Galdakao Ospitalea - LEMOA - ZEANURI,19971.0,16174.0,2313.0,351.0,223.0,0.0,0.0,84.0,89.0,2020-06-01,1,0,,,,,2,6,2020,1.2246467991473532e-16,-1.0,8758.0,15477.0,,9326.666666666666,,
2020,7,A3917,BILBAO - Hospital Galdakao Ospitalea - LEMOA - ZEANURI,22334.0,17990.0,2581.0,329.0,381.0,0.0,0.0,185.0,136.0,2020-07-01,1,0,,,,,3,7,2020,-0.4999999999999997,-0.8660254037844388,19971.0,3745.0,,10824.666666666666,19072.666666666668,
2020,8,A3917,BILBAO - Hospital Galdakao Ospitalea - LEMOA - ZEANURI,21094.0,17065.0,2482.0,196.0,396.0,0.0,0.0,219.0,108.0,2020-08-01,1,0,,,,,3,8,2020,-0.8660254037844385,-0.5000000000000004,22334.0,8758.0,,17021.0,17311.333333333332,
2020,9,A3917,BILBAO - Hospital Galdakao Ospitalea - LEMOA - ZEANURI,24326.0,18919.0,2511.0,741.0,1072.0,0.0,0.0,148.0,126.0,2020-09-01,1,0,,,,,3,9,2020,-1.0,-1.8369701987210297e-16,21094.0,19971.0,,21133.0,15229.833333333334,
2020,10,A3917,BILBAO - Hospital Galdakao Ospitalea - LEMOA - ZEANURI,25950.0,18939.0,2662.0,1570.0,1412.0,0.0,0.0,124.0,138.0,2020-10-01,1,0,,,,,4,10,2020,-0.8660254037844386,0.5000000000000001,24326.0,22334.0,,22584.666666666668,16704.666666666668,
2020,11,A3917,BILBAO - Hospital Galdakao Ospitalea - LEMOA - ZEANURI,21061.0,15718.0,1768.0,1315.0,1026.0,0.0,0.0,99.0,178.0,2020-11-01,1,0,,,,,4,11,2020,-0.5000000000000004,0.8660254037844384,25950.0,21094.0,,23790.0,20405.5,
2020,12,A3917,BILBAO - Hospital Galdakao Ospitalea - LEMOA - ZEANURI,22962.0,17455.0,2367.0,996.0,768.0,107.0,0.0,176.0,168.0,2020-12-01,1,0,,,,,4,12,2020,-2.4492935982947064e-16,1.0,21061.0,24326.0,,23779.0,22456.0,
2021,1,A3917,BILBAO - Hospital Galdakao Ospitalea - LEMOA - ZEANURI,21950.0,16239.0,2092.0,1094.0,744.0,540.0,0.0,197.0,191.0,2021-01-01,1,0,32794.0,909.0,2732.8333333333335,8.031957065316826,1,1,2021,0.49999999999999994,0.8660254037844387,22962.0,25950.0,32902.0,23324.333333333332,22954.5,21013.583333333332
2021,2,A3917,BILBAO - Hospital Galdakao Ospitalea - LEMOA - ZEANURI,19462.0,14183.0,1655.0,1133.0,718.0,643.0,1.0,139.0,243.0,2021-02-01,1,0,32794.0,909.0,2732.8333333333335,7.121546624382509,1,2,2021,0.8660254037844386,0.5000000000000001,21950.0,21061.0,33583.0,21991.0,22890.5,20100.916666666668
2021,3,A3917,BILBAO - Hospital Galdakao Ospitalea - LEMOA - ZEANURI,24466.0,17261.0,2543.0,1357.0,897.0,856.0,1.0,230.0,319.0,2021-03-01,1,0,32794.0,909.0,2732.8333333333335,8.952613282917607,1,3,2021,1.0,6.123233995736766e-17,19462.0,22962.0,15477.0,21458.0,22618.5,18924.166666666668
2021,4,A3917,BILBAO - Hospital Galdakao Ospitalea - LEMOA - ZEANURI,24281.0,17088.0,2576.0,1368.0,846.0,944.0,0.0,272.0,262.0,2021-04-01,1,0,32794.0,909.0,2732.8333333333335,8.884917972799903,2,4,2021,0.8660254037844387,-0.4999999999999998,24466.0,21950.0,3745.0,21959.333333333332,22641.833333333332,19673.25
2021,5,A3917,BILBAO - Hospital Galdakao Ospitalea - LEMOA - ZEANURI,25404.0,18006.0,2968.0,1128.0,824.0,1185.0,2.0,212.0,213.0,2021-05-01,1,0,32794.0,909.0,2732.8333333333335,9.29584680124413,2,5,2021,0.49999999999999994,-0.8660254037844387,24281.0,19462.0,8758.0,22736.333333333332,22363.666666666668,21384.583333333332
2021,6,A3917,BILBAO - Hospital Galdakao Ospitalea - LEMOA - ZEANURI,29178.0,21173.0,3557.0,794.0,762.0,1294.0,11.0,312.0,270.0,2021-06-01,1,0,32794.0,909.0,2732.8333333333335,10.6768311276453,2,6,2021,1.2246467991473532e-16,-1.0,25404.0,24466.0,19971.0,24717.0,23087.5,22771.75
2021,7,A3917,BILBAO - Hospital Galdakao Ospitalea - LEMOA - ZEANURI,25534.0,18553.0,3103.0,401.0,596.0,1488.0,12.0,397.0,294.0,2021-07-01,1,0,32794.0,909.0,2732.8333333333335,9.343416478624137,3,7,2021,-0.4999999999999997,-0.8660254037844388,29178.0,24281.0,22334.0,26287.666666666668,24123.5,23539.0
2021,8,A3917,BILBAO - Hospital Galdakao Ospitalea - LEMOA - ZEANURI,24941.0,17380.0,3282.0,392.0,501.0,1885.0,6.0,410.0,265.0,2021-08-01,1,0,32794.0,909.0,2732.8333333333335,9.126425565652253,3,8,2021,-0.8660254037844385,-0.5000000000000004,25534.0,25404.0,21094.0,26705.333333333332,24720.833333333332,23805.666666666668
2021,9,A3917,BILBAO - Hospital Galdakao Ospitalea - LEMOA - ZEANURI,27977.0,19363.0,3325.0,1108.0,891.0,1697.0,3.0,294.0,293.0,2021-09-01,1,0,32794.0,909.0,2732.8333333333335,10.237360492773067,3,9,2021,-1.0,-1.8369701987210297e-16,24941.0,29178.0,24326.0,26551.0,25634.0,24126.25
2021,10,A3917,BILBAO - Hospital Galdakao Ospitalea - LEMOA - ZEANURI,29942.0,19701.0,3935.0,1624.0,1212.0,1590.0,2.0,285.0,246.0,2021-10-01,1,0,32794.0,909.0,2732.8333333333335,10.956394462401658,4,10,2021,-0.8660254037844386,0.5000000000000001,27977.0,25534.0,25950.0,26150.666666666668,26219.166666666668,24430.5
2021,11,A3917,BILBAO - Hospital Galdakao Ospitalea - LEMOA - ZEANURI,29060.0,19109.0,3689.0,1742.0,1209.0,1592.0,2.0,206.0,259.0,2021-11-01,1,0,32794.0,909.0,2732.8333333333335,10.633652497408061,4,11,2021,-0.5000000000000004,0.8660254037844384,29942.0,24941.0,21061.0,27620.0,27162.666666666668,24763.166666666668
2021,12,A3917,BILBAO - Hospital Galdakao Ospitalea - LEMOA - ZEANURI,26636.0,17722.0,3326.0,1062.0,1098.0,1912.0,3.0,286.0,184.0,2021-12-01,1,0,32794.0,909.0,2732.8333333333335,9.746660974568519,4,12,2021,-2.4492935982947064e-16,1.0,29060.0,27977.0,22962.0,28993.0,27772.0,25429.75
2022,1,A3917,BILBAO - Hospital Galdakao Ospitalea - LEMOA - ZEANURI,24611.0,16295.0,3125.0,1103.0,1134.0,1558.0,4.0,242.0,240.0,2022-01-01,0,0,32801.0,909.0,2733.4166666666665,9.003749885674218,1,1,2022,0.49999999999999994,0.8660254037844387,26636.0,29942.0,21950.0,28546.0,27348.333333333332,25735.916666666668
2022,2,A3917,BILBAO - Hospital Galdakao Ospitalea - LEMOA - ZEANURI,25483.0,16378.0,3279.0,1467.0,1243.0,1524.0,5.0,261.0,236.0,2022-02-01,0,0,32801.0,909.0,2733.4166666666665,9.322764549861285,1,2,2022,0.8660254037844386,0.5000000000000001,24611.0,29060.0,19462.0,26769.0,27194.5,25957.666666666668
2022,3,A3917,BILBAO - Hospital Galdakao Ospitalea - LEMOA - ZEANURI,30715.0,20191.0,4033.0,1619.0,1389.0,1707.0,3.0,255.0,226.0,2022-03-01,0,0,32801.0,909.0,2733.4166666666665,11.23685253498369,1,3,2022,1.0,6.123233995736766e-17,25483.0,26636.0,24466.0,25576.666666666668,27284.833333333332,26459.416666666668
2022,4,A3917,BILBAO - Hospital Galdakao Ospitalea - LEMOA - ZEANURI,25514.0,16983.0,3236.0,1063.0,995.0,1827.0,1.0,296.0,173.0,2022-04-01,0,0,32801.0,909.0,2733.4166666666665,9.334105667510137,2,4,2022,0.8660254037844387,-0.4999999999999998,30715.0,24611.0,24281.0,26936.333333333332,27741.166666666668,26980.166666666668
2022,5,A3917,BILBAO - Hospital Galdakao Ospitalea - LEMOA - ZEANURI,30136.0,19750.0,3857.0,1393.0,1346.0,2017.0,1.0,338.0,221.0,2022-05-01,0,0,32801.0,909.0,2733.4166666666665,11.025029724703515,2,5,2022,0.49999999999999994,-0.8660254037844387,25514.0,25483.0,25404.0,27237.333333333332,27003.166666666668,27082.916666666668
2022,6,A3917,BILBAO - Hospital Galdakao Ospitalea - LEMOA - ZEANURI,30695.0,21275.0,3905.0,787.0,1035.0,1932.0,8.0,340.0,258.0,2022-06-01,0,0,32801.0,909.0,2733.4166666666665,11.229535684887656,2,6,2022,1.2246467991473532e-16,-1.0,30136.0,30715.0,29178.0,28788.333333333332,27182.5,27477.25
2022,7,A3917,BILBAO - Hospital Galdakao Ospitalea - LEMOA - ZEANURI,28560.0,19799.0,3547.0,581.0,840.0,2123.0,15.0,493.0,272.0,2022-07-01,0,0,32801.0,909.0,2733.4166666666665,10.448461937136063,3,7,2022,-0.4999999999999997,-0.8660254037844388,30695.0,25514.0,25534.0,28781.666666666668,27859.0,27603.666666666668
2022,8,A3917,BILBAO - Hospital Galdakao Ospitalea - LEMOA - ZEANURI,33890.0,23909.0,4374.0,544.0,834.0,2410.0,2.0,503.0,308.0,2022-08-01,0,0,32801.0,909.0,2733.4166666666665,12.398402487729033,3,8,2022,-0.8660254037844385,-0.5000000000000004,28560.0,30136.0,24941.0,29797.0,28517.166666666668,27855.833333333332
2020,1,A3521,BILBAO - Hospital Santa Marina Ospitalea,13909.0,8862.0,3904.0,106.0,48.0,458.0,0.0,10.0,263.0,2020-01-01,1,0,,,,,1,1,2020,0.49999999999999994,0.8660254037844387,,,,,,
2020,2,A3521,BILBAO - Hospital Santa Marina Ospitalea,11443.0,7335.0,3200.0,76.0,31.0,456.0,0.0,19.0,162.0,2020-02-01,1,0,,,,,1,2,2020,0.8660254037844386,0.5000000000000001,13909.0,,,,,
2020,3,A3521,BILBAO - Hospital Santa Marina Ospitalea,1538.0,1050.0,355.0,9.0,1.0,67.0,0.0,1.0,29.0,2020-03-01,1,0,,,,,1,3,2020,1.0,6.123233995736766e-17,11443.0,,,,,
2020,4,A3521,BILBAO - Hospital Santa Marina Ospitalea,0.0,,,,,0.0,0.0,0.0,0.0,2020-04-01,1,0,,,,,2,4,2020,0.8660254037844387,-0.4999999999999998,1538.0,13909.0,,8963.333333333334,,
2020,5,A3521,BILBAO - Hospital Santa Marina Ospitalea,0.0,,,,,0.0,0.0,0.0,0.0,2020-05-01,1,0,,,,,2,5,2020,0.49999999999999994,-0.8660254037844387,0.0,11443.0,,4327.0,,
2020,6,A3521,BILBAO - Hospital Santa Marina Ospitalea,0.0,0.0,0.0,0.0,0.0,0.0,0.0,0.0,0.0,2020-06-01,1,0,,,,,2,6,2020,1.2246467991473532e-16,-1.0,0.0,1538.0,,512.6666666666666,,
2020,7,A3521,BILBAO - Hospital Santa Marina Ospitalea,0.0,,,,,0.0,0.0,0.0,0.0,2020-07-01,1,0,,,,,3,7,2020,-0.4999999999999997,-0.8660254037844388,0.0,0.0,,0.0,4481.666666666667,
2020,8,A3521,BILBAO - Hospital Santa Marina Ospitalea,0.0,,,,,0.0,0.0,0.0,0.0,2020-08-01,1,0,,,,,3,8,2020,-0.8660254037844385,-0.5000000000000004,0.0,0.0,,0.0,2163.5,
2020,9,A3521,BILBAO - Hospital Santa Marina Ospitalea,0.0,,,,,0.0,0.0,0.0,0.0,2020-09-01,1,0,,,,,3,9,2020,-1.0,-1.8369701987210297e-16,0.0,0.0,,0.0,256.3333333333333,
2020,10,A3521,BILBAO - Hospital Santa Marina Ospitalea,0.0,,,,,0.0,0.0,0.0,0.0,2020-10-01,1,0,,,,,4,10,2020,-0.8660254037844386,0.5000000000000001,0.0,0.0,,0.0,0.0,
2020,11,A3521,BILBAO - Hospital Santa Marina Ospitalea,0.0,,,,,0.0,0.0,0.0,0.0,2020-11-01,1,0,,,,,4,11,2020,-0.5000000000000004,0.8660254037844384,0.0,0.0,,0.0,0.0,
2020,12,A3521,BILBAO - Hospital Santa Marina Ospitalea,0.0,,,,,0.0,0.0,0.0,0.0,2020-12-01,1,0,,,,,4,12,2020,-2.4492935982947064e-16,1.0,0.0,0.0,,0.0,0.0,
2021,1,A3521,BILBAO - Hospital Santa Marina Ospitalea,0.0,,,,,0.0,0.0,0.0,0.0,2021-01-01,1,0,,,,,1,1,2021,0.49999999999999994,0.8660254037844387,0.0,0.0,13909.0,0.0,0.0,2240.8333333333335
2021,2,A3521,BILBAO - Hospital Santa Marina Ospitalea,0.0,,,,,0.0,0.0,0.0,0.0,2021-02-01,1,0,,,,,1,2,2021,0.8660254037844386,0.5000000000000001,0.0,0.0,11443.0,0.0,0.0,1081.75
2021,3,A3521,BILBAO - Hospital Santa Marina Ospitalea,0.0,,,,,0.0,0.0,0.0,0.0,2021-03-01,1,0,,,,,1,3,2021,1.0,6.123233995736766e-17,0.0,0.0,1538.0,0.0,0.0,128.16666666666666
2021,4,A3521,BILBAO - Hospital Santa Marina Ospitalea,0.0,0.0,0.0,0.0,0.0,0.0,0.0,0.0,0.0,2021-04-01,1,0,,,,,2,4,2021,0.8660254037844387,-0.4999999999999998,0.0,0.0,0.0,0.0,0.0,0.0
2021,5,A3521,BILBAO - Hospital Santa Marina Ospitalea,0.0,,,,,0.0,0.0,0.0,0.0,2021-05-01,1,0,,,,,2,5,2021,0.49999999999999994,-0.8660254037844387,0.0,0.0,0.0,0.0,0.0,0.0
2021,6,A3521,BILBAO - Hospital Santa Marina Ospitalea,0.0,,,,,0.0,0.0,0.0,0.0,2021-06-01,1,0,,,,,2,6,2021,1.2246467991473532e-16,-1.0,0.0,0.0,0.0,0.0,0.0,0.0
2021,7,A3521,BILBAO - Hospital Santa Marina Ospitalea,0.0,,,,,0.0,0.0,0.0,0.0,2021-07-01,1,0,,,,,3,7,2021,-0.4999999999999997,-0.8660254037844388,0.0,0.0,0.0,0.0,0.0,0.0
2021,8,A3521,BILBAO - Hospital Santa Marina Ospitalea,0.0,,,,,0.0,0.0,0.0,0.0,2021-08-01,1,0,,,,,3,8,2021,-0.8660254037844385,-0.5000000000000004,0.0,0.0,0.0,0.0,0.0,0.0
2021,9,A3521,BILBAO - Hospital Santa Marina Ospitalea,0.0,,,,,0.0,0.0,0.0,0.0,2021-09-01,1,0,,,,,3,9,2021,-1.0,-1.8369701987210297e-16,0.0,0.0,0.0,0.0,0.0,0.0
2021,10,A3521,BILBAO - Hospital Santa Marina Ospitalea,0.0,,,,,0.0,0.0,0.0,0.0,2021-10-01,1,0,,,,,4,10,2021,-0.8660254037844386,0.5000000000000001,0.0,0.0,0.0,0.0,0.0,0.0
2021,11,A3521,BILBAO - Hospital Santa Marina Ospitalea,0.0,,,,,0.0,0.0,0.0,0.0,2021-11-01,1,0,,,,,4,11,2021,-0.5000000000000004,0.8660254037844384,0.0,0.0,0.0,0.0,0.0,0.0
2021,12,A3521,BILBAO - Hospital Santa Marina Ospitalea,0.0,,,,,0.0,0.0,0.0,0.0,2021-12-01,1,0,,,,,4,12,2021,-2.4492935982947064e-16,1.0,0.0,0.0,0.0,0.0,0.0,0.0
2022,1,A3521,BILBAO - Hospital Santa Marina Ospitalea,0.0,,,,,0.0,0.0,0.0,0.0,2022-01-01,0,0,,,,,1,1,2022,0.49999999999999994,0.8660254037844387,0.0,0.0,0.0,0.0,0.0,0.0
2022,2,A3521,BILBAO - Hospital Santa Marina Ospitalea,0.0,,,,,0.0,0.0,0.0,0.0,2022-02-01,0,0,,,,,1,2,2022,0.8660254037844386,0.5000000000000001,0.0,0.0,0.0,0.0,0.0,0.0
2022,3,A3521,BILBAO - Hospital Santa Marina Ospitalea,0.0,,,,,0.0,0.0,0.0,0.0,2022-03-01,0,0,,,,,1,3,2022,1.0,6.123233995736766e-17,0.0,0.0,0.0,0.0,0.0,0.0
2022,4,A3521,BILBAO - Hospital Santa Marina Ospitalea,0.0,,,,,0.0,0.0,0.0,0.0,2022-04-01,0,0,,,,,2,4,2022,0.8660254037844387,-0.4999999999999998,0.0,0.0,0.0,0.0,0.0,0.0
2022,5,A3521,BILBAO - Hospital Santa Marina Ospitalea,0.0,,,,,0.0,0.0,0.0,0.0,2022-05-01,0,0,,,,,2,5,2022,0.49999999999999994,-0.8660254037844387,0.0,0.0,0.0,0.0,0.0,0.0
2022,6,A3521,BILBAO - Hospital Santa Marina Ospitalea,0.0,,,,,0.0,0.0,0.0,0.0,2022-06-01,0,0,,,,,2,6,2022,1.2246467991473532e-16,-1.0,0.0,0.0,0.0,0.0,0.0,0.0
2022,7,A3521,BILBAO - Hospital Santa Marina Ospitalea,0.0,,,,,0.0,0.0,0.0,0.0,2022-07-01,0,0,,,,,3,7,2022,-0.4999999999999997,-0.8660254037844388,0.0,0.0,0.0,0.0,0.0,0.0
2022,8,A3521,BILBAO - Hospital Santa Marina Ospitalea,0.0,,,,,0.0,0.0,0.0,0.0,2022-08-01,0,0,,,,,3,8,2022,-0.8660254037844385,-0.5000000000000004,0.0,0.0,0.0,0.0,0.0,0.0
2020,1,A3512,BILBAO - LEKEITIO (Autopista),28811.0,18086.0,4641.0,1083.0,416.0,2810.0,5.0,219.0,115.0,2020-01-01,1,0,,,,,1,1,2020,0.49999999999999994,0.8660254037844387,,,,,,
2020,2,A3512,BILBAO - LEKEITIO (Autopista),30034.0,19106.0,4673.0,1182.0,427.0,2812.0,6.0,148.0,155.0,2020-02-01,1,0,,,,,1,2,2020,0.8660254037844386,0.5000000000000001,28811.0,,,,,
2020,3,A3512,BILBAO - LEKEITIO (Autopista),13271.0,8678.0,1868.0,541.0,202.0,1169.0,4.0,59.0,69.0,2020-03-01,1,0,,,,,1,3,2020,1.0,6.123233995736766e-17,30034.0,,,,,
2020,4,A3512,BILBAO - LEKEITIO (Autopista),2121.0,1871.0,128.0,,1.0,0.0,0.0,0.0,13.0,2020-04-01,1,0,,,,,2,4,2020,0.8660254037844387,-0.4999999999999998,13271.0,28811.0,,24038.666666666668,,
2020,5,A3512,BILBAO - LEKEITIO (Autopista),7682.0,6528.0,753.0,28.0,9.0,0.0,0.0,11.0,14.0,2020-05-01,1,0,,,,,2,5,2020,0.49999999999999994,-0.8660254037844387,2121.0,30034.0,,15142.0,,
2020,6,A3512,BILBAO - LEKEITIO (Autopista),21248.0,17294.0,2373.0,250.0,26.0,0.0,0.0,56.0,83.0,2020-06-01,1,0,,,,,2,6,2020,1.2246467991473532e-16,-1.0,7682.0,13271.0,,7691.333333333333,,
2020,7,A3512,BILBAO - LEKEITIO (Autopista),31568.0,25845.0,3602.0,303.0,42.0,0.0,0.0,106.0,95.0,2020-07-01,1,0,,,,,3,7,2020,-0.4999999999999997,-0.8660254037844388,21248.0,2121.0,,10350.333333333334,17194.5,
2020,8,A3512,BILBAO - LEKEITIO (Autopista),24989.0,20504.0,2870.0,114.0,3.0,0.0,0.0,117.0,99.0,2020-08-01,1,0,,,,,3,8,2020,-0.8660254037844385,-0.5000000000000004,31568.0,7682.0,,20166.0,17654.0,
2020,9,A3512,BILBAO - LEKEITIO (Autopista),23116.0,17844.0,2785.0,943.0,170.0,0.0,0.0,62.0,63.0,2020-09-01,1,0,,,,,3,9,2020,-1.0,-1.8369701987210297e-16,24989.0,21248.0,,25935.0,16813.166666666668,
2020,10,A3512,BILBAO - LEKEITIO (Autopista),21248.0,15765.0,2314.0,1681.0,324.0,0.0,0.0,25.0,54.0,2020-10-01,1,0,,,,,4,10,2020,-0.8660254037844386,0.5000000000000001,23116.0,31568.0,,26557.666666666668,18454.0,
2020,11,A3512,BILBAO - LEKEITIO (Autopista),16306.0,12202.0,1145.0,1595.0,315.0,0.0,0.0,24.0,81.0,2020-11-01,1,0,,,,,4,11,2020,-0.5000000000000004,0.8660254037844384,21248.0,24989.0,,23117.666666666668,21641.833333333332,
2020,12,A3512,BILBAO - LEKEITIO (Autopista),17936.0,13954.0,1596.0,947.0,204.0,127.0,0.0,56.0,78.0,2020-12-01,1,0,,,,,4,12,2020,-2.4492935982947064e-16,1.0,16306.0,23116.0,,20223.333333333332,23079.166666666668,
2021,1,A3512,BILBAO - LEKEITIO (Autopista),16074.0,12029.0,1083.0,1105.0,195.0,539.0,0.0,59.0,135.0,2021-01-01,1,0,29792.0,909.0,2482.6666666666665,6.474489795918368,1,1,2021,0.49999999999999994,0.8660254037844387,17936.0,21248.0,28811.0,18496.666666666668,22527.166666666668,19860.833333333332
2021,2,A3512,BILBAO - LEKEITIO (Autopista),15640.0,11604.0,1035.0,1219.0,207.0,566.0,0.0,44.0,141.0,2021-02-01,1,0,29792.0,909.0,2482.6666666666665,6.29967776584318,1,2,2021,0.8660254037844386,0.5000000000000001,16074.0,16306.0,30034.0,16772.0,19944.833333333332,18799.416666666668
2021,3,A3512,BILBAO - LEKEITIO (Autopista),24100.0,17561.0,2437.0,1241.0,264.0,1062.0,0.0,121.0,175.0,2021-03-01,1,0,29792.0,909.0,2482.6666666666665,9.707303974221269,1,3,2021,1.0,6.123233995736766e-17,15640.0,17936.0,13271.0,16550.0,18386.666666666668,17599.916666666668
2021,4,A3512,BILBAO - LEKEITIO (Autopista),20771.0,14968.0,2076.0,1092.0,194.0,1138.0,2.0,113.0,148.0,2021-04-01,1,0,29792.0,909.0,2482.6666666666665,8.366407089151451,2,4,2021,0.8660254037844387,-0.4999999999999998,24100.0,16074.0,2121.0,18604.666666666668,18550.666666666668,18502.333333333332
2021,5,A3512,BILBAO - LEKEITIO (Autopista),22214.0,15810.0,2555.0,1081.0,216.0,1197.0,0.0,116.0,122.0,2021-05-01,1,0,29792.0,909.0,2482.6666666666665,8.94763694951665,2,5,2021,0.49999999999999994,-0.8660254037844387,20771.0,15640.0,7682.0,20170.333333333332,18471.166666666668,20056.5
2021,6,A3512,BILBAO - LEKEITIO (Autopista),27596.0,20091.0,3549.0,552.0,139.0,1826.0,0.0,159.0,133.0,2021-06-01,1,0,29792.0,909.0,2482.6666666666665,11.11546723952739,2,6,2021,1.2246467991473532e-16,-1.0,22214.0,24100.0,21248.0,22361.666666666668,19455.833333333332,21267.5
2021,7,A3512,BILBAO - LEKEITIO (Autopista),32212.0,23307.0,4146.0,291.0,74.0,2606.0,11.0,277.0,127.0,2021-07-01,1,0,29792.0,909.0,2482.6666666666665,12.974758324382385,3,7,2021,-0.4999999999999997,-0.8660254037844388,27596.0,20771.0,31568.0,23527.0,21065.833333333332,21796.5
2021,8,A3512,BILBAO - LEKEITIO (Autopista),30500.0,21544.0,3972.0,185.0,38.0,2978.0,5.0,283.0,191.0,2021-08-01,1,0,29792.0,909.0,2482.6666666666665,12.285177228786251,3,8,2021,-0.8660254037844385,-0.5000000000000004,32212.0,22214.0,24989.0,27340.666666666668,23755.5,21850.166666666668
2021,9,A3512,BILBAO - LEKEITIO (Autopista),27973.0,18962.0,3523.0,1498.0,218.0,2202.0,0.0,141.0,102.0,2021-09-01,1,0,29792.0,909.0,2482.6666666666665,11.267320085929109,3,9,2021,-1.0,-1.8369701987210297e-16,30500.0,27596.0,23116.0,30102.666666666668,26232.166666666668,22309.416666666668
2021,10,A3512,BILBAO - LEKEITIO (Autopista),29367.0,19118.0,3783.0,2188.0,387.0,2154.0,3.0,111.0,113.0,2021-10-01,1,0,29792.0,909.0,2482.6666666666665,11.828813104189045,4,10,2021,-0.8660254037844386,0.5000000000000001,27973.0,32212.0,21248.0,30228.333333333332,26877.666666666668,22714.166666666668
2021,11,A3512,BILBAO - LEKEITIO (Autopista),27972.0,17976.0,3352.0,2505.0,446.0,1873.0,0.0,103.0,118.0,2021-11-01,1,0,29792.0,909.0,2482.6666666666665,11.266917293233083,4,11,2021,-0.5000000000000004,0.8660254037844384,29367.0,30500.0,16306.0,29280.0,28310.333333333332,23390.75
2021,12,A3512,BILBAO - LEKEITIO (Autopista),22477.0,15455.0,2615.0,1138.0,260.0,1647.0,1.0,159.0,91.0,2021-12-01,1,0,29792.0,909.0,2482.6666666666665,9.053571428571429,4,12,2021,-2.4492935982947064e-16,1.0,27972.0,27973.0,17936.0,28437.333333333332,29270.0,24362.916666666668
2022,1,A3512,BILBAO - LEKEITIO (Autopista),22428.0,14839.0,2737.0,1772.0,281.0,1424.0,0.0,104.0,83.0,2022-01-01,0,0,29796.0,909.0,2483.0,9.032621828433347,1,1,2022,0.49999999999999994,0.8660254037844387,22477.0,29367.0,16074.0,26605.333333333332,28416.833333333332,24741.333333333332
2022,2,A3512,BILBAO - LEKEITIO (Autopista),25868.0,16818.0,3179.0,2231.0,425.0,1592.0,0.0,123.0,101.0,2022-02-01,0,0,29796.0,909.0,2483.0,10.418042690294,1,2,2022,0.8660254037844386,0.5000000000000001,22428.0,27972.0,15640.0,24292.333333333332,26786.166666666668,25270.833333333332
2022,3,A3512,BILBAO - LEKEITIO (Autopista),29965.0,19538.0,3780.0,2499.0,505.0,1705.0,0.0,153.0,86.0,2022-03-01,0,0,29796.0,909.0,2483.0,12.06806282722513,1,3,2022,1.0,6.123233995736766e-17,25868.0,22477.0,24100.0,23591.0,26014.166666666668,26123.166666666668
2022,4,A3512,BILBAO - LEKEITIO (Autopista),28492.0,19141.0,3878.0,1419.0,247.0,2238.0,5.0,186.0,129.0,2022-04-01,0,0,29796.0,909.0,2483.0,11.474828836085381,2,4,2022,0.8660254037844387,-0.4999999999999998,29965.0,22428.0,20771.0,26087.0,26346.166666666668,26611.916666666668
2022,5,A3512,BILBAO - LEKEITIO (Autopista),32519.0,21506.0,4553.0,2091.0,309.0,2257.0,3.0,203.0,93.0,2022-05-01,0,0,29796.0,909.0,2483.0,13.09665726943214,2,5,2022,0.49999999999999994,-0.8660254037844387,28492.0,25868.0,22214.0,28108.333333333332,26200.333333333332,27255.333333333332
2022,6,A3512,BILBAO - LEKEITIO (Autopista),34797.0,24064.0,4873.0,770.0,156.0,2874.0,13.0,220.0,174.0,2022-06-01,0,0,29796.0,909.0,2483.0,14.014095851792186,2,6,2022,1.2246467991473532e-16,-1.0,32519.0,29965.0,27596.0,30325.333333333332,26958.166666666668,28114.083333333332
2022,7,A3512,BILBAO - LEKEITIO (Autopista),40918.0,28444.0,5652.0,466.0,127.0,3925.0,19.0,288.0,198.0,2022-07-01,0,0,29796.0,909.0,2483.0,16.479258960934352,3,7,2022,-0.4999999999999997,-0.8660254037844388,34797.0,28492.0,32212.0,31936.0,29011.5,28714.166666666668
2022,8,A3512,BILBAO - LEKEITIO (Autopista),41957.0,29426.0,5595.0,320.0,42.0,4186.0,9.0,402.0,306.0,2022-08-01,0,0,29796.0,909.0,2483.0,16.897704389850986,3,8,2022,-0.8660254037844385,-0.5000000000000004,40918.0,32519.0,30500.0,36078.0,32093.166666666668,29439.666666666668
2020,1,A3925,BILBAO - LEMOA - OTXANDIO - UBIDE,22048.0,13169.0,4198.0,999.0,822.0,1773.0,0.0,148.0,262.0,2020-01-01,1,0,,,,,1,1,2020,0.49999999999999994,0.8660254037844387,,,,,,
2020,2,A3925,BILBAO - LEMOA - OTXANDIO - UBIDE,22992.0,13760.0,4435.0,969.0,907.0,1677.0,1.0,168.0,255.0,2020-02-01,1,0,,,,,1,2,2020,0.8660254037844386,0.5000000000000001,22048.0,,,,,
2020,3,A3925,BILBAO - LEMOA - OTXANDIO - UBIDE,10455.0,6760.0,1517.0,450.0,441.0,745.0,0.0,50.0,112.0,2020-03-01,1,0,,,,,1,3,2020,1.0,6.123233995736766e-17,22992.0,,,,,
2020,4,A3925,BILBAO - LEMOA - OTXANDIO - UBIDE,2043.0,1731.0,217.0,1.0,47.0,0.0,0.0,1.0,8.0,2020-04-01,1,0,,,,,2,4,2020,0.8660254037844387,-0.4999999999999998,10455.0,22048.0,,18498.333333333332,,
2020,5,A3925,BILBAO - LEMOA - OTXANDIO - UBIDE,5650.0,4565.0,804.0,6.0,107.0,0.0,0.0,1.0,6.0,2020-05-01,1,0,,,,,2,5,2020,0.49999999999999994,-0.8660254037844387,2043.0,22992.0,,11830.0,,
2020,6,A3925,BILBAO - LEMOA - OTXANDIO - UBIDE,12673.0,9825.0,2012.0,190.0,195.0,0.0,0.0,63.0,49.0,2020-06-01,1,0,,,,,2,6,2020,1.2246467991473532e-16,-1.0,5650.0,10455.0,,6049.333333333333,,
2020,7,A3925,BILBAO - LEMOA - OTXANDIO - UBIDE,14975.0,11463.0,2422.0,229.0,180.0,0.0,0.0,64.0,123.0,2020-07-01,1,0,,,,,3,7,2020,-0.4999999999999997,-0.8660254037844388,12673.0,2043.0,,6788.666666666667,12643.5,
2020,8,A3925,BILBAO - LEMOA - OTXANDIO - UBIDE,11853.0,9284.0,1840.0,110.0,136.0,0.0,0.0,70.0,69.0,2020-08-01,1,0,,,,,3,8,2020,-0.8660254037844385,-0.5000000000000004,14975.0,5650.0,,11099.333333333334,11464.666666666666,
2020,9,A3925,BILBAO - LEMOA - OTXANDIO - UBIDE,14858.0,11195.0,2190.0,439.0,515.0,0.0,0.0,58.0,65.0,2020-09-01,1,0,,,,,3,9,2020,-1.0,-1.8369701987210297e-16,11853.0,12673.0,,13167.0,9608.166666666666,
2020,10,A3925,BILBAO - LEMOA - OTXANDIO - UBIDE,15503.0,11244.0,2107.0,878.0,663.0,0.0,0.0,56.0,84.0,2020-10-01,1,0,,,,,4,10,2020,-0.8660254037844386,0.5000000000000001,14858.0,14975.0,,13895.333333333334,10342.0,
2020,11,A3925,BILBAO - LEMOA - OTXANDIO - UBIDE,13097.0,9563.0,1509.0,908.0,609.0,0.0,0.0,27.0,68.0,2020-11-01,1,0,,,,,4,11,2020,-0.5000000000000004,0.8660254037844384,15503.0,11853.0,,14071.333333333334,12585.333333333334,
2020,12,A3925,BILBAO - LEMOA - OTXANDIO - UBIDE,14289.0,10660.0,1882.0,539.0,469.0,78.0,0.0,64.0,114.0,2020-12-01,1,0,,,,,4,12,2020,-2.4492935982947064e-16,1.0,13097.0,14858.0,,14486.0,13826.5,
2021,1,A3925,BILBAO - LEMOA - OTXANDIO - UBIDE,14021.0,10270.0,1631.0,739.0,423.0,340.0,0.0,74.0,130.0,2021-01-01,1,0,26854.0,909.0,2237.8333333333335,6.2654353168987855,1,1,2021,0.49999999999999994,0.8660254037844387,14289.0,15503.0,22048.0,14296.333333333334,14095.833333333334,13369.666666666666
2021,2,A3925,BILBAO - LEMOA - OTXANDIO - UBIDE,12273.0,8831.0,1286.0,752.0,421.0,291.0,0.0,78.0,187.0,2021-02-01,1,0,26854.0,909.0,2237.8333333333335,5.484322633499665,1,2,2021,0.8660254037844386,0.5000000000000001,14021.0,13097.0,22992.0,13802.333333333334,13936.833333333334,12700.75
2021,3,A3925,BILBAO - LEMOA - OTXANDIO - UBIDE,15953.0,11087.0,2086.0,915.0,584.0,478.0,0.0,111.0,186.0,2021-03-01,1,0,26854.0,909.0,2237.8333333333335,7.12877038802413,1,3,2021,1.0,6.123233995736766e-17,12273.0,14289.0,10455.0,13527.666666666666,14006.833333333334,11807.5
2021,4,A3925,BILBAO - LEMOA - OTXANDIO - UBIDE,14489.0,10011.0,1862.0,735.0,591.0,475.0,5.0,117.0,185.0,2021-04-01,1,0,26854.0,909.0,2237.8333333333335,6.474566172637223,2,4,2021,0.8660254037844387,-0.4999999999999998,15953.0,14021.0,2043.0,14082.333333333334,14189.333333333334,12265.666666666666
2021,5,A3925,BILBAO - LEMOA - OTXANDIO - UBIDE,15991.0,10963.0,2313.0,667.0,562.0,622.0,4.0,136.0,193.0,2021-05-01,1,0,26854.0,909.0,2237.8333333333335,7.1457510985328065,2,5,2021,0.49999999999999994,-0.8660254037844387,14489.0,12273.0,5650.0,14238.333333333334,14020.333333333334,13302.833333333334
2021,6,A3925,BILBAO - LEMOA - OTXANDIO - UBIDE,18270.0,12871.0,2840.0,411.0,402.0,730.0,16.0,200.0,212.0,2021-06-01,1,0,26854.0,909.0,2237.8333333333335,8.164146868250539,2,6,2021,1.2246467991473532e-16,-1.0,15991.0,15953.0,12673.0,15477.666666666666,14502.666666666666,14164.583333333334
2021,7,A3925,BILBAO - LEMOA - OTXANDIO - UBIDE,17170.0,12227.0,2570.0,305.0,316.0,940.0,10.0,175.0,182.0,2021-07-01,1,0,26854.0,909.0,2237.8333333333335,7.67259998510464,3,7,2021,-0.4999999999999997,-0.8660254037844388,18270.0,14489.0,14975.0,16250.0,15166.166666666666,14631.0
2021,8,A3925,BILBAO - LEMOA - OTXANDIO - UBIDE,14321.0,9735.0,2425.0,152.0,250.0,1013.0,2.0,258.0,139.0,2021-08-01,1,0,26854.0,909.0,2237.8333333333335,6.399493557756759,3,8,2021,-0.8660254037844385,-0.5000000000000004,17170.0,15991.0,11853.0,17143.666666666668,15691.0,14813.916666666666
2021,9,A3925,BILBAO - LEMOA - OTXANDIO - UBIDE,17759.0,11918.0,2629.0,671.0,631.0,1012.0,3.0,190.0,241.0,2021-09-01,1,0,26854.0,909.0,2237.8333333333335,7.9358009979891255,3,9,2021,-1.0,-1.8369701987210297e-16,14321.0,18270.0,14858.0,16587.0,16032.333333333334,15019.583333333334
2021,10,A3925,BILBAO - LEMOA - OTXANDIO - UBIDE,18450.0,12053.0,2963.0,870.0,801.0,935.0,3.0,133.0,179.0,2021-10-01,1,0,26854.0,909.0,2237.8333333333335,8.244581812765324,4,10,2021,-0.8660254037844386,0.5000000000000001,17759.0,17170.0,15503.0,16416.666666666668,16333.333333333334,15261.333333333334
2021,11,A3925,BILBAO - LEMOA - OTXANDIO - UBIDE,18079.0,11754.0,2749.0,895.0,845.0,901.0,2.0,147.0,241.0,2021-11-01,1,0,26854.0,909.0,2237.8333333333335,8.078796454904296,4,11,2021,-0.5000000000000004,0.8660254037844384,18450.0,14321.0,13097.0,16843.333333333332,16993.5,15506.916666666666
2021,12,A3925,BILBAO - LEMOA - OTXANDIO - UBIDE,16325.0,10779.0,2575.0,573.0,569.0,994.0,2.0,219.0,169.0,2021-12-01,1,0,26854.0,909.0,2237.8333333333335,7.2950026066880165,4,12,2021,-2.4492935982947064e-16,1.0,18079.0,17759.0,14289.0,18096.0,17341.5,15922.083333333334
2022,1,A3925,BILBAO - LEMOA - OTXANDIO - UBIDE,15852.0,10367.0,2405.0,661.0,626.0,949.0,4.0,166.0,190.0,2022-01-01,0,0,26858.0,909.0,2238.1666666666665,7.08258247077221,1,1,2022,0.49999999999999994,0.8660254037844387,16325.0,18450.0,14021.0,17618.0,17017.333333333332,16091.75
2022,2,A3925,BILBAO - LEMOA - OTXANDIO - UBIDE,16372.0,10503.0,2665.0,715.0,800.0,825.0,6.0,141.0,166.0,2022-02-01,0,0,26858.0,909.0,2238.1666666666665,7.314915481420806,1,2,2022,0.8660254037844386,0.5000000000000001,15852.0,18079.0,12273.0,16752.0,16797.666666666668,16244.333333333334
2022,3,A3925,BILBAO - LEMOA - OTXANDIO - UBIDE,19192.0,12429.0,3099.0,708.0,912.0,988.0,3.0,193.0,214.0,2022-03-01,0,0,26858.0,909.0,2238.1666666666665,8.574875269938193,1,3,2022,1.0,6.123233995736766e-17,16372.0,16325.0,15953.0,16183.0,17139.5,16585.916666666668
2022,4,A3925,BILBAO - LEMOA - OTXANDIO - UBIDE,15435.0,10088.0,2668.0,512.0,636.0,835.0,0.0,161.0,152.0,2022-04-01,0,0,26858.0,909.0,2238.1666666666665,6.896269268002086,2,4,2022,0.8660254037844387,-0.4999999999999998,19192.0,15852.0,14489.0,17138.666666666668,17378.333333333332,16855.833333333332
2022,5,A3925,BILBAO - LEMOA - OTXANDIO - UBIDE,19032.0,12465.0,3134.0,675.0,752.0,998.0,5.0,223.0,238.0,2022-05-01,0,0,26858.0,909.0,2238.1666666666665,8.503388189738626,2,5,2022,0.49999999999999994,-0.8660254037844387,15435.0,16372.0,15991.0,16999.666666666668,16875.833333333332,16934.666666666668
2022,6,A3925,BILBAO - LEMOA - OTXANDIO - UBIDE,19107.0,12881.0,3162.0,334.0,575.0,1171.0,4.0,217.0,218.0,2022-06-01,0,0,26858.0,909.0,2238.1666666666665,8.536897758582173,2,6,2022,1.2246467991473532e-16,-1.0,19032.0,19192.0,18270.0,17886.333333333332,17034.666666666668,17188.083333333332
2022,7,A3925,BILBAO - LEMOA - OTXANDIO - UBIDE,18154.0,12394.0,2973.0,256.0,390.0,1202.0,1.0,284.0,157.0,2022-07-01,0,0,26858.0,909.0,2238.1666666666665,8.111102837143497,3,7,2022,-0.4999999999999997,-0.8660254037844388,19107.0,15435.0,17170.0,17858.0,17498.333333333332,17257.833333333332
2022,8,A3925,BILBAO - LEMOA - OTXANDIO - UBIDE,17260.0,11510.0,3014.0,209.0,228.0,1322.0,1.0,354.0,191.0,2022-08-01,0,0,26858.0,909.0,2238.1666666666665,7.711668776528409,3,8,2022,-0.8660254037844385,-0.5000000000000004,18154.0,19032.0,14321.0,18764.333333333332,17882.0,17339.833333333332
2020,1,A3927,BILBAO - LEMOA - ZEANURI (Autopista),15061.0,9349.0,1713.0,777.0,907.0,1003.0,0.0,236.0,184.0,2020-01-01,1,0,,,,,1,1,2020,0.49999999999999994,0.8660254037844387,,,,,,
2020,2,A3927,BILBAO - LEMOA - ZEANURI (Autopista),15152.0,9339.0,1589.0,730.0,1100.0,1062.0,0.0,240.0,174.0,2020-02-01,1,0,,,,,1,2,2020,0.8660254037844386,0.5000000000000001,15061.0,,,,,
2020,3,A3927,BILBAO - LEMOA - ZEANURI (Autopista),7601.0,4898.0,799.0,351.0,532.0,441.0,0.0,84.0,66.0,2020-03-01,1,0,,,,,1,3,2020,1.0,6.123233995736766e-17,15152.0,,,,,
2020,4,A3927,BILBAO - LEMOA - ZEANURI (Autopista),1054.0,948.0,74.0,0.0,6.0,0.0,0.0,0.0,0.0,2020-04-01,1,0,,,,,2,4,2020,0.8660254037844387,-0.4999999999999998,7601.0,15061.0,,12604.666666666666,,
2020,5,A3927,BILBAO - LEMOA - ZEANURI (Autopista),3417.0,2871.0,323.0,31.0,80.0,0.0,0.0,2.0,2.0,2020-05-01,1,0,,,,,2,5,2020,0.49999999999999994,-0.8660254037844387,1054.0,15152.0,,7935.666666666667,,
2020,6,A3927,BILBAO - LEMOA - ZEANURI (Autopista),8429.0,6754.0,863.0,124.0,261.0,0.0,0.0,65.0,21.0,2020-06-01,1,0,,,,,2,6,2020,1.2246467991473532e-16,-1.0,3417.0,7601.0,,4024.0,,
2020,7,A3927,BILBAO - LEMOA - ZEANURI (Autopista),9769.0,7747.0,1039.0,167.0,318.0,0.0,0.0,90.0,38.0,2020-07-01,1,0,,,,,3,7,2020,-0.4999999999999997,-0.8660254037844388,8429.0,1054.0,,4300.0,8452.333333333334,
2020,8,A3927,BILBAO - LEMOA - ZEANURI (Autopista),0.0,0.0,0.0,0.0,0.0,0.0,0.0,0.0,0.0,2020-08-01,1,0,,,,,3,8,2020,-0.8660254037844385,-0.5000000000000004,9769.0,3417.0,,7205.0,7570.333333333333,
2020,9,A3927,BILBAO - LEMOA - ZEANURI (Autopista),10944.0,8215.0,1025.0,440.0,680.0,0.0,0.0,67.0,47.0,2020-09-01,1,0,,,,,3,9,2020,-1.0,-1.8369701987210297e-16,0.0,8429.0,,6066.0,5045.0,
2020,10,A3927,BILBAO - LEMOA - ZEANURI (Autopista),12128.0,8605.0,937.0,910.0,956.0,0.0,0.0,33.0,34.0,2020-10-01,1,0,,,,,4,10,2020,-0.8660254037844386,0.5000000000000001,10944.0,9769.0,,6904.333333333333,5602.166666666667,
2020,11,A3927,BILBAO - LEMOA - ZEANURI (Autopista),10477.0,7223.0,690.0,904.0,901.0,0.0,0.0,43.0,49.0,2020-11-01,1,0,,,,,4,11,2020,-0.5000000000000004,0.8660254037844384,12128.0,0.0,,7690.666666666667,7447.833333333333,
2020,12,A3927,BILBAO - LEMOA - ZEANURI (Autopista),10045.0,7348.0,863.0,511.0,553.0,41.0,0.0,61.0,70.0,2020-12-01,1,0,,,,,4,12,2020,-2.4492935982947064e-16,1.0,10477.0,10944.0,,11183.0,8624.5,
2021,1,A3927,BILBAO - LEMOA - ZEANURI (Autopista),9623.0,6999.0,748.0,437.0,517.0,195.0,1.0,60.0,81.0,2021-01-01,1,0,17392.0,580.0,1449.3333333333333,6.639604415823367,1,1,2021,0.49999999999999994,0.8660254037844387,10045.0,12128.0,15061.0,10883.333333333334,8893.833333333334,8673.083333333334
2021,2,A3927,BILBAO - LEMOA - ZEANURI (Autopista),9964.0,6682.0,686.0,789.0,734.0,290.0,0.0,61.0,84.0,2021-02-01,1,0,17392.0,580.0,1449.3333333333333,6.874885004599816,1,2,2021,0.8660254037844386,0.5000000000000001,9623.0,10477.0,15152.0,10048.333333333334,8869.5,8219.916666666666
2021,3,A3927,BILBAO - LEMOA - ZEANURI (Autopista),12138.0,7868.0,1050.0,909.0,785.0,421.0,1.0,125.0,87.0,2021-03-01,1,0,17392.0,580.0,1449.3333333333333,8.374885004599816,1,3,2021,1.0,6.123233995736766e-17,9964.0,10045.0,7601.0,9877.333333333334,10530.166666666666,7787.583333333333
2021,4,A3927,BILBAO - LEMOA - ZEANURI (Autopista),10402.0,6850.0,872.0,860.0,514.0,421.0,2.0,123.0,75.0,2021-04-01,1,0,17392.0,580.0,1449.3333333333333,7.177092916283349,2,4,2021,0.8660254037844387,-0.4999999999999998,12138.0,9623.0,1054.0,10575.0,10729.166666666666,8165.666666666667
2021,5,A3927,BILBAO - LEMOA - ZEANURI (Autopista),11661.0,7912.0,1067.0,763.0,514.0,506.0,0.0,160.0,61.0,2021-05-01,1,0,17392.0,580.0,1449.3333333333333,8.045768169273229,2,5,2021,0.49999999999999994,-0.8660254037844387,10402.0,9964.0,3417.0,10834.666666666666,10441.5,8944.666666666666
2021,6,A3927,BILBAO - LEMOA - ZEANURI (Autopista),13653.0,9701.0,1489.0,452.0,396.0,606.0,0.0,205.0,89.0,2021-06-01,1,0,17392.0,580.0,1449.3333333333333,9.42019319227231,2,6,2021,1.2246467991473532e-16,-1.0,11661.0,12138.0,8429.0,11400.333333333334,10638.833333333334,9631.666666666666
2021,7,A3927,BILBAO - LEMOA - ZEANURI (Autopista),10851.0,7750.0,1299.0,218.0,249.0,592.0,1.0,227.0,64.0,2021-07-01,1,0,17392.0,580.0,1449.3333333333333,7.486890524379025,3,7,2021,-0.4999999999999997,-0.8660254037844388,13653.0,10402.0,9769.0,11905.333333333334,11240.166666666666,10067.0
2021,8,A3927,BILBAO - LEMOA - ZEANURI (Autopista),0.0,0.0,0.0,0.0,0.0,0.0,0.0,0.0,0.0,2021-08-01,1,0,17392.0,580.0,1449.3333333333333,0.0,3,8,2021,-0.8660254037844385,-0.5000000000000004,10851.0,11661.0,0.0,12055.0,11444.833333333334,10157.166666666666
2021,9,A3927,BILBAO - LEMOA - ZEANURI (Autopista),12850.0,8198.0,1330.0,894.0,593.0,726.0,1.0,157.0,94.0,2021-09-01,1,0,17392.0,580.0,1449.3333333333333,8.866145354185832,3,9,2021,-1.0,-1.8369701987210297e-16,0.0,13653.0,10944.0,8168.0,9784.166666666666,10157.166666666666
2021,10,A3927,BILBAO - LEMOA - ZEANURI (Autopista),13749.0,8124.0,1381.0,1437.0,906.0,618.0,2.0,124.0,97.0,2021-10-01,1,0,17392.0,580.0,1449.3333333333333,9.48643054277829,4,10,2021,-0.8660254037844386,0.5000000000000001,12850.0,10851.0,12128.0,7900.333333333333,9902.833333333334,10316.0
2021,11,A3927,BILBAO - LEMOA - ZEANURI (Autopista),14264.0,8448.0,1357.0,1389.0,978.0,750.0,0.0,111.0,132.0,2021-11-01,1,0,17392.0,580.0,1449.3333333333333,9.841766329346827,4,11,2021,-0.5000000000000004,0.8660254037844384,13749.0,0.0,10477.0,8866.333333333334,10460.666666666666,10451.083333333334
2021,12,A3927,BILBAO - LEMOA - ZEANURI (Autopista),12278.0,7682.0,1207.0,820.0,683.0,747.0,5.0,152.0,65.0,2021-12-01,1,0,17392.0,580.0,1449.3333333333333,8.47148114075437,4,12,2021,-2.4492935982947064e-16,1.0,14264.0,12850.0,10045.0,13621.0,10894.5,10766.666666666666
2022,1,A3927,BILBAO - LEMOA - ZEANURI (Autopista),11074.0,7042.0,1067.0,744.0,633.0,637.0,1.0,105.0,65.0,2022-01-01,0,0,17370.0,579.0,1447.5,7.650431778929188,1,1,2022,0.49999999999999994,0.8660254037844387,12278.0,13749.0,9623.0,13430.333333333334,10665.333333333334,10952.75
2022,2,A3927,BILBAO - LEMOA - ZEANURI (Autopista),12729.0,7543.0,1174.0,1168.0,1030.0,686.0,2.0,119.0,70.0,2022-02-01,0,0,17370.0,579.0,1447.5,8.793782383419689,1,2,2022,0.8660254037844386,0.5000000000000001,11074.0,14264.0,9964.0,12538.666666666666,10702.5,11073.666666666666
2022,3,A3927,BILBAO - LEMOA - ZEANURI (Autopista),15426.0,9459.0,1667.0,1212.0,1061.0,811.0,2.0,132.0,60.0,2022-03-01,0,0,17370.0,579.0,1447.5,10.65699481865285,1,3,2022,1.0,6.123233995736766e-17,12729.0,12278.0,12138.0,12027.0,12824.0,11304.083333333334
2022,4,A3927,BILBAO - LEMOA - ZEANURI (Autopista),10969.0,7011.0,1173.0,643.0,698.0,648.0,0.0,136.0,44.0,2022-04-01,0,0,17370.0,579.0,1447.5,7.577892918825562,2,4,2022,0.8660254037844387,-0.4999999999999998,15426.0,11074.0,10402.0,13076.333333333334,13253.333333333334,11578.083333333334
2022,5,A3927,BILBAO - LEMOA - ZEANURI (Autopista),14147.0,8819.0,1570.0,842.0,903.0,889.0,0.0,182.0,80.0,2022-05-01,0,0,17370.0,579.0,1447.5,9.773402417962004,2,5,2022,0.49999999999999994,-0.8660254037844387,10969.0,12729.0,11661.0,13041.333333333334,12790.0,11625.333333333334
2022,6,A3927,BILBAO - LEMOA - ZEANURI (Autopista),14096.0,9618.0,1496.0,356.0,612.0,922.0,3.0,240.0,93.0,2022-06-01,0,0,17370.0,579.0,1447.5,9.738169257340243,2,6,2022,1.2246467991473532e-16,-1.0,14147.0,15426.0,13653.0,13514.0,12770.5,11832.5
2022,7,A3927,BILBAO - LEMOA - ZEANURI (Autopista),11261.0,7856.0,1287.0,205.0,308.0,766.0,10.0,295.0,108.0,2022-07-01,0,0,17370.0,579.0,1447.5,7.779620034542314,3,7,2022,-0.4999999999999997,-0.8660254037844388,14096.0,10969.0,10851.0,13070.666666666666,13073.5,11869.416666666666
2022,8,A3927,BILBAO - LEMOA - ZEANURI (Autopista),0.0,0.0,0.0,0.0,0.0,0.0,0.0,0.0,0.0,2022-08-01,0,0,17370.0,579.0,1447.5,0.0,3,8,2022,-0.8660254037844385,-0.5000000000000004,11261.0,14147.0,0.0,13168.0,13104.666666666666,11903.583333333334
2020,1,A3516,BILBAO - MUNGIA (Por autopista/tik),43003.0,29691.0,3992.0,1783.0,2481.0,2244.0,1.0,309.0,383.0,2020-01-01,1,0,,,,,1,1,2020,0.49999999999999994,0.8660254037844387,,,,,,
2020,2,A3516,BILBAO - MUNGIA (Por autopista/tik),43354.0,29230.0,3808.0,2600.0,2577.0,2241.0,0.0,288.0,357.0,2020-02-01,1,0,,,,,1,2,2020,0.8660254037844386,0.5000000000000001,43003.0,,,,,
2020,3,A3516,BILBAO - MUNGIA (Por autopista/tik),21415.0,15139.0,1513.0,1251.0,1344.0,914.0,2.0,83.0,197.0,2020-03-01,1,0,,,,,1,3,2020,1.0,6.123233995736766e-17,43354.0,,,,,
2020,4,A3516,BILBAO - MUNGIA (Por autopista/tik),2667.0,2459.0,67.0,3.0,60.0,,,6.0,24.0,2020-04-01,1,0,,,,,2,4,2020,0.8660254037844387,-0.4999999999999998,21415.0,43003.0,,35924.0,,
2020,5,A3516,BILBAO - MUNGIA (Por autopista/tik),9310.0,8312.0,476.0,70.0,142.0,0.0,0.0,5.0,41.0,2020-05-01,1,0,,,,,2,5,2020,0.49999999999999994,-0.8660254037844387,2667.0,43354.0,,22478.666666666668,,
2020,6,A3516,BILBAO - MUNGIA (Por autopista/tik),12745.0,10746.0,965.0,164.0,294.0,0.0,0.0,22.0,35.0,2020-06-01,1,0,,,,,2,6,2020,1.2246467991473532e-16,-1.0,9310.0,21415.0,,11130.666666666666,,
2020,7,A3516,BILBAO - MUNGIA (Por autopista/tik),12430.0,10414.0,1062.0,150.0,255.0,0.0,0.0,52.0,75.0,2020-07-01,1,0,,,,,3,7,2020,-0.4999999999999997,-0.8660254037844388,12745.0,2667.0,,8240.666666666666,22082.333333333332,
2020,8,A3516,BILBAO - MUNGIA (Por autopista/tik),8893.0,7492.0,746.0,121.0,199.0,0.0,0.0,31.0,33.0,2020-08-01,1,0,,,,,3,8,2020,-0.8660254037844385,-0.5000000000000004,12430.0,9310.0,,11495.0,16986.833333333332,
2020,9,A3516,BILBAO - MUNGIA (Por autopista/tik),27344.0,21641.0,1715.0,1049.0,1381.0,,,47.0,145.0,2020-09-01,1,0,,,,,3,9,2020,-1.0,-1.8369701987210297e-16,8893.0,12745.0,,11356.0,11243.333333333334,
2020,10,A3516,BILBAO - MUNGIA (Por autopista/tik),31794.0,23731.0,2081.0,1801.0,2340.0,,,24.0,103.0,2020-10-01,1,0,,,,,4,10,2020,-0.8660254037844386,0.5000000000000001,27344.0,12430.0,,16222.333333333334,12231.5,
2020,11,A3516,BILBAO - MUNGIA (Por autopista/tik),23043.0,17187.0,1146.0,1420.0,1825.0,,,11.0,111.0,2020-11-01,1,0,,,,,4,11,2020,-0.5000000000000004,0.8660254037844384,31794.0,8893.0,,22677.0,17086.0,
2020,12,A3516,BILBAO - MUNGIA (Por autopista/tik),22186.0,17233.0,1415.0,836.0,1304.0,82.0,0.0,46.0,124.0,2020-12-01,1,0,,,,,4,12,2020,-2.4492935982947064e-16,1.0,23043.0,27344.0,,27393.666666666668,19374.833333333332,
2021,1,A3516,BILBAO - MUNGIA (Por autopista/tik),10364.0,7923.0,682.0,345.0,579.0,157.0,0.0,41.0,110.0,2021-01-01,1,0,,,,,1,1,2021,0.49999999999999994,0.8660254037844387,22186.0,31794.0,43003.0,25674.333333333332,20948.333333333332,21515.333333333332
2021,2,A3516,BILBAO - MUNGIA (Por autopista/tik),11423.0,8438.0,549.0,576.0,897.0,149.0,0.0,36.0,121.0,2021-02-01,1,0,,,,,1,2,2021,0.8660254037844386,0.5000000000000001,10364.0,23043.0,43354.0,18531.0,20604.0,18795.416666666668
2021,3,A3516,BILBAO - MUNGIA (Por autopista/tik),13738.0,10083.0,1034.0,579.0,781.0,274.0,0.0,64.0,163.0,2021-03-01,1,0,,,,,1,3,2021,1.0,6.123233995736766e-17,11423.0,22186.0,21415.0,14657.666666666666,21025.666666666668,16134.5
2021,4,A3516,BILBAO - MUNGIA (Por autopista/tik),11543.0,8600.0,748.0,462.0,695.0,265.0,,57.0,104.0,2021-04-01,1,0,,,,,2,4,2021,0.8660254037844387,-0.4999999999999998,13738.0,10364.0,2667.0,11841.666666666666,18758.0,15494.75
2021,5,A3516,BILBAO - MUNGIA (Por autopista/tik),14183.0,10496.0,1147.0,481.0,674.0,395.0,0.0,91.0,138.0,2021-05-01,1,0,,,,,2,5,2021,0.49999999999999994,-0.8660254037844387,11543.0,11423.0,9310.0,12234.666666666666,15382.833333333334,16234.416666666666
2021,6,A3516,BILBAO - MUNGIA (Por autopista/tik),3251.0,2490.0,257.0,73.0,127.0,104.0,0.0,15.0,28.0,2021-06-01,1,0,,,,,2,6,2021,1.2246467991473532e-16,-1.0,14183.0,13738.0,12745.0,13154.666666666666,13906.166666666666,16640.5
2021,7,A3516,BILBAO - MUNGIA (Por autopista/tik),756.0,615.0,10.0,9.0,36.0,41.0,,7.0,3.0,2021-07-01,1,0,,,,,3,7,2021,-0.4999999999999997,-0.8660254037844388,3251.0,11543.0,12430.0,9659.0,10750.333333333334,15849.333333333334
2021,8,A3516,BILBAO - MUNGIA (Por autopista/tik),590.0,457.0,13.0,11.0,42.0,29.0,,5.0,5.0,2021-08-01,1,0,,,,,3,8,2021,-0.8660254037844385,-0.5000000000000004,756.0,14183.0,8893.0,6063.333333333333,9149.0,14876.5
2021,9,A3516,BILBAO - MUNGIA (Por autopista/tik),16530.0,12066.0,1302.0,555.0,852.0,630.0,,102.0,143.0,2021-09-01,1,0,,,,,3,9,2021,-1.0,-1.8369701987210297e-16,590.0,3251.0,27344.0,1532.3333333333333,7343.5,14184.583333333334
2021,10,A3516,BILBAO - MUNGIA (Por autopista/tik),18905.0,12902.0,1606.0,1106.0,1302.0,666.0,,80.0,183.0,2021-10-01,1,0,,,,,4,10,2021,-0.8660254037844386,0.5000000000000001,16530.0,756.0,31794.0,5958.666666666667,7808.833333333333,13283.416666666666
2021,11,A3516,BILBAO - MUNGIA (Por autopista/tik),19407.0,13263.0,1624.0,1226.0,1306.0,686.0,0.0,73.0,178.0,2021-11-01,1,0,,,,,4,11,2021,-0.5000000000000004,0.8660254037844384,18905.0,590.0,23043.0,12008.333333333334,9035.833333333334,12209.333333333334
2021,12,A3516,BILBAO - MUNGIA (Por autopista/tik),16211.0,11534.0,1449.0,668.0,788.0,706.0,,100.0,151.0,2021-12-01,1,0,,,,,4,12,2021,-2.4492935982947064e-16,1.0,19407.0,16530.0,22186.0,18280.666666666668,9906.5,11906.333333333334
2022,1,A3516,BILBAO - MUNGIA (Por autopista/tik),15247.0,11019.0,1475.0,515.0,709.0,563.0,,82.0,160.0,2022-01-01,0,0,,,,,1,1,2022,0.49999999999999994,0.8660254037844387,16211.0,18905.0,10364.0,18174.333333333332,12066.5,11408.416666666666
2022,2,A3516,BILBAO - MUNGIA (Por autopista/tik),17942.0,12424.0,1602.0,1023.0,1078.0,633.0,,62.0,168.0,2022-02-01,0,0,,,,,1,2,2022,0.8660254037844386,0.5000000000000001,15247.0,19407.0,11423.0,16955.0,14481.666666666666,11815.333333333334
2022,3,A3516,BILBAO - MUNGIA (Por autopista/tik),21853.0,15040.0,2047.0,1317.0,1186.0,754.0,0.0,87.0,208.0,2022-03-01,0,0,,,,,1,3,2022,1.0,6.123233995736766e-17,17942.0,16211.0,13738.0,16466.666666666668,17373.666666666668,12358.583333333334
2022,4,A3516,BILBAO - MUNGIA (Por autopista/tik),16101.0,11410.0,1556.0,787.0,696.0,626.0,,88.0,188.0,2022-04-01,0,0,,,,,2,4,2022,0.8660254037844387,-0.4999999999999998,21853.0,15247.0,11543.0,18347.333333333332,18260.833333333332,13034.833333333334
2022,5,A3516,BILBAO - MUNGIA (Por autopista/tik),20378.0,14415.0,1972.0,1034.0,899.0,799.0,,102.0,187.0,2022-05-01,0,0,,,,,2,5,2022,0.49999999999999994,-0.8660254037844387,16101.0,17942.0,14183.0,18632.0,17793.5,13414.666666666666
2022,6,A3516,BILBAO - MUNGIA (Por autopista/tik),4165.0,3106.0,335.0,120.0,174.0,196.0,,18.0,40.0,2022-06-01,0,0,,,,,2,6,2022,1.2246467991473532e-16,-1.0,20378.0,21853.0,3251.0,19444.0,17955.333333333332,13930.916666666666
2022,7,A3516,BILBAO - MUNGIA (Por autopista/tik),2043.0,1629.0,38.0,25.0,78.0,117.0,,13.0,12.0,2022-07-01,0,0,,,,,3,7,2022,-0.4999999999999997,-0.8660254037844388,4165.0,16101.0,756.0,13548.0,15947.666666666666,14007.083333333334
2022,8,A3516,BILBAO - MUNGIA (Por autopista/tik),1529.0,1247.0,37.0,13.0,35.0,86.0,0.0,25.0,5.0,2022-08-01,0,0,,,,,3,8,2022,-0.8660254037844385,-0.5000000000000004,2043.0,20378.0,590.0,8862.0,13747.0,14114.333333333334
2020,1,A3518,BILBAO - MUNGIA - BAKIO (Por la autopista/tik),39876.0,26497.0,4762.0,1065.0,1484.0,3721.0,0.0,455.0,386.0,2020-01-01,1,0,,,,,1,1,2020,0.49999999999999994,0.8660254037844387,,,,,,
2020,2,A3518,BILBAO - MUNGIA - BAKIO (Por la autopista/tik),41328.0,27008.0,4913.0,1310.0,1644.0,4055.0,15.0,410.0,313.0,2020-02-01,1,0,,,,,1,2,2020,0.8660254037844386,0.5000000000000001,39876.0,,,,,
2020,3,A3518,BILBAO - MUNGIA - BAKIO (Por la autopista/tik),17674.0,12136.0,1753.0,640.0,745.0,1402.0,0.0,135.0,183.0,2020-03-01,1,0,,,,,1,3,2020,1.0,6.123233995736766e-17,41328.0,,,,,
2020,4,A3518,BILBAO - MUNGIA - BAKIO (Por la autopista/tik),3333.0,2971.0,148.0,10.0,89.0,,,,7.0,2020-04-01,1,0,,,,,2,4,2020,0.8660254037844387,-0.4999999999999998,17674.0,39876.0,,32959.333333333336,,
2020,5,A3518,BILBAO - MUNGIA - BAKIO (Por la autopista/tik),13103.0,11254.0,995.0,92.0,186.0,0.0,0.0,30.0,29.0,2020-05-01,1,0,,,,,2,5,2020,0.49999999999999994,-0.8660254037844387,3333.0,41328.0,,20778.333333333332,,
2020,6,A3518,BILBAO - MUNGIA - BAKIO (Por la autopista/tik),41834.0,34814.0,3611.0,347.0,648.0,0.0,0.0,112.0,173.0,2020-06-01,1,0,,,,,2,6,2020,1.2246467991473532e-16,-1.0,13103.0,17674.0,,11370.0,,
2020,7,A3518,BILBAO - MUNGIA - BAKIO (Por la autopista/tik),63675.0,52239.0,6036.0,692.0,981.0,0.0,0.0,233.0,280.0,2020-07-01,1,0,,,,,3,7,2020,-0.4999999999999997,-0.8660254037844388,41834.0,3333.0,,19423.333333333332,26191.333333333332,
2020,8,A3518,BILBAO - MUNGIA - BAKIO (Por la autopista/tik),49775.0,41138.0,4867.0,500.0,693.0,0.0,0.0,172.0,210.0,2020-08-01,1,0,,,,,3,8,2020,-0.8660254037844385,-0.5000000000000004,63675.0,13103.0,,39537.333333333336,30157.833333333332,
2020,9,A3518,BILBAO - MUNGIA - BAKIO (Por la autopista/tik),38311.0,30596.0,3942.0,637.0,951.0,,,97.0,145.0,2020-09-01,1,0,,,,,3,9,2020,-1.0,-1.8369701987210297e-16,49775.0,41834.0,,51761.333333333336,31565.666666666668,
2020,10,A3518,BILBAO - MUNGIA - BAKIO (Por la autopista/tik),30473.0,23426.0,2970.0,1076.0,1409.0,,,81.0,181.0,2020-10-01,1,0,,,,,4,10,2020,-0.8660254037844386,0.5000000000000001,38311.0,63675.0,,50587.0,35005.166666666664,
2020,11,A3518,BILBAO - MUNGIA - BAKIO (Por la autopista/tik),20828.0,16303.0,1562.0,862.0,1044.0,,,49.0,134.0,2020-11-01,1,0,,,,,4,11,2020,-0.5000000000000004,0.8660254037844384,30473.0,49775.0,,39519.666666666664,39528.5,
2020,12,A3518,BILBAO - MUNGIA - BAKIO (Por la autopista/tik),23452.0,18445.0,1978.0,618.0,900.0,110.0,0.0,79.0,216.0,2020-12-01,1,0,,,,,4,12,2020,-2.4492935982947064e-16,1.0,20828.0,38311.0,,29870.666666666668,40816.0,
2021,1,A3518,BILBAO - MUNGIA - BAKIO (Por la autopista/tik),24191.0,18558.0,1831.0,690.0,1082.0,425.0,0.0,116.0,341.0,2021-01-01,1,0,,,,,1,1,2021,0.49999999999999994,0.8660254037844387,23452.0,30473.0,39876.0,24917.666666666668,37752.333333333336,31971.833333333332
2021,2,A3518,BILBAO - MUNGIA - BAKIO (Por la autopista/tik),24263.0,18010.0,1449.0,1115.0,1633.0,506.0,0.0,115.0,283.0,2021-02-01,1,0,,,,,1,2,2021,0.8660254037844386,0.5000000000000001,24191.0,20828.0,41328.0,22823.666666666668,31171.666666666668,30664.75
2021,3,A3518,BILBAO - MUNGIA - BAKIO (Por la autopista/tik),32843.0,23986.0,2685.0,1191.0,1619.0,1027.0,0.0,209.0,314.0,2021-03-01,1,0,,,,,1,3,2021,1.0,6.123233995736766e-17,24263.0,23452.0,17674.0,23968.666666666668,26919.666666666668,29242.666666666668
2021,4,A3518,BILBAO - MUNGIA - BAKIO (Por la autopista/tik),30661.0,22538.0,2157.0,1146.0,1446.0,1209.0,,186.0,284.0,2021-04-01,1,0,,,,,2,4,2021,0.8660254037844387,-0.4999999999999998,32843.0,24191.0,3333.0,27099.0,26008.333333333332,30506.75
2021,5,A3518,BILBAO - MUNGIA - BAKIO (Por la autopista/tik),33064.0,24124.0,2883.0,1122.0,1551.0,1210.0,1.0,217.0,304.0,2021-05-01,1,0,,,,,2,5,2021,0.49999999999999994,-0.8660254037844387,30661.0,24263.0,13103.0,29255.666666666668,26039.666666666668,32784.083333333336
2021,6,A3518,BILBAO - MUNGIA - BAKIO (Por la autopista/tik),55009.0,41386.0,5456.0,1006.0,1239.0,2328.0,0.0,417.0,477.0,2021-06-01,1,0,,,,,2,6,2021,1.2246467991473532e-16,-1.0,33064.0,32843.0,41834.0,32189.333333333332,28079.0,34447.5
2021,7,A3518,BILBAO - MUNGIA - BAKIO (Por la autopista/tik),71548.0,53213.0,7362.0,927.0,1305.0,3650.0,,848.0,633.0,2021-07-01,1,0,,,,,3,7,2021,-0.4999999999999997,-0.8660254037844388,55009.0,30661.0,63675.0,39578.0,33338.5,35545.416666666664
2021,8,A3518,BILBAO - MUNGIA - BAKIO (Por la autopista/tik),61592.0,45033.0,6978.0,734.0,858.0,3815.0,,769.0,632.0,2021-08-01,1,0,,,,,3,8,2021,-0.8660254037844385,-0.5000000000000004,71548.0,33064.0,49775.0,53207.0,41231.333333333336,36201.5
2021,9,A3518,BILBAO - MUNGIA - BAKIO (Por la autopista/tik),46497.0,32692.0,5247.0,1227.0,1764.0,2577.0,1.0,323.0,455.0,2021-09-01,1,0,,,,,3,9,2021,-1.0,-1.8369701987210297e-16,61592.0,55009.0,38311.0,62716.333333333336,47452.833333333336,37186.25
2021,10,A3518,BILBAO - MUNGIA - BAKIO (Por la autopista/tik),44275.0,29766.0,4515.0,2081.0,2430.0,2519.0,2.0,302.0,459.0,2021-10-01,1,0,,,,,4,10,2021,-0.8660254037844386,0.5000000000000001,46497.0,71548.0,30473.0,59879.0,49728.5,37868.416666666664
2021,11,A3518,BILBAO - MUNGIA - BAKIO (Por la autopista/tik),40050.0,26977.0,3771.0,2115.0,2570.0,1996.0,0.0,222.0,412.0,2021-11-01,1,0,,,,,4,11,2021,-0.5000000000000004,0.8660254037844384,44275.0,61592.0,20828.0,50788.0,51997.5,39018.583333333336
2021,12,A3518,BILBAO - MUNGIA - BAKIO (Por la autopista/tik),36279.0,25297.0,3442.0,1301.0,1546.0,2103.0,,290.0,342.0,2021-12-01,1,0,,,,,4,12,2021,-2.4492935982947064e-16,1.0,40050.0,46497.0,23452.0,43607.333333333336,53161.833333333336,40620.416666666664
2022,1,A3518,BILBAO - MUNGIA - BAKIO (Por la autopista/tik),33974.0,23655.0,3206.0,1260.0,1538.0,1979.0,4.0,264.0,349.0,2022-01-01,0,0,,,,,1,1,2022,0.49999999999999994,0.8660254037844387,36279.0,44275.0,24191.0,40201.333333333336,50040.166666666664,41689.333333333336
2022,2,A3518,BILBAO - MUNGIA - BAKIO (Por la autopista/tik),37445.0,25280.0,3690.0,1834.0,1987.0,1997.0,,261.0,390.0,2022-02-01,0,0,,,,,1,2,2022,0.8660254037844386,0.5000000000000001,33974.0,40050.0,24263.0,36767.666666666664,43777.833333333336,42504.583333333336
2022,3,A3518,BILBAO - MUNGIA - BAKIO (Por la autopista/tik),43867.0,29531.0,4793.0,2220.0,2161.0,2242.0,0.0,275.0,463.0,2022-03-01,0,0,,,,,1,3,2022,1.0,6.123233995736766e-17,37445.0,36279.0,32843.0,35899.333333333336,39753.333333333336,43603.083333333336
2022,4,A3518,BILBAO - MUNGIA - BAKIO (Por la autopista/tik),41810.0,28883.0,4334.0,1364.0,1350.0,3127.0,,298.0,387.0,2022-04-01,0,0,,,,,2,4,2022,0.8660254037844387,-0.4999999999999998,43867.0,33974.0,30661.0,38428.666666666664,39315.0,44521.75
2022,5,A3518,BILBAO - MUNGIA - BAKIO (Por la autopista/tik),46728.0,32098.0,5069.0,1912.0,1568.0,3214.0,2.0,365.0,450.0,2022-05-01,0,0,,,,,2,5,2022,0.49999999999999994,-0.8660254037844387,41810.0,37445.0,33064.0,41040.666666666664,38904.166666666664,45450.833333333336
2022,6,A3518,BILBAO - MUNGIA - BAKIO (Por la autopista/tik),67486.0,48947.0,7307.0,1408.0,1572.0,3859.0,1.0,514.0,675.0,2022-06-01,0,0,,,,,2,6,2022,1.2246467991473532e-16,-1.0,46728.0,43867.0,55009.0,44135.0,40017.166666666664,46589.5
2022,7,A3518,BILBAO - MUNGIA - BAKIO (Por la autopista/tik),78652.0,56824.0,8967.0,1135.0,1345.0,5327.0,22.0,716.0,551.0,2022-07-01,0,0,,,,,3,7,2022,-0.4999999999999997,-0.8660254037844388,67486.0,41810.0,71548.0,52008.0,45218.333333333336,47629.25
2022,8,A3518,BILBAO - MUNGIA - BAKIO (Por la autopista/tik),77805.0,56297.0,9192.0,647.0,1072.0,5402.0,2.0,973.0,661.0,2022-08-01,0,0,,,,,3,8,2022,-0.8660254037844385,-0.5000000000000004,78652.0,46728.0,61592.0,64288.666666666664,52664.666666666664,48221.25
2020,1,A3527,BILBAO - MUNGIA - BERMEO (Por la autopista/tik),52680.0,34799.0,6527.0,2957.0,2164.0,3350.0,1.0,340.0,267.0,2020-01-01,1,0,,,,,1,1,2020,0.49999999999999994,0.8660254037844387,,,,,,
2020,2,A3527,BILBAO - MUNGIA - BERMEO (Por la autopista/tik),54358.0,34988.0,6413.0,4252.0,2536.0,3173.0,0.0,372.0,245.0,2020-02-01,1,0,,,,,1,2,2020,0.8660254037844386,0.5000000000000001,52680.0,,,,,
2020,3,A3527,BILBAO - MUNGIA - BERMEO (Por la autopista/tik),24370.0,16375.0,2231.0,1928.0,1234.0,1179.0,1.0,106.0,137.0,2020-03-01,1,0,,,,,1,3,2020,1.0,6.123233995736766e-17,54358.0,,,,,
2020,4,A3527,BILBAO - MUNGIA - BERMEO (Por la autopista/tik),4122.0,3698.0,189.0,16.0,38.0,,,6.0,9.0,2020-04-01,1,0,,,,,2,4,2020,0.8660254037844387,-0.4999999999999998,24370.0,52680.0,,43802.666666666664,,
2020,5,A3527,BILBAO - MUNGIA - BERMEO (Por la autopista/tik),11991.0,10280.0,935.0,91.0,119.0,0.0,0.0,27.0,41.0,2020-05-01,1,0,,,,,2,5,2020,0.49999999999999994,-0.8660254037844387,4122.0,54358.0,,27616.666666666668,,
2020,6,A3527,BILBAO - MUNGIA - BERMEO (Por la autopista/tik),25328.0,20917.0,2562.0,310.0,402.0,0.0,0.0,85.0,71.0,2020-06-01,1,0,,,,,2,6,2020,1.2246467991473532e-16,-1.0,11991.0,24370.0,,13494.333333333334,,
2020,7,A3527,BILBAO - MUNGIA - BERMEO (Por la autopista/tik),28096.0,23014.0,2960.0,307.0,459.0,0.0,0.0,78.0,89.0,2020-07-01,1,0,,,,,3,7,2020,-0.4999999999999997,-0.8660254037844388,25328.0,4122.0,,13813.666666666666,28808.166666666668,
2020,8,A3527,BILBAO - MUNGIA - BERMEO (Por la autopista/tik),21351.0,17709.0,2066.0,231.0,281.0,0.0,0.0,96.0,127.0,2020-08-01,1,0,,,,,3,8,2020,-0.8660254037844385,-0.5000000000000004,28096.0,11991.0,,21805.0,24710.833333333332,
2020,9,A3527,BILBAO - MUNGIA - BERMEO (Por la autopista/tik),35333.0,27721.0,3282.0,1307.0,1261.0,,,64.0,117.0,2020-09-01,1,0,,,,,3,9,2020,-1.0,-1.8369701987210297e-16,21351.0,25328.0,,24925.0,19209.666666666668,
2020,10,A3527,BILBAO - MUNGIA - BERMEO (Por la autopista/tik),39855.0,29426.0,3216.0,2516.0,2420.0,,,84.0,121.0,2020-10-01,1,0,,,,,4,10,2020,-0.8660254037844386,0.5000000000000001,35333.0,28096.0,,28260.0,21036.833333333332,
2020,11,A3527,BILBAO - MUNGIA - BERMEO (Por la autopista/tik),29147.0,21637.0,1768.0,2041.0,1992.0,,,38.0,90.0,2020-11-01,1,0,,,,,4,11,2020,-0.5000000000000004,0.8660254037844384,39855.0,21351.0,,32179.666666666668,26992.333333333332,
2020,12,A3527,BILBAO - MUNGIA - BERMEO (Por la autopista/tik),29662.0,23261.0,2169.0,1279.0,1169.0,114.0,0.0,93.0,112.0,2020-12-01,1,0,,,,,4,12,2020,-2.4492935982947064e-16,1.0,29147.0,35333.0,,34778.333333333336,29851.666666666668,
2021,1,A3527,BILBAO - MUNGIA - BERMEO (Por la autopista/tik),38093.0,29061.0,2502.0,1756.0,1788.0,529.0,0.0,129.0,362.0,2021-01-01,1,0,,,,,1,1,2021,0.49999999999999994,0.8660254037844387,29662.0,39855.0,52680.0,32888.0,30574.0,29691.083333333332
2021,2,A3527,BILBAO - MUNGIA - BERMEO (Por la autopista/tik),40211.0,29581.0,2135.0,2761.0,2356.0,661.0,0.0,133.0,327.0,2021-02-01,1,0,,,,,1,2,2021,0.8660254037844386,0.5000000000000001,38093.0,29147.0,54358.0,32300.666666666668,32240.166666666668,28475.5
2021,3,A3527,BILBAO - MUNGIA - BERMEO (Por la autopista/tik),51527.0,37429.0,4046.0,2984.0,2394.0,1175.0,2.0,246.0,363.0,2021-03-01,1,0,,,,,1,3,2021,1.0,6.123233995736766e-17,40211.0,29662.0,24370.0,35988.666666666664,35383.5,27296.583333333332
2021,4,A3527,BILBAO - MUNGIA - BERMEO (Por la autopista/tik),45034.0,32918.0,3301.0,2514.0,2064.0,1116.0,2.0,241.0,345.0,2021-04-01,1,0,,,,,2,4,2021,0.8660254037844387,-0.4999999999999998,51527.0,38093.0,4122.0,43277.0,38082.5,29559.666666666668
2021,5,A3527,BILBAO - MUNGIA - BERMEO (Por la autopista/tik),52838.0,38446.0,4499.0,2696.0,2212.0,1527.0,0.0,283.0,444.0,2021-05-01,1,0,,,,,2,5,2021,0.49999999999999994,-0.8660254037844387,45034.0,40211.0,11991.0,45590.666666666664,38945.666666666664,32969.0
2021,6,A3527,BILBAO - MUNGIA - BERMEO (Por la autopista/tik),53822.0,40603.0,5366.0,1422.0,1295.0,1868.0,0.0,345.0,462.0,2021-06-01,1,0,,,,,2,6,2021,1.2246467991473532e-16,-1.0,52838.0,51527.0,25328.0,49799.666666666664,42894.166666666664,36372.916666666664
2021,7,A3527,BILBAO - MUNGIA - BERMEO (Por la autopista/tik),47912.0,36232.0,5391.0,711.0,847.0,1778.0,1.0,469.0,428.0,2021-07-01,1,0,,,,,3,7,2021,-0.4999999999999997,-0.8660254037844388,53822.0,45034.0,28096.0,50564.666666666664,46920.833333333336,38747.416666666664
2021,8,A3527,BILBAO - MUNGIA - BERMEO (Por la autopista/tik),37185.0,27950.0,4384.0,450.0,509.0,1774.0,1.0,473.0,368.0,2021-08-01,1,0,,,,,3,8,2021,-0.8660254037844385,-0.5000000000000004,47912.0,52838.0,21351.0,51524.0,48557.333333333336,40398.75
2021,9,A3527,BILBAO - MUNGIA - BERMEO (Por la autopista/tik),61129.0,43454.0,6013.0,2991.0,2398.0,2344.0,,477.0,512.0,2021-09-01,1,0,,,,,3,9,2021,-1.0,-1.8369701987210297e-16,37185.0,53822.0,35333.0,46306.333333333336,48053.0,41718.25
2021,10,A3527,BILBAO - MUNGIA - BERMEO (Por la autopista/tik),67960.0,45747.0,6535.0,5109.0,3562.0,2575.0,,491.0,538.0,2021-10-01,1,0,,,,,4,10,2021,-0.8660254037844386,0.5000000000000001,61129.0,47912.0,39855.0,48742.0,49653.333333333336,43867.916666666664
2021,11,A3527,BILBAO - MUNGIA - BERMEO (Por la autopista/tik),69555.0,46551.0,6444.0,5829.0,3999.0,2402.0,1.0,293.0,475.0,2021-11-01,1,0,,,,,4,11,2021,-0.5000000000000004,0.8660254037844384,67960.0,37185.0,29147.0,55424.666666666664,53474.333333333336,46210.0
2021,12,A3527,BILBAO - MUNGIA - BERMEO (Por la autopista/tik),60233.0,43246.0,5554.0,2819.0,2472.0,2431.0,,404.0,486.0,2021-12-01,1,0,,,,,4,12,2021,-2.4492935982947064e-16,1.0,69555.0,61129.0,29662.0,66214.66666666667,56260.5,49577.333333333336
2022,1,A3527,BILBAO - MUNGIA - BERMEO (Por la autopista/tik),55971.0,39423.0,5457.0,2866.0,2338.0,2224.0,,356.0,449.0,2022-01-01,0,0,,,,,1,1,2022,0.49999999999999994,0.8660254037844387,60233.0,67960.0,38093.0,65916.0,57329.0,52124.916666666664
2022,2,A3527,BILBAO - MUNGIA - BERMEO (Por la autopista/tik),65121.0,44027.0,6350.0,4760.0,3180.0,2443.0,,398.0,491.0,2022-02-01,0,0,,,,,1,2,2022,0.8660254037844386,0.5000000000000001,55971.0,69555.0,40211.0,61919.666666666664,58672.166666666664,53614.75
2022,3,A3527,BILBAO - MUNGIA - BERMEO (Por la autopista/tik),78610.0,53241.0,8058.0,5763.0,3585.0,2735.0,0.0,445.0,610.0,2022-03-01,0,0,,,,,1,3,2022,1.0,6.123233995736766e-17,65121.0,60233.0,51527.0,60441.666666666664,63328.166666666664,55690.583333333336
2022,4,A3527,BILBAO - MUNGIA - BERMEO (Por la autopista/tik),63333.0,44400.0,6505.0,3569.0,2181.0,2728.0,,506.0,473.0,2022-04-01,0,0,,,,,2,4,2022,0.8660254037844387,-0.4999999999999998,78610.0,55971.0,45034.0,66567.33333333333,66241.66666666667,57947.5
2022,5,A3527,BILBAO - MUNGIA - BERMEO (Por la autopista/tik),76148.0,53007.0,7917.0,4796.0,2703.0,2942.0,,473.0,555.0,2022-05-01,0,0,,,,,2,5,2022,0.49999999999999994,-0.8660254037844387,63333.0,65121.0,52838.0,69021.33333333333,65470.5,59472.416666666664
2022,6,A3527,BILBAO - MUNGIA - BERMEO (Por la autopista/tik),69956.0,51384.0,7615.0,2222.0,1725.0,3055.0,4.0,476.0,459.0,2022-06-01,0,0,,,,,2,6,2022,1.2246467991473532e-16,-1.0,76148.0,78610.0,53822.0,72697.0,66569.33333333333,61414.916666666664
2022,7,A3527,BILBAO - MUNGIA - BERMEO (Por la autopista/tik),55997.0,41174.0,6148.0,1369.0,1083.0,2863.0,19.0,505.0,352.0,2022-07-01,0,0,,,,,3,7,2022,-0.4999999999999997,-0.8660254037844388,69956.0,63333.0,47912.0,69812.33333333333,68189.83333333333,62759.416666666664
2022,8,A3527,BILBAO - MUNGIA - BERMEO (Por la autopista/tik),51426.0,37940.0,5734.0,814.0,904.0,3049.0,3.0,603.0,469.0,2022-08-01,0,0,,,,,3,8,2022,-0.8660254037844385,-0.5000000000000004,55997.0,76148.0,37185.0,67367.0,68194.16666666667,63433.166666666664
2020,1,A3336,BILBAO - MUSKIZ,70910.0,38565.0,14718.0,3384.0,1883.0,6112.0,27.0,1297.0,2670.0,2020-01-01,1,0,,,,,1,1,2020,0.49999999999999994,0.8660254037844387,,,,,,
2020,2,A3336,BILBAO - MUSKIZ,68237.0,37042.0,14416.0,3429.0,1954.0,5555.0,34.0,1239.0,2513.0,2020-02-01,1,0,,,,,1,2,2020,0.8660254037844386,0.5000000000000001,70910.0,,,,,
2020,3,A3336,BILBAO - MUSKIZ,34505.0,20730.0,6310.0,1491.0,877.0,2301.0,6.0,478.0,1325.0,2020-03-01,1,0,,,,,1,3,2020,1.0,6.123233995736766e-17,68237.0,,,,,
2020,4,A3336,BILBAO - MUSKIZ,14024.0,11702.0,1474.0,57.0,144.0,0.0,0.0,15.0,349.0,2020-04-01,1,0,,,,,2,4,2020,0.8660254037844387,-0.4999999999999998,34505.0,70910.0,,57884.0,,
2020,5,A3336,BILBAO - MUSKIZ,22811.0,17693.0,3594.0,144.0,215.0,0.0,0.0,118.0,487.0,2020-05-01,1,0,,,,,2,5,2020,0.49999999999999994,-0.8660254037844387,14024.0,68237.0,,38922.0,,
2020,6,A3336,BILBAO - MUSKIZ,44861.0,32180.0,8907.0,453.0,540.0,1.0,0.0,466.0,992.0,2020-06-01,1,0,,,,,2,6,2020,1.2246467991473532e-16,-1.0,22811.0,34505.0,,23780.0,,
2020,7,A3336,BILBAO - MUSKIZ,52031.0,37196.0,10297.0,554.0,600.0,0.0,0.0,715.0,1240.0,2020-07-01,1,0,,,,,3,7,2020,-0.4999999999999997,-0.8660254037844388,44861.0,14024.0,,27232.0,42558.0,
2020,8,A3336,BILBAO - MUSKIZ,43769.0,31824.0,8024.0,461.0,495.0,5.0,0.0,774.0,961.0,2020-08-01,1,0,,,,,3,8,2020,-0.8660254037844385,-0.5000000000000004,52031.0,22811.0,,39901.0,39411.5,
2020,9,A3336,BILBAO - MUSKIZ,49698.0,34392.0,8780.0,1708.0,866.0,1.0,0.0,688.0,1449.0,2020-09-01,1,0,,,,,3,9,2020,-1.0,-1.8369701987210297e-16,43769.0,44861.0,,46887.0,35333.5,
2020,10,A3336,BILBAO - MUSKIZ,51649.0,34182.0,8620.0,3033.0,1617.0,0.0,0.0,643.0,1588.0,2020-10-01,1,0,,,,,4,10,2020,-0.8660254037844386,0.5000000000000001,49698.0,52031.0,,48499.333333333336,37865.666666666664,
2020,11,A3336,BILBAO - MUSKIZ,43487.0,29232.0,6437.0,2718.0,1401.0,0.0,0.0,627.0,1411.0,2020-11-01,1,0,,,,,4,11,2020,-0.5000000000000004,0.8660254037844384,51649.0,43769.0,,48372.0,44136.5,
2020,12,A3336,BILBAO - MUSKIZ,49281.0,33245.0,7852.0,2340.0,1275.0,343.0,0.0,659.0,1525.0,2020-12-01,1,0,,,,,4,12,2020,-2.4492935982947064e-16,1.0,43487.0,49698.0,,48278.0,47582.5,
2021,1,A3336,BILBAO - MUSKIZ,46469.0,30042.0,6649.0,2560.0,1343.0,1561.0,1.0,775.0,1715.0,2021-01-01,1,0,56019.0,909.0,4668.25,9.954265517056713,1,1,2021,0.49999999999999994,0.8660254037844387,49281.0,51649.0,70910.0,48139.0,48319.166666666664,45438.583333333336
2021,2,A3336,BILBAO - MUSKIZ,43400.0,27442.0,6169.0,2769.0,1494.0,1614.0,5.0,757.0,1626.0,2021-02-01,1,0,56019.0,909.0,4668.25,9.29684571306164,1,2,2021,0.8660254037844386,0.5000000000000001,46469.0,43487.0,68237.0,46412.333333333336,47392.166666666664,43401.833333333336
2021,3,A3336,BILBAO - MUSKIZ,54015.0,33184.0,8913.0,2857.0,1794.0,2246.0,7.0,918.0,2057.0,2021-03-01,1,0,56019.0,909.0,4668.25,11.570717078134205,1,3,2021,1.0,6.123233995736766e-17,43400.0,49281.0,34505.0,46383.333333333336,47330.666666666664,41332.083333333336
2021,4,A3336,BILBAO - MUSKIZ,50417.0,31369.0,8256.0,2455.0,1473.0,2315.0,1.0,872.0,1752.0,2021-04-01,1,0,56019.0,909.0,4668.25,10.799978578696514,2,4,2021,0.8660254037844387,-0.4999999999999998,54015.0,46469.0,14024.0,47961.333333333336,48050.166666666664,42957.916666666664
2021,5,A3336,BILBAO - MUSKIZ,58877.0,35365.0,10744.0,2772.0,1698.0,2837.0,7.0,1122.0,2081.0,2021-05-01,1,0,56019.0,909.0,4668.25,12.612220853638943,2,5,2021,0.49999999999999994,-0.8660254037844387,50417.0,43400.0,22811.0,49277.333333333336,47844.833333333336,45990.666666666664
2021,6,A3336,BILBAO - MUSKIZ,62464.0,39370.0,10925.0,1820.0,1132.0,3832.0,17.0,1296.0,2114.0,2021-06-01,1,0,56019.0,909.0,4668.25,13.38060300969314,2,6,2021,1.2246467991473532e-16,-1.0,58877.0,54015.0,44861.0,54436.333333333336,50409.833333333336,48996.166666666664
2021,7,A3336,BILBAO - MUSKIZ,60656.0,38788.0,10984.0,1045.0,894.0,4182.0,44.0,1300.0,1771.0,2021-07-01,1,0,56019.0,909.0,4668.25,12.993305842660526,3,7,2021,-0.4999999999999997,-0.8660254037844388,62464.0,50417.0,52031.0,57252.666666666664,52607.0,50463.083333333336
2021,8,A3336,BILBAO - MUSKIZ,54907.0,34291.0,10070.0,853.0,622.0,4665.0,33.0,1436.0,1501.0,2021-08-01,1,0,56019.0,909.0,4668.25,11.761795105232153,3,8,2021,-0.8660254037844385,-0.5000000000000004,60656.0,58877.0,43769.0,60665.666666666664,54971.5,51181.833333333336
2021,9,A3336,BILBAO - MUSKIZ,61584.0,36671.0,10497.0,3456.0,1469.0,4040.0,20.0,1277.0,2060.0,2021-09-01,1,0,56019.0,909.0,4668.25,13.192095539013549,3,9,2021,-1.0,-1.8369701987210297e-16,54907.0,62464.0,49698.0,59342.333333333336,56889.333333333336,52110.0
2021,10,A3336,BILBAO - MUSKIZ,65242.0,36722.0,11998.0,4066.0,1968.0,4592.0,36.0,1279.0,2135.0,2021-10-01,1,0,56019.0,909.0,4668.25,13.97568682054303,4,10,2021,-0.8660254037844386,0.5000000000000001,61584.0,60656.0,51649.0,59049.0,58150.833333333336,53100.5
2021,11,A3336,BILBAO - MUSKIZ,64833.0,37113.0,11800.0,4074.0,1907.0,4131.0,16.0,1119.0,2076.0,2021-11-01,1,0,56019.0,909.0,4668.25,13.888073689283994,4,11,2021,-0.5000000000000004,0.8660254037844384,65242.0,54907.0,43487.0,60577.666666666664,60621.666666666664,54233.25
2021,12,A3336,BILBAO - MUSKIZ,68083.0,41558.0,11420.0,2968.0,1747.0,4884.0,24.0,1176.0,1903.0,2021-12-01,1,0,56019.0,909.0,4668.25,14.5842660525893,4,12,2021,-2.4492935982947064e-16,1.0,64833.0,61584.0,49281.0,63886.333333333336,61614.333333333336,56012.083333333336
2022,1,A3336,BILBAO - MUSKIZ,60817.0,36071.0,10786.0,3307.0,1526.0,4172.0,13.0,1037.0,1922.0,2022-01-01,0,0,56119.0,909.0,4676.583333333333,13.004579554161692,1,1,2022,0.49999999999999994,0.8660254037844387,68083.0,65242.0,46469.0,66052.66666666667,62550.833333333336,57578.916666666664
2022,2,A3336,BILBAO - MUSKIZ,61494.0,35270.0,11457.0,3594.0,1930.0,3884.0,26.0,1164.0,1907.0,2022-02-01,0,0,56119.0,909.0,4676.583333333333,13.149343359646467,1,2,2022,0.8660254037844386,0.5000000000000001,60817.0,64833.0,43400.0,64577.666666666664,62577.666666666664,58774.583333333336
2022,3,A3336,BILBAO - MUSKIZ,68835.0,39296.0,12752.0,3964.0,2299.0,4427.0,26.0,1319.0,2223.0,2022-03-01,0,0,56119.0,909.0,4676.583333333333,14.719079099770132,1,3,2022,1.0,6.123233995736766e-17,61494.0,68083.0,54015.0,63464.666666666664,63675.5,60282.416666666664
2022,4,A3336,BILBAO - MUSKIZ,60962.0,35628.0,11195.0,2614.0,1688.0,4767.0,20.0,1168.0,1807.0,2022-04-01,0,0,56119.0,909.0,4676.583333333333,13.035585095956806,2,4,2022,0.8660254037844387,-0.4999999999999998,68835.0,60817.0,50417.0,63715.333333333336,64884.0,61517.416666666664
2022,5,A3336,BILBAO - MUSKIZ,69045.0,39581.0,13023.0,3499.0,2120.0,4979.0,9.0,1437.0,2075.0,2022-05-01,0,0,56119.0,909.0,4676.583333333333,14.763983677542367,2,5,2022,0.49999999999999994,-0.8660254037844387,60962.0,61494.0,58877.0,63763.666666666664,64170.666666666664,62396.166666666664
2022,6,A3336,BILBAO - MUSKIZ,71351.0,43231.0,13234.0,2123.0,1632.0,5511.0,21.0,1515.0,1960.0,2022-06-01,0,0,56119.0,909.0,4676.583333333333,15.257078707746041,2,6,2022,1.2246467991473532e-16,-1.0,69045.0,68835.0,62464.0,66280.66666666667,64872.666666666664,63243.5
2022,7,A3336,BILBAO - MUSKIZ,68335.0,41437.0,12615.0,1190.0,1594.0,6347.0,23.0,1759.0,1632.0,2022-07-01,0,0,56119.0,909.0,4676.583333333333,14.61216343840767,3,7,2022,-0.4999999999999997,-0.8660254037844388,71351.0,60962.0,60656.0,67119.33333333333,65417.333333333336,63984.083333333336
2022,8,A3336,BILBAO - MUSKIZ,65623.0,39679.0,12208.0,1027.0,1190.0,6306.0,57.0,1702.0,1717.0,2022-08-01,0,0,56119.0,909.0,4676.583333333333,14.032252891177677,3,8,2022,-0.8660254037844385,-0.5000000000000004,68335.0,69045.0,54907.0,69577.0,66670.33333333333,64624.0
2020,1,A3115,BILBAO - SANTURTZI,50744.0,28603.0,10741.0,1165.0,1213.0,4085.0,21.0,1547.0,2020.0,2020-01-01,1,0,,,,,1,1,2020,0.49999999999999994,0.8660254037844387,,,,,,
2020,2,A3115,BILBAO - SANTURTZI,51063.0,28359.0,11053.0,1304.0,1330.0,4053.0,63.0,1533.0,2075.0,2020-02-01,1,0,,,,,1,2,2020,0.8660254037844386,0.5000000000000001,50744.0,,,,,
2020,3,A3115,BILBAO - SANTURTZI,24974.0,15054.0,4703.0,635.0,775.0,1639.0,7.0,654.0,914.0,2020-03-01,1,0,,,,,1,3,2020,1.0,6.123233995736766e-17,51063.0,,,,,
2020,4,A3115,BILBAO - SANTURTZI,6434.0,5468.0,550.0,24.0,103.0,0.0,0.0,7.0,175.0,2020-04-01,1,0,,,,,2,4,2020,0.8660254037844387,-0.4999999999999998,24974.0,50744.0,,42260.333333333336,,
2020,5,A3115,BILBAO - SANTURTZI,16706.0,13059.0,2491.0,117.0,251.0,0.0,0.0,117.0,319.0,2020-05-01,1,0,,,,,2,5,2020,0.49999999999999994,-0.8660254037844387,6434.0,51063.0,,27490.333333333332,,
2020,6,A3115,BILBAO - SANTURTZI,32692.0,22898.0,6798.0,348.0,637.0,0.0,0.0,397.0,928.0,2020-06-01,1,0,,,,,2,6,2020,1.2246467991473532e-16,-1.0,16706.0,24974.0,,16038.0,,
2020,7,A3115,BILBAO - SANTURTZI,36313.0,25227.0,7477.0,384.0,703.0,0.0,0.0,722.0,1150.0,2020-07-01,1,0,,,,,3,7,2020,-0.4999999999999997,-0.8660254037844388,32692.0,6434.0,,18610.666666666668,30435.5,
2020,8,A3115,BILBAO - SANTURTZI,28714.0,20559.0,5501.0,288.0,531.0,0.0,0.0,567.0,704.0,2020-08-01,1,0,,,,,3,8,2020,-0.8660254037844385,-0.5000000000000004,36313.0,16706.0,,28570.333333333332,28030.333333333332,
2020,9,A3115,BILBAO - SANTURTZI,38632.0,26083.0,7695.0,816.0,1037.0,0.0,0.0,760.0,1258.0,2020-09-01,1,0,,,,,3,9,2020,-1.0,-1.8369701987210297e-16,28714.0,32692.0,,32573.0,24305.5,
2020,10,A3115,BILBAO - SANTURTZI,39524.0,26194.0,7347.0,1147.0,1563.0,0.0,0.0,812.0,1358.0,2020-10-01,1,0,,,,,4,10,2020,-0.8660254037844386,0.5000000000000001,38632.0,36313.0,,34553.0,26581.833333333332,
2020,11,A3115,BILBAO - SANTURTZI,33604.0,22938.0,5452.0,1176.0,1221.0,0.0,0.0,697.0,1127.0,2020-11-01,1,0,,,,,4,11,2020,-0.5000000000000004,0.8660254037844384,39524.0,28714.0,,35623.333333333336,32096.833333333332,
2020,12,A3115,BILBAO - SANTURTZI,36962.0,25322.0,6431.0,846.0,1053.0,249.0,4.0,711.0,1309.0,2020-12-01,1,0,,,,,4,12,2020,-2.4492935982947064e-16,1.0,33604.0,38632.0,,37253.333333333336,34913.166666666664,
2021,1,A3115,BILBAO - SANTURTZI,34951.0,23102.0,5851.0,853.0,1033.0,944.0,16.0,753.0,1410.0,2021-01-01,1,0,86384.0,909.0,7198.666666666667,4.855204667531024,1,1,2021,0.49999999999999994,0.8660254037844387,36962.0,39524.0,50744.0,36696.666666666664,35624.833333333336,33030.166666666664
2021,2,A3115,BILBAO - SANTURTZI,33795.0,22231.0,5140.0,1024.0,1133.0,1236.0,5.0,731.0,1366.0,2021-02-01,1,0,86384.0,909.0,7198.666666666667,4.69461937395814,1,2,2021,0.8660254037844386,0.5000000000000001,34951.0,33604.0,51063.0,35172.333333333336,35397.833333333336,31714.083333333332
2021,3,A3115,BILBAO - SANTURTZI,40572.0,25441.0,7376.0,1142.0,1223.0,1804.0,27.0,894.0,1603.0,2021-03-01,1,0,86384.0,909.0,7198.666666666667,5.636043711798481,1,3,2021,1.0,6.123233995736766e-17,33795.0,36962.0,24974.0,35236.0,36244.666666666664,30275.083333333332
2021,4,A3115,BILBAO - SANTURTZI,37005.0,23629.0,6279.0,981.0,1082.0,1794.0,9.0,922.0,1448.0,2021-04-01,1,0,86384.0,909.0,7198.666666666667,5.140535284311909,2,4,2021,0.8660254037844387,-0.4999999999999998,40572.0,34951.0,6434.0,36439.333333333336,36568.0,31574.916666666668
2021,5,A3115,BILBAO - SANTURTZI,44050.0,27796.0,8223.0,1183.0,1017.0,2128.0,25.0,982.0,1578.0,2021-05-01,1,0,86384.0,909.0,7198.666666666667,6.119188738655306,2,5,2021,0.49999999999999994,-0.8660254037844387,37005.0,33795.0,16706.0,37124.0,36148.166666666664,34122.5
2021,6,A3115,BILBAO - SANTURTZI,43056.0,26914.0,7954.0,737.0,939.0,2446.0,18.0,1226.0,1699.0,2021-06-01,1,0,86384.0,909.0,7198.666666666667,5.981107612520837,2,6,2021,1.2246467991473532e-16,-1.0,44050.0,40572.0,32692.0,40542.333333333336,37889.166666666664,36401.166666666664
2021,7,A3115,BILBAO - SANTURTZI,42086.0,26547.0,7912.0,502.0,827.0,2685.0,32.0,1239.0,1444.0,2021-07-01,1,0,86384.0,909.0,7198.666666666667,5.846360437117984,3,7,2021,-0.4999999999999997,-0.8660254037844388,43056.0,37005.0,36313.0,41370.333333333336,38904.833333333336,37264.833333333336
2021,8,A3115,BILBAO - SANTURTZI,33858.0,21208.0,6057.0,458.0,628.0,2783.0,27.0,1011.0,1065.0,2021-08-01,1,0,86384.0,909.0,7198.666666666667,4.703370994628635,3,8,2021,-0.8660254037844385,-0.5000000000000004,42086.0,44050.0,28714.0,43064.0,40094.0,37745.916666666664
2021,9,A3115,BILBAO - SANTURTZI,43844.0,26764.0,7954.0,1063.0,1105.0,2856.0,48.0,1157.0,1669.0,2021-09-01,1,0,86384.0,909.0,7198.666666666667,6.0905723282089275,3,9,2021,-1.0,-1.8369701987210297e-16,33858.0,43056.0,38632.0,39666.666666666664,40104.5,38174.583333333336
2021,10,A3115,BILBAO - SANTURTZI,46585.0,28073.0,8503.0,1344.0,1221.0,3049.0,34.0,1198.0,1722.0,2021-10-01,1,0,86384.0,909.0,7198.666666666667,6.471337284682348,4,10,2021,-0.8660254037844386,0.5000000000000001,43844.0,42086.0,39524.0,39929.333333333336,40649.833333333336,38608.916666666664
2021,11,A3115,BILBAO - SANTURTZI,46230.0,27753.0,8436.0,1340.0,1458.0,3056.0,40.0,978.0,1816.0,2021-11-01,1,0,86384.0,909.0,7198.666666666667,6.422022596777181,4,11,2021,-0.5000000000000004,0.8660254037844384,46585.0,33858.0,33604.0,41429.0,42246.5,39197.333333333336
2021,12,A3115,BILBAO - SANTURTZI,45149.0,27884.0,7769.0,965.0,1181.0,3166.0,79.0,1195.0,1696.0,2021-12-01,1,0,86384.0,909.0,7198.666666666667,6.2718558992406,4,12,2021,-2.4492935982947064e-16,1.0,46230.0,43844.0,36962.0,45553.0,42609.833333333336,40249.5
2022,1,A3115,BILBAO - SANTURTZI,41390.0,25303.0,7442.0,1026.0,896.0,2818.0,57.0,1004.0,1568.0,2022-01-01,0,0,86484.0,909.0,7207.0,5.743027612043846,1,1,2022,0.49999999999999994,0.8660254037844387,45149.0,46585.0,34951.0,45988.0,42958.666666666664,40931.75
2022,2,A3115,BILBAO - SANTURTZI,44292.0,26506.0,8191.0,1254.0,1118.0,2770.0,24.0,1175.0,1736.0,2022-02-01,0,0,86484.0,909.0,7207.0,6.145691688636048,1,2,2022,0.8660254037844386,0.5000000000000001,41390.0,46230.0,33795.0,44256.333333333336,42842.666666666664,41468.333333333336
2022,3,A3115,BILBAO - SANTURTZI,51453.0,30751.0,9727.0,1348.0,1297.0,3164.0,22.0,1360.0,1985.0,2022-03-01,0,0,86484.0,909.0,7207.0,7.139309005133898,1,3,2022,1.0,6.123233995736766e-17,44292.0,45149.0,40572.0,43610.333333333336,44581.666666666664,42343.083333333336
2022,4,A3115,BILBAO - SANTURTZI,43491.0,26268.0,8158.0,993.0,1031.0,3093.0,16.0,1184.0,1579.0,2022-04-01,0,0,86484.0,909.0,7207.0,6.03454974330512,2,4,2022,0.8660254037844387,-0.4999999999999998,51453.0,41390.0,37005.0,45711.666666666664,45849.833333333336,43249.833333333336
2022,5,A3115,BILBAO - SANTURTZI,50123.0,29769.0,9768.0,1249.0,1128.0,3324.0,61.0,1310.0,1945.0,2022-05-01,0,0,86484.0,909.0,7207.0,6.954766199528237,2,5,2022,0.49999999999999994,-0.8660254037844387,43491.0,44292.0,44050.0,46412.0,45334.166666666664,43790.333333333336
2022,6,A3115,BILBAO - SANTURTZI,49791.0,30264.0,9358.0,947.0,1076.0,3537.0,32.0,1436.0,1665.0,2022-06-01,0,0,86484.0,909.0,7207.0,6.9086998751214095,2,6,2022,1.2246467991473532e-16,-1.0,50123.0,51453.0,43056.0,48355.666666666664,45983.0,44296.416666666664
2022,7,A3115,BILBAO - SANTURTZI,46183.0,27962.0,8972.0,510.0,927.0,3754.0,32.0,1493.0,1236.0,2022-07-01,0,0,86484.0,909.0,7207.0,6.408075482170112,3,7,2022,-0.4999999999999997,-0.8660254037844388,49791.0,43491.0,42086.0,47801.666666666664,46756.666666666664,44857.666666666664
2022,8,A3115,BILBAO - SANTURTZI,42248.0,25931.0,7689.0,342.0,649.0,3904.0,26.0,1360.0,1293.0,2022-08-01,0,0,86484.0,909.0,7207.0,5.862078534757874,3,8,2022,-0.8660254037844385,-0.5000000000000004,46183.0,50123.0,33858.0,48699.0,47555.5,45199.083333333336
2020,1,A3151,BILBAO - SANTURTZI  - PORTUGALETE (Autopista),20607.0,15971.0,1834.0,378.0,205.0,671.0,0.0,324.0,716.0,2020-01-01,1,0,,,,,1,1,2020,0.49999999999999994,0.8660254037844387,,,,,,
2020,2,A3151,BILBAO - SANTURTZI  - PORTUGALETE (Autopista),19408.0,15118.0,1591.0,522.0,202.0,561.0,0.0,219.0,684.0,2020-02-01,1,0,,,,,1,2,2020,0.8660254037844386,0.5000000000000001,20607.0,,,,,
2020,3,A3151,BILBAO - SANTURTZI  - PORTUGALETE (Autopista),8770.0,7062.0,531.0,239.0,98.0,215.0,1.0,68.0,353.0,2020-03-01,1,0,,,,,1,3,2020,1.0,6.123233995736766e-17,19408.0,,,,,
2020,4,A3151,BILBAO - SANTURTZI  - PORTUGALETE (Autopista),623.0,564.0,24.0,,1.0,0.0,0.0,1.0,20.0,2020-04-01,1,0,,,,,2,4,2020,0.8660254037844387,-0.4999999999999998,8770.0,20607.0,,16261.666666666666,,
2020,5,A3151,BILBAO - SANTURTZI  - PORTUGALETE (Autopista),4581.0,3991.0,286.0,7.0,2.0,0.0,0.0,14.0,152.0,2020-05-01,1,0,,,,,2,5,2020,0.49999999999999994,-0.8660254037844387,623.0,19408.0,,9600.333333333334,,
2020,6,A3151,BILBAO - SANTURTZI  - PORTUGALETE (Autopista),13394.0,11375.0,1117.0,83.0,7.0,0.0,0.0,72.0,382.0,2020-06-01,1,0,,,,,2,6,2020,1.2246467991473532e-16,-1.0,4581.0,8770.0,,4658.0,,
2020,7,A3151,BILBAO - SANTURTZI  - PORTUGALETE (Autopista),14057.0,11857.0,1201.0,162.0,15.0,0.0,0.0,85.0,366.0,2020-07-01,1,0,,,,,3,7,2020,-0.4999999999999997,-0.8660254037844388,13394.0,623.0,,6199.333333333333,11230.5,
2020,8,A3151,BILBAO - SANTURTZI  - PORTUGALETE (Autopista),9631.0,8011.0,844.0,114.0,11.0,0.0,0.0,107.0,314.0,2020-08-01,1,0,,,,,3,8,2020,-0.8660254037844385,-0.5000000000000004,14057.0,4581.0,,10677.333333333334,10138.833333333334,
2020,9,A3151,BILBAO - SANTURTZI  - PORTUGALETE (Autopista),15216.0,12793.0,1124.0,264.0,97.0,0.0,0.0,117.0,526.0,2020-09-01,1,0,,,,,3,9,2020,-1.0,-1.8369701987210297e-16,9631.0,13394.0,,12360.666666666666,8509.333333333334,
2020,10,A3151,BILBAO - SANTURTZI  - PORTUGALETE (Autopista),15466.0,13009.0,1017.0,360.0,161.0,0.0,0.0,91.0,489.0,2020-10-01,1,0,,,,,4,10,2020,-0.8660254037844386,0.5000000000000001,15216.0,14057.0,,12968.0,9583.666666666666,
2020,11,A3151,BILBAO - SANTURTZI  - PORTUGALETE (Autopista),13285.0,11524.0,545.0,362.0,92.0,0.0,0.0,60.0,429.0,2020-11-01,1,0,,,,,4,11,2020,-0.5000000000000004,0.8660254037844384,15466.0,9631.0,,13437.666666666666,12057.5,
2020,12,A3151,BILBAO - SANTURTZI  - PORTUGALETE (Autopista),15212.0,12744.0,1047.0,313.0,65.0,26.0,0.0,150.0,537.0,2020-12-01,1,0,,,,,4,12,2020,-2.4492935982947064e-16,1.0,13285.0,15216.0,,14655.666666666666,13508.166666666666,
2021,1,A3151,BILBAO - SANTURTZI  - PORTUGALETE (Autopista),14596.0,12257.0,841.0,212.0,42.0,109.0,0.0,148.0,664.0,2021-01-01,1,0,47854.0,748.0,3987.8333333333335,3.6601329042504283,1,1,2021,0.49999999999999994,0.8660254037844387,15212.0,15466.0,20607.0,14654.333333333334,13811.166666666666,12520.833333333334
2021,2,A3151,BILBAO - SANTURTZI  - PORTUGALETE (Autopista),12754.0,10888.0,482.0,274.0,50.0,162.0,0.0,112.0,482.0,2021-02-01,1,0,47854.0,748.0,3987.8333333333335,3.1982279433276215,1,2,2021,0.8660254037844386,0.5000000000000001,14596.0,13285.0,19408.0,14364.333333333334,13901.0,12019.916666666666
2021,3,A3151,BILBAO - SANTURTZI  - PORTUGALETE (Autopista),16950.0,13884.0,1163.0,341.0,47.0,218.0,0.0,201.0,690.0,2021-03-01,1,0,47854.0,748.0,3987.8333333333335,4.250428386341789,1,3,2021,1.0,6.123233995736766e-17,12754.0,15212.0,8770.0,14187.333333333334,14421.5,11465.416666666666
2021,4,A3151,BILBAO - SANTURTZI  - PORTUGALETE (Autopista),13768.0,11459.0,804.0,323.0,28.0,194.0,0.0,167.0,525.0,2021-04-01,1,0,47854.0,748.0,3987.8333333333335,3.4525013582981567,2,4,2021,0.8660254037844387,-0.4999999999999998,16950.0,14596.0,623.0,14766.666666666666,14710.5,12147.083333333334
2021,5,A3151,BILBAO - SANTURTZI  - PORTUGALETE (Autopista),16797.0,13838.0,1247.0,359.0,64.0,232.0,0.0,159.0,585.0,2021-05-01,1,0,47854.0,748.0,3987.8333333333335,4.212061687633217,2,5,2021,0.49999999999999994,-0.8660254037844387,13768.0,12754.0,4581.0,14490.666666666666,14427.5,13242.5
2021,6,A3151,BILBAO - SANTURTZI  - PORTUGALETE (Autopista),17338.0,14111.0,1261.0,293.0,96.0,314.0,0.0,221.0,722.0,2021-06-01,1,0,47854.0,748.0,3987.8333333333335,4.347724328164834,2,6,2021,1.2246467991473532e-16,-1.0,16797.0,16950.0,13394.0,15838.333333333334,15012.833333333334,14260.5
2021,7,A3151,BILBAO - SANTURTZI  - PORTUGALETE (Autopista),15715.0,12492.0,1297.0,326.0,90.0,402.0,0.0,201.0,618.0,2021-07-01,1,0,47854.0,748.0,3987.8333333333335,3.9407364065699837,3,7,2021,-0.4999999999999997,-0.8660254037844388,17338.0,13768.0,14057.0,15967.666666666666,15367.166666666666,14589.166666666666
2021,8,A3151,BILBAO - SANTURTZI  - PORTUGALETE (Autopista),11381.0,8738.0,1154.0,290.0,27.0,419.0,0.0,175.0,391.0,2021-08-01,1,0,47854.0,748.0,3987.8333333333335,2.8539307058971035,3,8,2021,-0.8660254037844385,-0.5000000000000004,15715.0,16797.0,9631.0,16616.666666666668,15553.666666666666,14727.333333333334
2021,9,A3151,BILBAO - SANTURTZI  - PORTUGALETE (Autopista),17055.0,13801.0,1246.0,418.0,82.0,373.0,0.0,176.0,623.0,2021-09-01,1,0,47854.0,748.0,3987.8333333333335,4.276758473690809,3,9,2021,-1.0,-1.8369701987210297e-16,11381.0,17338.0,15216.0,14811.333333333334,15324.833333333334,14873.166666666666
2021,10,A3151,BILBAO - SANTURTZI  - PORTUGALETE (Autopista),17901.0,14106.0,1438.0,527.0,146.0,413.0,0.0,160.0,757.0,2021-10-01,1,0,47854.0,748.0,3987.8333333333335,4.488903748902913,4,10,2021,-0.8660254037844386,0.5000000000000001,17055.0,15715.0,15466.0,14717.0,15342.333333333334,15026.416666666666
2021,11,A3151,BILBAO - SANTURTZI  - PORTUGALETE (Autopista),18450.0,14666.0,1438.0,522.0,173.0,425.0,0.0,117.0,792.0,2021-11-01,1,0,47854.0,748.0,3987.8333333333335,4.626572491327789,4,11,2021,-0.5000000000000004,0.8660254037844384,17901.0,11381.0,13285.0,15445.666666666666,16031.166666666666,15229.333333333334
2021,12,A3151,BILBAO - SANTURTZI  - PORTUGALETE (Autopista),17562.0,13898.0,1472.0,364.0,65.0,513.0,0.0,263.0,671.0,2021-12-01,1,0,47854.0,748.0,3987.8333333333335,4.403895181176077,4,12,2021,-2.4492935982947064e-16,1.0,18450.0,17055.0,15212.0,17802.0,16306.666666666666,15659.75
2022,1,A3151,BILBAO - SANTURTZI  - PORTUGALETE (Autopista),16998.0,13370.0,1500.0,361.0,86.0,552.0,0.0,193.0,630.0,2022-01-01,0,0,47982.0,750.0,3998.5,4.251094160310116,1,1,2022,0.49999999999999994,0.8660254037844387,17562.0,17901.0,14596.0,17971.0,16344.0,15855.583333333334
2022,2,A3151,BILBAO - SANTURTZI  - PORTUGALETE (Autopista),17403.0,13751.0,1514.0,420.0,146.0,473.0,0.0,138.0,573.0,2022-02-01,0,0,47982.0,750.0,3998.5,4.352382143303739,1,2,2022,0.8660254037844386,0.5000000000000001,16998.0,18450.0,12754.0,17670.0,16557.833333333332,16055.75
2022,3,A3151,BILBAO - SANTURTZI  - PORTUGALETE (Autopista),20279.0,16188.0,1622.0,440.0,198.0,580.0,0.0,156.0,726.0,2022-03-01,0,0,47982.0,750.0,3998.5,5.071651869451044,1,3,2022,1.0,6.123233995736766e-17,17403.0,17562.0,16950.0,17321.0,17561.5,16443.166666666668
2022,4,A3151,BILBAO - SANTURTZI  - PORTUGALETE (Autopista),16280.0,13035.0,1331.0,353.0,129.0,419.0,2.0,197.0,530.0,2022-04-01,0,0,47982.0,750.0,3998.5,4.071526822558459,2,4,2022,0.8660254037844387,-0.4999999999999998,20279.0,16998.0,13768.0,18226.666666666668,18098.833333333332,16720.583333333332
2022,5,A3151,BILBAO - SANTURTZI  - PORTUGALETE (Autopista),19801.0,15684.0,1644.0,554.0,191.0,507.0,0.0,186.0,656.0,2022-05-01,0,0,47982.0,750.0,3998.5,4.952107040140053,2,5,2022,0.49999999999999994,-0.8660254037844387,16280.0,17403.0,16797.0,17987.333333333332,17828.666666666668,16929.916666666668
2022,6,A3151,BILBAO - SANTURTZI  - PORTUGALETE (Autopista),19954.0,15910.0,1610.0,541.0,85.0,463.0,0.0,184.0,735.0,2022-06-01,0,0,47982.0,750.0,3998.5,4.990371389270977,2,6,2022,1.2246467991473532e-16,-1.0,19801.0,20279.0,17338.0,18786.666666666668,18053.833333333332,17180.25
2022,7,A3151,BILBAO - SANTURTZI  - PORTUGALETE (Autopista),16516.0,13081.0,1439.0,355.0,97.0,528.0,0.0,180.0,541.0,2022-07-01,0,0,47982.0,750.0,3998.5,4.130548955858447,3,7,2022,-0.4999999999999997,-0.8660254037844388,19954.0,16280.0,15715.0,18678.333333333332,18452.5,17398.25
2022,8,A3151,BILBAO - SANTURTZI  - PORTUGALETE (Autopista),14361.0,10850.0,1509.0,267.0,48.0,632.0,0.0,284.0,580.0,2022-08-01,0,0,47982.0,750.0,3998.5,3.5915968488183068,3,8,2022,-0.8660254037844385,-0.5000000000000004,16516.0,19801.0,11381.0,18757.0,18372.166666666668,17465.0
2020,1,A3122,BILBAO - SESTAO - Errepelega/Repelega,21315.0,12656.0,4095.0,278.0,388.0,1542.0,5.0,930.0,759.0,2020-01-01,1,0,,,,,1,1,2020,0.49999999999999994,0.8660254037844387,,,,,,
2020,2,A3122,BILBAO - SESTAO - Errepelega/Repelega,19684.0,11501.0,4099.0,378.0,449.0,1267.0,8.0,789.0,618.0,2020-02-01,1,0,,,,,1,2,2020,0.8660254037844386,0.5000000000000001,21315.0,,,,,
2020,3,A3122,BILBAO - SESTAO - Errepelega/Repelega,8816.0,5395.0,1612.0,176.0,215.0,570.0,4.0,306.0,294.0,2020-03-01,1,0,,,,,1,3,2020,1.0,6.123233995736766e-17,19684.0,,,,,
2020,4,A3122,BILBAO - SESTAO - Errepelega/Repelega,992.0,845.0,84.0,2.0,23.0,0.0,0.0,1.0,19.0,2020-04-01,1,0,,,,,2,4,2020,0.8660254037844387,-0.4999999999999998,8816.0,21315.0,,16605.0,,
2020,5,A3122,BILBAO - SESTAO - Errepelega/Repelega,4770.0,3756.0,695.0,39.0,48.0,0.0,0.0,51.0,72.0,2020-05-01,1,0,,,,,2,5,2020,0.49999999999999994,-0.8660254037844387,992.0,19684.0,,9830.666666666666,,
2020,6,A3122,BILBAO - SESTAO - Errepelega/Repelega,14156.0,10303.0,2302.0,112.0,130.0,0.0,0.0,511.0,395.0,2020-06-01,1,0,,,,,2,6,2020,1.2246467991473532e-16,-1.0,4770.0,8816.0,,4859.333333333333,,
2020,7,A3122,BILBAO - SESTAO - Errepelega/Repelega,15036.0,11057.0,2336.0,122.0,153.0,0.0,0.0,624.0,340.0,2020-07-01,1,0,,,,,3,7,2020,-0.4999999999999997,-0.8660254037844388,14156.0,992.0,,6639.333333333333,11622.166666666666,
2020,8,A3122,BILBAO - SESTAO - Errepelega/Repelega,13117.0,9511.0,2172.0,118.0,147.0,0.0,0.0,567.0,240.0,2020-08-01,1,0,,,,,3,8,2020,-0.8660254037844385,-0.5000000000000004,15036.0,4770.0,,11320.666666666666,10575.666666666666,
2020,9,A3122,BILBAO - SESTAO - Errepelega/Repelega,15144.0,10695.0,2462.0,180.0,241.0,0.0,0.0,753.0,373.0,2020-09-01,1,0,,,,,3,9,2020,-1.0,-1.8369701987210297e-16,13117.0,14156.0,,14103.0,9481.166666666666,
2020,10,A3122,BILBAO - SESTAO - Errepelega/Repelega,15910.0,11223.0,2655.0,270.0,439.0,0.0,0.0,479.0,369.0,2020-10-01,1,0,,,,,4,10,2020,-0.8660254037844386,0.5000000000000001,15144.0,15036.0,,14432.333333333334,10535.833333333334,
2020,11,A3122,BILBAO - SESTAO - Errepelega/Repelega,11527.0,8139.0,1695.0,205.0,392.0,0.0,0.0,309.0,394.0,2020-11-01,1,0,,,,,4,11,2020,-0.5000000000000004,0.8660254037844384,15910.0,13117.0,,14723.666666666666,13022.166666666666,
2020,12,A3122,BILBAO - SESTAO - Errepelega/Repelega,15584.0,11098.0,2290.0,239.0,385.0,118.0,0.0,552.0,453.0,2020-12-01,1,0,,,,,4,12,2020,-2.4492935982947064e-16,1.0,11527.0,15144.0,,14193.666666666666,14148.333333333334,
2021,1,A3122,BILBAO - SESTAO - Errepelega/Repelega,13920.0,9402.0,2060.0,229.0,378.0,348.0,2.0,539.0,462.0,2021-01-01,1,0,30512.0,909.0,2542.6666666666665,5.474567383324594,1,1,2021,0.49999999999999994,0.8660254037844387,15584.0,15910.0,21315.0,14340.333333333334,14386.333333333334,13004.25
2021,2,A3122,BILBAO - SESTAO - Errepelega/Repelega,10660.0,7129.0,1629.0,240.0,305.0,341.0,0.0,335.0,339.0,2021-02-01,1,0,30512.0,909.0,2542.6666666666665,4.192448872574725,1,2,2021,0.8660254037844386,0.5000000000000001,13920.0,11527.0,19684.0,13677.0,14200.333333333334,12388.0
2021,3,A3122,BILBAO - SESTAO - Errepelega/Repelega,14891.0,9590.0,2512.0,333.0,400.0,536.0,0.0,555.0,481.0,2021-03-01,1,0,30512.0,909.0,2542.6666666666665,5.856449921342423,1,3,2021,1.0,6.123233995736766e-17,10660.0,15584.0,8816.0,13388.0,13790.833333333334,11636.0
2021,4,A3122,BILBAO - SESTAO - Errepelega/Repelega,12587.0,8324.0,2048.0,251.0,261.0,462.0,1.0,449.0,433.0,2021-04-01,1,0,30512.0,909.0,2542.6666666666665,4.950314630309387,2,4,2021,0.8660254037844387,-0.4999999999999998,14891.0,13920.0,992.0,13157.0,13748.666666666666,12142.25
2021,5,A3122,BILBAO - SESTAO - Errepelega/Repelega,15193.0,9775.0,2612.0,295.0,348.0,641.0,4.0,570.0,515.0,2021-05-01,1,0,30512.0,909.0,2542.6666666666665,5.975222863135816,2,5,2021,0.49999999999999994,-0.8660254037844387,12587.0,10660.0,4770.0,12712.666666666666,13194.833333333334,13108.5
2021,6,A3122,BILBAO - SESTAO - Errepelega/Repelega,15530.0,9745.0,2834.0,265.0,289.0,760.0,2.0,640.0,531.0,2021-06-01,1,0,30512.0,909.0,2542.6666666666665,6.107760880964866,2,6,2021,1.2246467991473532e-16,-1.0,15193.0,14891.0,14156.0,14223.666666666666,13805.833333333334,13977.083333333334
2021,7,A3122,BILBAO - SESTAO - Errepelega/Repelega,15148.0,9644.0,2538.0,168.0,273.0,837.0,6.0,684.0,487.0,2021-07-01,1,0,30512.0,909.0,2542.6666666666665,5.957524908232827,3,7,2021,-0.4999999999999997,-0.8660254037844388,15530.0,12587.0,15036.0,14436.666666666666,13796.833333333334,14091.583333333334
2021,8,A3122,BILBAO - SESTAO - Errepelega/Repelega,12501.0,7992.0,2039.0,120.0,181.0,847.0,10.0,597.0,348.0,2021-08-01,1,0,30512.0,909.0,2542.6666666666665,4.916491872050341,3,8,2021,-0.8660254037844385,-0.5000000000000004,15148.0,15193.0,13117.0,15290.333333333334,14001.5,14100.916666666666
2021,9,A3122,BILBAO - SESTAO - Errepelega/Repelega,14917.0,9048.0,2751.0,298.0,339.0,834.0,4.0,676.0,480.0,2021-09-01,1,0,30512.0,909.0,2542.6666666666665,5.8666754063974835,3,9,2021,-1.0,-1.8369701987210297e-16,12501.0,15530.0,15144.0,14393.0,14308.333333333334,14049.583333333334
2021,10,A3122,BILBAO - SESTAO - Errepelega/Repelega,15867.0,9558.0,3070.0,313.0,407.0,859.0,3.0,571.0,537.0,2021-10-01,1,0,30512.0,909.0,2542.6666666666665,6.240298898793918,4,10,2021,-0.8660254037844386,0.5000000000000001,14917.0,15148.0,15910.0,14188.666666666666,14312.666666666666,14030.666666666666
2021,11,A3122,BILBAO - SESTAO - Errepelega/Repelega,16539.0,10104.0,3033.0,304.0,397.0,906.0,0.0,555.0,642.0,2021-11-01,1,0,30512.0,909.0,2542.6666666666665,6.504588358678553,4,11,2021,-0.5000000000000004,0.8660254037844384,15867.0,12501.0,11527.0,14428.333333333334,14859.333333333334,14027.083333333334
2021,12,A3122,BILBAO - SESTAO - Errepelega/Repelega,17144.0,10580.0,3058.0,244.0,367.0,1085.0,7.0,694.0,603.0,2021-12-01,1,0,30512.0,909.0,2542.6666666666665,6.7425275301520715,4,12,2021,-2.4492935982947064e-16,1.0,16539.0,14917.0,15584.0,15774.333333333334,15083.666666666666,14444.75
2022,1,A3122,BILBAO - SESTAO - Errepelega/Repelega,15615.0,9683.0,2833.0,227.0,323.0,887.0,0.0,562.0,607.0,2022-01-01,0,0,30516.0,909.0,2543.0,6.140385371608336,1,1,2022,0.49999999999999994,0.8660254037844387,17144.0,15867.0,13920.0,16516.666666666668,15352.666666666666,14574.75
2022,2,A3122,BILBAO - SESTAO - Errepelega/Repelega,15328.0,9305.0,3124.0,293.0,349.0,766.0,4.0,517.0,572.0,2022-02-01,0,0,30516.0,909.0,2543.0,6.027526543452615,1,2,2022,0.8660254037844386,0.5000000000000001,15615.0,16539.0,10660.0,16432.666666666668,15430.5,14716.0
2022,3,A3122,BILBAO - SESTAO - Errepelega/Repelega,17699.0,10675.0,3474.0,328.0,479.0,868.0,5.0,621.0,705.0,2022-03-01,0,0,30516.0,909.0,2543.0,6.9598898938261895,1,3,2022,1.0,6.123233995736766e-17,15328.0,17144.0,14891.0,16029.0,15901.666666666666,15105.0
2022,4,A3122,BILBAO - SESTAO - Errepelega/Repelega,15993.0,9677.0,3110.0,235.0,332.0,1007.0,0.0,676.0,546.0,2022-04-01,0,0,30516.0,909.0,2543.0,6.2890287062524575,2,4,2022,0.8660254037844387,-0.4999999999999998,17699.0,15615.0,12587.0,16214.0,16365.333333333334,15339.0
2022,5,A3122,BILBAO - SESTAO - Errepelega/Repelega,17935.0,10828.0,3528.0,344.0,394.0,1078.0,2.0,645.0,627.0,2022-05-01,0,0,30516.0,909.0,2543.0,7.052693668895006,2,5,2022,0.49999999999999994,-0.8660254037844387,15993.0,15328.0,15193.0,16340.0,16386.333333333332,15622.833333333334
2022,6,A3122,BILBAO - SESTAO - Errepelega/Repelega,18163.0,11203.0,3408.0,240.0,308.0,1003.0,12.0,792.0,635.0,2022-06-01,0,0,30516.0,909.0,2543.0,7.142351553283524,2,6,2022,1.2246467991473532e-16,-1.0,17935.0,17699.0,15530.0,17209.0,16619.0,15851.333333333334
2022,7,A3122,BILBAO - SESTAO - Errepelega/Repelega,16342.0,10118.0,3013.0,190.0,295.0,996.0,7.0,787.0,484.0,2022-07-01,0,0,30516.0,909.0,2543.0,6.426268187180495,3,7,2022,-0.4999999999999997,-0.8660254037844388,18163.0,15993.0,15148.0,17363.666666666668,16788.833333333332,16070.75
2022,8,A3122,BILBAO - SESTAO - Errepelega/Repelega,16051.0,9939.0,2994.0,179.0,273.0,1066.0,5.0,692.0,446.0,2022-08-01,0,0,30516.0,909.0,2543.0,6.311836413684625,3,8,2022,-0.8660254037844385,-0.5000000000000004,16342.0,17935.0,12501.0,17480.0,16910.0,16170.25
2020,1,A3342,BILBAO - Sodupe - ARTZINIEGA,23871.0,13366.0,5785.0,620.0,1293.0,1319.0,23.0,298.0,324.0,2020-01-01,1,0,,,,,1,1,2020,0.49999999999999994,0.8660254037844387,,,,,,
2020,2,A3342,BILBAO - Sodupe - ARTZINIEGA,24015.0,13485.0,5608.0,823.0,1244.0,1355.0,44.0,284.0,283.0,2020-02-01,1,0,,,,,1,2,2020,0.8660254037844386,0.5000000000000001,23871.0,,,,,
2020,3,A3342,BILBAO - Sodupe - ARTZINIEGA,11126.0,6645.0,2431.0,340.0,505.0,575.0,5.0,123.0,147.0,2020-03-01,1,0,,,,,1,3,2020,1.0,6.123233995736766e-17,24015.0,,,,,
2020,4,A3342,BILBAO - Sodupe - ARTZINIEGA,2816.0,2293.0,440.0,0.0,9.0,0.0,0.0,3.0,40.0,2020-04-01,1,0,,,,,2,4,2020,0.8660254037844387,-0.4999999999999998,11126.0,23871.0,,19670.666666666668,,
2020,5,A3342,BILBAO - Sodupe - ARTZINIEGA,6318.0,4612.0,1397.0,10.0,44.0,0.0,0.0,42.0,96.0,2020-05-01,1,0,,,,,2,5,2020,0.49999999999999994,-0.8660254037844387,2816.0,24015.0,,12652.333333333334,,
2020,6,A3342,BILBAO - Sodupe - ARTZINIEGA,13596.0,9656.0,3055.0,67.0,198.0,0.0,0.0,73.0,130.0,2020-06-01,1,0,,,,,2,6,2020,1.2246467991473532e-16,-1.0,6318.0,11126.0,,6753.333333333333,,
2020,7,A3342,BILBAO - Sodupe - ARTZINIEGA,15287.0,11103.0,2949.0,180.0,297.0,0.0,0.0,148.0,124.0,2020-07-01,1,0,,,,,3,7,2020,-0.4999999999999997,-0.8660254037844388,13596.0,2816.0,,7576.666666666667,13623.666666666666,
2020,8,A3342,BILBAO - Sodupe - ARTZINIEGA,13005.0,9448.0,2512.0,104.0,253.0,0.0,0.0,151.0,124.0,2020-08-01,1,0,,,,,3,8,2020,-0.8660254037844385,-0.5000000000000004,15287.0,6318.0,,11733.666666666666,12193.0,
2020,9,A3342,BILBAO - Sodupe - ARTZINIEGA,16840.0,11481.0,3373.0,343.0,677.0,0.0,0.0,103.0,157.0,2020-09-01,1,0,,,,,3,9,2020,-1.0,-1.8369701987210297e-16,13005.0,13596.0,,13962.666666666666,10358.0,
2020,10,A3342,BILBAO - Sodupe - ARTZINIEGA,17875.0,11849.0,3186.0,657.0,1049.0,1.0,0.0,79.0,136.0,2020-10-01,1,0,,,,,4,10,2020,-0.8660254037844386,0.5000000000000001,16840.0,15287.0,,15044.0,11310.333333333334,
2020,11,A3342,BILBAO - Sodupe - ARTZINIEGA,14917.0,10011.0,2482.0,526.0,975.0,0.0,0.0,84.0,91.0,2020-11-01,1,0,,,,,4,11,2020,-0.5000000000000004,0.8660254037844384,17875.0,13005.0,,15906.666666666666,13820.166666666666,
2020,12,A3342,BILBAO - Sodupe - ARTZINIEGA,15637.0,10475.0,2958.0,440.0,767.0,43.0,1.0,86.0,174.0,2020-12-01,1,0,,,,,4,12,2020,-2.4492935982947064e-16,1.0,14917.0,16840.0,,16544.0,15253.333333333334,
2021,1,A3342,BILBAO - Sodupe - ARTZINIEGA,14484.0,9899.0,2380.0,343.0,698.0,245.0,0.0,116.0,135.0,2021-01-01,1,0,27718.0,909.0,2309.8333333333335,6.27058229309474,1,1,2021,0.49999999999999994,0.8660254037844387,15637.0,17875.0,23871.0,16143.0,15593.5,14608.583333333334
2021,2,A3342,BILBAO - Sodupe - ARTZINIEGA,13982.0,9290.0,2226.0,477.0,725.0,330.0,8.0,91.0,94.0,2021-02-01,1,0,27718.0,909.0,2309.8333333333335,6.053250595281044,1,2,2021,0.8660254037844386,0.5000000000000001,14484.0,14917.0,24015.0,15012.666666666666,15459.666666666666,13826.333333333334
2021,3,A3342,BILBAO - Sodupe - ARTZINIEGA,18185.0,11681.0,3401.0,562.0,711.0,500.0,9.0,117.0,188.0,2021-03-01,1,0,27718.0,909.0,2309.8333333333335,7.872862399884551,1,3,2021,1.0,6.123233995736766e-17,13982.0,15637.0,11126.0,14701.0,15622.5,12990.25
2021,4,A3342,BILBAO - Sodupe - ARTZINIEGA,15402.0,9914.0,2776.0,415.0,645.0,449.0,43.0,149.0,156.0,2021-04-01,1,0,27718.0,909.0,2309.8333333333335,6.668013565192293,2,4,2021,0.8660254037844387,-0.4999999999999998,18185.0,14484.0,2816.0,15550.333333333334,15846.666666666666,13578.5
2021,5,A3342,BILBAO - Sodupe - ARTZINIEGA,19222.0,12307.0,3479.0,582.0,846.0,565.0,48.0,171.0,179.0,2021-05-01,1,0,27718.0,909.0,2309.8333333333335,8.321812540587343,2,5,2021,0.49999999999999994,-0.8660254037844387,15402.0,13982.0,6318.0,15856.333333333334,15434.5,14627.333333333334
2021,6,A3342,BILBAO - Sodupe - ARTZINIEGA,19758.0,12614.0,3770.0,416.0,672.0,859.0,31.0,250.0,191.0,2021-06-01,1,0,27718.0,909.0,2309.8333333333335,8.553863915145392,2,6,2021,1.2246467991473532e-16,-1.0,19222.0,18185.0,13596.0,17603.0,16152.0,15702.666666666666
2021,7,A3342,BILBAO - Sodupe - ARTZINIEGA,17735.0,11520.0,3375.0,269.0,589.0,950.0,13.0,221.0,137.0,2021-07-01,1,0,27718.0,909.0,2309.8333333333335,7.6780431488563385,3,7,2021,-0.4999999999999997,-0.8660254037844388,19758.0,15402.0,15287.0,18127.333333333332,16838.833333333332,16216.166666666666
2021,8,A3342,BILBAO - Sodupe - ARTZINIEGA,14922.0,9732.0,3008.0,113.0,455.0,787.0,12.0,179.0,142.0,2021-08-01,1,0,27718.0,909.0,2309.8333333333335,6.460206364095533,3,8,2021,-0.8660254037844385,-0.5000000000000004,17735.0,19222.0,13005.0,18905.0,17380.666666666668,16420.166666666668
2021,9,A3342,BILBAO - Sodupe - ARTZINIEGA,20989.0,13287.0,3875.0,472.0,877.0,987.0,4.0,255.0,134.0,2021-09-01,1,0,27718.0,909.0,2309.8333333333335,9.086802799624792,3,9,2021,-1.0,-1.8369701987210297e-16,14922.0,19758.0,16840.0,17471.666666666668,17537.333333333332,16579.916666666668
2021,10,A3342,BILBAO - Sodupe - ARTZINIEGA,22232.0,13708.0,4293.0,737.0,1004.0,954.0,4.0,273.0,181.0,2021-10-01,1,0,27718.0,909.0,2309.8333333333335,9.62493686413161,4,10,2021,-0.8660254037844386,0.5000000000000001,20989.0,17735.0,17875.0,17882.0,18004.666666666668,16925.666666666668
2021,11,A3342,BILBAO - Sodupe - ARTZINIEGA,21476.0,12847.0,4136.0,787.0,1280.0,899.0,3.0,189.0,199.0,2021-11-01,1,0,27718.0,909.0,2309.8333333333335,9.297640522404214,4,11,2021,-0.5000000000000004,0.8660254037844384,22232.0,14922.0,14917.0,19381.0,19143.0,17288.75
2021,12,A3342,BILBAO - Sodupe - ARTZINIEGA,22319.0,14241.0,4104.0,521.0,994.0,1011.0,4.0,233.0,224.0,2021-12-01,1,0,27718.0,909.0,2309.8333333333335,9.662601919330399,4,12,2021,-2.4492935982947064e-16,1.0,21476.0,20989.0,15637.0,21565.666666666668,19518.666666666668,17835.333333333332
2022,1,A3342,BILBAO - Sodupe - ARTZINIEGA,19783.0,12212.0,3686.0,568.0,1071.0,857.0,0.0,202.0,193.0,2022-01-01,0,0,27748.0,909.0,2312.3333333333335,8.555427418192302,1,1,2022,0.49999999999999994,0.8660254037844387,22319.0,22232.0,14484.0,22009.0,19945.5,18392.166666666668
2022,2,A3342,BILBAO - Sodupe - ARTZINIEGA,21961.0,13385.0,4062.0,821.0,1276.0,887.0,0.0,192.0,244.0,2022-02-01,0,0,27748.0,909.0,2312.3333333333335,9.497333141127287,1,2,2022,0.8660254037844386,0.5000000000000001,19783.0,21476.0,13982.0,21192.666666666668,20286.833333333332,18833.75
2022,3,A3342,BILBAO - Sodupe - ARTZINIEGA,26658.0,16274.0,4998.0,1045.0,1456.0,1064.0,1.0,232.0,261.0,2022-03-01,0,0,27748.0,909.0,2312.3333333333335,11.528614674931525,1,3,2022,1.0,6.123233995736766e-17,21961.0,22319.0,18185.0,21354.333333333332,21460.0,19498.666666666668
2022,4,A3342,BILBAO - Sodupe - ARTZINIEGA,22807.0,14468.0,4173.0,547.0,1100.0,1102.0,4.0,196.0,197.0,2022-04-01,0,0,27748.0,909.0,2312.3333333333335,9.86319734755658,2,4,2022,0.8660254037844387,-0.4999999999999998,26658.0,19783.0,15402.0,22800.666666666668,22404.833333333332,20204.75
2022,5,A3342,BILBAO - Sodupe - ARTZINIEGA,26072.0,16321.0,4903.0,744.0,1207.0,1167.0,0.0,244.0,241.0,2022-05-01,0,0,27748.0,909.0,2312.3333333333335,11.2751910047571,2,5,2022,0.49999999999999994,-0.8660254037844387,22807.0,21961.0,19222.0,23808.666666666668,22500.666666666668,20821.833333333332
2022,6,A3342,BILBAO - Sodupe - ARTZINIEGA,25024.0,16330.0,4612.0,580.0,931.0,1206.0,12.0,199.0,188.0,2022-06-01,0,0,27748.0,909.0,2312.3333333333335,10.821969150929796,2,6,2022,1.2246467991473532e-16,-1.0,26072.0,26658.0,19758.0,25179.0,23266.666666666668,21392.666666666668
2022,7,A3342,BILBAO - Sodupe - ARTZINIEGA,20960.0,13437.0,3928.0,314.0,787.0,1323.0,15.0,234.0,195.0,2022-07-01,0,0,27748.0,909.0,2312.3333333333335,9.064437076546056,3,7,2022,-0.4999999999999997,-0.8660254037844388,25024.0,22807.0,17735.0,24634.333333333332,23717.5,21831.5
2022,8,A3342,BILBAO - Sodupe - ARTZINIEGA,19137.0,12359.0,3806.0,217.0,523.0,1282.0,5.0,252.0,147.0,2022-08-01,0,0,27748.0,909.0,2312.3333333333335,8.276055931959059,3,8,2022,-0.8660254037844385,-0.5000000000000004,20960.0,26072.0,14922.0,24018.666666666668,23913.666666666668,22100.25
2020,1,A3341,BILBAO - Sodupe - Arespalditza Respaldiza,4659.0,2549.0,1160.0,190.0,207.0,287.0,7.0,86.0,40.0,2020-01-01,1,0,,,,,1,1,2020,0.49999999999999994,0.8660254037844387,,,,,,
2020,2,A3341,BILBAO - Sodupe - Arespalditza Respaldiza,5156.0,2846.0,1223.0,211.0,242.0,285.0,16.0,107.0,61.0,2020-02-01,1,0,,,,,1,2,2020,0.8660254037844386,0.5000000000000001,4659.0,,,,,
2020,3,A3341,BILBAO - Sodupe - Arespalditza Respaldiza,2474.0,1534.0,504.0,96.0,107.0,101.0,2.0,31.0,26.0,2020-03-01,1,0,,,,,1,3,2020,1.0,6.123233995736766e-17,5156.0,,,,,
2020,4,A3341,BILBAO - Sodupe - Arespalditza Respaldiza,573.0,488.0,54.0,0.0,8.0,0.0,0.0,1.0,10.0,2020-04-01,1,0,,,,,2,4,2020,0.8660254037844387,-0.4999999999999998,2474.0,4659.0,,4096.333333333333,,
2020,5,A3341,BILBAO - Sodupe - Arespalditza Respaldiza,1398.0,1041.0,289.0,17.0,10.0,0.0,0.0,6.0,1.0,2020-05-01,1,0,,,,,2,5,2020,0.49999999999999994,-0.8660254037844387,573.0,5156.0,,2734.3333333333335,,
2020,6,A3341,BILBAO - Sodupe - Arespalditza Respaldiza,2827.0,1914.0,658.0,38.0,95.0,0.0,0.0,25.0,9.0,2020-06-01,1,0,,,,,2,6,2020,1.2246467991473532e-16,-1.0,1398.0,2474.0,,1481.6666666666667,,
2020,7,A3341,BILBAO - Sodupe - Arespalditza Respaldiza,3277.0,2101.0,891.0,72.0,80.0,0.0,0.0,29.0,19.0,2020-07-01,1,0,,,,,3,7,2020,-0.4999999999999997,-0.8660254037844388,2827.0,573.0,,1599.3333333333333,2847.8333333333335,
2020,8,A3341,BILBAO - Sodupe - Arespalditza Respaldiza,2428.0,1692.0,560.0,39.0,56.0,0.0,0.0,31.0,17.0,2020-08-01,1,0,,,,,3,8,2020,-0.8660254037844385,-0.5000000000000004,3277.0,1398.0,,2500.6666666666665,2617.5,
2020,9,A3341,BILBAO - Sodupe - Arespalditza Respaldiza,3407.0,2285.0,779.0,84.0,95.0,0.0,0.0,53.0,37.0,2020-09-01,1,0,,,,,3,9,2020,-1.0,-1.8369701987210297e-16,2428.0,2827.0,,2844.0,2162.8333333333335,
2020,10,A3341,BILBAO - Sodupe - Arespalditza Respaldiza,3545.0,2325.0,769.0,139.0,157.0,0.0,0.0,31.0,56.0,2020-10-01,1,0,,,,,4,10,2020,-0.8660254037844386,0.5000000000000001,3407.0,3277.0,,3037.3333333333335,2318.3333333333335,
2020,11,A3341,BILBAO - Sodupe - Arespalditza Respaldiza,3045.0,2088.0,576.0,96.0,175.0,0.0,0.0,29.0,19.0,2020-11-01,1,0,,,,,4,11,2020,-0.5000000000000004,0.8660254037844384,3545.0,2428.0,,3126.6666666666665,2813.6666666666665,
2020,12,A3341,BILBAO - Sodupe - Arespalditza Respaldiza,3068.0,2110.0,625.0,76.0,118.0,19.0,0.0,34.0,46.0,2020-12-01,1,0,,,,,4,12,2020,-2.4492935982947064e-16,1.0,3045.0,3407.0,,3332.3333333333335,3088.1666666666665,
2021,1,A3341,BILBAO - Sodupe - Arespalditza Respaldiza,2900.0,2018.0,545.0,49.0,70.0,65.0,0.0,69.0,24.0,2021-01-01,1,0,11562.0,909.0,963.5,3.009859885832901,1,1,2021,0.49999999999999994,0.8660254037844387,3068.0,3545.0,4659.0,3219.3333333333335,3128.3333333333335,2988.0833333333335
2021,2,A3341,BILBAO - Sodupe - Arespalditza Respaldiza,2899.0,1925.0,542.0,103.0,85.0,89.0,0.0,47.0,52.0,2021-02-01,1,0,11562.0,909.0,963.5,3.0088220031136483,1,2,2021,0.8660254037844386,0.5000000000000001,2900.0,3045.0,5156.0,3004.3333333333335,3065.5,2841.5
2021,3,A3341,BILBAO - Sodupe - Arespalditza Respaldiza,3767.0,2471.0,791.0,118.0,108.0,105.0,10.0,49.0,41.0,2021-03-01,1,0,11562.0,909.0,963.5,3.909704203425013,1,3,2021,1.0,6.123233995736766e-17,2899.0,3068.0,2474.0,2955.6666666666665,3144.0,2653.4166666666665
2021,4,A3341,BILBAO - Sodupe - Arespalditza Respaldiza,3235.0,2033.0,671.0,98.0,93.0,94.0,15.0,68.0,36.0,2021-04-01,1,0,11562.0,909.0,963.5,3.3575505967825636,2,4,2021,0.8660254037844387,-0.4999999999999998,3767.0,2900.0,573.0,3188.6666666666665,3204.0,2761.1666666666665
2021,5,A3341,BILBAO - Sodupe - Arespalditza Respaldiza,4070.0,2506.0,924.0,94.0,104.0,112.0,5.0,78.0,44.0,2021-05-01,1,0,11562.0,909.0,963.5,4.224182667358589,2,5,2021,0.49999999999999994,-0.8660254037844387,3235.0,2899.0,1398.0,3300.3333333333335,3152.3333333333335,2983.0
2021,6,A3341,BILBAO - Sodupe - Arespalditza Respaldiza,4058.0,2600.0,886.0,54.0,89.0,148.0,11.0,90.0,64.0,2021-06-01,1,0,11562.0,909.0,963.5,4.211728074727556,2,6,2021,1.2246467991473532e-16,-1.0,4070.0,3767.0,2827.0,3690.6666666666665,3323.1666666666665,3205.6666666666665
2021,7,A3341,BILBAO - Sodupe - Arespalditza Respaldiza,3925.0,2372.0,1013.0,44.0,96.0,156.0,2.0,79.0,58.0,2021-07-01,1,0,11562.0,909.0,963.5,4.073689673066943,3,7,2021,-0.4999999999999997,-0.8660254037844388,4058.0,3235.0,3277.0,3787.6666666666665,3488.1666666666665,3308.25
2021,8,A3341,BILBAO - Sodupe - Arespalditza Respaldiza,2878.0,1701.0,796.0,21.0,82.0,126.0,2.0,70.0,29.0,2021-08-01,1,0,11562.0,909.0,963.5,2.987026466009341,3,8,2021,-0.8660254037844385,-0.5000000000000004,3925.0,4070.0,2428.0,4017.6666666666665,3659.0,3362.25
2021,9,A3341,BILBAO - Sodupe - Arespalditza Respaldiza,4004.0,2319.0,935.0,79.0,211.0,169.0,3.0,61.0,56.0,2021-09-01,1,0,11562.0,909.0,963.5,4.155682407887909,3,9,2021,-1.0,-1.8369701987210297e-16,2878.0,4058.0,3407.0,3620.3333333333335,3655.5,3399.75
2021,10,A3341,BILBAO - Sodupe - Arespalditza Respaldiza,4404.0,2619.0,904.0,138.0,246.0,177.0,0.0,77.0,58.0,2021-10-01,1,0,11562.0,909.0,963.5,4.570835495588998,4,10,2021,-0.8660254037844386,0.5000000000000001,4004.0,3925.0,3545.0,3602.3333333333335,3695.0,3449.5
2021,11,A3341,BILBAO - Sodupe - Arespalditza Respaldiza,4271.0,2463.0,910.0,182.0,243.0,205.0,0.0,37.0,53.0,2021-11-01,1,0,11562.0,909.0,963.5,4.432797093928386,4,11,2021,-0.5000000000000004,0.8660254037844384,4404.0,2878.0,3045.0,3762.0,3889.8333333333335,3521.0833333333335
2021,12,A3341,BILBAO - Sodupe - Arespalditza Respaldiza,4650.0,2850.0,943.0,91.0,204.0,228.0,0.0,80.0,66.0,2021-12-01,1,0,11562.0,909.0,963.5,4.826154644525169,4,12,2021,-2.4492935982947064e-16,1.0,4271.0,4004.0,3068.0,4226.333333333333,3923.3333333333335,3623.25
2022,1,A3341,BILBAO - Sodupe - Arespalditza Respaldiza,4000.0,2363.0,846.0,111.0,222.0,199.0,2.0,57.0,47.0,2022-01-01,0,0,11558.0,909.0,963.1666666666666,4.15296764146046,1,1,2022,0.49999999999999994,0.8660254037844387,4650.0,4404.0,2900.0,4441.666666666667,4022.0,3755.0833333333335
2022,2,A3341,BILBAO - Sodupe - Arespalditza Respaldiza,4664.0,2728.0,987.0,160.0,262.0,218.0,1.0,47.0,52.0,2022-02-01,0,0,11558.0,909.0,963.1666666666666,4.842360269942897,1,2,2022,0.8660254037844386,0.5000000000000001,4000.0,4271.0,2899.0,4307.0,4034.5,3846.75
2022,3,A3341,BILBAO - Sodupe - Arespalditza Respaldiza,5538.0,3264.0,1138.0,210.0,328.0,240.0,0.0,79.0,83.0,2022-03-01,0,0,11558.0,909.0,963.1666666666666,5.749783699602007,1,3,2022,1.0,6.123233995736766e-17,4664.0,4650.0,3767.0,4438.0,4332.166666666667,3993.8333333333335
2022,4,A3341,BILBAO - Sodupe - Arespalditza Respaldiza,4306.0,2591.0,868.0,133.0,210.0,216.0,5.0,81.0,60.0,2022-04-01,0,0,11558.0,909.0,963.1666666666666,4.470669666032186,2,4,2022,0.8660254037844387,-0.4999999999999998,5538.0,4000.0,3235.0,4734.0,4587.833333333333,4141.416666666667
2022,5,A3341,BILBAO - Sodupe - Arespalditza Respaldiza,5276.0,3213.0,1079.0,141.0,281.0,268.0,1.0,71.0,61.0,2022-05-01,0,0,11558.0,909.0,963.1666666666666,5.477764319086347,2,5,2022,0.49999999999999994,-0.8660254037844387,4306.0,4664.0,4070.0,4836.0,4571.5,4230.666666666667
2022,6,A3341,BILBAO - Sodupe - Arespalditza Respaldiza,4982.0,3157.0,1077.0,95.0,215.0,197.0,0.0,68.0,72.0,2022-06-01,0,0,11558.0,909.0,963.1666666666666,5.1725211974390035,2,6,2022,1.2246467991473532e-16,-1.0,5276.0,5538.0,4058.0,5040.0,4739.0,4331.166666666667
2022,7,A3341,BILBAO - Sodupe - Arespalditza Respaldiza,4573.0,2889.0,942.0,31.0,144.0,297.0,1.0,72.0,59.0,2022-07-01,0,0,11558.0,909.0,963.1666666666666,4.747880256099672,3,7,2022,-0.4999999999999997,-0.8660254037844388,4982.0,4306.0,3925.0,4854.666666666667,4794.333333333333,4408.166666666667
2022,8,A3341,BILBAO - Sodupe - Arespalditza Respaldiza,3960.0,2501.0,830.0,35.0,102.0,260.0,0.0,62.0,66.0,2022-08-01,0,0,11558.0,909.0,963.1666666666666,4.111437965045856,3,8,2022,-0.8660254037844385,-0.5000000000000004,4573.0,5276.0,2878.0,4943.666666666667,4889.833333333333,4462.166666666667
2020,1,A3343,BILBAO - Sodupe - GORDEXOLA,4895.0,2721.0,1314.0,143.0,222.0,285.0,4.0,50.0,29.0,2020-01-01,1,0,,,,,1,1,2020,0.49999999999999994,0.8660254037844387,,,,,,
2020,2,A3343,BILBAO - Sodupe - GORDEXOLA,4713.0,2518.0,1228.0,213.0,264.0,250.0,6.0,40.0,42.0,2020-02-01,1,0,,,,,1,2,2020,0.8660254037844386,0.5000000000000001,4895.0,,,,,
2020,3,A3343,BILBAO - Sodupe - GORDEXOLA,2281.0,1271.0,534.0,99.0,135.0,127.0,0.0,13.0,14.0,2020-03-01,1,0,,,,,1,3,2020,1.0,6.123233995736766e-17,4713.0,,,,,
2020,4,A3343,BILBAO - Sodupe - GORDEXOLA,0.0,0.0,0.0,0.0,0.0,0.0,0.0,0.0,0.0,2020-04-01,1,0,,,,,2,4,2020,0.8660254037844387,-0.4999999999999998,2281.0,4895.0,,3963.0,,
2020,5,A3343,BILBAO - Sodupe - GORDEXOLA,808.0,493.0,279.0,1.0,6.0,0.0,0.0,9.0,9.0,2020-05-01,1,0,,,,,2,5,2020,0.49999999999999994,-0.8660254037844387,0.0,4713.0,,2331.3333333333335,,
2020,6,A3343,BILBAO - Sodupe - GORDEXOLA,2501.0,1720.0,629.0,11.0,57.0,0.0,0.0,22.0,11.0,2020-06-01,1,0,,,,,2,6,2020,1.2246467991473532e-16,-1.0,808.0,2281.0,,1029.6666666666667,,
2020,7,A3343,BILBAO - Sodupe - GORDEXOLA,3068.0,2012.0,873.0,38.0,76.0,0.0,0.0,31.0,20.0,2020-07-01,1,0,,,,,3,7,2020,-0.4999999999999997,-0.8660254037844388,2501.0,0.0,,1103.0,2533.0,
2020,8,A3343,BILBAO - Sodupe - GORDEXOLA,2111.0,1425.0,543.0,22.0,57.0,0.0,0.0,35.0,8.0,2020-08-01,1,0,,,,,3,8,2020,-0.8660254037844385,-0.5000000000000004,3068.0,808.0,,2125.6666666666665,2228.5,
2020,9,A3343,BILBAO - Sodupe - GORDEXOLA,3220.0,2144.0,774.0,87.0,125.0,0.0,0.0,19.0,13.0,2020-09-01,1,0,,,,,3,9,2020,-1.0,-1.8369701987210297e-16,2111.0,2501.0,,2560.0,1794.8333333333333,
2020,10,A3343,BILBAO - Sodupe - GORDEXOLA,3495.0,2282.0,734.0,160.0,216.0,0.0,0.0,19.0,12.0,2020-10-01,1,0,,,,,4,10,2020,-0.8660254037844386,0.5000000000000001,3220.0,3068.0,,2799.6666666666665,1951.3333333333333,
2020,11,A3343,BILBAO - Sodupe - GORDEXOLA,2994.0,2010.0,566.0,136.0,156.0,0.0,0.0,17.0,28.0,2020-11-01,1,0,,,,,4,11,2020,-0.5000000000000004,0.8660254037844384,3495.0,2111.0,,2942.0,2533.8333333333335,
2020,12,A3343,BILBAO - Sodupe - GORDEXOLA,3160.0,2100.0,728.0,88.0,110.0,14.0,0.0,29.0,26.0,2020-12-01,1,0,,,,,4,12,2020,-2.4492935982947064e-16,1.0,2994.0,3220.0,,3236.3333333333335,2898.1666666666665,
2021,1,A3343,BILBAO - Sodupe - GORDEXOLA,2788.0,1932.0,536.0,89.0,76.0,60.0,0.0,23.0,13.0,2021-01-01,1,0,10604.0,624.0,883.6666666666666,3.155035835533761,1,1,2021,0.49999999999999994,0.8660254037844387,3160.0,3495.0,4895.0,3216.3333333333335,3008.0,2770.5
2021,2,A3343,BILBAO - Sodupe - GORDEXOLA,3103.0,2101.0,563.0,104.0,141.0,77.0,0.0,22.0,16.0,2021-02-01,1,0,10604.0,624.0,883.6666666666666,3.5115050924179556,1,2,2021,0.8660254037844386,0.5000000000000001,2788.0,2994.0,4713.0,2980.6666666666665,2961.3333333333335,2594.9166666666665
2021,3,A3343,BILBAO - Sodupe - GORDEXOLA,3741.0,2341.0,811.0,141.0,170.0,112.0,3.0,31.0,15.0,2021-03-01,1,0,10604.0,624.0,883.6666666666666,4.233496793662769,1,3,2021,1.0,6.123233995736766e-17,3103.0,3160.0,2281.0,3017.0,3126.6666666666665,2460.75
2021,4,A3343,BILBAO - Sodupe - GORDEXOLA,2932.0,1819.0,608.0,110.0,136.0,92.0,7.0,29.0,24.0,2021-04-01,1,0,10604.0,624.0,883.6666666666666,3.317993210109393,2,4,2021,0.8660254037844387,-0.4999999999999998,3741.0,2788.0,0.0,3210.6666666666665,3213.5,2582.4166666666665
2021,5,A3343,BILBAO - Sodupe - GORDEXOLA,3697.0,2262.0,825.0,133.0,191.0,92.0,11.0,32.0,25.0,2021-05-01,1,0,10604.0,624.0,883.6666666666666,4.183704262542437,2,5,2021,0.49999999999999994,-0.8660254037844387,2932.0,3103.0,808.0,3258.6666666666665,3119.6666666666665,2826.75
2021,6,A3343,BILBAO - Sodupe - GORDEXOLA,3728.0,2375.0,853.0,71.0,135.0,116.0,5.0,37.0,29.0,2021-06-01,1,0,10604.0,624.0,883.6666666666666,4.21878536401358,2,6,2021,1.2246467991473532e-16,-1.0,3697.0,3741.0,2501.0,3456.6666666666665,3236.8333333333335,3067.5
2021,7,A3343,BILBAO - Sodupe - GORDEXOLA,3481.0,2024.0,969.0,63.0,119.0,151.0,1.0,38.0,33.0,2021-07-01,1,0,10604.0,624.0,883.6666666666666,3.939268200678989,3,7,2021,-0.4999999999999997,-0.8660254037844388,3728.0,2932.0,3068.0,3452.3333333333335,3331.5,3169.75
2021,8,A3343,BILBAO - Sodupe - GORDEXOLA,2466.0,1497.0,602.0,24.0,100.0,119.0,3.0,41.0,18.0,2021-08-01,1,0,10604.0,624.0,883.6666666666666,2.7906450396076954,3,8,2021,-0.8660254037844385,-0.5000000000000004,3481.0,3697.0,2111.0,3635.3333333333335,3447.0,3204.1666666666665
2021,9,A3343,BILBAO - Sodupe - GORDEXOLA,3937.0,2470.0,755.0,127.0,162.0,206.0,0.0,52.0,21.0,2021-09-01,1,0,10604.0,624.0,883.6666666666666,4.4552998868351565,3,9,2021,-1.0,-1.8369701987210297e-16,2466.0,3728.0,3220.0,3225.0,3340.8333333333335,3233.75
2021,10,A3343,BILBAO - Sodupe - GORDEXOLA,4056.0,2350.0,889.0,175.0,221.0,211.0,1.0,27.0,24.0,2021-10-01,1,0,10604.0,624.0,883.6666666666666,4.5899660505469635,4,10,2021,-0.8660254037844386,0.5000000000000001,3937.0,3481.0,3495.0,3294.6666666666665,3373.5,3293.5
2021,11,A3343,BILBAO - Sodupe - GORDEXOLA,4288.0,2508.0,913.0,178.0,249.0,186.0,0.0,28.0,26.0,2021-11-01,1,0,10604.0,624.0,883.6666666666666,4.852508487363259,4,11,2021,-0.5000000000000004,0.8660254037844384,4056.0,2466.0,2994.0,3486.3333333333335,3560.8333333333335,3340.25
2021,12,A3343,BILBAO - Sodupe - GORDEXOLA,4468.0,2724.0,1013.0,112.0,194.0,187.0,0.0,46.0,31.0,2021-12-01,1,0,10604.0,624.0,883.6666666666666,5.056205205582799,4,12,2021,-2.4492935982947064e-16,1.0,4288.0,3937.0,3160.0,4093.6666666666665,3659.3333333333335,3448.0833333333335
2022,1,A3343,BILBAO - Sodupe - GORDEXOLA,3990.0,2349.0,886.0,124.0,222.0,194.0,0.0,41.0,21.0,2022-01-01,0,0,10591.0,623.0,882.5833333333334,4.520819563780568,1,1,2022,0.49999999999999994,0.8660254037844387,4468.0,4056.0,2788.0,4270.666666666667,3782.6666666666665,3557.0833333333335
2022,2,A3343,BILBAO - Sodupe - GORDEXOLA,4287.0,2560.0,875.0,168.0,262.0,177.0,0.0,39.0,27.0,2022-02-01,0,0,10591.0,623.0,882.5833333333334,4.857331696723633,1,2,2022,0.8660254037844386,0.5000000000000001,3990.0,4288.0,3103.0,4248.666666666667,3867.5,3657.25
2022,3,A3343,BILBAO - Sodupe - GORDEXOLA,5236.0,3021.0,1108.0,242.0,316.0,236.0,0.0,38.0,42.0,2022-03-01,0,0,10591.0,623.0,882.5833333333334,5.932584269662921,1,3,2022,1.0,6.123233995736766e-17,4287.0,4468.0,3741.0,4248.333333333333,4171.0,3755.9166666666665
2022,4,A3343,BILBAO - Sodupe - GORDEXOLA,4014.0,2480.0,795.0,127.0,217.0,187.0,0.0,50.0,25.0,2022-04-01,0,0,10591.0,623.0,882.5833333333334,4.548012463412331,2,4,2022,0.8660254037844387,-0.4999999999999998,5236.0,3990.0,2932.0,4504.333333333333,4387.5,3880.5
2022,5,A3343,BILBAO - Sodupe - GORDEXOLA,4941.0,3012.0,976.0,171.0,268.0,258.0,0.0,41.0,29.0,2022-05-01,0,0,10591.0,623.0,882.5833333333334,5.59833821168917,2,5,2022,0.49999999999999994,-0.8660254037844387,4014.0,4287.0,3697.0,4512.333333333333,4380.5,3970.6666666666665
2022,6,A3343,BILBAO - Sodupe - GORDEXOLA,4875.0,3098.0,963.0,168.0,240.0,214.0,1.0,50.0,33.0,2022-06-01,0,0,10591.0,623.0,882.5833333333334,5.523557737701822,2,6,2022,1.2246467991473532e-16,-1.0,4941.0,5236.0,3728.0,4730.333333333333,4489.333333333333,4074.3333333333335
2022,7,A3343,BILBAO - Sodupe - GORDEXOLA,3698.0,2238.0,838.0,95.0,188.0,184.0,6.0,45.0,23.0,2022-07-01,0,0,10591.0,623.0,882.5833333333334,4.1899726182607875,3,7,2022,-0.4999999999999997,-0.8660254037844388,4875.0,4014.0,3481.0,4610.0,4557.166666666667,4169.916666666667
2022,8,A3343,BILBAO - Sodupe - GORDEXOLA,3353.0,2102.0,747.0,81.0,98.0,147.0,0.0,54.0,28.0,2022-08-01,0,0,10591.0,623.0,882.5833333333334,3.7990746860541966,3,8,2022,-0.8660254037844385,-0.5000000000000004,3698.0,4941.0,2466.0,4504.666666666667,4508.5,4188.0
2020,1,A3613,BILBAO - UGAO MIRABALLES - OROZKO,33506.0,16755.0,10458.0,812.0,827.0,2739.0,31.0,642.0,579.0,2020-01-01,1,0,,,,,1,1,2020,0.49999999999999994,0.8660254037844387,,,,,,
2020,2,A3613,BILBAO - UGAO MIRABALLES - OROZKO,34392.0,17194.0,10341.0,1130.0,833.0,2769.0,37.0,778.0,534.0,2020-02-01,1,0,,,,,1,2,2020,0.8660254037844386,0.5000000000000001,33506.0,,,,,
2020,3,A3613,BILBAO - UGAO MIRABALLES - OROZKO,15435.0,8465.0,3945.0,562.0,461.0,1158.0,10.0,247.0,208.0,2020-03-01,1,0,,,,,1,3,2020,1.0,6.123233995736766e-17,34392.0,,,,,
2020,4,A3613,BILBAO - UGAO MIRABALLES - OROZKO,3561.0,2948.0,491.0,34.0,9.0,0.0,0.0,3.0,1.0,2020-04-01,1,0,,,,,2,4,2020,0.8660254037844387,-0.4999999999999998,15435.0,33506.0,,27777.666666666668,,
2020,5,A3613,BILBAO - UGAO MIRABALLES - OROZKO,9182.0,6733.0,2059.0,62.0,96.0,0.0,0.0,4.0,6.0,2020-05-01,1,0,,,,,2,5,2020,0.49999999999999994,-0.8660254037844387,3561.0,34392.0,,17796.0,,
2020,6,A3613,BILBAO - UGAO MIRABALLES - OROZKO,20697.0,13626.0,5682.0,232.0,372.0,0.0,0.0,142.0,192.0,2020-06-01,1,0,,,,,2,6,2020,1.2246467991473532e-16,-1.0,9182.0,15435.0,,9392.666666666666,,
2020,7,A3613,BILBAO - UGAO MIRABALLES - OROZKO,21793.0,14240.0,6329.0,217.0,278.0,0.0,0.0,183.0,146.0,2020-07-01,1,0,,,,,3,7,2020,-0.4999999999999997,-0.8660254037844388,20697.0,3561.0,,11146.666666666666,19462.166666666668,
2020,8,A3613,BILBAO - UGAO MIRABALLES - OROZKO,18232.0,12038.0,5045.0,165.0,258.0,0.0,0.0,200.0,127.0,2020-08-01,1,0,,,,,3,8,2020,-0.8660254037844385,-0.5000000000000004,21793.0,9182.0,,17224.0,17510.0,
2020,9,A3613,BILBAO - UGAO MIRABALLES - OROZKO,24033.0,15643.0,6372.0,565.0,401.0,0.0,0.0,231.0,199.0,2020-09-01,1,0,,,,,3,9,2020,-1.0,-1.8369701987210297e-16,18232.0,20697.0,,20240.666666666668,14816.666666666666,
2020,10,A3613,BILBAO - UGAO MIRABALLES - OROZKO,25141.0,16116.0,6373.0,926.0,460.0,0.0,0.0,273.0,258.0,2020-10-01,1,0,,,,,4,10,2020,-0.8660254037844386,0.5000000000000001,24033.0,21793.0,,21352.666666666668,16249.666666666666,
2020,11,A3613,BILBAO - UGAO MIRABALLES - OROZKO,21933.0,14827.0,4698.0,852.0,410.0,0.0,0.0,232.0,296.0,2020-11-01,1,0,,,,,4,11,2020,-0.5000000000000004,0.8660254037844384,25141.0,18232.0,,22468.666666666668,19846.333333333332,
2020,12,A3613,BILBAO - UGAO MIRABALLES - OROZKO,23405.0,15367.0,5852.0,608.0,247.0,145.0,0.0,227.0,333.0,2020-12-01,1,0,,,,,4,12,2020,-2.4492935982947064e-16,1.0,21933.0,24033.0,,23702.333333333332,21971.5,
2021,1,A3613,BILBAO - UGAO MIRABALLES - OROZKO,21638.0,14039.0,4681.0,698.0,310.0,672.0,2.0,356.0,362.0,2021-01-01,1,0,52216.0,909.0,4351.333333333333,4.972728665543129,1,1,2021,0.49999999999999994,0.8660254037844387,23405.0,25141.0,33506.0,23493.0,22422.833333333332,20942.5
2021,2,A3613,BILBAO - UGAO MIRABALLES - OROZKO,19813.0,12868.0,3909.0,683.0,352.0,794.0,0.0,447.0,303.0,2021-02-01,1,0,52216.0,909.0,4351.333333333333,4.553316990960625,1,2,2021,0.8660254037844386,0.5000000000000001,21638.0,21933.0,34392.0,22325.333333333332,22397.0,19953.5
2021,3,A3613,BILBAO - UGAO MIRABALLES - OROZKO,26617.0,16221.0,6567.0,771.0,401.0,1091.0,4.0,527.0,461.0,2021-03-01,1,0,52216.0,909.0,4351.333333333333,6.116975639650682,1,3,2021,1.0,6.123233995736766e-17,19813.0,23405.0,15435.0,21618.666666666668,22660.5,18738.583333333332
2021,4,A3613,BILBAO - UGAO MIRABALLES - OROZKO,22222.0,13589.0,5432.0,587.0,327.0,1053.0,5.0,367.0,351.0,2021-04-01,1,0,52216.0,909.0,4351.333333333333,5.10694040140953,2,4,2021,0.8660254037844387,-0.4999999999999998,26617.0,21638.0,3561.0,22689.333333333332,23091.166666666668,19670.416666666668
2021,5,A3613,BILBAO - UGAO MIRABALLES - OROZKO,26588.0,15300.0,7107.0,562.0,454.0,1476.0,5.0,594.0,498.0,2021-05-01,1,0,52216.0,909.0,4351.333333333333,6.110311015780604,2,5,2021,0.49999999999999994,-0.8660254037844387,22222.0,19813.0,9182.0,22884.0,22604.666666666668,21225.5
2021,6,A3613,BILBAO - UGAO MIRABALLES - OROZKO,30532.0,17969.0,8203.0,468.0,528.0,1724.0,13.0,600.0,427.0,2021-06-01,1,0,52216.0,909.0,4351.333333333333,7.01669986211123,2,6,2021,1.2246467991473532e-16,-1.0,26588.0,26617.0,20697.0,25142.333333333332,23380.5,22676.0
2021,7,A3613,BILBAO - UGAO MIRABALLES - OROZKO,26929.0,15796.0,7200.0,182.0,470.0,1815.0,4.0,613.0,328.0,2021-07-01,1,0,52216.0,909.0,4351.333333333333,6.188677799908074,3,7,2021,-0.4999999999999997,-0.8660254037844388,30532.0,22222.0,21793.0,26447.333333333332,24568.333333333332,23495.583333333332
2021,8,A3613,BILBAO - UGAO MIRABALLES - OROZKO,20792.0,11252.0,6138.0,164.0,215.0,1583.0,15.0,713.0,325.0,2021-08-01,1,0,52216.0,909.0,4351.333333333333,4.778305500229815,3,8,2021,-0.8660254037844385,-0.5000000000000004,26929.0,26588.0,18232.0,28016.333333333332,25450.166666666668,23923.583333333332
2021,9,A3613,BILBAO - UGAO MIRABALLES - OROZKO,27557.0,15510.0,7360.0,664.0,563.0,1725.0,14.0,581.0,492.0,2021-09-01,1,0,52216.0,909.0,4351.333333333333,6.3330013788876975,3,9,2021,-1.0,-1.8369701987210297e-16,20792.0,30532.0,24033.0,26084.333333333332,25613.333333333332,24136.916666666668
2021,10,A3613,BILBAO - UGAO MIRABALLES - OROZKO,30074.0,16012.0,8771.0,890.0,660.0,1877.0,5.0,569.0,541.0,2021-10-01,1,0,52216.0,909.0,4351.333333333333,6.911444767887238,4,10,2021,-0.8660254037844386,0.5000000000000001,27557.0,26929.0,25141.0,25092.666666666668,25770.0,24430.583333333332
2021,11,A3613,BILBAO - UGAO MIRABALLES - OROZKO,29697.0,15778.0,8326.0,1057.0,854.0,1674.0,4.0,659.0,558.0,2021-11-01,1,0,52216.0,909.0,4351.333333333333,6.824804657576222,4,11,2021,-0.5000000000000004,0.8660254037844384,30074.0,20792.0,21933.0,26141.0,27078.666666666668,24841.666666666668
2021,12,A3613,BILBAO - UGAO MIRABALLES - OROZKO,27280.0,14923.0,7638.0,523.0,619.0,1737.0,9.0,604.0,513.0,2021-12-01,1,0,52216.0,909.0,4351.333333333333,6.269342730197641,4,12,2021,-2.4492935982947064e-16,1.0,29697.0,27557.0,23405.0,29109.333333333332,27596.833333333332,25488.666666666668
2022,1,A3613,BILBAO - UGAO MIRABALLES - OROZKO,24691.0,13632.0,6625.0,639.0,590.0,1578.0,9.0,554.0,426.0,2022-01-01,0,0,52275.0,909.0,4356.25,5.667948350071736,1,1,2022,0.49999999999999994,0.8660254037844387,27280.0,30074.0,21638.0,29017.0,27054.833333333332,25811.583333333332
2022,2,A3613,BILBAO - UGAO MIRABALLES - OROZKO,27556.0,15367.0,7259.0,811.0,786.0,1517.0,11.0,709.0,402.0,2022-02-01,0,0,52275.0,909.0,4356.25,6.325624103299856,1,2,2022,0.8660254037844386,0.5000000000000001,24691.0,29697.0,19813.0,27222.666666666668,26681.833333333332,26066.0
2022,3,A3613,BILBAO - UGAO MIRABALLES - OROZKO,31434.0,16952.0,8634.0,926.0,1069.0,1691.0,14.0,762.0,484.0,2022-03-01,0,0,52275.0,909.0,4356.25,7.21583931133429,1,3,2022,1.0,6.123233995736766e-17,27556.0,27280.0,26617.0,26509.0,27809.166666666668,26711.25
2022,4,A3613,BILBAO - UGAO MIRABALLES - OROZKO,26346.0,14051.0,7345.0,640.0,741.0,1735.0,9.0,630.0,443.0,2022-04-01,0,0,52275.0,909.0,4356.25,6.047862266857963,2,4,2022,0.8660254037844387,-0.4999999999999998,31434.0,24691.0,22222.0,27893.666666666668,28455.333333333332,27112.666666666668
2022,5,A3613,BILBAO - UGAO MIRABALLES - OROZKO,30858.0,16494.0,8543.0,777.0,883.0,1969.0,14.0,874.0,467.0,2022-05-01,0,0,52275.0,909.0,4356.25,7.0836154949784795,2,5,2022,0.49999999999999994,-0.8660254037844387,26346.0,27556.0,26588.0,28445.333333333332,27834.0,27456.333333333332
2022,6,A3613,BILBAO - UGAO MIRABALLES - OROZKO,32210.0,17592.0,9119.0,496.0,803.0,2034.0,5.0,806.0,517.0,2022-06-01,0,0,52275.0,909.0,4356.25,7.393974175035868,2,6,2022,1.2246467991473532e-16,-1.0,30858.0,31434.0,30532.0,29546.0,28027.5,27812.166666666668
2022,7,A3613,BILBAO - UGAO MIRABALLES - OROZKO,28792.0,15836.0,8021.0,383.0,428.0,2285.0,31.0,699.0,332.0,2022-07-01,0,0,52275.0,909.0,4356.25,6.6093543758967,3,7,2022,-0.4999999999999997,-0.8660254037844388,32210.0,26346.0,26929.0,29804.666666666668,28849.166666666668,27952.0
2022,8,A3613,BILBAO - UGAO MIRABALLES - OROZKO,25014.0,13306.0,7442.0,243.0,362.0,1995.0,10.0,788.0,321.0,2022-08-01,0,0,52275.0,909.0,4356.25,5.742094691535151,3,8,2022,-0.8660254037844385,-0.5000000000000004,28792.0,30858.0,20792.0,30620.0,29532.666666666668,28107.25
2020,1,A2324,BILBAO - UPV/EHU (Enekuri),6479.0,5026.0,23.0,603.0,60.0,256.0,0.0,0.0,14.0,2020-01-01,1,0,,,,,1,1,2020,0.49999999999999994,0.8660254037844387,,,,,,
2020,2,A2324,BILBAO - UPV/EHU (Enekuri),13987.0,9323.0,25.0,2617.0,272.0,382.0,1.0,1.0,28.0,2020-02-01,1,0,,,,,1,2,2020,0.8660254037844386,0.5000000000000001,6479.0,,,,,
2020,3,A2324,BILBAO - UPV/EHU (Enekuri),6245.0,4166.0,9.0,1161.0,109.0,199.0,0.0,0.0,17.0,2020-03-01,1,0,,,,,1,3,2020,1.0,6.123233995736766e-17,13987.0,,,,,
2020,4,A2324,BILBAO - UPV/EHU (Enekuri),0.0,,,,,0.0,0.0,0.0,0.0,2020-04-01,1,0,,,,,2,4,2020,0.8660254037844387,-0.4999999999999998,6245.0,6479.0,,8903.666666666666,,
2020,5,A2324,BILBAO - UPV/EHU (Enekuri),0.0,,,,,0.0,0.0,0.0,0.0,2020-05-01,1,0,,,,,2,5,2020,0.49999999999999994,-0.8660254037844387,0.0,13987.0,,6744.0,,
2020,6,A2324,BILBAO - UPV/EHU (Enekuri),0.0,,,,,0.0,0.0,0.0,0.0,2020-06-01,1,0,,,,,2,6,2020,1.2246467991473532e-16,-1.0,0.0,6245.0,,2081.6666666666665,,
2020,7,A2324,BILBAO - UPV/EHU (Enekuri),0.0,,,,,0.0,0.0,0.0,0.0,2020-07-01,1,0,,,,,3,7,2020,-0.4999999999999997,-0.8660254037844388,0.0,0.0,,0.0,4451.833333333333,
2020,8,A2324,BILBAO - UPV/EHU (Enekuri),0.0,,,,,0.0,0.0,0.0,0.0,2020-08-01,1,0,,,,,3,8,2020,-0.8660254037844385,-0.5000000000000004,0.0,0.0,,0.0,3372.0,
2020,9,A2324,BILBAO - UPV/EHU (Enekuri),7008.0,5461.0,21.0,774.0,93.0,0.0,0.0,0.0,8.0,2020-09-01,1,0,,,,,3,9,2020,-1.0,-1.8369701987210297e-16,0.0,0.0,,0.0,1040.8333333333333,
2020,10,A2324,BILBAO - UPV/EHU (Enekuri),9912.0,7415.0,32.0,1352.0,88.0,0.0,0.0,0.0,22.0,2020-10-01,1,0,,,,,4,10,2020,-0.8660254037844386,0.5000000000000001,7008.0,0.0,,2336.0,1168.0,
2020,11,A2324,BILBAO - UPV/EHU (Enekuri),10108.0,7797.0,21.0,1140.0,100.0,0.0,0.0,0.0,29.0,2020-11-01,1,0,,,,,4,11,2020,-0.5000000000000004,0.8660254037844384,9912.0,0.0,,5640.0,2820.0,
2020,12,A2324,BILBAO - UPV/EHU (Enekuri),5331.0,4362.0,13.0,426.0,48.0,0.0,0.0,0.0,6.0,2020-12-01,1,0,,,,,4,12,2020,-2.4492935982947064e-16,1.0,10108.0,7008.0,,9009.333333333334,4504.666666666667,
2021,1,A2324,BILBAO - UPV/EHU (Enekuri),4946.0,4172.0,38.0,270.0,30.0,22.0,0.0,0.0,16.0,2021-01-01,1,0,5388.0,449.0,449.0,11.015590200445434,1,1,2021,0.49999999999999994,0.8660254037844387,5331.0,9912.0,6479.0,8450.333333333334,5393.166666666667,4922.5
2021,2,A2324,BILBAO - UPV/EHU (Enekuri),9339.0,7341.0,27.0,879.0,85.0,83.0,1.0,0.0,18.0,2021-02-01,1,0,5388.0,449.0,449.0,20.79955456570156,1,2,2021,0.8660254037844386,0.5000000000000001,4946.0,10108.0,13987.0,6795.0,6217.5,4794.75
2021,3,A2324,BILBAO - UPV/EHU (Enekuri),9676.0,7606.0,41.0,895.0,100.0,114.0,1.0,0.0,10.0,2021-03-01,1,0,5388.0,449.0,449.0,21.55011135857461,1,3,2021,1.0,6.123233995736766e-17,9339.0,5331.0,6245.0,6538.666666666667,7774.0,4407.416666666667
2021,4,A2324,BILBAO - UPV/EHU (Enekuri),6674.0,5245.0,29.0,657.0,37.0,83.0,0.0,2.0,5.0,2021-04-01,1,0,5388.0,449.0,449.0,14.864142538975502,2,4,2021,0.8660254037844387,-0.4999999999999998,9676.0,4946.0,0.0,7987.0,8218.666666666666,4693.333333333333
2021,5,A2324,BILBAO - UPV/EHU (Enekuri),7316.0,5751.0,50.0,704.0,40.0,88.0,0.0,0.0,8.0,2021-05-01,1,0,5388.0,449.0,449.0,16.293986636971045,2,5,2021,0.49999999999999994,-0.8660254037844387,6674.0,9339.0,0.0,8563.0,7679.0,5249.5
2021,6,A2324,BILBAO - UPV/EHU (Enekuri),869.0,690.0,12.0,60.0,3.0,20.0,0.0,0.0,2.0,2021-06-01,1,0,5388.0,449.0,449.0,1.935412026726058,2,6,2021,1.2246467991473532e-16,-1.0,7316.0,9676.0,0.0,7888.666666666667,7213.666666666667,5859.166666666667
2021,7,A2324,BILBAO - UPV/EHU (Enekuri),0.0,,,,,0.0,0.0,0.0,0.0,2021-07-01,1,0,5388.0,449.0,449.0,0.0,3,7,2021,-0.4999999999999997,-0.8660254037844388,869.0,6674.0,0.0,4953.0,6470.0,5931.583333333333
2021,8,A2324,BILBAO - UPV/EHU (Enekuri),0.0,,,,,0.0,0.0,0.0,0.0,2021-08-01,1,0,5388.0,449.0,449.0,0.0,3,8,2021,-0.8660254037844385,-0.5000000000000004,0.0,7316.0,0.0,2728.3333333333335,5645.666666666667,5931.583333333333
2021,9,A2324,BILBAO - UPV/EHU (Enekuri),7671.0,6193.0,12.0,617.0,116.0,147.0,1.0,3.0,9.0,2021-09-01,1,0,5388.0,449.0,449.0,17.084632516703785,3,9,2021,-1.0,-1.8369701987210297e-16,0.0,869.0,7008.0,289.6666666666667,4089.1666666666665,5931.583333333333
2021,10,A2324,BILBAO - UPV/EHU (Enekuri),12790.0,9503.0,20.0,1541.0,233.0,213.0,1.0,0.0,15.0,2021-10-01,1,0,5388.0,449.0,449.0,28.485523385300667,4,10,2021,-0.8660254037844386,0.5000000000000001,7671.0,0.0,9912.0,2557.0,3755.0,5986.833333333333
2021,11,A2324,BILBAO - UPV/EHU (Enekuri),14790.0,10759.0,33.0,1895.0,266.0,245.0,1.0,2.0,14.0,2021-11-01,1,0,5388.0,449.0,449.0,32.939866369710465,4,11,2021,-0.5000000000000004,0.8660254037844384,12790.0,0.0,10108.0,6820.333333333333,4774.333333333333,6226.666666666667
2021,12,A2324,BILBAO - UPV/EHU (Enekuri),7379.0,5626.0,18.0,695.0,122.0,134.0,2.0,0.0,14.0,2021-12-01,1,0,5388.0,449.0,449.0,16.434298440979955,4,12,2021,-2.4492935982947064e-16,1.0,14790.0,7671.0,5331.0,11750.333333333334,6020.0,6616.833333333333
2022,1,A2324,BILBAO - UPV/EHU (Enekuri),5648.0,4665.0,27.0,347.0,63.0,115.0,0.0,1.0,7.0,2022-01-01,0,0,5364.0,447.0,447.0,12.635346756152126,1,1,2022,0.49999999999999994,0.8660254037844387,7379.0,12790.0,4946.0,11653.0,7105.0,6787.5
2022,2,A2324,BILBAO - UPV/EHU (Enekuri),13275.0,9820.0,57.0,1674.0,212.0,247.0,1.0,6.0,15.0,2022-02-01,0,0,5364.0,447.0,447.0,29.697986577181208,1,2,2022,0.8660254037844386,0.5000000000000001,5648.0,14790.0,9339.0,9272.333333333334,8046.333333333333,6846.0
2022,3,A2324,BILBAO - UPV/EHU (Enekuri),15179.0,11340.0,59.0,1778.0,253.0,228.0,2.0,4.0,18.0,2022-03-01,0,0,5364.0,447.0,447.0,33.95749440715883,1,3,2022,1.0,6.123233995736766e-17,13275.0,7379.0,9676.0,8767.333333333334,10258.833333333334,7174.0
2022,4,A2324,BILBAO - UPV/EHU (Enekuri),8037.0,6324.0,28.0,655.0,93.0,134.0,0.0,2.0,15.0,2022-04-01,0,0,5364.0,447.0,447.0,17.97986577181208,2,4,2022,0.8660254037844387,-0.4999999999999998,15179.0,5648.0,6674.0,11367.333333333334,11510.166666666666,7632.583333333333
2022,5,A2324,BILBAO - UPV/EHU (Enekuri),10928.0,8441.0,65.0,942.0,100.0,188.0,0.0,4.0,26.0,2022-05-01,0,0,5364.0,447.0,447.0,24.447427293064877,2,5,2022,0.49999999999999994,-0.8660254037844387,8037.0,13275.0,7316.0,12163.666666666666,10718.0,7746.166666666667
2022,6,A2324,BILBAO - UPV/EHU (Enekuri),917.0,789.0,1.0,30.0,6.0,15.0,0.0,0.0,4.0,2022-06-01,0,0,5364.0,447.0,447.0,2.0514541387024607,2,6,2022,1.2246467991473532e-16,-1.0,10928.0,15179.0,869.0,11381.333333333334,10074.333333333334,8047.166666666667
2022,7,A2324,BILBAO - UPV/EHU (Enekuri),81.0,0.0,,68.0,4.0,0.0,0.0,0.0,0.0,2022-07-01,0,0,5364.0,447.0,447.0,0.18120805369127516,3,7,2022,-0.4999999999999997,-0.8660254037844388,917.0,8037.0,0.0,6627.333333333333,8997.333333333334,8051.166666666667
2022,8,A2324,BILBAO - UPV/EHU (Enekuri),0.0,0.0,,,,0.0,0.0,0.0,0.0,2022-08-01,0,0,5364.0,447.0,447.0,0.0,3,8,2022,-0.8660254037844385,-0.5000000000000004,81.0,10928.0,0.0,3975.3333333333335,8069.5,8057.916666666667
2020,1,A3247,BILBAO-Aireportua/Aeropuerto,66058.0,32332.0,2999.0,233.0,298.0,28275.0,78.0,656.0,211.0,2020-01-01,1,0,,,,,1,1,2020,0.49999999999999994,0.8660254037844387,,,,,,
2020,2,A3247,BILBAO-Aireportua/Aeropuerto,68841.0,31917.0,3610.0,317.0,234.0,30900.0,63.0,635.0,243.0,2020-02-01,1,0,,,,,1,2,2020,0.8660254037844386,0.5000000000000001,66058.0,,,,,
2020,3,A3247,BILBAO-Aireportua/Aeropuerto,30757.0,14419.0,2069.0,146.0,100.0,13245.0,11.0,241.0,88.0,2020-03-01,1,0,,,,,1,3,2020,1.0,6.123233995736766e-17,68841.0,,,,,
2020,4,A3247,BILBAO-Aireportua/Aeropuerto,744.0,661.0,16.0,,0.0,14.0,,1.0,48.0,2020-04-01,1,0,,,,,2,4,2020,0.8660254037844387,-0.4999999999999998,30757.0,66058.0,,55218.666666666664,,
2020,5,A3247,BILBAO-Aireportua/Aeropuerto,1046.0,877.0,23.0,1.0,1.0,92.0,0.0,0.0,43.0,2020-05-01,1,0,,,,,2,5,2020,0.49999999999999994,-0.8660254037844387,744.0,68841.0,,33447.333333333336,,
2020,6,A3247,BILBAO-Aireportua/Aeropuerto,2954.0,2033.0,103.0,2.0,3.0,706.0,0.0,13.0,62.0,2020-06-01,1,0,,,,,2,6,2020,1.2246467991473532e-16,-1.0,1046.0,30757.0,,10849.0,,
2020,7,A3247,BILBAO-Aireportua/Aeropuerto,23752.0,14839.0,743.0,42.0,42.0,7452.0,0.0,164.0,87.0,2020-07-01,1,0,,,,,3,7,2020,-0.4999999999999997,-0.8660254037844388,2954.0,744.0,,1581.3333333333333,28400.0,
2020,8,A3247,BILBAO-Aireportua/Aeropuerto,32715.0,21083.0,741.0,81.0,37.0,9977.0,0.0,249.0,78.0,2020-08-01,1,0,,,,,3,8,2020,-0.8660254037844385,-0.5000000000000004,23752.0,1046.0,,9250.666666666666,21349.0,
2020,9,A3247,BILBAO-Aireportua/Aeropuerto,27256.0,16903.0,981.0,118.0,40.0,8580.0,5.0,155.0,83.0,2020-09-01,1,0,,,,,3,9,2020,-1.0,-1.8369701987210297e-16,32715.0,2954.0,,19807.0,15328.0,
2020,10,A3247,BILBAO-Aireportua/Aeropuerto,22734.0,14013.0,899.0,88.0,43.0,7147.0,2.0,122.0,88.0,2020-10-01,1,0,,,,,4,10,2020,-0.8660254037844386,0.5000000000000001,27256.0,23752.0,,27907.666666666668,14744.5,
2020,11,A3247,BILBAO-Aireportua/Aeropuerto,7732.0,5244.0,212.0,46.0,17.0,1976.0,,46.0,58.0,2020-11-01,1,0,,,,,4,11,2020,-0.5000000000000004,0.8660254037844384,22734.0,32715.0,,27568.333333333332,18409.5,
2020,12,A3247,BILBAO-Aireportua/Aeropuerto,11829.0,7224.0,307.0,32.0,21.0,3844.0,2.0,125.0,60.0,2020-12-01,1,0,,,,,4,12,2020,-2.4492935982947064e-16,1.0,7732.0,27256.0,,19240.666666666668,19523.833333333332,
2021,1,A3247,BILBAO-Aireportua/Aeropuerto,9688.0,6034.0,199.0,41.0,23.0,3093.0,5.0,53.0,73.0,2021-01-01,1,0,,,,,1,1,2021,0.49999999999999994,0.8660254037844387,11829.0,22734.0,66058.0,14098.333333333334,21003.0,24701.5
2021,2,A3247,BILBAO-Aireportua/Aeropuerto,6794.0,4568.0,104.0,10.0,5.0,1865.0,3.0,43.0,51.0,2021-02-01,1,0,,,,,1,2,2021,0.8660254037844386,0.5000000000000001,9688.0,7732.0,68841.0,9749.666666666666,18659.0,20004.0
2021,3,A3247,BILBAO-Aireportua/Aeropuerto,8881.0,5682.0,197.0,23.0,50.0,2620.0,6.0,55.0,88.0,2021-03-01,1,0,,,,,1,3,2021,1.0,6.123233995736766e-17,6794.0,11829.0,30757.0,9437.0,14338.833333333334,14833.416666666666
2021,4,A3247,BILBAO-Aireportua/Aeropuerto,10274.0,6538.0,230.0,42.0,49.0,3077.0,4.0,88.0,71.0,2021-04-01,1,0,,,,,2,4,2021,0.8660254037844387,-0.4999999999999998,8881.0,9688.0,744.0,8454.333333333334,11276.333333333334,13010.416666666666
2021,5,A3247,BILBAO-Aireportua/Aeropuerto,16918.0,10330.0,613.0,106.0,62.0,5373.0,5.0,124.0,58.0,2021-05-01,1,0,,,,,2,5,2021,0.49999999999999994,-0.8660254037844387,10274.0,6794.0,1046.0,8649.666666666666,9199.666666666666,13804.583333333334
2021,6,A3247,BILBAO-Aireportua/Aeropuerto,33729.0,18964.0,1774.0,100.0,89.0,11747.0,12.0,369.0,137.0,2021-06-01,1,0,,,,,2,6,2021,1.2246467991473532e-16,-1.0,16918.0,8881.0,2954.0,12024.333333333334,10730.666666666666,15127.25
2021,7,A3247,BILBAO-Aireportua/Aeropuerto,54776.0,28866.0,1889.0,132.0,153.0,21986.0,10.0,653.0,199.0,2021-07-01,1,0,,,,,3,7,2021,-0.4999999999999997,-0.8660254037844388,33729.0,10274.0,23752.0,20307.0,14380.666666666666,17691.833333333332
2021,8,A3247,BILBAO-Aireportua/Aeropuerto,67922.0,35061.0,1723.0,132.0,113.0,28746.0,28.0,1019.0,141.0,2021-08-01,1,0,,,,,3,8,2021,-0.8660254037844385,-0.5000000000000004,54776.0,16918.0,32715.0,35141.0,21895.333333333332,20277.166666666668
2021,9,A3247,BILBAO-Aireportua/Aeropuerto,56509.0,27990.0,2672.0,198.0,139.0,24103.0,12.0,516.0,155.0,2021-09-01,1,0,,,,,3,9,2021,-1.0,-1.8369701987210297e-16,67922.0,33729.0,27256.0,52142.333333333336,32083.333333333332,23211.083333333332
2021,10,A3247,BILBAO-Aireportua/Aeropuerto,55357.0,26603.0,2765.0,190.0,121.0,24165.0,11.0,570.0,179.0,2021-10-01,1,0,,,,,4,10,2021,-0.8660254037844386,0.5000000000000001,56509.0,54776.0,22734.0,59735.666666666664,40021.333333333336,25648.833333333332
2021,11,A3247,BILBAO-Aireportua/Aeropuerto,43617.0,22963.0,1922.0,111.0,156.0,17327.0,5.0,450.0,120.0,2021-11-01,1,0,,,,,4,11,2021,-0.5000000000000004,0.8660254037844384,55357.0,67922.0,7732.0,59929.333333333336,47535.166666666664,28367.416666666668
2021,12,A3247,BILBAO-Aireportua/Aeropuerto,45061.0,24516.0,1773.0,150.0,171.0,16991.0,10.0,606.0,135.0,2021-12-01,1,0,,,,,4,12,2021,-2.4492935982947064e-16,1.0,43617.0,56509.0,11829.0,51827.666666666664,51985.0,31357.833333333332
2022,1,A3247,BILBAO-Aireportua/Aeropuerto,31987.0,18139.0,1351.0,88.0,132.0,11302.0,8.0,361.0,81.0,2022-01-01,0,0,,,,,1,1,2022,0.49999999999999994,0.8660254037844387,45061.0,55357.0,9688.0,48011.666666666664,53873.666666666664,34127.166666666664
2022,2,A3247,BILBAO-Aireportua/Aeropuerto,35521.0,18819.0,2189.0,163.0,152.0,13109.0,15.0,308.0,131.0,2022-02-01,0,0,,,,,1,2,2022,0.8660254037844386,0.5000000000000001,31987.0,43617.0,6794.0,40221.666666666664,50075.5,35985.416666666664
2022,3,A3247,BILBAO-Aireportua/Aeropuerto,47725.0,23267.0,3923.0,208.0,207.0,18799.0,9.0,414.0,154.0,2022-03-01,0,0,,,,,1,3,2022,1.0,6.123233995736766e-17,35521.0,45061.0,8881.0,37523.0,44675.333333333336,38379.333333333336
2022,4,A3247,BILBAO-Aireportua/Aeropuerto,75221.0,35215.0,4747.0,184.0,191.0,32631.0,18.0,895.0,204.0,2022-04-01,0,0,,,,,2,4,2022,0.8660254037844387,-0.4999999999999998,47725.0,31987.0,10274.0,38411.0,43211.333333333336,41616.333333333336
2022,5,A3247,BILBAO-Aireportua/Aeropuerto,77753.0,33963.0,5520.0,171.0,272.0,35976.0,17.0,706.0,240.0,2022-05-01,0,0,,,,,2,5,2022,0.49999999999999994,-0.8660254037844387,75221.0,35521.0,16918.0,52822.333333333336,46522.0,47028.583333333336
2022,6,A3247,BILBAO-Aireportua/Aeropuerto,86487.0,38903.0,4182.0,203.0,265.0,40479.0,24.0,930.0,250.0,2022-06-01,0,0,,,,,2,6,2022,1.2246467991473532e-16,-1.0,77753.0,47725.0,33729.0,66899.66666666667,52211.333333333336,52098.166666666664
2022,7,A3247,BILBAO-Aireportua/Aeropuerto,99664.0,44572.0,2625.0,211.0,239.0,48878.0,46.0,1194.0,300.0,2022-07-01,0,0,,,,,3,7,2022,-0.4999999999999997,-0.8660254037844388,86487.0,75221.0,54776.0,79820.33333333333,59115.666666666664,56494.666666666664
2022,8,A3247,BILBAO-Aireportua/Aeropuerto,110187.0,49693.0,2587.0,232.0,260.0,53938.0,55.0,1713.0,334.0,2022-08-01,0,0,,,,,3,8,2022,-0.8660254037844385,-0.5000000000000004,99664.0,77753.0,67922.0,87968.0,70395.16666666667,60235.333333333336
2020,1,A3224,BILBAO-DERIO-Teknologia parkea/Parque Tecnologico,11700.0,8388.0,1551.0,521.0,282.0,462.0,2.0,28.0,199.0,2020-01-01,1,0,,,,,1,1,2020,0.49999999999999994,0.8660254037844387,,,,,,
2020,2,A3224,BILBAO-DERIO-Teknologia parkea/Parque Tecnologico,11593.0,8338.0,1433.0,633.0,303.0,358.0,0.0,29.0,246.0,2020-02-01,1,0,,,,,1,2,2020,0.8660254037844386,0.5000000000000001,11700.0,,,,,
2020,3,A3224,BILBAO-DERIO-Teknologia parkea/Parque Tecnologico,6513.0,4913.0,643.0,362.0,169.0,175.0,0.0,14.0,104.0,2020-03-01,1,0,,,,,1,3,2020,1.0,6.123233995736766e-17,11593.0,,,,,
2020,4,A3224,BILBAO-DERIO-Teknologia parkea/Parque Tecnologico,1711.0,1425.0,174.0,37.0,26.0,,,,17.0,2020-04-01,1,0,,,,,2,4,2020,0.8660254037844387,-0.4999999999999998,6513.0,11700.0,,9935.333333333334,,
2020,5,A3224,BILBAO-DERIO-Teknologia parkea/Parque Tecnologico,3383.0,2768.0,369.0,93.0,64.0,0.0,0.0,2.0,16.0,2020-05-01,1,0,,,,,2,5,2020,0.49999999999999994,-0.8660254037844387,1711.0,11593.0,,6605.666666666667,,
2020,6,A3224,BILBAO-DERIO-Teknologia parkea/Parque Tecnologico,5791.0,4478.0,890.0,138.0,111.0,0.0,0.0,8.0,34.0,2020-06-01,1,0,,,,,2,6,2020,1.2246467991473532e-16,-1.0,3383.0,6513.0,,3869.0,,
2020,7,A3224,BILBAO-DERIO-Teknologia parkea/Parque Tecnologico,6502.0,5026.0,979.0,117.0,113.0,0.0,0.0,33.0,47.0,2020-07-01,1,0,,,,,3,7,2020,-0.4999999999999997,-0.8660254037844388,5791.0,1711.0,,3628.3333333333335,6781.833333333333,
2020,8,A3224,BILBAO-DERIO-Teknologia parkea/Parque Tecnologico,5156.0,3978.0,752.0,169.0,97.0,0.0,0.0,21.0,36.0,2020-08-01,1,0,,,,,3,8,2020,-0.8660254037844385,-0.5000000000000004,6502.0,3383.0,,5225.333333333333,5915.5,
2020,9,A3224,BILBAO-DERIO-Teknologia parkea/Parque Tecnologico,7371.0,5926.0,928.0,146.0,161.0,,,5.0,26.0,2020-09-01,1,0,,,,,3,9,2020,-1.0,-1.8369701987210297e-16,5156.0,5791.0,,5816.333333333333,4842.666666666667,
2020,10,A3224,BILBAO-DERIO-Teknologia parkea/Parque Tecnologico,7402.0,5810.0,799.0,313.0,204.0,,,12.0,65.0,2020-10-01,1,0,,,,,4,10,2020,-0.8660254037844386,0.5000000000000001,7371.0,6502.0,,6343.0,4985.666666666667,
2020,11,A3224,BILBAO-DERIO-Teknologia parkea/Parque Tecnologico,5878.0,4756.0,554.0,229.0,137.0,,,9.0,54.0,2020-11-01,1,0,,,,,4,11,2020,-0.5000000000000004,0.8660254037844384,7402.0,5156.0,,6643.0,5934.166666666667,
2020,12,A3224,BILBAO-DERIO-Teknologia parkea/Parque Tecnologico,5343.0,4166.0,637.0,223.0,87.0,9.0,0.0,17.0,64.0,2020-12-01,1,0,,,,,4,12,2020,-2.4492935982947064e-16,1.0,5878.0,7371.0,,6883.666666666667,6350.0,
2021,1,A3224,BILBAO-DERIO-Teknologia parkea/Parque Tecnologico,5529.0,4442.0,586.0,81.0,110.0,56.0,0.0,10.0,98.0,2021-01-01,1,0,,,,,1,1,2021,0.49999999999999994,0.8660254037844387,5343.0,7402.0,11700.0,6207.666666666667,6275.333333333333,6528.583333333333
2021,2,A3224,BILBAO-DERIO-Teknologia parkea/Parque Tecnologico,6430.0,5115.0,661.0,195.0,94.0,83.0,0.0,17.0,95.0,2021-02-01,1,0,,,,,1,2,2021,0.8660254037844386,0.5000000000000001,5529.0,5878.0,11593.0,5583.333333333333,6113.166666666667,6014.333333333333
2021,3,A3224,BILBAO-DERIO-Teknologia parkea/Parque Tecnologico,7173.0,5597.0,858.0,202.0,88.0,104.0,0.0,24.0,119.0,2021-03-01,1,0,,,,,1,3,2021,1.0,6.123233995736766e-17,6430.0,5343.0,6513.0,5767.333333333333,6325.5,5584.083333333333
2021,4,A3224,BILBAO-DERIO-Teknologia parkea/Parque Tecnologico,6737.0,5286.0,749.0,186.0,112.0,138.0,,16.0,66.0,2021-04-01,1,0,,,,,2,4,2021,0.8660254037844387,-0.4999999999999998,7173.0,5529.0,1711.0,6377.333333333333,6292.5,5639.083333333333
2021,5,A3224,BILBAO-DERIO-Teknologia parkea/Parque Tecnologico,7975.0,5991.0,997.0,195.0,170.0,183.0,0.0,30.0,137.0,2021-05-01,1,0,,,,,2,5,2021,0.49999999999999994,-0.8660254037844387,6737.0,6430.0,3383.0,6780.0,6181.666666666667,6057.916666666667
2021,6,A3224,BILBAO-DERIO-Teknologia parkea/Parque Tecnologico,7882.0,6036.0,908.0,183.0,172.0,220.0,0.0,21.0,131.0,2021-06-01,1,0,,,,,2,6,2021,1.2246467991473532e-16,-1.0,7975.0,7173.0,5791.0,7295.0,6531.166666666667,6440.583333333333
2021,7,A3224,BILBAO-DERIO-Teknologia parkea/Parque Tecnologico,6293.0,4672.0,897.0,138.0,131.0,162.0,,43.0,96.0,2021-07-01,1,0,,,,,3,7,2021,-0.4999999999999997,-0.8660254037844388,7882.0,6737.0,6502.0,7531.333333333333,6954.333333333333,6614.833333333333
2021,8,A3224,BILBAO-DERIO-Teknologia parkea/Parque Tecnologico,5418.0,3886.0,917.0,67.0,83.0,206.0,,18.0,55.0,2021-08-01,1,0,,,,,3,8,2021,-0.8660254037844385,-0.5000000000000004,6293.0,7975.0,5156.0,7383.333333333333,7081.666666666667,6597.416666666667
2021,9,A3224,BILBAO-DERIO-Teknologia parkea/Parque Tecnologico,7830.0,5917.0,966.0,141.0,133.0,240.0,,59.0,102.0,2021-09-01,1,0,,,,,3,9,2021,-1.0,-1.8369701987210297e-16,5418.0,7882.0,7371.0,6531.0,6913.0,6619.25
2021,10,A3224,BILBAO-DERIO-Teknologia parkea/Parque Tecnologico,8003.0,5697.0,1244.0,283.0,209.0,169.0,,30.0,100.0,2021-10-01,1,0,,,,,4,10,2021,-0.8660254037844386,0.5000000000000001,7830.0,6293.0,7402.0,6513.666666666667,7022.5,6657.5
2021,11,A3224,BILBAO-DERIO-Teknologia parkea/Parque Tecnologico,8621.0,6277.0,1078.0,383.0,257.0,207.0,0.0,25.0,93.0,2021-11-01,1,0,,,,,4,11,2021,-0.5000000000000004,0.8660254037844384,8003.0,5418.0,5878.0,7083.666666666667,7233.5,6707.583333333333
2021,12,A3224,BILBAO-DERIO-Teknologia parkea/Parque Tecnologico,6985.0,5086.0,972.0,232.0,148.0,229.0,,34.0,75.0,2021-12-01,1,0,,,,,4,12,2021,-2.4492935982947064e-16,1.0,8621.0,7830.0,5343.0,8151.333333333333,7341.166666666667,6936.166666666667
2022,1,A3224,BILBAO-DERIO-Teknologia parkea/Parque Tecnologico,7272.0,5335.0,990.0,223.0,203.0,193.0,,12.0,111.0,2022-01-01,0,0,,,,,1,1,2022,0.49999999999999994,0.8660254037844387,6985.0,8003.0,5529.0,7869.666666666667,7191.666666666667,7073.0
2022,2,A3224,BILBAO-DERIO-Teknologia parkea/Parque Tecnologico,7918.0,5722.0,949.0,348.0,228.0,293.0,,27.0,96.0,2022-02-01,0,0,,,,,1,2,2022,0.8660254037844386,0.5000000000000001,7272.0,8621.0,6430.0,7626.0,7354.833333333333,7218.25
2022,3,A3224,BILBAO-DERIO-Teknologia parkea/Parque Tecnologico,9762.0,7225.0,1132.0,421.0,263.0,276.0,0.0,35.0,123.0,2022-03-01,0,0,,,,,1,3,2022,1.0,6.123233995736766e-17,7918.0,6985.0,7173.0,7391.666666666667,7771.5,7342.25
2022,4,A3224,BILBAO-DERIO-Teknologia parkea/Parque Tecnologico,7714.0,5585.0,1004.0,255.0,233.0,249.0,,38.0,122.0,2022-04-01,0,0,,,,,2,4,2022,0.8660254037844387,-0.4999999999999998,9762.0,7272.0,6737.0,8317.333333333334,8093.5,7558.0
2022,5,A3224,BILBAO-DERIO-Teknologia parkea/Parque Tecnologico,10445.0,7620.0,1376.0,313.0,258.0,357.0,,55.0,146.0,2022-05-01,0,0,,,,,2,5,2022,0.49999999999999994,-0.8660254037844387,7714.0,7918.0,7975.0,8464.666666666666,8045.333333333333,7639.416666666667
2022,6,A3224,BILBAO-DERIO-Teknologia parkea/Parque Tecnologico,10155.0,7543.0,1324.0,175.0,235.0,371.0,,71.0,186.0,2022-06-01,0,0,,,,,2,6,2022,1.2246467991473532e-16,-1.0,10445.0,9762.0,7882.0,9307.0,8349.333333333334,7845.25
2022,7,A3224,BILBAO-DERIO-Teknologia parkea/Parque Tecnologico,7205.0,5316.0,987.0,131.0,135.0,270.0,1.0,51.0,129.0,2022-07-01,0,0,,,,,3,7,2022,-0.4999999999999997,-0.8660254037844388,10155.0,7714.0,6293.0,9438.0,8877.666666666666,8034.666666666667
2022,8,A3224,BILBAO-DERIO-Teknologia parkea/Parque Tecnologico,7832.0,5715.0,1032.0,143.0,118.0,401.0,0.0,95.0,88.0,2022-08-01,0,0,,,,,3,8,2022,-0.8660254037844385,-0.5000000000000004,7205.0,10445.0,5418.0,9268.333333333334,8866.5,8110.666666666667
2020,1,A2322,BILBAO-ERANDIO-Astrabudua-UPV/EHU,9713.0,5767.0,1523.0,664.0,593.0,497.0,1.0,84.0,321.0,2020-01-01,1,0,,,,,1,1,2020,0.49999999999999994,0.8660254037844387,,,,,,
2020,2,A2322,BILBAO-ERANDIO-Astrabudua-UPV/EHU,11168.0,6170.0,1484.0,1445.0,717.0,527.0,0.0,76.0,369.0,2020-02-01,1,0,,,,,1,2,2020,0.8660254037844386,0.5000000000000001,9713.0,,,,,
2020,3,A2322,BILBAO-ERANDIO-Astrabudua-UPV/EHU,5354.0,3171.0,640.0,633.0,333.0,231.0,0.0,31.0,147.0,2020-03-01,1,0,,,,,1,3,2020,1.0,6.123233995736766e-17,11168.0,,,,,
2020,4,A2322,BILBAO-ERANDIO-Astrabudua-UPV/EHU,908.0,729.0,104.0,6.0,24.0,,,,8.0,2020-04-01,1,0,,,,,2,4,2020,0.8660254037844387,-0.4999999999999998,5354.0,9713.0,,8745.0,,
2020,5,A2322,BILBAO-ERANDIO-Astrabudua-UPV/EHU,2949.0,2275.0,470.0,8.0,58.0,0.0,0.0,8.0,86.0,2020-05-01,1,0,,,,,2,5,2020,0.49999999999999994,-0.8660254037844387,908.0,11168.0,,5810.0,,
2020,6,A2322,BILBAO-ERANDIO-Astrabudua-UPV/EHU,6252.0,4568.0,1001.0,74.0,225.0,0.0,0.0,35.0,159.0,2020-06-01,1,0,,,,,2,6,2020,1.2246467991473532e-16,-1.0,2949.0,5354.0,,3070.3333333333335,,
2020,7,A2322,BILBAO-ERANDIO-Astrabudua-UPV/EHU,7417.0,5357.0,1246.0,174.0,235.0,0.0,0.0,59.0,168.0,2020-07-01,1,0,,,,,3,7,2020,-0.4999999999999997,-0.8660254037844388,6252.0,908.0,,3369.6666666666665,6057.333333333333,
2020,8,A2322,BILBAO-ERANDIO-Astrabudua-UPV/EHU,6223.0,4390.0,1197.0,97.0,194.0,0.0,0.0,63.0,115.0,2020-08-01,1,0,,,,,3,8,2020,-0.8660254037844385,-0.5000000000000004,7417.0,2949.0,,5539.333333333333,5674.666666666667,
2020,9,A2322,BILBAO-ERANDIO-Astrabudua-UPV/EHU,9210.0,6314.0,1212.0,651.0,404.0,,,57.0,269.0,2020-09-01,1,0,,,,,3,9,2020,-1.0,-1.8369701987210297e-16,6223.0,6252.0,,6630.666666666667,4850.5,
2020,10,A2322,BILBAO-ERANDIO-Astrabudua-UPV/EHU,9688.0,6157.0,1231.0,1003.0,663.0,,,45.0,203.0,2020-10-01,1,0,,,,,4,10,2020,-0.8660254037844386,0.5000000000000001,9210.0,7417.0,,7616.666666666667,5493.166666666667,
2020,11,A2322,BILBAO-ERANDIO-Astrabudua-UPV/EHU,7629.0,4905.0,847.0,946.0,414.0,,,18.0,204.0,2020-11-01,1,0,,,,,4,11,2020,-0.5000000000000004,0.8660254037844384,9688.0,6223.0,,8373.666666666666,6956.5,
2020,12,A2322,BILBAO-ERANDIO-Astrabudua-UPV/EHU,7239.0,5000.0,823.0,545.0,335.0,23.0,0.0,45.0,174.0,2020-12-01,1,0,,,,,4,12,2020,-2.4492935982947064e-16,1.0,7629.0,9210.0,,8842.333333333334,7736.5,
2021,1,A2322,BILBAO-ERANDIO-Astrabudua-UPV/EHU,6907.0,4794.0,770.0,432.0,280.0,113.0,0.0,45.0,217.0,2021-01-01,1,0,,,,,1,1,2021,0.49999999999999994,0.8660254037844387,7239.0,9688.0,9713.0,8185.333333333333,7901.0,6979.166666666667
2021,2,A2322,BILBAO-ERANDIO-Astrabudua-UPV/EHU,8515.0,5644.0,820.0,861.0,418.0,135.0,0.0,35.0,244.0,2021-02-01,1,0,,,,,1,2,2021,0.8660254037844386,0.5000000000000001,6907.0,7629.0,11168.0,7258.333333333333,7816.0,6745.333333333333
2021,3,A2322,BILBAO-ERANDIO-Astrabudua-UPV/EHU,9207.0,5881.0,1083.0,818.0,502.0,199.0,0.0,83.0,277.0,2021-03-01,1,0,,,,,1,3,2021,1.0,6.123233995736766e-17,8515.0,7239.0,5354.0,7553.666666666667,8198.0,6524.25
2021,4,A2322,BILBAO-ERANDIO-Astrabudua-UPV/EHU,9701.0,6366.0,1170.0,750.0,430.0,240.0,,110.0,251.0,2021-04-01,1,0,,,,,2,4,2021,0.8660254037844387,-0.4999999999999998,9207.0,6907.0,908.0,8209.666666666666,8197.5,6845.333333333333
2021,5,A2322,BILBAO-ERANDIO-Astrabudua-UPV/EHU,10001.0,6391.0,1234.0,686.0,502.0,300.0,1.0,113.0,315.0,2021-05-01,1,0,,,,,2,5,2021,0.49999999999999994,-0.8660254037844387,9701.0,8515.0,2949.0,9141.0,8199.666666666666,7578.083333333333
2021,6,A2322,BILBAO-ERANDIO-Astrabudua-UPV/EHU,8931.0,5847.0,1284.0,344.0,467.0,298.0,0.0,96.0,267.0,2021-06-01,1,0,,,,,2,6,2021,1.2246467991473532e-16,-1.0,10001.0,9207.0,6252.0,9636.333333333334,8595.0,8165.75
2021,7,A2322,BILBAO-ERANDIO-Astrabudua-UPV/EHU,8338.0,5488.0,1371.0,164.0,326.0,258.0,,90.0,285.0,2021-07-01,1,0,,,,,3,7,2021,-0.4999999999999997,-0.8660254037844388,8931.0,9701.0,7417.0,9544.333333333334,8877.0,8389.0
2021,8,A2322,BILBAO-ERANDIO-Astrabudua-UPV/EHU,7333.0,4777.0,1270.0,120.0,290.0,331.0,3.0,93.0,207.0,2021-08-01,1,0,,,,,3,8,2021,-0.8660254037844385,-0.5000000000000004,8338.0,10001.0,6223.0,9090.0,9115.5,8465.75
2021,9,A2322,BILBAO-ERANDIO-Astrabudua-UPV/EHU,10318.0,6603.0,1175.0,715.0,539.0,402.0,,90.0,361.0,2021-09-01,1,0,,,,,3,9,2021,-1.0,-1.8369701987210297e-16,7333.0,8931.0,9210.0,8200.666666666666,8918.5,8558.25
2021,10,A2322,BILBAO-ERANDIO-Astrabudua-UPV/EHU,12057.0,7077.0,1533.0,1203.0,798.0,410.0,,105.0,369.0,2021-10-01,1,0,,,,,4,10,2021,-0.8660254037844386,0.5000000000000001,10318.0,8338.0,9688.0,8663.0,9103.666666666666,8650.583333333334
2021,11,A2322,BILBAO-ERANDIO-Astrabudua-UPV/EHU,11559.0,6581.0,1312.0,1471.0,772.0,410.0,0.0,85.0,371.0,2021-11-01,1,0,,,,,4,11,2021,-0.5000000000000004,0.8660254037844384,12057.0,7333.0,7629.0,9902.666666666666,9496.333333333334,8848.0
2021,12,A2322,BILBAO-ERANDIO-Astrabudua-UPV/EHU,9996.0,5971.0,1355.0,708.0,589.0,455.0,1.0,119.0,352.0,2021-12-01,1,0,,,,,4,12,2021,-2.4492935982947064e-16,1.0,11559.0,10318.0,7239.0,11311.333333333334,9756.0,9175.5
2022,1,A2322,BILBAO-ERANDIO-Astrabudua-UPV/EHU,9974.0,5825.0,1369.0,674.0,661.0,453.0,,155.0,373.0,2022-01-01,0,0,,,,,1,1,2022,0.49999999999999994,0.8660254037844387,9996.0,12057.0,6907.0,11204.0,9933.5,9405.25
2022,2,A2322,BILBAO-ERANDIO-Astrabudua-UPV/EHU,10919.0,6247.0,1269.0,1360.0,697.0,361.0,,137.0,358.0,2022-02-01,0,0,,,,,1,2,2022,0.8660254037844386,0.5000000000000001,9974.0,11559.0,8515.0,10509.666666666666,10206.166666666666,9660.833333333334
2022,3,A2322,BILBAO-ERANDIO-Astrabudua-UPV/EHU,12388.0,7184.0,1456.0,1599.0,644.0,358.0,1.0,125.0,431.0,2022-03-01,0,0,,,,,1,3,2022,1.0,6.123233995736766e-17,10919.0,9996.0,9207.0,10296.333333333334,10803.833333333334,9861.166666666666
2022,4,A2322,BILBAO-ERANDIO-Astrabudua-UPV/EHU,10668.0,6578.0,1553.0,852.0,402.0,417.0,,124.0,343.0,2022-04-01,0,0,,,,,2,4,2022,0.8660254037844387,-0.4999999999999998,12388.0,9974.0,9701.0,11093.666666666666,11148.833333333334,10126.25
2022,5,A2322,BILBAO-ERANDIO-Astrabudua-UPV/EHU,11512.0,6924.0,1639.0,987.0,470.0,477.0,,167.0,368.0,2022-05-01,0,0,,,,,2,5,2022,0.49999999999999994,-0.8660254037844387,10668.0,10919.0,10001.0,11325.0,10917.333333333334,10206.833333333334
2022,6,A2322,BILBAO-ERANDIO-Astrabudua-UPV/EHU,10911.0,7172.0,1645.0,387.0,313.0,529.0,,154.0,344.0,2022-06-01,0,0,,,,,2,6,2022,1.2246467991473532e-16,-1.0,11512.0,12388.0,8931.0,11522.666666666666,10909.5,10332.75
2022,7,A2322,BILBAO-ERANDIO-Astrabudua-UPV/EHU,9146.0,5857.0,1668.0,187.0,313.0,474.0,,156.0,226.0,2022-07-01,0,0,,,,,3,7,2022,-0.4999999999999997,-0.8660254037844388,10911.0,10668.0,8338.0,11030.333333333334,11062.0,10497.75
2022,8,A2322,BILBAO-ERANDIO-Astrabudua-UPV/EHU,8266.0,5269.0,1526.0,136.0,243.0,498.0,0.0,135.0,237.0,2022-08-01,0,0,,,,,3,8,2022,-0.8660254037844385,-0.5000000000000004,9146.0,11512.0,7333.0,10523.0,10924.0,10565.083333333334
2020,1,A3223,BILBAO-LARRABETZU(Artxandako tunelak/Tuneles Artxanda),17257.0,12218.0,1906.0,606.0,443.0,931.0,0.0,161.0,146.0,2020-01-01,1,0,,,,,1,1,2020,0.49999999999999994,0.8660254037844387,,,,,,
2020,2,A3223,BILBAO-LARRABETZU(Artxandako tunelak/Tuneles Artxanda),16907.0,11688.0,1784.0,896.0,536.0,927.0,2.0,159.0,100.0,2020-02-01,1,0,,,,,1,2,2020,0.8660254037844386,0.5000000000000001,17257.0,,,,,
2020,3,A3223,BILBAO-LARRABETZU(Artxandako tunelak/Tuneles Artxanda),7671.0,5486.0,691.0,373.0,243.0,411.0,0.0,40.0,66.0,2020-03-01,1,0,,,,,1,3,2020,1.0,6.123233995736766e-17,16907.0,,,,,
2020,4,A3223,BILBAO-LARRABETZU(Artxandako tunelak/Tuneles Artxanda),600.0,536.0,29.0,,12.0,,,,12.0,2020-04-01,1,0,,,,,2,4,2020,0.8660254037844387,-0.4999999999999998,7671.0,17257.0,,13945.0,,
2020,5,A3223,BILBAO-LARRABETZU(Artxandako tunelak/Tuneles Artxanda),3076.0,2584.0,260.0,56.0,28.0,0.0,0.0,12.0,42.0,2020-05-01,1,0,,,,,2,5,2020,0.49999999999999994,-0.8660254037844387,600.0,16907.0,,8392.666666666666,,
2020,6,A3223,BILBAO-LARRABETZU(Artxandako tunelak/Tuneles Artxanda),8764.0,7106.0,829.0,163.0,99.0,0.0,0.0,49.0,66.0,2020-06-01,1,0,,,,,2,6,2020,1.2246467991473532e-16,-1.0,3076.0,7671.0,,3782.3333333333335,,
2020,7,A3223,BILBAO-LARRABETZU(Artxandako tunelak/Tuneles Artxanda),9451.0,7608.0,949.0,220.0,109.0,0.0,0.0,64.0,37.0,2020-07-01,1,0,,,,,3,7,2020,-0.4999999999999997,-0.8660254037844388,8764.0,600.0,,4146.666666666667,9045.833333333334,
2020,8,A3223,BILBAO-LARRABETZU(Artxandako tunelak/Tuneles Artxanda),6512.0,5352.0,646.0,151.0,47.0,0.0,0.0,38.0,19.0,2020-08-01,1,0,,,,,3,8,2020,-0.8660254037844385,-0.5000000000000004,9451.0,3076.0,,7097.0,7744.833333333333,
2020,9,A3223,BILBAO-LARRABETZU(Artxandako tunelak/Tuneles Artxanda),11216.0,8820.0,970.0,375.0,303.0,,,62.0,48.0,2020-09-01,1,0,,,,,3,9,2020,-1.0,-1.8369701987210297e-16,6512.0,8764.0,,8242.333333333334,6012.333333333333,
2020,10,A3223,BILBAO-LARRABETZU(Artxandako tunelak/Tuneles Artxanda),11362.0,8568.0,985.0,552.0,478.0,,,41.0,89.0,2020-10-01,1,0,,,,,4,10,2020,-0.8660254037844386,0.5000000000000001,11216.0,9451.0,,9059.666666666666,6603.166666666667,
2020,11,A3223,BILBAO-LARRABETZU(Artxandako tunelak/Tuneles Artxanda),7576.0,5835.0,503.0,353.0,339.0,,,20.0,86.0,2020-11-01,1,0,,,,,4,11,2020,-0.5000000000000004,0.8660254037844384,11362.0,6512.0,,9696.666666666666,8396.833333333334,
2020,12,A3223,BILBAO-LARRABETZU(Artxandako tunelak/Tuneles Artxanda),8333.0,6457.0,684.0,293.0,275.0,39.0,0.0,53.0,76.0,2020-12-01,1,0,,,,,4,12,2020,-2.4492935982947064e-16,1.0,7576.0,11216.0,,10051.333333333334,9146.833333333334,
2021,1,A3223,BILBAO-LARRABETZU(Artxandako tunelak/Tuneles Artxanda),8028.0,6241.0,587.0,282.0,272.0,97.0,0.0,56.0,93.0,2021-01-01,1,0,,,,,1,1,2021,0.49999999999999994,0.8660254037844387,8333.0,11362.0,17257.0,9090.333333333334,9075.0,9060.416666666666
2021,2,A3223,BILBAO-LARRABETZU(Artxandako tunelak/Tuneles Artxanda),8360.0,6308.0,580.0,412.0,374.0,137.0,0.0,55.0,76.0,2021-02-01,1,0,,,,,1,2,2021,0.8660254037844386,0.5000000000000001,8028.0,7576.0,16907.0,7979.0,8837.833333333334,8291.333333333334
2021,3,A3223,BILBAO-LARRABETZU(Artxandako tunelak/Tuneles Artxanda),10675.0,7860.0,931.0,540.0,443.0,184.0,0.0,86.0,123.0,2021-03-01,1,0,,,,,1,3,2021,1.0,6.123233995736766e-17,8360.0,8333.0,7671.0,8240.333333333334,9145.833333333334,7579.083333333333
2021,4,A3223,BILBAO-LARRABETZU(Artxandako tunelak/Tuneles Artxanda),9461.0,7029.0,647.0,470.0,471.0,234.0,1.0,87.0,85.0,2021-04-01,1,0,,,,,2,4,2021,0.8660254037844387,-0.4999999999999998,10675.0,8028.0,600.0,9021.0,9055.666666666666,7829.416666666667
2021,5,A3223,BILBAO-LARRABETZU(Artxandako tunelak/Tuneles Artxanda),11157.0,8040.0,1072.0,433.0,530.0,282.0,0.0,76.0,133.0,2021-05-01,1,0,,,,,2,5,2021,0.49999999999999994,-0.8660254037844387,9461.0,8360.0,3076.0,9498.666666666666,8738.833333333334,8567.833333333334
2021,6,A3223,BILBAO-LARRABETZU(Artxandako tunelak/Tuneles Artxanda),11559.0,8594.0,1120.0,359.0,302.0,363.0,0.0,129.0,75.0,2021-06-01,1,0,,,,,2,6,2021,1.2246467991473532e-16,-1.0,11157.0,10675.0,8764.0,10431.0,9335.666666666666,9241.25
2021,7,A3223,BILBAO-LARRABETZU(Artxandako tunelak/Tuneles Artxanda),10585.0,7666.0,1069.0,336.0,244.0,538.0,,146.0,101.0,2021-07-01,1,0,,,,,3,7,2021,-0.4999999999999997,-0.8660254037844388,11559.0,9461.0,9451.0,10725.666666666666,9873.333333333334,9474.166666666666
2021,8,A3223,BILBAO-LARRABETZU(Artxandako tunelak/Tuneles Artxanda),7918.0,5793.0,794.0,167.0,172.0,481.0,,141.0,38.0,2021-08-01,1,0,,,,,3,8,2021,-0.8660254037844385,-0.5000000000000004,10585.0,11157.0,6512.0,11100.333333333334,10299.5,9568.666666666666
2021,9,A3223,BILBAO-LARRABETZU(Artxandako tunelak/Tuneles Artxanda),12511.0,8799.0,1249.0,646.0,528.0,603.0,,87.0,111.0,2021-09-01,1,0,,,,,3,9,2021,-1.0,-1.8369701987210297e-16,7918.0,11559.0,11216.0,10020.666666666666,10225.833333333334,9685.833333333334
2021,10,A3223,BILBAO-LARRABETZU(Artxandako tunelak/Tuneles Artxanda),14017.0,9499.0,1437.0,852.0,651.0,576.0,,75.0,187.0,2021-10-01,1,0,,,,,4,10,2021,-0.8660254037844386,0.5000000000000001,12511.0,10585.0,11362.0,10338.0,10531.833333333334,9793.75
2021,11,A3223,BILBAO-LARRABETZU(Artxandako tunelak/Tuneles Artxanda),14412.0,9757.0,1483.0,1008.0,656.0,550.0,0.0,81.0,187.0,2021-11-01,1,0,,,,,4,11,2021,-0.5000000000000004,0.8660254037844384,14017.0,7918.0,7576.0,11482.0,11291.166666666666,10015.0
2021,12,A3223,BILBAO-LARRABETZU(Artxandako tunelak/Tuneles Artxanda),12225.0,8439.0,1346.0,695.0,496.0,487.0,,67.0,125.0,2021-12-01,1,0,,,,,4,12,2021,-2.4492935982947064e-16,1.0,14412.0,12511.0,8333.0,13646.666666666666,11833.666666666666,10584.666666666666
2022,1,A3223,BILBAO-LARRABETZU(Artxandako tunelak/Tuneles Artxanda),11415.0,7840.0,1381.0,629.0,430.0,397.0,,60.0,126.0,2022-01-01,0,0,,,,,1,1,2022,0.49999999999999994,0.8660254037844387,12225.0,14017.0,8028.0,13551.333333333334,11944.666666666666,10909.0
2022,2,A3223,BILBAO-LARRABETZU(Artxandako tunelak/Tuneles Artxanda),12614.0,8565.0,1491.0,791.0,555.0,431.0,1.0,90.0,143.0,2022-02-01,0,0,,,,,1,2,2022,0.8660254037844386,0.5000000000000001,11415.0,14412.0,8360.0,12684.0,12083.0,11191.25
2022,3,A3223,BILBAO-LARRABETZU(Artxandako tunelak/Tuneles Artxanda),15115.0,10520.0,1629.0,972.0,537.0,573.0,0.0,134.0,171.0,2022-03-01,0,0,,,,,1,3,2022,1.0,6.123233995736766e-17,12614.0,12225.0,10675.0,12084.666666666666,12865.666666666666,11545.75
2022,4,A3223,BILBAO-LARRABETZU(Artxandako tunelak/Tuneles Artxanda),12897.0,9070.0,1324.0,630.0,389.0,708.0,,104.0,152.0,2022-04-01,0,0,,,,,2,4,2022,0.8660254037844387,-0.4999999999999998,15115.0,11415.0,9461.0,13048.0,13299.666666666666,11915.75
2022,5,A3223,BILBAO-LARRABETZU(Artxandako tunelak/Tuneles Artxanda),15633.0,10953.0,1613.0,823.0,497.0,782.0,1.0,161.0,174.0,2022-05-01,0,0,,,,,2,5,2022,0.49999999999999994,-0.8660254037844387,12897.0,12614.0,11157.0,13542.0,13113.0,12202.083333333334
2022,6,A3223,BILBAO-LARRABETZU(Artxandako tunelak/Tuneles Artxanda),14459.0,10459.0,1563.0,527.0,291.0,732.0,3.0,135.0,179.0,2022-06-01,0,0,,,,,2,6,2022,1.2246467991473532e-16,-1.0,15633.0,15115.0,11559.0,14548.333333333334,13316.5,12575.083333333334
2022,7,A3223,BILBAO-LARRABETZU(Artxandako tunelak/Tuneles Artxanda),11545.0,8252.0,1265.0,359.0,228.0,663.0,,187.0,95.0,2022-07-01,0,0,,,,,3,7,2022,-0.4999999999999997,-0.8660254037844388,14459.0,12897.0,10585.0,14329.666666666666,13688.833333333334,12816.75
2022,8,A3223,BILBAO-LARRABETZU(Artxandako tunelak/Tuneles Artxanda),10647.0,7407.0,1218.0,224.0,144.0,933.0,0.0,217.0,115.0,2022-08-01,0,0,,,,,3,8,2022,-0.8660254037844385,-0.5000000000000004,11545.0,15633.0,7918.0,13879.0,13710.5,12896.75
2020,1,A3225,BILBAO-LAUKIZ,5293.0,2893.0,431.0,88.0,1090.0,394.0,0.0,45.0,64.0,2020-01-01,1,0,,,,,1,1,2020,0.49999999999999994,0.8660254037844387,,,,,,
2020,2,A3225,BILBAO-LAUKIZ,5233.0,2524.0,469.0,140.0,1337.0,378.0,0.0,61.0,48.0,2020-02-01,1,0,,,,,1,2,2020,0.8660254037844386,0.5000000000000001,5293.0,,,,,
2020,3,A3225,BILBAO-LAUKIZ,2454.0,1318.0,184.0,42.0,628.0,125.0,0.0,21.0,16.0,2020-03-01,1,0,,,,,1,3,2020,1.0,6.123233995736766e-17,5233.0,,,,,
2020,4,A3225,BILBAO-LAUKIZ,498.0,471.0,12.0,,6.0,,,,,2020-04-01,1,0,,,,,2,4,2020,0.8660254037844387,-0.4999999999999998,2454.0,5293.0,,4326.666666666667,,
2020,5,A3225,BILBAO-LAUKIZ,1547.0,1318.0,99.0,,70.0,0.0,0.0,6.0,7.0,2020-05-01,1,0,,,,,2,5,2020,0.49999999999999994,-0.8660254037844387,498.0,5233.0,,2728.3333333333335,,
2020,6,A3225,BILBAO-LAUKIZ,3670.0,2502.0,332.0,9.0,585.0,0.0,0.0,26.0,43.0,2020-06-01,1,0,,,,,2,6,2020,1.2246467991473532e-16,-1.0,1547.0,2454.0,,1499.6666666666667,,
2020,7,A3225,BILBAO-LAUKIZ,4147.0,2832.0,359.0,14.0,697.0,0.0,0.0,19.0,37.0,2020-07-01,1,0,,,,,3,7,2020,-0.4999999999999997,-0.8660254037844388,3670.0,498.0,,1905.0,3115.8333333333335,
2020,8,A3225,BILBAO-LAUKIZ,2931.0,2115.0,260.0,25.0,398.0,0.0,0.0,21.0,17.0,2020-08-01,1,0,,,,,3,8,2020,-0.8660254037844385,-0.5000000000000004,4147.0,1547.0,,3121.3333333333335,2924.8333333333335,
2020,9,A3225,BILBAO-LAUKIZ,3995.0,2709.0,350.0,23.0,658.0,,,25.0,57.0,2020-09-01,1,0,,,,,3,9,2020,-1.0,-1.8369701987210297e-16,2931.0,3670.0,,3582.6666666666665,2541.1666666666665,
2020,10,A3225,BILBAO-LAUKIZ,4192.0,2431.0,331.0,75.0,1089.0,,,26.0,38.0,2020-10-01,1,0,,,,,4,10,2020,-0.8660254037844386,0.5000000000000001,3995.0,4147.0,,3691.0,2798.0,
2020,11,A3225,BILBAO-LAUKIZ,3976.0,2299.0,330.0,108.0,927.0,,,22.0,60.0,2020-11-01,1,0,,,,,4,11,2020,-0.5000000000000004,0.8660254037844384,4192.0,2931.0,,3706.0,3413.6666666666665,
2020,12,A3225,BILBAO-LAUKIZ,3470.0,2188.0,265.0,68.0,637.0,28.0,0.0,18.0,64.0,2020-12-01,1,0,,,,,4,12,2020,-2.4492935982947064e-16,1.0,3976.0,3995.0,,4054.3333333333335,3818.5,
2021,1,A3225,BILBAO-LAUKIZ,3103.0,1913.0,240.0,87.0,578.0,52.0,0.0,18.0,70.0,2021-01-01,1,0,,,,,1,1,2021,0.49999999999999994,0.8660254037844387,3470.0,4192.0,5293.0,3879.3333333333335,3785.1666666666665,3450.5
2021,2,A3225,BILBAO-LAUKIZ,3482.0,2091.0,279.0,94.0,684.0,73.0,0.0,12.0,65.0,2021-02-01,1,0,,,,,1,2,2021,0.8660254037844386,0.5000000000000001,3103.0,3976.0,5233.0,3516.3333333333335,3611.1666666666665,3268.0
2021,3,A3225,BILBAO-LAUKIZ,4156.0,2470.0,424.0,96.0,725.0,102.0,0.0,38.0,81.0,2021-03-01,1,0,,,,,1,3,2021,1.0,6.123233995736766e-17,3482.0,3470.0,2454.0,3351.6666666666665,3703.0,3122.0833333333335
2021,4,A3225,BILBAO-LAUKIZ,3674.0,2378.0,343.0,89.0,426.0,123.0,,46.0,60.0,2021-04-01,1,0,,,,,2,4,2021,0.8660254037844387,-0.4999999999999998,4156.0,3103.0,498.0,3580.3333333333335,3729.8333333333335,3263.9166666666665
2021,5,A3225,BILBAO-LAUKIZ,4083.0,2597.0,452.0,102.0,505.0,108.0,0.0,52.0,80.0,2021-05-01,1,0,,,,,2,5,2021,0.49999999999999994,-0.8660254037844387,3674.0,3482.0,1547.0,3770.6666666666665,3643.5,3528.5833333333335
2021,6,A3225,BILBAO-LAUKIZ,4274.0,2738.0,421.0,95.0,517.0,197.0,0.0,60.0,72.0,2021-06-01,1,0,,,,,2,6,2021,1.2246467991473532e-16,-1.0,4083.0,4156.0,3670.0,3971.0,3661.3333333333335,3739.9166666666665
2021,7,A3225,BILBAO-LAUKIZ,3792.0,2653.0,367.0,44.0,375.0,147.0,,30.0,61.0,2021-07-01,1,0,,,,,3,7,2021,-0.4999999999999997,-0.8660254037844388,4274.0,3674.0,4147.0,4010.3333333333335,3795.3333333333335,3790.25
2021,8,A3225,BILBAO-LAUKIZ,3070.0,2125.0,311.0,17.0,211.0,236.0,,53.0,53.0,2021-08-01,1,0,,,,,3,8,2021,-0.8660254037844385,-0.5000000000000004,3792.0,4083.0,2931.0,4049.6666666666665,3910.1666666666665,3760.6666666666665
2021,9,A3225,BILBAO-LAUKIZ,4436.0,2978.0,456.0,109.0,366.0,235.0,,45.0,69.0,2021-09-01,1,0,,,,,3,9,2021,-1.0,-1.8369701987210297e-16,3070.0,4274.0,3995.0,3712.0,3841.5,3772.25
2021,10,A3225,BILBAO-LAUKIZ,4531.0,2836.0,454.0,177.0,523.0,182.0,,48.0,117.0,2021-10-01,1,0,,,,,4,10,2021,-0.8660254037844386,0.5000000000000001,4436.0,3792.0,4192.0,3766.0,3888.1666666666665,3809.0
2021,11,A3225,BILBAO-LAUKIZ,4451.0,2788.0,447.0,185.0,493.0,192.0,0.0,29.0,115.0,2021-11-01,1,0,,,,,4,11,2021,-0.5000000000000004,0.8660254037844384,4531.0,3070.0,3976.0,4012.3333333333335,4031.0,3837.25
2021,12,A3225,BILBAO-LAUKIZ,3824.0,2463.0,386.0,104.0,357.0,197.0,1.0,43.0,103.0,2021-12-01,1,0,,,,,4,12,2021,-2.4492935982947064e-16,1.0,4451.0,4436.0,3470.0,4472.666666666667,4092.3333333333335,3876.8333333333335
2022,1,A3225,BILBAO-LAUKIZ,3733.0,2362.0,454.0,163.0,306.0,182.0,,48.0,76.0,2022-01-01,0,0,,,,,1,1,2022,0.49999999999999994,0.8660254037844387,3824.0,4531.0,3103.0,4268.666666666667,4017.3333333333335,3906.3333333333335
2022,2,A3225,BILBAO-LAUKIZ,4115.0,2583.0,474.0,100.0,435.0,189.0,,50.0,146.0,2022-02-01,0,0,,,,,1,2,2022,0.8660254037844386,0.5000000000000001,3733.0,4451.0,3482.0,4002.6666666666665,4007.5,3958.8333333333335
2022,3,A3225,BILBAO-LAUKIZ,5106.0,3136.0,616.0,116.0,571.0,269.0,0.0,92.0,157.0,2022-03-01,0,0,,,,,1,3,2022,1.0,6.123233995736766e-17,4115.0,3824.0,4156.0,3890.6666666666665,4181.666666666667,4011.5833333333335
2022,4,A3225,BILBAO-LAUKIZ,4186.0,2691.0,499.0,102.0,346.0,232.0,,67.0,84.0,2022-04-01,0,0,,,,,2,4,2022,0.8660254037844387,-0.4999999999999998,5106.0,3733.0,3674.0,4318.0,4293.333333333333,4090.75
2022,5,A3225,BILBAO-LAUKIZ,5239.0,3284.0,688.0,141.0,604.0,205.0,,57.0,90.0,2022-05-01,0,0,,,,,2,5,2022,0.49999999999999994,-0.8660254037844387,4186.0,4115.0,4083.0,4469.0,4235.833333333333,4133.416666666667
2022,6,A3225,BILBAO-LAUKIZ,5114.0,3292.0,740.0,98.0,355.0,235.0,,143.0,80.0,2022-06-01,0,0,,,,,2,6,2022,1.2246467991473532e-16,-1.0,5239.0,5106.0,4274.0,4843.666666666667,4367.166666666667,4229.75
2022,7,A3225,BILBAO-LAUKIZ,4503.0,3039.0,531.0,20.0,293.0,297.0,1.0,116.0,55.0,2022-07-01,0,0,,,,,3,7,2022,-0.4999999999999997,-0.8660254037844388,5114.0,4186.0,3792.0,4846.333333333333,4582.166666666667,4299.75
2022,8,A3225,BILBAO-LAUKIZ,4072.0,2828.0,505.0,4.0,226.0,318.0,0.0,87.0,24.0,2022-08-01,0,0,,,,,3,8,2022,-0.8660254037844385,-0.5000000000000004,4503.0,5239.0,3070.0,4952.0,4710.5,4359.0
2020,1,A2153,BILBAO-LOIU-Lauroeta-DERIO,15491.0,8503.0,1175.0,484.0,3633.0,867.0,5.0,74.0,76.0,2020-01-01,1,0,,,,,1,1,2020,0.49999999999999994,0.8660254037844387,,,,,,
2020,2,A2153,BILBAO-LOIU-Lauroeta-DERIO,15788.0,8500.0,1286.0,607.0,3466.0,980.0,3.0,86.0,70.0,2020-02-01,1,0,,,,,1,2,2020,0.8660254037844386,0.5000000000000001,15491.0,,,,,
2020,3,A2153,BILBAO-LOIU-Lauroeta-DERIO,7528.0,4516.0,464.0,290.0,1486.0,374.0,2.0,32.0,29.0,2020-03-01,1,0,,,,,1,3,2020,1.0,6.123233995736766e-17,15788.0,,,,,
2020,4,A2153,BILBAO-LOIU-Lauroeta-DERIO,1070.0,963.0,37.0,2.0,5.0,,,,14.0,2020-04-01,1,0,,,,,2,4,2020,0.8660254037844387,-0.4999999999999998,7528.0,15491.0,,12935.666666666666,,
2020,5,A2153,BILBAO-LOIU-Lauroeta-DERIO,3500.0,2811.0,212.0,75.0,270.0,0.0,0.0,2.0,25.0,2020-05-01,1,0,,,,,2,5,2020,0.49999999999999994,-0.8660254037844387,1070.0,15788.0,,8128.666666666667,,
2020,6,A2153,BILBAO-LOIU-Lauroeta-DERIO,9762.0,6270.0,701.0,214.0,2227.0,0.0,0.0,4.0,26.0,2020-06-01,1,0,,,,,2,6,2020,1.2246467991473532e-16,-1.0,3500.0,7528.0,,4032.6666666666665,,
2020,7,A2153,BILBAO-LOIU-Lauroeta-DERIO,10447.0,6367.0,798.0,116.0,2771.0,0.0,0.0,15.0,29.0,2020-07-01,1,0,,,,,3,7,2020,-0.4999999999999997,-0.8660254037844388,9762.0,1070.0,,4777.333333333333,8856.5,
2020,8,A2153,BILBAO-LOIU-Lauroeta-DERIO,7578.0,4296.0,620.0,63.0,2307.0,0.0,0.0,21.0,29.0,2020-08-01,1,0,,,,,3,8,2020,-0.8660254037844385,-0.5000000000000004,10447.0,3500.0,,7903.0,8015.833333333333,
2020,9,A2153,BILBAO-LOIU-Lauroeta-DERIO,11897.0,7618.0,751.0,320.0,2634.0,,,28.0,31.0,2020-09-01,1,0,,,,,3,9,2020,-1.0,-1.8369701987210297e-16,7578.0,9762.0,,9262.333333333334,6647.5,
2020,10,A2153,BILBAO-LOIU-Lauroeta-DERIO,12391.0,7347.0,753.0,462.0,3111.0,,,29.0,35.0,2020-10-01,1,0,,,,,4,10,2020,-0.8660254037844386,0.5000000000000001,11897.0,10447.0,,9974.0,7375.666666666667,
2020,11,A2153,BILBAO-LOIU-Lauroeta-DERIO,9654.0,5913.0,604.0,371.0,2203.0,,,16.0,20.0,2020-11-01,1,0,,,,,4,11,2020,-0.5000000000000004,0.8660254037844384,12391.0,7578.0,,10622.0,9262.5,
2020,12,A2153,BILBAO-LOIU-Lauroeta-DERIO,9179.0,5695.0,593.0,357.0,1983.0,35.0,0.0,17.0,38.0,2020-12-01,1,0,,,,,4,12,2020,-2.4492935982947064e-16,1.0,9654.0,11897.0,,11314.0,10288.166666666666,
2021,1,A2153,BILBAO-LOIU-Lauroeta-DERIO,9109.0,5710.0,532.0,331.0,1860.0,188.0,0.0,39.0,46.0,2021-01-01,1,0,,,,,1,1,2021,0.49999999999999994,0.8660254037844387,9179.0,12391.0,15491.0,10408.0,10191.0,9523.75
2021,2,A2153,BILBAO-LOIU-Lauroeta-DERIO,10204.0,6473.0,511.0,456.0,1936.0,187.0,2.0,53.0,59.0,2021-02-01,1,0,,,,,1,2,2021,0.8660254037844386,0.5000000000000001,9109.0,9654.0,15788.0,9314.0,9968.0,8991.916666666666
2021,3,A2153,BILBAO-LOIU-Lauroeta-DERIO,12789.0,8049.0,771.0,481.0,2220.0,380.0,2.0,92.0,112.0,2021-03-01,1,0,,,,,1,3,2021,1.0,6.123233995736766e-17,10204.0,9179.0,7528.0,9497.333333333334,10405.666666666666,8526.583333333334
2021,4,A2153,BILBAO-LOIU-Lauroeta-DERIO,11427.0,7532.0,675.0,460.0,1453.0,385.0,2.0,106.0,115.0,2021-04-01,1,0,,,,,2,4,2021,0.8660254037844387,-0.4999999999999998,12789.0,9109.0,1070.0,10700.666666666666,10554.333333333334,8965.0
2021,5,A2153,BILBAO-LOIU-Lauroeta-DERIO,14218.0,9219.0,816.0,597.0,1609.0,628.0,3.0,172.0,123.0,2021-05-01,1,0,,,,,2,5,2021,0.49999999999999994,-0.8660254037844387,11427.0,10204.0,3500.0,11473.333333333334,10393.666666666666,9828.083333333334
2021,6,A2153,BILBAO-LOIU-Lauroeta-DERIO,14483.0,9344.0,994.0,408.0,1987.0,731.0,3.0,150.0,113.0,2021-06-01,1,0,,,,,2,6,2021,1.2246467991473532e-16,-1.0,14218.0,12789.0,9762.0,12811.333333333334,11154.333333333334,10721.25
2021,7,A2153,BILBAO-LOIU-Lauroeta-DERIO,11569.0,7261.0,1014.0,215.0,1840.0,732.0,,140.0,93.0,2021-07-01,1,0,,,,,3,7,2021,-0.4999999999999997,-0.8660254037844388,14483.0,11427.0,10447.0,13376.0,12038.333333333334,11114.666666666666
2021,8,A2153,BILBAO-LOIU-Lauroeta-DERIO,9226.0,5867.0,824.0,186.0,1034.0,914.0,2.0,78.0,95.0,2021-08-01,1,0,,,,,3,8,2021,-0.8660254037844385,-0.5000000000000004,11569.0,14218.0,7578.0,13423.333333333334,12448.333333333334,11208.166666666666
2021,9,A2153,BILBAO-LOIU-Lauroeta-DERIO,14130.0,8888.0,865.0,668.0,1710.0,965.0,,134.0,107.0,2021-09-01,1,0,,,,,3,9,2021,-1.0,-1.8369701987210297e-16,9226.0,14483.0,11897.0,11759.333333333334,12285.333333333334,11345.5
2021,10,A2153,BILBAO-LOIU-Lauroeta-DERIO,15055.0,9167.0,1106.0,792.0,1810.0,1040.0,9.0,70.0,126.0,2021-10-01,1,0,,,,,4,10,2021,-0.8660254037844386,0.5000000000000001,14130.0,11569.0,12391.0,11641.666666666666,12508.833333333334,11531.583333333334
2021,11,A2153,BILBAO-LOIU-Lauroeta-DERIO,14459.0,8778.0,1060.0,840.0,1730.0,947.0,3.0,67.0,119.0,2021-11-01,1,0,,,,,4,11,2021,-0.5000000000000004,0.8660254037844384,15055.0,9226.0,9654.0,12803.666666666666,13113.5,11753.583333333334
2021,12,A2153,BILBAO-LOIU-Lauroeta-DERIO,13492.0,8613.0,1103.0,555.0,1418.0,889.0,,82.0,101.0,2021-12-01,1,0,,,,,4,12,2021,-2.4492935982947064e-16,1.0,14459.0,14130.0,9179.0,14548.0,13153.666666666666,12154.0
2022,1,A2153,BILBAO-LOIU-Lauroeta-DERIO,12908.0,8170.0,985.0,527.0,1417.0,893.0,6.0,65.0,91.0,2022-01-01,0,0,,,,,1,1,2022,0.49999999999999994,0.8660254037844387,13492.0,15055.0,9109.0,14335.333333333334,12988.5,12513.416666666666
2022,2,A2153,BILBAO-LOIU-Lauroeta-DERIO,13846.0,8417.0,1091.0,734.0,1493.0,883.0,22.0,77.0,120.0,2022-02-01,0,0,,,,,1,2,2022,0.8660254037844386,0.5000000000000001,12908.0,14459.0,10204.0,13619.666666666666,13211.666666666666,12830.0
2022,3,A2153,BILBAO-LOIU-Lauroeta-DERIO,16549.0,10205.0,1420.0,882.0,1595.0,1067.0,4.0,93.0,130.0,2022-03-01,0,0,,,,,1,3,2022,1.0,6.123233995736766e-17,13846.0,13492.0,12789.0,13415.333333333334,13981.666666666666,13133.5
2022,4,A2153,BILBAO-LOIU-Lauroeta-DERIO,14645.0,9070.0,1275.0,583.0,1180.0,1327.0,4.0,212.0,124.0,2022-04-01,0,0,,,,,2,4,2022,0.8660254037844387,-0.4999999999999998,16549.0,12908.0,11427.0,14434.333333333334,14384.833333333334,13446.833333333334
2022,5,A2153,BILBAO-LOIU-Lauroeta-DERIO,19394.0,12183.0,1402.0,802.0,1532.0,1543.0,9.0,233.0,172.0,2022-05-01,0,0,,,,,2,5,2022,0.49999999999999994,-0.8660254037844387,14645.0,13846.0,14218.0,15013.333333333334,14316.5,13715.0
2022,6,A2153,BILBAO-LOIU-Lauroeta-DERIO,17176.0,11156.0,1335.0,468.0,1334.0,1525.0,7.0,234.0,114.0,2022-06-01,0,0,,,,,2,6,2022,1.2246467991473532e-16,-1.0,19394.0,16549.0,14483.0,16862.666666666668,15139.0,14146.333333333334
2022,7,A2153,BILBAO-LOIU-Lauroeta-DERIO,13584.0,8712.0,1216.0,266.0,1167.0,1427.0,4.0,261.0,83.0,2022-07-01,0,0,,,,,3,7,2022,-0.4999999999999997,-0.8660254037844388,17176.0,14645.0,11569.0,17071.666666666668,15753.0,14370.75
2022,8,A2153,BILBAO-LOIU-Lauroeta-DERIO,12247.0,7668.0,1174.0,327.0,845.0,1648.0,1.0,204.0,81.0,2022-08-01,0,0,,,,,3,8,2022,-0.8660254037844385,-0.5000000000000004,13584.0,19394.0,9226.0,16718.0,15865.666666666666,14538.666666666666
2020,1,A3250,BILBAO-Teknologia Parkea/Parque Tecnologico (Artxandako tunelak/Tuneles Artxanda),22615.0,17908.0,932.0,1367.0,861.0,714.0,1.0,2.0,103.0,2020-01-01,1,0,,,,,1,1,2020,0.49999999999999994,0.8660254037844387,,,,,,
2020,2,A3250,BILBAO-Teknologia Parkea/Parque Tecnologico (Artxandako tunelak/Tuneles Artxanda),23805.0,18818.0,997.0,1415.0,967.0,639.0,1.0,4.0,88.0,2020-02-01,1,0,,,,,1,2,2020,0.8660254037844386,0.5000000000000001,22615.0,,,,,
2020,3,A3250,BILBAO-Teknologia Parkea/Parque Tecnologico (Artxandako tunelak/Tuneles Artxanda),12465.0,9902.0,530.0,741.0,552.0,316.0,0.0,0.0,50.0,2020-03-01,1,0,,,,,1,3,2020,1.0,6.123233995736766e-17,23805.0,,,,,
2020,4,A3250,BILBAO-Teknologia Parkea/Parque Tecnologico (Artxandako tunelak/Tuneles Artxanda),2010.0,1755.0,110.0,53.0,27.0,,,,,2020-04-01,1,0,,,,,2,4,2020,0.8660254037844387,-0.4999999999999998,12465.0,22615.0,,19628.333333333332,,
2020,5,A3250,BILBAO-Teknologia Parkea/Parque Tecnologico (Artxandako tunelak/Tuneles Artxanda),3916.0,3414.0,230.0,105.0,65.0,0.0,0.0,0.0,11.0,2020-05-01,1,0,,,,,2,5,2020,0.49999999999999994,-0.8660254037844387,2010.0,23805.0,,12760.0,,
2020,6,A3250,BILBAO-Teknologia Parkea/Parque Tecnologico (Artxandako tunelak/Tuneles Artxanda),7822.0,6509.0,589.0,224.0,264.0,0.0,0.0,0.0,15.0,2020-06-01,1,0,,,,,2,6,2020,1.2246467991473532e-16,-1.0,3916.0,12465.0,,6130.333333333333,,
2020,7,A3250,BILBAO-Teknologia Parkea/Parque Tecnologico (Artxandako tunelak/Tuneles Artxanda),8973.0,7654.0,516.0,336.0,230.0,0.0,0.0,1.0,13.0,2020-07-01,1,0,,,,,3,7,2020,-0.4999999999999997,-0.8660254037844388,7822.0,2010.0,,4582.666666666667,12105.5,
2020,8,A3250,BILBAO-Teknologia Parkea/Parque Tecnologico (Artxandako tunelak/Tuneles Artxanda),4395.0,3829.0,230.0,131.0,108.0,0.0,0.0,0.0,9.0,2020-08-01,1,0,,,,,3,8,2020,-0.8660254037844385,-0.5000000000000004,8973.0,3916.0,,6903.666666666667,9831.833333333334,
2020,9,A3250,BILBAO-Teknologia Parkea/Parque Tecnologico (Artxandako tunelak/Tuneles Artxanda),10610.0,8948.0,499.0,418.0,298.0,,,,51.0,2020-09-01,1,0,,,,,3,9,2020,-1.0,-1.8369701987210297e-16,4395.0,7822.0,,7063.333333333333,6596.833333333333,
2020,10,A3250,BILBAO-Teknologia Parkea/Parque Tecnologico (Artxandako tunelak/Tuneles Artxanda),11586.0,9383.0,569.0,468.0,456.0,,,,74.0,2020-10-01,1,0,,,,,4,10,2020,-0.8660254037844386,0.5000000000000001,10610.0,8973.0,,7992.666666666667,6287.666666666667,
2020,11,A3250,BILBAO-Teknologia Parkea/Parque Tecnologico (Artxandako tunelak/Tuneles Artxanda),9197.0,7529.0,448.0,399.0,352.0,,,,50.0,2020-11-01,1,0,,,,,4,11,2020,-0.5000000000000004,0.8660254037844384,11586.0,4395.0,,8863.666666666666,7883.666666666667,
2020,12,A3250,BILBAO-Teknologia Parkea/Parque Tecnologico (Artxandako tunelak/Tuneles Artxanda),6810.0,5586.0,454.0,237.0,215.0,13.0,0.0,0.0,53.0,2020-12-01,1,0,,,,,4,12,2020,-2.4492935982947064e-16,1.0,9197.0,10610.0,,10464.333333333334,8763.833333333334,
2021,1,A3250,BILBAO-Teknologia Parkea/Parque Tecnologico (Artxandako tunelak/Tuneles Artxanda),7494.0,6171.0,421.0,264.0,235.0,40.0,0.0,2.0,100.0,2021-01-01,1,0,,,,,1,1,2021,0.49999999999999994,0.8660254037844387,6810.0,11586.0,22615.0,9197.666666666666,8595.166666666666,10350.333333333334
2021,2,A3250,BILBAO-Teknologia Parkea/Parque Tecnologico (Artxandako tunelak/Tuneles Artxanda),9463.0,7969.0,445.0,317.0,269.0,60.0,1.0,0.0,113.0,2021-02-01,1,0,,,,,1,2,2021,0.8660254037844386,0.5000000000000001,7494.0,9197.0,23805.0,7833.666666666667,8348.666666666666,9090.25
2021,3,A3250,BILBAO-Teknologia Parkea/Parque Tecnologico (Artxandako tunelak/Tuneles Artxanda),10389.0,8679.0,510.0,379.0,299.0,91.0,0.0,2.0,143.0,2021-03-01,1,0,,,,,1,3,2021,1.0,6.123233995736766e-17,9463.0,6810.0,12465.0,7922.333333333333,9193.333333333334,7895.083333333333
2021,4,A3250,BILBAO-Teknologia Parkea/Parque Tecnologico (Artxandako tunelak/Tuneles Artxanda),9757.0,8019.0,466.0,463.0,313.0,92.0,,1.0,112.0,2021-04-01,1,0,,,,,2,4,2021,0.8660254037844387,-0.4999999999999998,10389.0,7494.0,2010.0,9115.333333333334,9156.5,7722.083333333333
2021,5,A3250,BILBAO-Teknologia Parkea/Parque Tecnologico (Artxandako tunelak/Tuneles Artxanda),11393.0,9237.0,595.0,549.0,380.0,97.0,0.0,0.0,179.0,2021-05-01,1,0,,,,,2,5,2021,0.49999999999999994,-0.8660254037844387,9757.0,9463.0,3916.0,9869.666666666666,8851.666666666666,8367.666666666666
2021,6,A3250,BILBAO-Teknologia Parkea/Parque Tecnologico (Artxandako tunelak/Tuneles Artxanda),11656.0,9547.0,589.0,397.0,435.0,147.0,0.0,0.0,163.0,2021-06-01,1,0,,,,,2,6,2021,1.2246467991473532e-16,-1.0,11393.0,10389.0,7822.0,10513.0,9217.666666666666,8990.75
2021,7,A3250,BILBAO-Teknologia Parkea/Parque Tecnologico (Artxandako tunelak/Tuneles Artxanda),10370.0,8653.0,570.0,322.0,340.0,111.0,,1.0,112.0,2021-07-01,1,0,,,,,3,7,2021,-0.4999999999999997,-0.8660254037844388,11656.0,9757.0,8973.0,10935.333333333334,10025.333333333334,9310.25
2021,8,A3250,BILBAO-Teknologia Parkea/Parque Tecnologico (Artxandako tunelak/Tuneles Artxanda),5558.0,4600.0,355.0,169.0,174.0,76.0,,,81.0,2021-08-01,1,0,,,,,3,8,2021,-0.8660254037844385,-0.5000000000000004,10370.0,11393.0,4395.0,11139.666666666666,10504.666666666666,9426.666666666666
2021,9,A3250,BILBAO-Teknologia Parkea/Parque Tecnologico (Artxandako tunelak/Tuneles Artxanda),12462.0,9864.0,652.0,592.0,480.0,229.0,,1.0,179.0,2021-09-01,1,0,,,,,3,9,2021,-1.0,-1.8369701987210297e-16,5558.0,11656.0,10610.0,9194.666666666666,9853.833333333334,9523.583333333334
2021,10,A3250,BILBAO-Teknologia Parkea/Parque Tecnologico (Artxandako tunelak/Tuneles Artxanda),13291.0,10340.0,704.0,691.0,585.0,280.0,,,181.0,2021-10-01,1,0,,,,,4,10,2021,-0.8660254037844386,0.5000000000000001,12462.0,10370.0,11586.0,9463.333333333334,10199.333333333334,9677.916666666666
2021,11,A3250,BILBAO-Teknologia Parkea/Parque Tecnologico (Artxandako tunelak/Tuneles Artxanda),16033.0,12282.0,726.0,837.0,767.0,460.0,0.0,4.0,217.0,2021-11-01,1,0,,,,,4,11,2021,-0.5000000000000004,0.8660254037844384,13291.0,5558.0,9197.0,10437.0,10788.333333333334,9820.0
2021,12,A3250,BILBAO-Teknologia Parkea/Parque Tecnologico (Artxandako tunelak/Tuneles Artxanda),10288.0,8032.0,567.0,486.0,494.0,148.0,,,158.0,2021-12-01,1,0,,,,,4,12,2021,-2.4492935982947064e-16,1.0,16033.0,12462.0,6810.0,13928.666666666666,11561.666666666666,10389.666666666666
2022,1,A3250,BILBAO-Teknologia Parkea/Parque Tecnologico (Artxandako tunelak/Tuneles Artxanda),11341.0,8941.0,513.0,408.0,658.0,208.0,,4.0,170.0,2022-01-01,0,0,,,,,1,1,2022,0.49999999999999994,0.8660254037844387,10288.0,13291.0,7494.0,13204.0,11333.666666666666,10679.5
2022,2,A3250,BILBAO-Teknologia Parkea/Parque Tecnologico (Artxandako tunelak/Tuneles Artxanda),14231.0,11294.0,526.0,706.0,696.0,215.0,,,194.0,2022-02-01,0,0,,,,,1,2,2022,0.8660254037844386,0.5000000000000001,11341.0,16033.0,9463.0,12554.0,11495.5,11000.083333333334
2022,3,A3250,BILBAO-Teknologia Parkea/Parque Tecnologico (Artxandako tunelak/Tuneles Artxanda),19425.0,15252.0,723.0,1119.0,923.0,421.0,0.0,0.0,221.0,2022-03-01,0,0,,,,,1,3,2022,1.0,6.123233995736766e-17,14231.0,10288.0,10389.0,11953.333333333334,12941.0,11397.416666666666
2022,4,A3250,BILBAO-Teknologia Parkea/Parque Tecnologico (Artxandako tunelak/Tuneles Artxanda),12794.0,10259.0,493.0,672.0,574.0,253.0,,3.0,132.0,2022-04-01,0,0,,,,,2,4,2022,0.8660254037844387,-0.4999999999999998,19425.0,11341.0,9757.0,14999.0,14101.5,12150.416666666666
2022,5,A3250,BILBAO-Teknologia Parkea/Parque Tecnologico (Artxandako tunelak/Tuneles Artxanda),18715.0,14875.0,688.0,951.0,904.0,409.0,,,202.0,2022-05-01,0,0,,,,,2,5,2022,0.49999999999999994,-0.8660254037844387,12794.0,14231.0,11393.0,15483.333333333334,14018.666666666666,12403.5
2022,6,A3250,BILBAO-Teknologia Parkea/Parque Tecnologico (Artxandako tunelak/Tuneles Artxanda),16589.0,13860.0,631.0,643.0,541.0,337.0,,2.0,163.0,2022-06-01,0,0,,,,,2,6,2022,1.2246467991473532e-16,-1.0,18715.0,19425.0,11656.0,16978.0,14465.666666666666,13013.666666666666
2022,7,A3250,BILBAO-Teknologia Parkea/Parque Tecnologico (Artxandako tunelak/Tuneles Artxanda),12756.0,10558.0,553.0,504.0,366.0,276.0,,5.0,109.0,2022-07-01,0,0,,,,,3,7,2022,-0.4999999999999997,-0.8660254037844388,16589.0,12794.0,10370.0,16032.666666666666,15515.833333333334,13424.75
2022,8,A3250,BILBAO-Teknologia Parkea/Parque Tecnologico (Artxandako tunelak/Tuneles Artxanda),8145.0,6920.0,354.0,214.0,252.0,183.0,0.0,0.0,48.0,2022-08-01,0,0,,,,,3,8,2022,-0.8660254037844385,-0.5000000000000004,12756.0,18715.0,5558.0,16020.0,15751.666666666666,13623.583333333334
2020,1,A2161,Bizkaia Zubia/Puente Bizkaia-UPV/EHU,21728.0,12126.0,3372.0,2117.0,706.0,1294.0,0.0,303.0,382.0,2020-01-01,1,0,,,,,1,1,2020,0.49999999999999994,0.8660254037844387,,,,,,
2020,2,A2161,Bizkaia Zubia/Puente Bizkaia-UPV/EHU,26993.0,13710.0,3530.0,4399.0,1085.0,1508.0,1.0,294.0,339.0,2020-02-01,1,0,,,,,1,2,2020,0.8660254037844386,0.5000000000000001,21728.0,,,,,
2020,3,A2161,Bizkaia Zubia/Puente Bizkaia-UPV/EHU,12487.0,6583.0,1515.0,2098.0,482.0,593.0,1.0,136.0,204.0,2020-03-01,1,0,,,,,1,3,2020,1.0,6.123233995736766e-17,26993.0,,,,,
2020,4,A2161,Bizkaia Zubia/Puente Bizkaia-UPV/EHU,871.0,718.0,100.0,7.0,,,,,26.0,2020-04-01,1,0,,,,,2,4,2020,0.8660254037844387,-0.4999999999999998,12487.0,21728.0,,20402.666666666668,,
2020,5,A2161,Bizkaia Zubia/Puente Bizkaia-UPV/EHU,3579.0,2460.0,916.0,18.0,22.0,0.0,0.0,37.0,67.0,2020-05-01,1,0,,,,,2,5,2020,0.49999999999999994,-0.8660254037844387,871.0,26993.0,,13450.333333333334,,
2020,6,A2161,Bizkaia Zubia/Puente Bizkaia-UPV/EHU,8480.0,5855.0,2023.0,70.0,191.0,0.0,0.0,68.0,103.0,2020-06-01,1,0,,,,,2,6,2020,1.2246467991473532e-16,-1.0,3579.0,12487.0,,5645.666666666667,,
2020,7,A2161,Bizkaia Zubia/Puente Bizkaia-UPV/EHU,8187.0,5878.0,1701.0,100.0,125.0,0.0,0.0,93.0,58.0,2020-07-01,1,0,,,,,3,7,2020,-0.4999999999999997,-0.8660254037844388,8480.0,871.0,,4310.0,12356.333333333334,
2020,8,A2161,Bizkaia Zubia/Puente Bizkaia-UPV/EHU,4868.0,3199.0,1199.0,83.0,64.0,0.0,0.0,71.0,74.0,2020-08-01,1,0,,,,,3,8,2020,-0.8660254037844385,-0.5000000000000004,8187.0,3579.0,,6748.666666666667,10099.5,
2020,9,A2161,Bizkaia Zubia/Puente Bizkaia-UPV/EHU,15312.0,10175.0,2029.0,1459.0,401.0,,,76.0,104.0,2020-09-01,1,0,,,,,3,9,2020,-1.0,-1.8369701987210297e-16,4868.0,8480.0,,7178.333333333333,6412.0,
2020,10,A2161,Bizkaia Zubia/Puente Bizkaia-UPV/EHU,20074.0,12485.0,2262.0,2640.0,692.0,,,139.0,157.0,2020-10-01,1,0,,,,,4,10,2020,-0.8660254037844386,0.5000000000000001,15312.0,8187.0,,9455.666666666666,6882.833333333333,
2020,11,A2161,Bizkaia Zubia/Puente Bizkaia-UPV/EHU,17479.0,11120.0,1932.0,2079.0,568.0,,,60.0,114.0,2020-11-01,1,0,,,,,4,11,2020,-0.5000000000000004,0.8660254037844384,20074.0,4868.0,,13418.0,10083.333333333334,
2020,12,A2161,Bizkaia Zubia/Puente Bizkaia-UPV/EHU,12710.0,8350.0,1619.0,1123.0,308.0,13.0,0.0,136.0,135.0,2020-12-01,1,0,,,,,4,12,2020,-2.4492935982947064e-16,1.0,17479.0,15312.0,,17621.666666666668,12400.0,
2021,1,A2161,Bizkaia Zubia/Puente Bizkaia-UPV/EHU,12492.0,8303.0,1526.0,982.0,345.0,176.0,0.0,89.0,191.0,2021-01-01,1,0,,,,,1,1,2021,0.49999999999999994,0.8660254037844387,12710.0,20074.0,21728.0,16754.333333333332,13105.0,12730.666666666666
2021,2,A2161,Bizkaia Zubia/Puente Bizkaia-UPV/EHU,16997.0,11005.0,1716.0,1635.0,555.0,275.0,0.0,127.0,260.0,2021-02-01,1,0,,,,,1,2,2021,0.8660254037844386,0.5000000000000001,12492.0,17479.0,26993.0,14227.0,13822.5,11961.0
2021,3,A2161,Bizkaia Zubia/Puente Bizkaia-UPV/EHU,18257.0,11690.0,2216.0,1629.0,518.0,414.0,0.0,176.0,293.0,2021-03-01,1,0,,,,,1,3,2021,1.0,6.123233995736766e-17,16997.0,12710.0,12487.0,14066.333333333334,15844.0,11128.0
2021,4,A2161,Bizkaia Zubia/Puente Bizkaia-UPV/EHU,15300.0,9666.0,2022.0,1380.0,380.0,441.0,,187.0,232.0,2021-04-01,1,0,,,,,2,4,2021,0.8660254037844387,-0.4999999999999998,18257.0,12492.0,871.0,15915.333333333334,16334.833333333334,11608.833333333334
2021,5,A2161,Bizkaia Zubia/Puente Bizkaia-UPV/EHU,17111.0,10750.0,2573.0,1275.0,386.0,558.0,0.0,190.0,250.0,2021-05-01,1,0,,,,,2,5,2021,0.49999999999999994,-0.8660254037844387,15300.0,16997.0,3579.0,16851.333333333332,15539.166666666666,12811.25
2021,6,A2161,Bizkaia Zubia/Puente Bizkaia-UPV/EHU,14363.0,9443.0,2614.0,490.0,228.0,499.0,0.0,243.0,175.0,2021-06-01,1,0,,,,,2,6,2021,1.2246467991473532e-16,-1.0,17111.0,18257.0,8480.0,16889.333333333332,15477.833333333334,13938.916666666666
2021,7,A2161,Bizkaia Zubia/Puente Bizkaia-UPV/EHU,9309.0,6105.0,2023.0,212.0,95.0,347.0,,157.0,88.0,2021-07-01,1,0,,,,,3,7,2021,-0.4999999999999997,-0.8660254037844388,14363.0,15300.0,8187.0,15591.333333333334,15753.333333333334,14429.166666666666
2021,8,A2161,Bizkaia Zubia/Puente Bizkaia-UPV/EHU,5542.0,3375.0,1384.0,79.0,66.0,305.0,,118.0,50.0,2021-08-01,1,0,,,,,3,8,2021,-0.8660254037844385,-0.5000000000000004,9309.0,17111.0,4868.0,13594.333333333334,15222.833333333334,14522.666666666666
2021,9,A2161,Bizkaia Zubia/Puente Bizkaia-UPV/EHU,18044.0,11692.0,2299.0,1435.0,476.0,664.0,,213.0,219.0,2021-09-01,1,0,,,,,3,9,2021,-1.0,-1.8369701987210297e-16,5542.0,14363.0,15312.0,9738.0,13313.666666666666,14578.833333333334
2021,10,A2161,Bizkaia Zubia/Puente Bizkaia-UPV/EHU,22257.0,13080.0,2733.0,2857.0,888.0,775.0,,211.0,217.0,2021-10-01,1,0,,,,,4,10,2021,-0.8660254037844386,0.5000000000000001,18044.0,9309.0,20074.0,10965.0,13278.166666666666,14806.5
2021,11,A2161,Bizkaia Zubia/Puente Bizkaia-UPV/EHU,24882.0,14764.0,2726.0,3387.0,893.0,871.0,0.0,206.0,267.0,2021-11-01,1,0,,,,,4,11,2021,-0.5000000000000004,0.8660254037844384,22257.0,5542.0,17479.0,15281.0,14437.666666666666,14988.416666666666
2021,12,A2161,Bizkaia Zubia/Puente Bizkaia-UPV/EHU,17231.0,10740.0,2348.0,1557.0,540.0,663.0,1.0,186.0,183.0,2021-12-01,1,0,,,,,4,12,2021,-2.4492935982947064e-16,1.0,24882.0,18044.0,12710.0,21727.666666666668,15732.833333333334,15605.333333333334
2022,1,A2161,Bizkaia Zubia/Puente Bizkaia-UPV/EHU,16680.0,10442.0,2413.0,1302.0,478.0,622.0,,215.0,172.0,2022-01-01,0,0,,,,,1,1,2022,0.49999999999999994,0.8660254037844387,17231.0,22257.0,12492.0,21456.666666666668,16210.833333333334,15982.083333333334
2022,2,A2161,Bizkaia Zubia/Puente Bizkaia-UPV/EHU,22386.0,13268.0,2704.0,2850.0,827.0,813.0,,186.0,197.0,2022-02-01,0,0,,,,,1,2,2022,0.8660254037844386,0.5000000000000001,16680.0,24882.0,16997.0,19597.666666666668,17439.333333333332,16331.083333333334
2022,3,A2161,Bizkaia Zubia/Puente Bizkaia-UPV/EHU,25020.0,14559.0,3218.0,3295.0,849.0,909.0,0.0,258.0,206.0,2022-03-01,0,0,,,,,1,3,2022,1.0,6.123233995736766e-17,22386.0,17231.0,18257.0,18765.666666666668,20246.666666666668,16780.166666666668
2022,4,A2161,Bizkaia Zubia/Puente Bizkaia-UPV/EHU,17391.0,10489.0,2313.0,1778.0,586.0,728.0,,300.0,130.0,2022-04-01,0,0,,,,,2,4,2022,0.8660254037844387,-0.4999999999999998,25020.0,16680.0,15300.0,21362.0,21409.333333333332,17343.75
2022,5,A2161,Bizkaia Zubia/Puente Bizkaia-UPV/EHU,21970.0,13024.0,3270.0,2117.0,710.0,919.0,,298.0,222.0,2022-05-01,0,0,,,,,2,5,2022,0.49999999999999994,-0.8660254037844387,17391.0,22386.0,17111.0,21599.0,20598.333333333332,17518.0
2022,6,A2161,Bizkaia Zubia/Puente Bizkaia-UPV/EHU,17635.0,11159.0,3233.0,659.0,441.0,756.0,,325.0,168.0,2022-06-01,0,0,,,,,2,6,2022,1.2246467991473532e-16,-1.0,21970.0,25020.0,14363.0,21460.333333333332,20113.0,17922.916666666668
2022,7,A2161,Bizkaia Zubia/Puente Bizkaia-UPV/EHU,9875.0,6026.0,2332.0,254.0,119.0,502.0,,259.0,89.0,2022-07-01,0,0,,,,,3,7,2022,-0.4999999999999997,-0.8660254037844388,17635.0,17391.0,9309.0,18998.666666666668,20180.333333333332,18195.583333333332
2022,8,A2161,Bizkaia Zubia/Puente Bizkaia-UPV/EHU,6296.0,3609.0,1788.0,126.0,65.0,345.0,0.0,127.0,44.0,2022-08-01,0,0,,,,,3,8,2022,-0.8660254037844385,-0.5000000000000004,9875.0,21970.0,5542.0,16493.333333333332,19046.166666666668,18242.75
2020,1,A2163,ERANDIO-UPV/EHU,851.0,469.0,42.0,161.0,78.0,22.0,0.0,1.0,33.0,2020-01-01,1,0,,,,,1,1,2020,0.49999999999999994,0.8660254037844387,,,,,,
2020,2,A2163,ERANDIO-UPV/EHU,1072.0,477.0,49.0,316.0,110.0,26.0,0.0,1.0,37.0,2020-02-01,1,0,,,,,1,2,2020,0.8660254037844386,0.5000000000000001,851.0,,,,,
2020,3,A2163,ERANDIO-UPV/EHU,554.0,254.0,24.0,160.0,53.0,16.0,0.0,1.0,16.0,2020-03-01,1,0,,,,,1,3,2020,1.0,6.123233995736766e-17,1072.0,,,,,
2020,4,A2163,ERANDIO-UPV/EHU,0.0,,,,,,,,,2020-04-01,1,0,,,,,2,4,2020,0.8660254037844387,-0.4999999999999998,554.0,851.0,,825.6666666666666,,
2020,5,A2163,ERANDIO-UPV/EHU,0.0,,,,,,,,,2020-05-01,1,0,,,,,2,5,2020,0.49999999999999994,-0.8660254037844387,0.0,1072.0,,542.0,,
2020,6,A2163,ERANDIO-UPV/EHU,0.0,,,,,,,,,2020-06-01,1,0,,,,,2,6,2020,1.2246467991473532e-16,-1.0,0.0,554.0,,184.66666666666666,,
2020,7,A2163,ERANDIO-UPV/EHU,0.0,,,,,,,,,2020-07-01,1,0,,,,,3,7,2020,-0.4999999999999997,-0.8660254037844388,0.0,0.0,,0.0,412.8333333333333,
2020,8,A2163,ERANDIO-UPV/EHU,0.0,,,,,,,,,2020-08-01,1,0,,,,,3,8,2020,-0.8660254037844385,-0.5000000000000004,0.0,0.0,,0.0,271.0,
2020,9,A2163,ERANDIO-UPV/EHU,607.0,376.0,23.0,135.0,24.0,,,,7.0,2020-09-01,1,0,,,,,3,9,2020,-1.0,-1.8369701987210297e-16,0.0,0.0,,0.0,92.33333333333333,
2020,10,A2163,ERANDIO-UPV/EHU,1046.0,556.0,26.0,321.0,72.0,,,1.0,5.0,2020-10-01,1,0,,,,,4,10,2020,-0.8660254037844386,0.5000000000000001,607.0,0.0,,202.33333333333334,101.16666666666667,
2020,11,A2163,ERANDIO-UPV/EHU,500.0,296.0,22.0,142.0,11.0,,,,2.0,2020-11-01,1,0,,,,,4,11,2020,-0.5000000000000004,0.8660254037844384,1046.0,0.0,,551.0,275.5,
2020,12,A2163,ERANDIO-UPV/EHU,450.0,302.0,19.0,110.0,7.0,0.0,0.0,0.0,1.0,2020-12-01,1,0,,,,,4,12,2020,-2.4492935982947064e-16,1.0,500.0,607.0,,717.6666666666666,358.8333333333333,
2021,1,A2163,ERANDIO-UPV/EHU,415.0,296.0,20.0,69.0,11.0,1.0,0.0,3.0,9.0,2021-01-01,1,0,,,,,1,1,2021,0.49999999999999994,0.8660254037844387,450.0,1046.0,851.0,665.3333333333334,433.8333333333333,423.3333333333333
2021,2,A2163,ERANDIO-UPV/EHU,766.0,473.0,28.0,181.0,48.0,5.0,0.0,2.0,6.0,2021-02-01,1,0,,,,,1,2,2021,0.8660254037844386,0.5000000000000001,415.0,500.0,1072.0,455.0,503.0,387.0
2021,3,A2163,ERANDIO-UPV/EHU,703.0,405.0,33.0,187.0,34.0,6.0,0.0,1.0,11.0,2021-03-01,1,0,,,,,1,3,2021,1.0,6.123233995736766e-17,766.0,450.0,554.0,543.6666666666666,630.6666666666666,361.5
2021,4,A2163,ERANDIO-UPV/EHU,528.0,320.0,18.0,132.0,15.0,3.0,,1.0,2.0,2021-04-01,1,0,,,,,2,4,2021,0.8660254037844387,-0.4999999999999998,703.0,415.0,0.0,628.0,646.6666666666666,373.9166666666667
2021,5,A2163,ERANDIO-UPV/EHU,474.0,298.0,20.0,114.0,4.0,9.0,0.0,0.0,6.0,2021-05-01,1,0,,,,,2,5,2021,0.49999999999999994,-0.8660254037844387,528.0,766.0,0.0,665.6666666666666,560.3333333333334,417.9166666666667
2021,6,A2163,ERANDIO-UPV/EHU,64.0,51.0,4.0,5.0,,0.0,0.0,0.0,0.0,2021-06-01,1,0,,,,,2,6,2021,1.2246467991473532e-16,-1.0,474.0,703.0,0.0,568.3333333333334,556.0,457.4166666666667
2021,7,A2163,ERANDIO-UPV/EHU,0.0,,,,,,,,,2021-07-01,1,0,,,,,3,7,2021,-0.4999999999999997,-0.8660254037844388,64.0,528.0,0.0,355.3333333333333,491.6666666666667,462.75
2021,8,A2163,ERANDIO-UPV/EHU,0.0,,,,,,,,,2021-08-01,1,0,,,,,3,8,2021,-0.8660254037844385,-0.5000000000000004,0.0,474.0,0.0,179.33333333333334,422.5,462.75
2021,9,A2163,ERANDIO-UPV/EHU,652.0,410.0,19.0,154.0,3.0,14.0,,1.0,30.0,2021-09-01,1,0,,,,,3,9,2021,-1.0,-1.8369701987210297e-16,0.0,64.0,607.0,21.333333333333332,294.8333333333333,462.75
2021,10,A2163,ERANDIO-UPV/EHU,1056.0,568.0,12.0,308.0,36.0,9.0,,0.0,28.0,2021-10-01,1,0,,,,,4,10,2021,-0.8660254037844386,0.5000000000000001,652.0,0.0,1046.0,217.33333333333334,286.3333333333333,466.5
2021,11,A2163,ERANDIO-UPV/EHU,1311.0,649.0,25.0,397.0,74.0,18.0,0.0,5.0,46.0,2021-11-01,1,0,,,,,4,11,2021,-0.5000000000000004,0.8660254037844384,1056.0,0.0,500.0,569.3333333333334,374.3333333333333,467.3333333333333
2021,12,A2163,ERANDIO-UPV/EHU,767.0,418.0,15.0,197.0,46.0,13.0,,13.0,29.0,2021-12-01,1,0,,,,,4,12,2021,-2.4492935982947064e-16,1.0,1311.0,652.0,450.0,1006.3333333333334,513.8333333333334,534.9166666666666
2022,1,A2163,ERANDIO-UPV/EHU,618.0,362.0,19.0,109.0,27.0,18.0,,3.0,29.0,2022-01-01,0,0,,,,,1,1,2022,0.49999999999999994,0.8660254037844387,767.0,1056.0,415.0,1044.6666666666667,631.0,561.3333333333334
2022,2,A2163,ERANDIO-UPV/EHU,1258.0,628.0,35.0,393.0,68.0,14.0,,9.0,36.0,2022-02-01,0,0,,,,,1,2,2022,0.8660254037844386,0.5000000000000001,618.0,1311.0,766.0,898.6666666666666,734.0,578.25
2022,3,A2163,ERANDIO-UPV/EHU,1366.0,662.0,27.0,468.0,56.0,21.0,0.0,0.0,52.0,2022-03-01,0,0,,,,,1,3,2022,1.0,6.123233995736766e-17,1258.0,767.0,703.0,881.0,943.6666666666666,619.25
2022,4,A2163,ERANDIO-UPV/EHU,819.0,447.0,12.0,216.0,30.0,20.0,,1.0,47.0,2022-04-01,0,0,,,,,2,4,2022,0.8660254037844387,-0.4999999999999998,1366.0,618.0,528.0,1080.6666666666667,1062.6666666666667,674.5
2022,5,A2163,ERANDIO-UPV/EHU,947.0,500.0,21.0,263.0,35.0,24.0,,4.0,53.0,2022-05-01,0,0,,,,,2,5,2022,0.49999999999999994,-0.8660254037844387,819.0,1258.0,474.0,1147.6666666666667,1023.1666666666666,698.75
2022,6,A2163,ERANDIO-UPV/EHU,90.0,62.0,7.0,8.0,,3.0,,3.0,2.0,2022-06-01,0,0,,,,,2,6,2022,1.2246467991473532e-16,-1.0,947.0,1366.0,64.0,1044.0,962.5,738.1666666666666
2022,7,A2163,ERANDIO-UPV/EHU,0.0,,,,,,,,,2022-07-01,0,0,,,,,3,7,2022,-0.4999999999999997,-0.8660254037844388,90.0,819.0,0.0,618.6666666666666,849.6666666666666,740.3333333333334
2022,8,A2163,ERANDIO-UPV/EHU,0.0,,,,,,,,,2022-08-01,0,0,,,,,3,8,2022,-0.8660254037844385,-0.5000000000000004,0.0,947.0,0.0,345.6666666666667,746.6666666666666,740.3333333333334
2020,1,A3924,ERMUA - DURANGO - UPV/EHU,6729.0,4037.0,121.0,1484.0,134.0,302.0,0.0,2.0,24.0,2020-01-01,1,0,,,,,1,1,2020,0.49999999999999994,0.8660254037844387,,,,,,
2020,2,A3924,ERMUA - DURANGO - UPV/EHU,12229.0,4680.0,97.0,5307.0,298.0,347.0,3.0,7.0,45.0,2020-02-01,1,0,,,,,1,2,2020,0.8660254037844386,0.5000000000000001,6729.0,,,,,
2020,3,A3924,ERMUA - DURANGO - UPV/EHU,5467.0,2127.0,67.0,2303.0,121.0,154.0,0.0,2.0,24.0,2020-03-01,1,0,,,,,1,3,2020,1.0,6.123233995736766e-17,12229.0,,,,,
2020,4,A3924,ERMUA - DURANGO - UPV/EHU,0.0,0.0,0.0,0.0,0.0,0.0,0.0,0.0,0.0,2020-04-01,1,0,,,,,2,4,2020,0.8660254037844387,-0.4999999999999998,5467.0,6729.0,,8141.666666666667,,
2020,5,A3924,ERMUA - DURANGO - UPV/EHU,0.0,0.0,0.0,0.0,0.0,0.0,0.0,0.0,0.0,2020-05-01,1,0,,,,,2,5,2020,0.49999999999999994,-0.8660254037844387,0.0,12229.0,,5898.666666666667,,
2020,6,A3924,ERMUA - DURANGO - UPV/EHU,0.0,0.0,0.0,0.0,0.0,0.0,0.0,0.0,0.0,2020-06-01,1,0,,,,,2,6,2020,1.2246467991473532e-16,-1.0,0.0,5467.0,,1822.3333333333333,,
2020,7,A3924,ERMUA - DURANGO - UPV/EHU,0.0,0.0,0.0,0.0,0.0,0.0,0.0,0.0,0.0,2020-07-01,1,0,,,,,3,7,2020,-0.4999999999999997,-0.8660254037844388,0.0,0.0,,0.0,4070.8333333333335,
2020,8,A3924,ERMUA - DURANGO - UPV/EHU,0.0,0.0,0.0,0.0,0.0,0.0,0.0,0.0,0.0,2020-08-01,1,0,,,,,3,8,2020,-0.8660254037844385,-0.5000000000000004,0.0,0.0,,0.0,2949.3333333333335,
2020,9,A3924,ERMUA - DURANGO - UPV/EHU,7992.0,4627.0,47.0,2238.0,238.0,0.0,0.0,0.0,13.0,2020-09-01,1,0,,,,,3,9,2020,-1.0,-1.8369701987210297e-16,0.0,0.0,,0.0,911.1666666666666,
2020,10,A3924,ERMUA - DURANGO - UPV/EHU,10245.0,5367.0,46.0,3390.0,318.0,0.0,0.0,4.0,18.0,2020-10-01,1,0,,,,,4,10,2020,-0.8660254037844386,0.5000000000000001,7992.0,0.0,,2664.0,1332.0,
2020,11,A3924,ERMUA - DURANGO - UPV/EHU,9750.0,5743.0,53.0,2650.0,245.0,0.0,0.0,1.0,21.0,2020-11-01,1,0,,,,,4,11,2020,-0.5000000000000004,0.8660254037844384,10245.0,0.0,,6079.0,3039.5,
2020,12,A3924,ERMUA - DURANGO - UPV/EHU,5334.0,3626.0,29.0,1063.0,61.0,0.0,0.0,0.0,12.0,2020-12-01,1,0,,,,,4,12,2020,-2.4492935982947064e-16,1.0,9750.0,7992.0,,9329.0,4664.5,
2021,1,A3924,ERMUA - DURANGO - UPV/EHU,4852.0,3556.0,33.0,739.0,55.0,46.0,0.0,0.0,16.0,2021-01-01,1,0,6396.0,504.0,533.0,9.103189493433396,1,1,2021,0.49999999999999994,0.8660254037844387,5334.0,10245.0,6729.0,8443.0,5553.5,4812.166666666667
2021,2,A3924,ERMUA - DURANGO - UPV/EHU,7680.0,4816.0,39.0,1837.0,119.0,77.0,0.0,1.0,46.0,2021-02-01,1,0,6396.0,504.0,533.0,14.409005628517823,1,2,2021,0.8660254037844386,0.5000000000000001,4852.0,9750.0,12229.0,6645.333333333333,6362.166666666667,4655.75
2021,3,A3924,ERMUA - DURANGO - UPV/EHU,7889.0,5145.0,42.0,1679.0,140.0,73.0,0.0,4.0,48.0,2021-03-01,1,0,6396.0,504.0,533.0,14.801125703564727,1,3,2021,1.0,6.123233995736766e-17,7680.0,5334.0,5467.0,5955.333333333333,7642.166666666667,4276.666666666667
2021,4,A3924,ERMUA - DURANGO - UPV/EHU,5429.0,3591.0,45.0,1119.0,72.0,62.0,0.0,1.0,28.0,2021-04-01,1,0,6396.0,504.0,533.0,10.185741088180112,2,4,2021,0.8660254037844387,-0.4999999999999998,7889.0,4852.0,0.0,6807.0,7625.0,4478.5
2021,5,A3924,ERMUA - DURANGO - UPV/EHU,5233.0,3760.0,47.0,693.0,73.0,105.0,0.0,3.0,26.0,2021-05-01,1,0,6396.0,504.0,533.0,9.818011257035648,2,5,2021,0.49999999999999994,-0.8660254037844387,5429.0,7680.0,0.0,6999.333333333333,6822.333333333333,4930.916666666667
2021,6,A3924,ERMUA - DURANGO - UPV/EHU,2265.0,1670.0,25.0,284.0,21.0,34.0,0.0,0.0,8.0,2021-06-01,1,0,6396.0,504.0,533.0,4.24953095684803,2,6,2021,1.2246467991473532e-16,-1.0,5233.0,7889.0,0.0,6183.666666666667,6069.5,5367.0
2021,7,A3924,ERMUA - DURANGO - UPV/EHU,0.0,0.0,0.0,0.0,0.0,0.0,0.0,0.0,0.0,2021-07-01,1,0,6396.0,504.0,533.0,0.0,3,7,2021,-0.4999999999999997,-0.8660254037844388,2265.0,5429.0,0.0,4309.0,5558.0,5555.75
2021,8,A3924,ERMUA - DURANGO - UPV/EHU,0.0,0.0,0.0,0.0,0.0,0.0,0.0,0.0,0.0,2021-08-01,1,0,6396.0,504.0,533.0,0.0,3,8,2021,-0.8660254037844385,-0.5000000000000004,0.0,5233.0,0.0,2499.3333333333335,4749.333333333333,5555.75
2021,9,A3924,ERMUA - DURANGO - UPV/EHU,7887.0,4585.0,66.0,2029.0,209.0,169.0,0.0,0.0,21.0,2021-09-01,1,0,6396.0,504.0,533.0,14.797373358348969,3,9,2021,-1.0,-1.8369701987210297e-16,0.0,2265.0,7992.0,755.0,3469.3333333333335,5555.75
2021,10,A3924,ERMUA - DURANGO - UPV/EHU,11753.0,5699.0,89.0,4006.0,448.0,298.0,1.0,2.0,39.0,2021-10-01,1,0,6396.0,504.0,533.0,22.05065666041276,4,10,2021,-0.8660254037844386,0.5000000000000001,7887.0,0.0,10245.0,2629.0,3469.0,5547.0
2021,11,A3924,ERMUA - DURANGO - UPV/EHU,12895.0,5802.0,86.0,4913.0,467.0,286.0,1.0,3.0,42.0,2021-11-01,1,0,6396.0,504.0,533.0,24.193245778611633,4,11,2021,-0.5000000000000004,0.8660254037844384,11753.0,0.0,9750.0,6546.666666666667,4523.0,5672.666666666667
2021,12,A3924,ERMUA - DURANGO - UPV/EHU,7153.0,4153.0,90.0,1739.0,153.0,230.0,0.0,1.0,31.0,2021-12-01,1,0,6396.0,504.0,533.0,13.420262664165103,4,12,2021,-2.4492935982947064e-16,1.0,12895.0,7887.0,5334.0,10845.0,5800.0,5934.75
2022,1,A3924,ERMUA - DURANGO - UPV/EHU,5529.0,3411.0,55.0,1142.0,153.0,223.0,2.0,0.0,12.0,2022-01-01,0,0,6372.0,504.0,531.0,10.412429378531073,1,1,2022,0.49999999999999994,0.8660254037844387,7153.0,11753.0,4852.0,10600.333333333334,6614.666666666667,6086.333333333333
2022,2,A3924,ERMUA - DURANGO - UPV/EHU,11199.0,4998.0,113.0,4207.0,387.0,344.0,0.0,3.0,37.0,2022-02-01,0,0,6372.0,504.0,531.0,21.09039548022599,1,2,2022,0.8660254037844386,0.5000000000000001,5529.0,12895.0,7680.0,8525.666666666666,7536.166666666667,6142.75
2022,3,A3924,ERMUA - DURANGO - UPV/EHU,13011.0,6081.0,143.0,4798.0,428.0,279.0,1.0,5.0,41.0,2022-03-01,0,0,6372.0,504.0,531.0,24.502824858757062,1,3,2022,1.0,6.123233995736766e-17,11199.0,7153.0,7889.0,7960.333333333333,9402.666666666666,6436.0
2022,4,A3924,ERMUA - DURANGO - UPV/EHU,6877.0,4113.0,91.0,1649.0,176.0,172.0,0.0,2.0,30.0,2022-04-01,0,0,6372.0,504.0,531.0,12.951035781544256,2,4,2022,0.8660254037844387,-0.4999999999999998,13011.0,5529.0,5429.0,9913.0,10256.666666666666,6862.833333333333
2022,5,A3924,ERMUA - DURANGO - UPV/EHU,7928.0,4761.0,157.0,1848.0,132.0,203.0,0.0,4.0,34.0,2022-05-01,0,0,6372.0,504.0,531.0,14.930320150659133,2,5,2022,0.49999999999999994,-0.8660254037844387,6877.0,11199.0,5233.0,10362.333333333334,9444.0,6983.5
2022,6,A3924,ERMUA - DURANGO - UPV/EHU,1296.0,981.0,55.0,72.0,7.0,40.0,1.0,1.0,3.0,2022-06-01,0,0,6372.0,504.0,531.0,2.440677966101695,2,6,2022,1.2246467991473532e-16,-1.0,7928.0,13011.0,2265.0,9272.0,8616.166666666666,7208.083333333333
2022,7,A3924,ERMUA - DURANGO - UPV/EHU,0.0,0.0,0.0,0.0,0.0,0.0,0.0,0.0,0.0,2022-07-01,0,0,6372.0,504.0,531.0,0.0,3,7,2022,-0.4999999999999997,-0.8660254037844388,1296.0,6877.0,0.0,5367.0,7640.0,7127.333333333333
2022,8,A3924,ERMUA - DURANGO - UPV/EHU,0.0,0.0,0.0,0.0,0.0,0.0,0.0,0.0,0.0,2022-08-01,0,0,6372.0,504.0,531.0,0.0,3,8,2022,-0.8660254037844385,-0.5000000000000004,0.0,7928.0,0.0,3074.6666666666665,6718.5,7127.333333333333
2020,1,A3932,GALDAKAO - Metro Bolueta,67977.0,33278.0,14102.0,23.0,16.0,1358.0,1.0,933.0,367.0,2020-01-01,1,0,,,,,1,1,2020,0.49999999999999994,0.8660254037844387,,,,,,
2020,2,A3932,GALDAKAO - Metro Bolueta,65234.0,30353.0,13687.0,46.0,22.0,1101.0,0.0,815.0,367.0,2020-02-01,1,0,,,,,1,2,2020,0.8660254037844386,0.5000000000000001,67977.0,,,,,
2020,3,A3932,GALDAKAO - Metro Bolueta,31660.0,15619.0,5273.0,13.0,8.0,478.0,0.0,334.0,146.0,2020-03-01,1,0,,,,,1,3,2020,1.0,6.123233995736766e-17,65234.0,,,,,
2020,4,A3932,GALDAKAO - Metro Bolueta,9488.0,6874.0,719.0,3.0,8.0,0.0,0.0,5.0,10.0,2020-04-01,1,0,,,,,2,4,2020,0.8660254037844387,-0.4999999999999998,31660.0,67977.0,,54957.0,,
2020,5,A3932,GALDAKAO - Metro Bolueta,17657.0,12305.0,2401.0,114.0,76.0,0.0,0.0,14.0,12.0,2020-05-01,1,0,,,,,2,5,2020,0.49999999999999994,-0.8660254037844387,9488.0,65234.0,,35460.666666666664,,
2020,6,A3932,GALDAKAO - Metro Bolueta,34964.0,21199.0,6071.0,13.0,26.0,0.0,0.0,156.0,97.0,2020-06-01,1,0,,,,,2,6,2020,1.2246467991473532e-16,-1.0,17657.0,31660.0,,19601.666666666668,,
2020,7,A3932,GALDAKAO - Metro Bolueta,37588.0,22726.0,6243.0,28.0,41.0,0.0,0.0,299.0,148.0,2020-07-01,1,0,,,,,3,7,2020,-0.4999999999999997,-0.8660254037844388,34964.0,9488.0,,20703.0,37830.0,
2020,8,A3932,GALDAKAO - Metro Bolueta,31815.0,20264.0,5220.0,54.0,47.0,0.0,0.0,270.0,171.0,2020-08-01,1,0,,,,,3,8,2020,-0.8660254037844385,-0.5000000000000004,37588.0,17657.0,,30069.666666666668,32765.166666666668,
2020,9,A3932,GALDAKAO - Metro Bolueta,39975.0,23502.0,5946.0,39.0,36.0,0.0,0.0,181.0,157.0,2020-09-01,1,0,,,,,3,9,2020,-1.0,-1.8369701987210297e-16,31815.0,34964.0,,34789.0,27195.333333333332,
2020,10,A3932,GALDAKAO - Metro Bolueta,43025.0,23196.0,6096.0,91.0,67.0,0.0,0.0,300.0,194.0,2020-10-01,1,0,,,,,4,10,2020,-0.8660254037844386,0.5000000000000001,39975.0,37588.0,,36459.333333333336,28581.166666666668,
2020,11,A3932,GALDAKAO - Metro Bolueta,36632.0,20367.0,4492.0,49.0,31.0,0.0,0.0,243.0,147.0,2020-11-01,1,0,,,,,4,11,2020,-0.5000000000000004,0.8660254037844384,43025.0,31815.0,,38271.666666666664,34170.666666666664,
2020,12,A3932,GALDAKAO - Metro Bolueta,37872.0,21808.0,5586.0,21.0,20.0,84.0,0.0,254.0,224.0,2020-12-01,1,0,,,,,4,12,2020,-2.4492935982947064e-16,1.0,36632.0,39975.0,,39877.333333333336,37333.166666666664,
2021,1,A3932,GALDAKAO - Metro Bolueta,33332.0,20535.0,4944.0,6.0,1.0,244.0,0.0,440.0,245.0,2021-01-01,1,0,95871.0,909.0,7989.25,4.172106267797353,1,1,2021,0.49999999999999994,0.8660254037844387,37872.0,43025.0,67977.0,39176.333333333336,37817.833333333336,37823.916666666664
2021,2,A3932,GALDAKAO - Metro Bolueta,35529.0,18294.0,4277.0,7.0,5.0,324.0,0.0,366.0,246.0,2021-02-01,1,0,95871.0,909.0,7989.25,4.447100791688832,1,2,2021,0.8660254037844386,0.5000000000000001,33332.0,36632.0,65234.0,35945.333333333336,37108.5,34936.833333333336
2021,3,A3932,GALDAKAO - Metro Bolueta,46359.0,24009.0,6696.0,7.0,7.0,479.0,1.0,481.0,242.0,2021-03-01,1,0,95871.0,909.0,7989.25,5.802672340958162,1,3,2021,1.0,6.123233995736766e-17,35529.0,37872.0,31660.0,35577.666666666664,37727.5,32461.416666666668
2021,4,A3932,GALDAKAO - Metro Bolueta,39596.0,20429.0,5869.0,11.0,1.0,436.0,0.0,492.0,265.0,2021-04-01,1,0,95871.0,909.0,7989.25,4.956159839784711,2,4,2021,0.8660254037844387,-0.4999999999999998,46359.0,33332.0,9488.0,38406.666666666664,38791.5,33686.333333333336
2021,5,A3932,GALDAKAO - Metro Bolueta,44498.0,22543.0,6874.0,2.0,5.0,516.0,0.0,603.0,238.0,2021-05-01,1,0,95871.0,909.0,7989.25,5.569734330506618,2,5,2021,0.49999999999999994,-0.8660254037844387,39596.0,35529.0,17657.0,40494.666666666664,38220.0,36195.333333333336
2021,6,A3932,GALDAKAO - Metro Bolueta,43681.0,26533.0,8197.0,11.0,6.0,586.0,2.0,569.0,331.0,2021-06-01,1,0,95871.0,909.0,7989.25,5.467471915386301,2,6,2021,1.2246467991473532e-16,-1.0,44498.0,46359.0,34964.0,43484.333333333336,39531.0,38432.083333333336
2021,7,A3932,GALDAKAO - Metro Bolueta,39260.0,23023.0,6452.0,8.0,5.0,560.0,1.0,441.0,249.0,2021-07-01,1,0,95871.0,909.0,7989.25,4.914103326344776,3,7,2021,-0.4999999999999997,-0.8660254037844388,43681.0,39596.0,37588.0,42591.666666666664,40499.166666666664,39158.5
2021,8,A3932,GALDAKAO - Metro Bolueta,34807.0,21090.0,5874.0,5.0,2.0,680.0,1.0,408.0,279.0,2021-08-01,1,0,95871.0,909.0,7989.25,4.356729355070876,3,8,2021,-0.8660254037844385,-0.5000000000000004,39260.0,44498.0,31815.0,42479.666666666664,41487.166666666664,39297.833333333336
2021,9,A3932,GALDAKAO - Metro Bolueta,46033.0,24584.0,7315.0,17.0,11.0,591.0,0.0,635.0,285.0,2021-09-01,1,0,95871.0,909.0,7989.25,5.761867509465845,3,9,2021,-1.0,-1.8369701987210297e-16,34807.0,43681.0,39975.0,39249.333333333336,41366.833333333336,39547.166666666664
2021,10,A3932,GALDAKAO - Metro Bolueta,51811.0,26492.0,9156.0,35.0,9.0,708.0,0.0,648.0,340.0,2021-10-01,1,0,95871.0,909.0,7989.25,6.485089338799011,4,10,2021,-0.8660254037844386,0.5000000000000001,46033.0,39260.0,43025.0,40033.333333333336,41312.5,40052.0
2021,11,A3932,GALDAKAO - Metro Bolueta,51516.0,25802.0,9057.0,30.0,14.0,630.0,0.0,509.0,366.0,2021-11-01,1,0,95871.0,909.0,7989.25,6.448164721344306,4,11,2021,-0.5000000000000004,0.8660254037844384,51811.0,34807.0,36632.0,44217.0,43348.333333333336,40784.166666666664
2021,12,A3932,GALDAKAO - Metro Bolueta,46391.0,24818.0,8549.0,14.0,10.0,522.0,0.0,565.0,269.0,2021-12-01,1,0,95871.0,909.0,7989.25,5.806677723190537,4,12,2021,-2.4492935982947064e-16,1.0,51516.0,46033.0,37872.0,49786.666666666664,44518.0,42024.5
2022,1,A3932,GALDAKAO - Metro Bolueta,43258.0,22436.0,7655.0,10.0,3.0,493.0,0.0,516.0,311.0,2022-01-01,0,0,96006.0,909.0,8000.5,5.4069120679957505,1,1,2022,0.49999999999999994,0.8660254037844387,46391.0,51811.0,33332.0,49906.0,44969.666666666664,42734.416666666664
2022,2,A3932,GALDAKAO - Metro Bolueta,46501.0,22800.0,7898.0,13.0,9.0,501.0,0.0,574.0,272.0,2022-02-01,0,0,96006.0,909.0,8000.5,5.812261733641647,1,2,2022,0.8660254037844386,0.5000000000000001,43258.0,51516.0,35529.0,47055.0,45636.0,43561.583333333336
2022,3,A3932,GALDAKAO - Metro Bolueta,53144.0,27932.0,9542.0,26.0,13.0,562.0,2.0,596.0,362.0,2022-03-01,0,0,96006.0,909.0,8000.5,6.642584838447597,1,3,2022,1.0,6.123233995736766e-17,46501.0,46391.0,46359.0,45383.333333333336,47585.0,44475.916666666664
2022,4,A3932,GALDAKAO - Metro Bolueta,43301.0,23259.0,7965.0,13.0,12.0,518.0,1.0,589.0,268.0,2022-04-01,0,0,96006.0,909.0,8000.5,5.412286732079245,2,4,2022,0.8660254037844387,-0.4999999999999998,53144.0,43258.0,39596.0,47634.333333333336,48770.166666666664,45041.333333333336
2022,5,A3932,GALDAKAO - Metro Bolueta,51063.0,26801.0,9234.0,12.0,7.0,612.0,1.0,786.0,324.0,2022-05-01,0,0,96006.0,909.0,8000.5,6.382476095244047,2,5,2022,0.49999999999999994,-0.8660254037844387,43301.0,46501.0,44498.0,47648.666666666664,47351.833333333336,45350.083333333336
2022,6,A3932,GALDAKAO - Metro Bolueta,49194.0,26450.0,8999.0,15.0,10.0,604.0,0.0,662.0,273.0,2022-06-01,0,0,96006.0,909.0,8000.5,6.148865695894006,2,6,2022,1.2246467991473532e-16,-1.0,51063.0,53144.0,43681.0,49169.333333333336,47276.333333333336,45897.166666666664
2022,7,A3932,GALDAKAO - Metro Bolueta,42011.0,24989.0,7629.0,4.0,8.0,564.0,3.0,592.0,260.0,2022-07-01,0,0,96006.0,909.0,8000.5,5.251046809574402,3,7,2022,-0.4999999999999997,-0.8660254037844388,49194.0,43301.0,39260.0,47852.666666666664,47743.5,46356.583333333336
2022,8,A3932,GALDAKAO - Metro Bolueta,47215.0,29073.0,8652.0,8.0,10.0,691.0,0.0,753.0,323.0,2022-08-01,0,0,96006.0,909.0,8000.5,5.901506155865259,3,8,2022,-0.8660254037844385,-0.5000000000000004,42011.0,51063.0,34807.0,47422.666666666664,47535.666666666664,46585.833333333336
2020,1,A2610,GALDAKAO - UPV/EHU,8358.0,4924.0,341.0,1803.0,431.0,292.0,0.0,18.0,115.0,2020-01-01,1,0,,,,,1,1,2020,0.49999999999999994,0.8660254037844387,,,,,,
2020,2,A2610,GALDAKAO - UPV/EHU,14399.0,5764.0,415.0,5351.0,1311.0,353.0,0.0,25.0,217.0,2020-02-01,1,0,,,,,1,2,2020,0.8660254037844386,0.5000000000000001,8358.0,,,,,
2020,3,A2610,GALDAKAO - UPV/EHU,6834.0,2829.0,166.0,2449.0,646.0,188.0,0.0,15.0,90.0,2020-03-01,1,0,,,,,1,3,2020,1.0,6.123233995736766e-17,14399.0,,,,,
2020,4,A2610,GALDAKAO - UPV/EHU,0.0,0.0,0.0,0.0,0.0,0.0,0.0,0.0,0.0,2020-04-01,1,0,,,,,2,4,2020,0.8660254037844387,-0.4999999999999998,6834.0,8358.0,,9863.666666666666,,
2020,5,A2610,GALDAKAO - UPV/EHU,451.0,401.0,35.0,3.0,5.0,0.0,0.0,0.0,1.0,2020-05-01,1,0,,,,,2,5,2020,0.49999999999999994,-0.8660254037844387,0.0,14399.0,,7077.666666666667,,
2020,6,A2610,GALDAKAO - UPV/EHU,1972.0,1772.0,78.0,74.0,16.0,0.0,0.0,2.0,12.0,2020-06-01,1,0,,,,,2,6,2020,1.2246467991473532e-16,-1.0,451.0,6834.0,,2428.3333333333335,,
2020,7,A2610,GALDAKAO - UPV/EHU,957.0,864.0,51.0,30.0,5.0,0.0,0.0,2.0,0.0,2020-07-01,1,0,,,,,3,7,2020,-0.4999999999999997,-0.8660254037844388,1972.0,0.0,,807.6666666666666,5335.666666666667,
2020,8,A2610,GALDAKAO - UPV/EHU,1.0,1.0,0.0,0.0,0.0,0.0,0.0,0.0,0.0,2020-08-01,1,0,,,,,3,8,2020,-0.8660254037844385,-0.5000000000000004,957.0,451.0,,1126.6666666666667,4102.166666666667,
2020,9,A2610,GALDAKAO - UPV/EHU,9255.0,5601.0,161.0,2285.0,463.0,0.0,0.0,12.0,97.0,2020-09-01,1,0,,,,,3,9,2020,-1.0,-1.8369701987210297e-16,1.0,1972.0,,976.6666666666666,1702.5,
2020,10,A2610,GALDAKAO - UPV/EHU,12191.0,6702.0,219.0,3570.0,707.0,0.0,0.0,3.0,104.0,2020-10-01,1,0,,,,,4,10,2020,-0.8660254037844386,0.5000000000000001,9255.0,957.0,,3404.3333333333335,2106.0,
2020,11,A2610,GALDAKAO - UPV/EHU,11849.0,6847.0,232.0,3107.0,682.0,0.0,0.0,4.0,79.0,2020-11-01,1,0,,,,,4,11,2020,-0.5000000000000004,0.8660254037844384,12191.0,1.0,,7149.0,4137.833333333333,
2020,12,A2610,GALDAKAO - UPV/EHU,6317.0,4051.0,197.0,1286.0,265.0,0.0,0.0,3.0,44.0,2020-12-01,1,0,,,,,4,12,2020,-2.4492935982947064e-16,1.0,11849.0,9255.0,,11098.333333333334,6037.5,
2021,1,A2610,GALDAKAO - UPV/EHU,6071.0,4495.0,158.0,808.0,142.0,37.0,0.0,11.0,75.0,2021-01-01,1,0,12426.0,524.0,1035.5,5.86286817962337,1,1,2021,0.49999999999999994,0.8660254037844387,6317.0,12191.0,8358.0,10119.0,6761.666666666667,6048.666666666667
2021,2,A2610,GALDAKAO - UPV/EHU,9481.0,5820.0,170.0,2173.0,312.0,104.0,0.0,8.0,134.0,2021-02-01,1,0,12426.0,524.0,1035.5,9.155963302752294,1,2,2021,0.8660254037844386,0.5000000000000001,6071.0,11849.0,14399.0,8079.0,7614.0,5858.083333333333
2021,3,A2610,GALDAKAO - UPV/EHU,10101.0,6320.0,235.0,2255.0,328.0,111.0,0.0,12.0,132.0,2021-03-01,1,0,12426.0,524.0,1035.5,9.754707870593917,1,3,2021,1.0,6.123233995736766e-17,9481.0,6317.0,6834.0,7289.666666666667,9194.0,5448.25
2021,4,A2610,GALDAKAO - UPV/EHU,6800.0,4303.0,161.0,1431.0,201.0,95.0,0.0,6.0,93.0,2021-04-01,1,0,12426.0,524.0,1035.5,6.56687590535973,2,4,2021,0.8660254037844387,-0.4999999999999998,10101.0,6071.0,0.0,8551.0,9335.0,5720.5
2021,5,A2610,GALDAKAO - UPV/EHU,7386.0,5125.0,226.0,1169.0,189.0,85.0,0.0,18.0,88.0,2021-05-01,1,0,12426.0,524.0,1035.5,7.132786093674554,2,5,2021,0.49999999999999994,-0.8660254037844387,6800.0,9481.0,451.0,8794.0,8436.5,6287.166666666667
2021,6,A2610,GALDAKAO - UPV/EHU,5757.0,4216.0,244.0,651.0,131.0,109.0,1.0,14.0,59.0,2021-06-01,1,0,12426.0,524.0,1035.5,5.559633027522936,2,6,2021,1.2246467991473532e-16,-1.0,7386.0,10101.0,1972.0,8095.666666666667,7692.666666666667,6865.083333333333
2021,7,A2610,GALDAKAO - UPV/EHU,913.0,683.0,62.0,71.0,15.0,30.0,0.0,6.0,14.0,2021-07-01,1,0,12426.0,524.0,1035.5,0.8816996619990343,3,7,2021,-0.4999999999999997,-0.8660254037844388,5757.0,6800.0,957.0,6647.666666666667,7599.333333333333,7180.5
2021,8,A2610,GALDAKAO - UPV/EHU,0.0,0.0,0.0,0.0,0.0,0.0,0.0,0.0,0.0,2021-08-01,1,0,12426.0,524.0,1035.5,0.0,3,8,2021,-0.8660254037844385,-0.5000000000000004,913.0,7386.0,1.0,4685.333333333333,6739.666666666667,7176.833333333333
2021,9,A2610,GALDAKAO - UPV/EHU,9548.0,5870.0,191.0,2223.0,394.0,187.0,0.0,14.0,88.0,2021-09-01,1,0,12426.0,524.0,1035.5,9.220666344760986,3,9,2021,-1.0,-1.8369701987210297e-16,0.0,5757.0,9255.0,2223.3333333333335,5159.5,7176.75
2021,10,A2610,GALDAKAO - UPV/EHU,13918.0,7254.0,240.0,4345.0,729.0,268.0,0.0,12.0,115.0,2021-10-01,1,0,12426.0,524.0,1035.5,13.440849830999516,4,10,2021,-0.8660254037844386,0.5000000000000001,9548.0,913.0,12191.0,3487.0,5067.333333333333,7201.166666666667
2021,11,A2610,GALDAKAO - UPV/EHU,15521.0,7535.0,247.0,5394.0,875.0,281.0,0.0,8.0,152.0,2021-11-01,1,0,12426.0,524.0,1035.5,14.988894253983583,4,11,2021,-0.5000000000000004,0.8660254037844384,13918.0,0.0,11849.0,7822.0,6253.666666666667,7345.083333333333
2021,12,A2610,GALDAKAO - UPV/EHU,8718.0,4884.0,200.0,2285.0,454.0,207.0,0.0,6.0,110.0,2021-12-01,1,0,12426.0,524.0,1035.5,8.419121197489135,4,12,2021,-2.4492935982947064e-16,1.0,15521.0,9548.0,6317.0,12995.666666666666,7609.5,7651.083333333333
2022,1,A2610,GALDAKAO - UPV/EHU,6780.0,4323.0,172.0,1322.0,306.0,187.0,0.0,7.0,99.0,2022-01-01,0,0,12378.0,522.0,1031.5,6.572952011633544,1,1,2022,0.49999999999999994,0.8660254037844387,8718.0,13918.0,6071.0,12719.0,8103.0,7851.166666666667
2022,2,A2610,GALDAKAO - UPV/EHU,13691.0,6596.0,261.0,4731.0,771.0,231.0,0.0,16.0,134.0,2022-02-01,0,0,12378.0,522.0,1031.5,13.272903538536113,1,2,2022,0.8660254037844386,0.5000000000000001,6780.0,15521.0,9481.0,10339.666666666666,9080.833333333334,7910.25
2022,3,A2610,GALDAKAO - UPV/EHU,14420.0,7003.0,323.0,4879.0,935.0,230.0,1.0,15.0,130.0,2022-03-01,0,0,12378.0,522.0,1031.5,13.979641299079011,1,3,2022,1.0,6.123233995736766e-17,13691.0,8718.0,10101.0,9729.666666666666,11362.666666666666,8261.083333333334
2022,4,A2610,GALDAKAO - UPV/EHU,7810.0,4344.0,265.0,1987.0,427.0,154.0,0.0,14.0,103.0,2022-04-01,0,0,12378.0,522.0,1031.5,7.571497818710616,2,4,2022,0.8660254037844387,-0.4999999999999998,14420.0,6780.0,6800.0,11630.333333333334,12174.666666666666,8621.0
2022,5,A2610,GALDAKAO - UPV/EHU,9778.0,5853.0,309.0,2269.0,469.0,231.0,0.0,15.0,114.0,2022-05-01,0,0,12378.0,522.0,1031.5,9.479398933591856,2,5,2022,0.49999999999999994,-0.8660254037844387,7810.0,13691.0,7386.0,11973.666666666666,11156.666666666666,8705.166666666666
2022,6,A2610,GALDAKAO - UPV/EHU,5437.0,4221.0,211.0,499.0,72.0,149.0,1.0,21.0,71.0,2022-06-01,0,0,12378.0,522.0,1031.5,5.270964614638875,2,6,2022,1.2246467991473532e-16,-1.0,9778.0,14420.0,5757.0,10669.333333333334,10199.5,8904.5
2022,7,A2610,GALDAKAO - UPV/EHU,876.0,690.0,38.0,76.0,10.0,28.0,0.0,3.0,9.0,2022-07-01,0,0,12378.0,522.0,1031.5,0.8492486669898206,3,7,2022,-0.4999999999999997,-0.8660254037844388,5437.0,7810.0,913.0,7675.0,9652.666666666666,8877.833333333334
2022,8,A2610,GALDAKAO - UPV/EHU,0.0,0.0,0.0,0.0,0.0,0.0,0.0,0.0,0.0,2022-08-01,0,0,12378.0,522.0,1031.5,0.0,3,8,2022,-0.8660254037844385,-0.5000000000000004,876.0,9778.0,0.0,5363.666666666667,8668.666666666666,8874.75
2020,1,A3931,GARAI - DURANGO,68.0,0.0,0.0,0.0,0.0,47.0,21.0,0.0,0.0,2020-01-01,1,0,,,,,1,1,2020,0.49999999999999994,0.8660254037844387,,,,,,
2020,2,A3931,GARAI - DURANGO,76.0,0.0,0.0,0.0,0.0,61.0,15.0,0.0,0.0,2020-02-01,1,0,,,,,1,2,2020,0.8660254037844386,0.5000000000000001,68.0,,,,,
2020,3,A3931,GARAI - DURANGO,44.0,0.0,0.0,0.0,0.0,35.0,9.0,0.0,0.0,2020-03-01,1,0,,,,,1,3,2020,1.0,6.123233995736766e-17,76.0,,,,,
2020,4,A3931,GARAI - DURANGO,14.0,0.0,0.0,0.0,0.0,14.0,0.0,0.0,0.0,2020-04-01,1,0,,,,,2,4,2020,0.8660254037844387,-0.4999999999999998,44.0,68.0,,62.666666666666664,,
2020,5,A3931,GARAI - DURANGO,29.0,0.0,0.0,0.0,0.0,29.0,0.0,0.0,0.0,2020-05-01,1,0,,,,,2,5,2020,0.49999999999999994,-0.8660254037844387,14.0,76.0,,44.666666666666664,,
2020,6,A3931,GARAI - DURANGO,60.0,0.0,0.0,0.0,0.0,54.0,6.0,0.0,0.0,2020-06-01,1,0,,,,,2,6,2020,1.2246467991473532e-16,-1.0,29.0,44.0,,29.0,,
2020,7,A3931,GARAI - DURANGO,50.0,0.0,0.0,0.0,0.0,48.0,2.0,0.0,0.0,2020-07-01,1,0,,,,,3,7,2020,-0.4999999999999997,-0.8660254037844388,60.0,14.0,,34.333333333333336,48.5,
2020,8,A3931,GARAI - DURANGO,29.0,0.0,0.0,0.0,0.0,29.0,0.0,0.0,0.0,2020-08-01,1,0,,,,,3,8,2020,-0.8660254037844385,-0.5000000000000004,50.0,29.0,,46.333333333333336,45.5,
2020,9,A3931,GARAI - DURANGO,53.0,0.0,0.0,0.0,0.0,53.0,0.0,0.0,0.0,2020-09-01,1,0,,,,,3,9,2020,-1.0,-1.8369701987210297e-16,29.0,60.0,,46.333333333333336,37.666666666666664,
2020,10,A3931,GARAI - DURANGO,53.0,0.0,0.0,0.0,0.0,53.0,0.0,0.0,0.0,2020-10-01,1,0,,,,,4,10,2020,-0.8660254037844386,0.5000000000000001,53.0,50.0,,44.0,39.166666666666664,
2020,11,A3931,GARAI - DURANGO,38.0,0.0,0.0,0.0,0.0,38.0,0.0,0.0,0.0,2020-11-01,1,0,,,,,4,11,2020,-0.5000000000000004,0.8660254037844384,53.0,29.0,,45.0,45.666666666666664,
2020,12,A3931,GARAI - DURANGO,38.0,0.0,0.0,0.0,0.0,38.0,0.0,0.0,0.0,2020-12-01,1,0,,,,,4,12,2020,-2.4492935982947064e-16,1.0,38.0,53.0,,48.0,47.166666666666664,
2021,1,A3931,GARAI - DURANGO,37.0,0.0,0.0,0.0,0.0,37.0,0.0,0.0,0.0,2021-01-01,1,0,4368.0,624.0,364.0,0.10164835164835165,1,1,2021,0.49999999999999994,0.8660254037844387,38.0,53.0,68.0,43.0,43.5,46.0
2021,2,A3931,GARAI - DURANGO,56.0,0.0,0.0,0.0,0.0,56.0,0.0,0.0,0.0,2021-02-01,1,0,4368.0,624.0,364.0,0.15384615384615385,1,2,2021,0.8660254037844386,0.5000000000000001,37.0,38.0,76.0,37.666666666666664,41.333333333333336,43.416666666666664
2021,3,A3931,GARAI - DURANGO,68.0,0.0,0.0,0.0,0.0,68.0,0.0,0.0,0.0,2021-03-01,1,0,4368.0,624.0,364.0,0.18681318681318682,1,3,2021,1.0,6.123233995736766e-17,56.0,38.0,44.0,43.666666666666664,45.833333333333336,41.75
2021,4,A3931,GARAI - DURANGO,65.0,0.0,0.0,0.0,0.0,65.0,0.0,0.0,0.0,2021-04-01,1,0,4368.0,624.0,364.0,0.17857142857142858,2,4,2021,0.8660254037844387,-0.4999999999999998,68.0,37.0,14.0,53.666666666666664,48.333333333333336,43.75
2021,5,A3931,GARAI - DURANGO,67.0,0.0,0.0,0.0,0.0,67.0,0.0,0.0,0.0,2021-05-01,1,0,4368.0,624.0,364.0,0.18406593406593408,2,5,2021,0.49999999999999994,-0.8660254037844387,65.0,56.0,29.0,63.0,50.333333333333336,48.0
2021,6,A3931,GARAI - DURANGO,86.0,0.0,0.0,0.0,0.0,86.0,0.0,0.0,0.0,2021-06-01,1,0,4368.0,624.0,364.0,0.23626373626373626,2,6,2021,1.2246467991473532e-16,-1.0,67.0,68.0,60.0,66.66666666666667,55.166666666666664,51.166666666666664
2021,7,A3931,GARAI - DURANGO,79.0,0.0,0.0,0.0,0.0,79.0,0.0,0.0,0.0,2021-07-01,1,0,4368.0,624.0,364.0,0.21703296703296704,3,7,2021,-0.4999999999999997,-0.8660254037844388,86.0,65.0,50.0,72.66666666666667,63.166666666666664,53.333333333333336
2021,8,A3931,GARAI - DURANGO,75.0,0.0,0.0,0.0,0.0,75.0,0.0,0.0,0.0,2021-08-01,1,0,4368.0,624.0,364.0,0.20604395604395603,3,8,2021,-0.8660254037844385,-0.5000000000000004,79.0,67.0,29.0,77.33333333333333,70.16666666666667,55.75
2021,9,A3931,GARAI - DURANGO,95.0,0.0,0.0,0.0,0.0,95.0,0.0,0.0,0.0,2021-09-01,1,0,4368.0,624.0,364.0,0.260989010989011,3,9,2021,-1.0,-1.8369701987210297e-16,75.0,86.0,53.0,80.0,73.33333333333333,59.583333333333336
2021,10,A3931,GARAI - DURANGO,80.0,0.0,0.0,0.0,0.0,80.0,0.0,0.0,0.0,2021-10-01,1,0,4368.0,624.0,364.0,0.21978021978021978,4,10,2021,-0.8660254037844386,0.5000000000000001,95.0,79.0,53.0,83.0,77.83333333333333,63.083333333333336
2021,11,A3931,GARAI - DURANGO,76.0,0.0,0.0,0.0,0.0,76.0,0.0,0.0,0.0,2021-11-01,1,0,4368.0,624.0,364.0,0.2087912087912088,4,11,2021,-0.5000000000000004,0.8660254037844384,80.0,75.0,38.0,83.33333333333333,80.33333333333333,65.33333333333333
2021,12,A3931,GARAI - DURANGO,72.0,0.0,0.0,0.0,0.0,72.0,0.0,0.0,0.0,2021-12-01,1,0,4368.0,624.0,364.0,0.1978021978021978,4,12,2021,-2.4492935982947064e-16,1.0,76.0,95.0,38.0,83.66666666666667,81.83333333333333,68.5
2022,1,A3931,GARAI - DURANGO,46.0,0.0,0.0,0.0,0.0,46.0,0.0,0.0,0.0,2022-01-01,0,0,4361.0,623.0,363.4166666666667,0.1265764732859436,1,1,2022,0.49999999999999994,0.8660254037844387,72.0,80.0,37.0,76.0,79.5,71.33333333333333
2022,2,A3931,GARAI - DURANGO,45.0,0.0,0.0,0.0,0.0,45.0,0.0,0.0,0.0,2022-02-01,0,0,4361.0,623.0,363.4166666666667,0.12382481082320568,1,2,2022,0.8660254037844386,0.5000000000000001,46.0,76.0,56.0,64.66666666666667,74.0,72.08333333333333
2022,3,A3931,GARAI - DURANGO,51.0,0.0,0.0,0.0,0.0,51.0,0.0,0.0,0.0,2022-03-01,0,0,4361.0,623.0,363.4166666666667,0.1403347855996331,1,3,2022,1.0,6.123233995736766e-17,45.0,72.0,68.0,54.333333333333336,69.0,71.16666666666667
2022,4,A3931,GARAI - DURANGO,48.0,0.0,0.0,0.0,0.0,48.0,0.0,0.0,0.0,2022-04-01,0,0,4361.0,623.0,363.4166666666667,0.13207979821141938,2,4,2022,0.8660254037844387,-0.4999999999999998,51.0,46.0,65.0,47.333333333333336,61.666666666666664,69.75
2022,5,A3931,GARAI - DURANGO,56.0,0.0,0.0,0.0,0.0,56.0,0.0,0.0,0.0,2022-05-01,0,0,4361.0,623.0,363.4166666666667,0.15409309791332262,2,5,2022,0.49999999999999994,-0.8660254037844387,48.0,45.0,67.0,48.0,56.333333333333336,68.33333333333333
2022,6,A3931,GARAI - DURANGO,56.0,0.0,0.0,0.0,0.0,56.0,0.0,0.0,0.0,2022-06-01,0,0,4361.0,623.0,363.4166666666667,0.15409309791332262,2,6,2022,1.2246467991473532e-16,-1.0,56.0,51.0,86.0,51.666666666666664,53.0,67.41666666666667
2022,7,A3931,GARAI - DURANGO,53.0,0.0,0.0,0.0,0.0,53.0,0.0,0.0,0.0,2022-07-01,0,0,4361.0,623.0,363.4166666666667,0.14583811052510892,3,7,2022,-0.4999999999999997,-0.8660254037844388,56.0,48.0,79.0,53.333333333333336,50.333333333333336,64.91666666666667
2022,8,A3931,GARAI - DURANGO,25.0,0.0,0.0,0.0,0.0,25.0,0.0,0.0,0.0,2022-08-01,0,0,4361.0,623.0,363.4166666666667,0.0687915615684476,3,8,2022,-0.8660254037844385,-0.5000000000000004,53.0,56.0,75.0,55.0,51.5,62.75
2020,1,A3525,GERNIKA LUMO - AMOREBIETA ETXANO  - UPV/EHU,4096.0,2527.0,70.0,723.0,116.0,242.0,0.0,1.0,19.0,2020-01-01,1,0,,,,,1,1,2020,0.49999999999999994,0.8660254037844387,,,,,,
2020,2,A3525,GERNIKA LUMO - AMOREBIETA ETXANO  - UPV/EHU,7329.0,2894.0,96.0,2838.0,307.0,318.0,0.0,2.0,47.0,2020-02-01,1,0,,,,,1,2,2020,0.8660254037844386,0.5000000000000001,4096.0,,,,,
2020,3,A3525,GERNIKA LUMO - AMOREBIETA ETXANO  - UPV/EHU,3309.0,1315.0,36.0,1232.0,162.0,142.0,0.0,1.0,23.0,2020-03-01,1,0,,,,,1,3,2020,1.0,6.123233995736766e-17,7329.0,,,,,
2020,4,A3525,GERNIKA LUMO - AMOREBIETA ETXANO  - UPV/EHU,0.0,,,,,0.0,0.0,0.0,0.0,2020-04-01,1,0,,,,,2,4,2020,0.8660254037844387,-0.4999999999999998,3309.0,4096.0,,4911.333333333333,,
2020,5,A3525,GERNIKA LUMO - AMOREBIETA ETXANO  - UPV/EHU,0.0,,,,,0.0,0.0,0.0,0.0,2020-05-01,1,0,,,,,2,5,2020,0.49999999999999994,-0.8660254037844387,0.0,7329.0,,3546.0,,
2020,6,A3525,GERNIKA LUMO - AMOREBIETA ETXANO  - UPV/EHU,0.0,,,,,0.0,0.0,0.0,0.0,2020-06-01,1,0,,,,,2,6,2020,1.2246467991473532e-16,-1.0,0.0,3309.0,,1103.0,,
2020,7,A3525,GERNIKA LUMO - AMOREBIETA ETXANO  - UPV/EHU,0.0,,,,,0.0,0.0,0.0,0.0,2020-07-01,1,0,,,,,3,7,2020,-0.4999999999999997,-0.8660254037844388,0.0,0.0,,0.0,2455.6666666666665,
2020,8,A3525,GERNIKA LUMO - AMOREBIETA ETXANO  - UPV/EHU,0.0,,,,,0.0,0.0,0.0,0.0,2020-08-01,1,0,,,,,3,8,2020,-0.8660254037844385,-0.5000000000000004,0.0,0.0,,0.0,1773.0,
2020,9,A3525,GERNIKA LUMO - AMOREBIETA ETXANO  - UPV/EHU,4451.0,2803.0,47.0,838.0,195.0,0.0,0.0,3.0,6.0,2020-09-01,1,0,,,,,3,9,2020,-1.0,-1.8369701987210297e-16,0.0,0.0,,0.0,551.5,
2020,10,A3525,GERNIKA LUMO - AMOREBIETA ETXANO  - UPV/EHU,5676.0,3107.0,54.0,1456.0,264.0,0.0,0.0,2.0,16.0,2020-10-01,1,0,,,,,4,10,2020,-0.8660254037844386,0.5000000000000001,4451.0,0.0,,1483.6666666666667,741.8333333333334,
2020,11,A3525,GERNIKA LUMO - AMOREBIETA ETXANO  - UPV/EHU,5610.0,3335.0,43.0,1310.0,168.0,0.0,0.0,5.0,4.0,2020-11-01,1,0,,,,,4,11,2020,-0.5000000000000004,0.8660254037844384,5676.0,0.0,,3375.6666666666665,1687.8333333333333,
2020,12,A3525,GERNIKA LUMO - AMOREBIETA ETXANO  - UPV/EHU,2862.0,1979.0,31.0,465.0,62.0,0.0,0.0,2.0,1.0,2020-12-01,1,0,,,,,4,12,2020,-2.4492935982947064e-16,1.0,5610.0,4451.0,,5245.666666666667,2622.8333333333335,
2021,1,A3525,GERNIKA LUMO - AMOREBIETA ETXANO  - UPV/EHU,2783.0,2045.0,33.0,350.0,59.0,13.0,0.0,9.0,8.0,2021-01-01,1,0,6845.0,504.0,570.4166666666666,4.878889700511323,1,1,2021,0.49999999999999994,0.8660254037844387,2862.0,5676.0,4096.0,4716.0,3099.8333333333335,2777.75
2021,2,A3525,GERNIKA LUMO - AMOREBIETA ETXANO  - UPV/EHU,4838.0,3052.0,53.0,1092.0,107.0,34.0,0.0,10.0,4.0,2021-02-01,1,0,6845.0,504.0,570.4166666666666,8.481519357195033,1,2,2021,0.8660254037844386,0.5000000000000001,2783.0,5610.0,7329.0,3751.6666666666665,3563.6666666666665,2668.3333333333335
2021,3,A3525,GERNIKA LUMO - AMOREBIETA ETXANO  - UPV/EHU,4650.0,3050.0,69.0,959.0,52.0,62.0,0.0,7.0,21.0,2021-03-01,1,0,6845.0,504.0,570.4166666666666,8.151935719503287,1,3,2021,1.0,6.123233995736766e-17,4838.0,2862.0,3309.0,3494.3333333333335,4370.0,2460.75
2021,4,A3525,GERNIKA LUMO - AMOREBIETA ETXANO  - UPV/EHU,3128.0,2074.0,46.0,614.0,42.0,67.0,0.0,6.0,10.0,2021-04-01,1,0,6845.0,504.0,570.4166666666666,5.483710737764792,2,4,2021,0.8660254037844387,-0.4999999999999998,4650.0,2783.0,0.0,4090.3333333333335,4403.166666666667,2572.5
2021,5,A3525,GERNIKA LUMO - AMOREBIETA ETXANO  - UPV/EHU,3332.0,2345.0,84.0,462.0,41.0,94.0,0.0,11.0,16.0,2021-05-01,1,0,6845.0,504.0,570.4166666666666,5.841344046749453,2,5,2021,0.49999999999999994,-0.8660254037844387,3128.0,4838.0,0.0,4205.333333333333,3978.5,2833.1666666666665
2021,6,A3525,GERNIKA LUMO - AMOREBIETA ETXANO  - UPV/EHU,791.0,644.0,15.0,36.0,10.0,22.0,0.0,4.0,2.0,2021-06-01,1,0,6845.0,504.0,570.4166666666666,1.3867056245434626,2,6,2021,1.2246467991473532e-16,-1.0,3332.0,4650.0,0.0,3703.3333333333335,3598.8333333333335,3110.8333333333335
2021,7,A3525,GERNIKA LUMO - AMOREBIETA ETXANO  - UPV/EHU,0.0,,,,,0.0,0.0,0.0,0.0,2021-07-01,1,0,6845.0,504.0,570.4166666666666,0.0,3,7,2021,-0.4999999999999997,-0.8660254037844388,791.0,3128.0,0.0,2417.0,3253.6666666666665,3176.75
2021,8,A3525,GERNIKA LUMO - AMOREBIETA ETXANO  - UPV/EHU,0.0,,,,,0.0,0.0,0.0,0.0,2021-08-01,1,0,6845.0,504.0,570.4166666666666,0.0,3,8,2021,-0.8660254037844385,-0.5000000000000004,0.0,3332.0,0.0,1374.3333333333333,2789.8333333333335,3176.75
2021,9,A3525,GERNIKA LUMO - AMOREBIETA ETXANO  - UPV/EHU,4180.0,2492.0,70.0,881.0,121.0,114.0,0.0,9.0,18.0,2021-09-01,1,0,6845.0,504.0,570.4166666666666,7.327976625273923,3,9,2021,-1.0,-1.8369701987210297e-16,0.0,791.0,4451.0,263.6666666666667,1983.5,3176.75
2021,10,A3525,GERNIKA LUMO - AMOREBIETA ETXANO  - UPV/EHU,6639.0,3547.0,62.0,1789.0,239.0,200.0,0.0,10.0,40.0,2021-10-01,1,0,6845.0,504.0,570.4166666666666,11.638860482103727,4,10,2021,-0.8660254037844386,0.5000000000000001,4180.0,0.0,5676.0,1393.3333333333333,1905.1666666666667,3154.1666666666665
2021,11,A3525,GERNIKA LUMO - AMOREBIETA ETXANO  - UPV/EHU,7543.0,3623.0,76.0,2336.0,286.0,254.0,0.0,6.0,43.0,2021-11-01,1,0,6845.0,504.0,570.4166666666666,13.223666910153398,4,11,2021,-0.5000000000000004,0.8660254037844384,6639.0,0.0,5610.0,3606.3333333333335,2490.3333333333335,3234.4166666666665
2021,12,A3525,GERNIKA LUMO - AMOREBIETA ETXANO  - UPV/EHU,4103.0,2442.0,53.0,799.0,146.0,147.0,0.0,9.0,19.0,2021-12-01,1,0,6845.0,504.0,570.4166666666666,7.192987582176772,4,12,2021,-2.4492935982947064e-16,1.0,7543.0,4180.0,2862.0,6120.666666666667,3192.1666666666665,3395.5
2022,1,A3525,GERNIKA LUMO - AMOREBIETA ETXANO  - UPV/EHU,2975.0,1992.0,46.0,414.0,78.0,119.0,0.0,8.0,15.0,2022-01-01,0,0,6819.0,504.0,568.25,5.2353717553893535,1,1,2022,0.49999999999999994,0.8660254037844387,4103.0,6639.0,2783.0,6095.0,3744.1666666666665,3498.9166666666665
2022,2,A3525,GERNIKA LUMO - AMOREBIETA ETXANO  - UPV/EHU,6780.0,3562.0,65.0,1857.0,269.0,247.0,0.0,7.0,10.0,2022-02-01,0,0,6819.0,504.0,568.25,11.931368235811703,1,2,2022,0.8660254037844386,0.5000000000000001,2975.0,7543.0,4838.0,4873.666666666667,4240.0,3514.9166666666665
2022,3,A3525,GERNIKA LUMO - AMOREBIETA ETXANO  - UPV/EHU,7745.0,3969.0,97.0,2161.0,299.0,237.0,0.0,8.0,19.0,2022-03-01,0,0,6819.0,504.0,568.25,13.629564452265727,1,3,2022,1.0,6.123233995736766e-17,6780.0,4103.0,4650.0,4619.333333333333,5370.0,3676.75
2022,4,A3525,GERNIKA LUMO - AMOREBIETA ETXANO  - UPV/EHU,4660.0,2898.0,62.0,832.0,141.0,156.0,0.0,7.0,7.0,2022-04-01,0,0,6819.0,504.0,568.25,8.200615926088869,2,4,2022,0.8660254037844387,-0.4999999999999998,7745.0,2975.0,3128.0,5833.333333333333,5964.166666666667,3934.6666666666665
2022,5,A3525,GERNIKA LUMO - AMOREBIETA ETXANO  - UPV/EHU,5304.0,3400.0,91.0,878.0,150.0,214.0,0.0,14.0,7.0,2022-05-01,0,0,6819.0,504.0,568.25,9.333919929608447,2,5,2022,0.49999999999999994,-0.8660254037844387,4660.0,6780.0,3332.0,6395.0,5634.333333333333,4062.3333333333335
2022,6,A3525,GERNIKA LUMO - AMOREBIETA ETXANO  - UPV/EHU,1145.0,985.0,9.0,55.0,3.0,30.0,0.0,2.0,5.0,2022-06-01,0,0,6819.0,504.0,568.25,2.014958205015398,2,6,2022,1.2246467991473532e-16,-1.0,5304.0,7745.0,791.0,5903.0,5261.166666666667,4226.666666666667
2022,7,A3525,GERNIKA LUMO - AMOREBIETA ETXANO  - UPV/EHU,0.0,0.0,,,,0.0,0.0,0.0,0.0,2022-07-01,0,0,6819.0,504.0,568.25,0.0,3,7,2022,-0.4999999999999997,-0.8660254037844388,1145.0,4660.0,0.0,3703.0,4768.166666666667,4256.166666666667
2022,8,A3525,GERNIKA LUMO - AMOREBIETA ETXANO  - UPV/EHU,0.0,0.0,,,,0.0,0.0,0.0,0.0,2022-08-01,0,0,6819.0,504.0,568.25,0.0,3,8,2022,-0.8660254037844385,-0.5000000000000004,0.0,5304.0,0.0,2149.6666666666665,4272.333333333333,4256.166666666667
2020,1,A3534,GERNIKA LUMO - ERRIGOITI,35.0,27.0,5.0,,,0.0,0.0,0.0,0.0,2020-01-01,1,0,,,,,1,1,2020,0.49999999999999994,0.8660254037844387,,,,,,
2020,2,A3534,GERNIKA LUMO - ERRIGOITI,23.0,13.0,1.0,,,9.0,0.0,0.0,0.0,2020-02-01,1,0,,,,,1,2,2020,0.8660254037844386,0.5000000000000001,35.0,,,,,
2020,3,A3534,GERNIKA LUMO - ERRIGOITI,14.0,8.0,1.0,,,1.0,0.0,0.0,0.0,2020-03-01,1,0,,,,,1,3,2020,1.0,6.123233995736766e-17,23.0,,,,,
2020,4,A3534,GERNIKA LUMO - ERRIGOITI,0.0,,,,,0.0,0.0,0.0,0.0,2020-04-01,1,0,,,,,2,4,2020,0.8660254037844387,-0.4999999999999998,14.0,35.0,,24.0,,
2020,5,A3534,GERNIKA LUMO - ERRIGOITI,8.0,8.0,,,,0.0,0.0,0.0,0.0,2020-05-01,1,0,,,,,2,5,2020,0.49999999999999994,-0.8660254037844387,0.0,23.0,,12.333333333333334,,
2020,6,A3534,GERNIKA LUMO - ERRIGOITI,31.0,28.0,,,,0.0,0.0,0.0,0.0,2020-06-01,1,0,,,,,2,6,2020,1.2246467991473532e-16,-1.0,8.0,14.0,,7.333333333333333,,
2020,7,A3534,GERNIKA LUMO - ERRIGOITI,37.0,35.0,,,,0.0,0.0,0.0,0.0,2020-07-01,1,0,,,,,3,7,2020,-0.4999999999999997,-0.8660254037844388,31.0,0.0,,13.0,18.5,
2020,8,A3534,GERNIKA LUMO - ERRIGOITI,27.0,23.0,,,,0.0,0.0,0.0,0.0,2020-08-01,1,0,,,,,3,8,2020,-0.8660254037844385,-0.5000000000000004,37.0,8.0,,25.333333333333332,18.833333333333332,
2020,9,A3534,GERNIKA LUMO - ERRIGOITI,23.0,15.0,1.0,3.0,,0.0,0.0,0.0,0.0,2020-09-01,1,0,,,,,3,9,2020,-1.0,-1.8369701987210297e-16,27.0,31.0,,31.666666666666668,19.5,
2020,10,A3534,GERNIKA LUMO - ERRIGOITI,26.0,16.0,1.0,6.0,,0.0,0.0,0.0,0.0,2020-10-01,1,0,,,,,4,10,2020,-0.8660254037844386,0.5000000000000001,23.0,37.0,,29.0,21.0,
2020,11,A3534,GERNIKA LUMO - ERRIGOITI,40.0,33.0,,1.0,,0.0,0.0,0.0,0.0,2020-11-01,1,0,,,,,4,11,2020,-0.5000000000000004,0.8660254037844384,26.0,27.0,,25.333333333333332,25.333333333333332,
2020,12,A3534,GERNIKA LUMO - ERRIGOITI,39.0,33.0,,,,0.0,0.0,0.0,2.0,2020-12-01,1,0,,,,,4,12,2020,-2.4492935982947064e-16,1.0,40.0,23.0,,29.666666666666668,30.666666666666668,
2021,1,A3534,GERNIKA LUMO - ERRIGOITI,25.0,25.0,,,,0.0,0.0,0.0,0.0,2021-01-01,1,0,3744.0,624.0,312.0,0.08012820512820513,1,1,2021,0.49999999999999994,0.8660254037844387,39.0,26.0,35.0,35.0,32.0,25.25
2021,2,A3534,GERNIKA LUMO - ERRIGOITI,16.0,16.0,,,,0.0,0.0,0.0,0.0,2021-02-01,1,0,3744.0,624.0,312.0,0.05128205128205128,1,2,2021,0.8660254037844386,0.5000000000000001,25.0,40.0,23.0,34.666666666666664,30.0,24.416666666666668
2021,3,A3534,GERNIKA LUMO - ERRIGOITI,41.0,39.0,2.0,,,0.0,0.0,0.0,0.0,2021-03-01,1,0,3744.0,624.0,312.0,0.13141025641025642,1,3,2021,1.0,6.123233995736766e-17,16.0,39.0,14.0,26.666666666666668,28.166666666666668,23.833333333333332
2021,4,A3534,GERNIKA LUMO - ERRIGOITI,39.0,37.0,,,,2.0,0.0,0.0,0.0,2021-04-01,1,0,3744.0,624.0,312.0,0.125,2,4,2021,0.8660254037844387,-0.4999999999999998,41.0,25.0,0.0,27.333333333333332,31.166666666666668,26.083333333333332
2021,5,A3534,GERNIKA LUMO - ERRIGOITI,51.0,45.0,,,,0.0,0.0,0.0,0.0,2021-05-01,1,0,3744.0,624.0,312.0,0.16346153846153846,2,5,2021,0.49999999999999994,-0.8660254037844387,39.0,16.0,8.0,32.0,33.333333333333336,29.333333333333332
2021,6,A3534,GERNIKA LUMO - ERRIGOITI,65.0,54.0,2.0,,,1.0,0.0,0.0,1.0,2021-06-01,1,0,3744.0,624.0,312.0,0.20833333333333334,2,6,2021,1.2246467991473532e-16,-1.0,51.0,41.0,31.0,43.666666666666664,35.166666666666664,32.916666666666664
2021,7,A3534,GERNIKA LUMO - ERRIGOITI,46.0,45.0,,,,0.0,0.0,0.0,0.0,2021-07-01,1,0,3744.0,624.0,312.0,0.14743589743589744,3,7,2021,-0.4999999999999997,-0.8660254037844388,65.0,39.0,37.0,51.666666666666664,39.5,35.75
2021,8,A3534,GERNIKA LUMO - ERRIGOITI,114.0,97.0,3.0,1.0,,6.0,0.0,0.0,0.0,2021-08-01,1,0,3744.0,624.0,312.0,0.36538461538461536,3,8,2021,-0.8660254037844385,-0.5000000000000004,46.0,51.0,27.0,54.0,43.0,36.5
2021,9,A3534,GERNIKA LUMO - ERRIGOITI,124.0,116.0,2.0,1.0,,2.0,0.0,0.0,0.0,2021-09-01,1,0,3744.0,624.0,312.0,0.3974358974358974,3,9,2021,-1.0,-1.8369701987210297e-16,114.0,65.0,23.0,75.0,59.333333333333336,43.75
2021,10,A3534,GERNIKA LUMO - ERRIGOITI,84.0,80.0,2.0,,,1.0,0.0,0.0,0.0,2021-10-01,1,0,3744.0,624.0,312.0,0.2692307692307692,4,10,2021,-0.8660254037844386,0.5000000000000001,124.0,46.0,26.0,94.66666666666667,73.16666666666667,52.166666666666664
2021,11,A3534,GERNIKA LUMO - ERRIGOITI,86.0,84.0,1.0,,,0.0,0.0,0.0,0.0,2021-11-01,1,0,3744.0,624.0,312.0,0.27564102564102566,4,11,2021,-0.5000000000000004,0.8660254037844384,84.0,114.0,40.0,107.33333333333333,80.66666666666667,57.0
2021,12,A3534,GERNIKA LUMO - ERRIGOITI,50.0,43.0,1.0,,,1.0,0.0,0.0,1.0,2021-12-01,1,0,3744.0,624.0,312.0,0.16025641025641027,4,12,2021,-2.4492935982947064e-16,1.0,86.0,124.0,39.0,98.0,86.5,60.833333333333336
2022,1,A3534,GERNIKA LUMO - ERRIGOITI,51.0,46.0,1.0,,,4.0,0.0,0.0,0.0,2022-01-01,0,0,3738.0,623.0,311.5,0.1637239165329053,1,1,2022,0.49999999999999994,0.8660254037844387,50.0,84.0,25.0,73.33333333333333,84.0,61.75
2022,2,A3534,GERNIKA LUMO - ERRIGOITI,59.0,55.0,,1.0,,3.0,0.0,0.0,0.0,2022-02-01,0,0,3738.0,623.0,311.5,0.18940609951845908,1,2,2022,0.8660254037844386,0.5000000000000001,51.0,86.0,16.0,62.333333333333336,84.83333333333333,63.916666666666664
2022,3,A3534,GERNIKA LUMO - ERRIGOITI,59.0,58.0,1.0,,,0.0,0.0,0.0,0.0,2022-03-01,0,0,3738.0,623.0,311.5,0.18940609951845908,1,3,2022,1.0,6.123233995736766e-17,59.0,50.0,41.0,53.333333333333336,75.66666666666667,67.5
2022,4,A3534,GERNIKA LUMO - ERRIGOITI,46.0,45.0,,,,1.0,0.0,0.0,0.0,2022-04-01,0,0,3738.0,623.0,311.5,0.1476725521669342,2,4,2022,0.8660254037844387,-0.4999999999999998,59.0,51.0,39.0,56.333333333333336,64.83333333333333,69.0
2022,5,A3534,GERNIKA LUMO - ERRIGOITI,69.0,66.0,2.0,,,1.0,0.0,0.0,0.0,2022-05-01,0,0,3738.0,623.0,311.5,0.22150882825040127,2,5,2022,0.49999999999999994,-0.8660254037844387,46.0,59.0,51.0,54.666666666666664,58.5,69.58333333333333
2022,6,A3534,GERNIKA LUMO - ERRIGOITI,82.0,76.0,,,,4.0,0.0,0.0,0.0,2022-06-01,0,0,3738.0,623.0,311.5,0.26324237560192615,2,6,2022,1.2246467991473532e-16,-1.0,69.0,59.0,65.0,58.0,55.666666666666664,71.08333333333333
2022,7,A3534,GERNIKA LUMO - ERRIGOITI,62.0,56.0,2.0,,,2.0,0.0,0.0,0.0,2022-07-01,0,0,3738.0,623.0,311.5,0.19903691813804172,3,7,2022,-0.4999999999999997,-0.8660254037844388,82.0,46.0,46.0,65.66666666666667,61.0,72.5
2022,8,A3534,GERNIKA LUMO - ERRIGOITI,92.0,75.0,2.0,,,4.0,0.0,0.0,0.0,2022-08-01,0,0,3738.0,623.0,311.5,0.2953451043338684,3,8,2022,-0.8660254037844385,-0.5000000000000004,62.0,69.0,114.0,71.0,62.833333333333336,73.83333333333333
2020,1,A3533,GERNIKA LUMO - MENDATA,33.0,30.0,1.0,,,2.0,0.0,0.0,0.0,2020-01-01,1,0,,,,,1,1,2020,0.49999999999999994,0.8660254037844387,,,,,,
2020,2,A3533,GERNIKA LUMO - MENDATA,45.0,43.0,,,,2.0,0.0,0.0,0.0,2020-02-01,1,0,,,,,1,2,2020,0.8660254037844386,0.5000000000000001,33.0,,,,,
2020,3,A3533,GERNIKA LUMO - MENDATA,19.0,19.0,,,,0.0,0.0,0.0,0.0,2020-03-01,1,0,,,,,1,3,2020,1.0,6.123233995736766e-17,45.0,,,,,
2020,4,A3533,GERNIKA LUMO - MENDATA,0.0,,,,,0.0,0.0,0.0,0.0,2020-04-01,1,0,,,,,2,4,2020,0.8660254037844387,-0.4999999999999998,19.0,33.0,,32.333333333333336,,
2020,5,A3533,GERNIKA LUMO - MENDATA,7.0,7.0,,,,0.0,0.0,0.0,0.0,2020-05-01,1,0,,,,,2,5,2020,0.49999999999999994,-0.8660254037844387,0.0,45.0,,21.333333333333332,,
2020,6,A3533,GERNIKA LUMO - MENDATA,14.0,14.0,,,,0.0,0.0,0.0,0.0,2020-06-01,1,0,,,,,2,6,2020,1.2246467991473532e-16,-1.0,7.0,19.0,,8.666666666666666,,
2020,7,A3533,GERNIKA LUMO - MENDATA,26.0,25.0,1.0,,,0.0,0.0,0.0,0.0,2020-07-01,1,0,,,,,3,7,2020,-0.4999999999999997,-0.8660254037844388,14.0,0.0,,7.0,19.666666666666668,
2020,8,A3533,GERNIKA LUMO - MENDATA,19.0,14.0,5.0,,,0.0,0.0,0.0,0.0,2020-08-01,1,0,,,,,3,8,2020,-0.8660254037844385,-0.5000000000000004,26.0,7.0,,15.666666666666666,18.5,
2020,9,A3533,GERNIKA LUMO - MENDATA,56.0,53.0,3.0,,,0.0,0.0,0.0,0.0,2020-09-01,1,0,,,,,3,9,2020,-1.0,-1.8369701987210297e-16,19.0,14.0,,19.666666666666668,14.166666666666666,
2020,10,A3533,GERNIKA LUMO - MENDATA,61.0,61.0,,,,0.0,0.0,0.0,0.0,2020-10-01,1,0,,,,,4,10,2020,-0.8660254037844386,0.5000000000000001,56.0,26.0,,33.666666666666664,20.333333333333332,
2020,11,A3533,GERNIKA LUMO - MENDATA,55.0,52.0,3.0,,,0.0,0.0,0.0,0.0,2020-11-01,1,0,,,,,4,11,2020,-0.5000000000000004,0.8660254037844384,61.0,19.0,,45.333333333333336,30.5,
2020,12,A3533,GERNIKA LUMO - MENDATA,46.0,45.0,,,,0.0,0.0,0.0,1.0,2020-12-01,1,0,,,,,4,12,2020,-2.4492935982947064e-16,1.0,55.0,56.0,,57.333333333333336,38.5,
2021,1,A3533,GERNIKA LUMO - MENDATA,50.0,50.0,,,,0.0,0.0,0.0,0.0,2021-01-01,1,0,3744.0,624.0,312.0,0.16025641025641027,1,1,2021,0.49999999999999994,0.8660254037844387,46.0,61.0,33.0,54.0,43.833333333333336,31.75
2021,2,A3533,GERNIKA LUMO - MENDATA,43.0,42.0,,,,1.0,0.0,0.0,0.0,2021-02-01,1,0,3744.0,624.0,312.0,0.13782051282051283,1,2,2021,0.8660254037844386,0.5000000000000001,50.0,55.0,45.0,50.333333333333336,47.833333333333336,33.166666666666664
2021,3,A3533,GERNIKA LUMO - MENDATA,66.0,66.0,,,,0.0,0.0,0.0,0.0,2021-03-01,1,0,3744.0,624.0,312.0,0.21153846153846154,1,3,2021,1.0,6.123233995736766e-17,43.0,46.0,19.0,46.333333333333336,51.833333333333336,33.0
2021,4,A3533,GERNIKA LUMO - MENDATA,44.0,44.0,,,,0.0,0.0,0.0,0.0,2021-04-01,1,0,3744.0,624.0,312.0,0.14102564102564102,2,4,2021,0.8660254037844387,-0.4999999999999998,66.0,50.0,0.0,53.0,53.5,36.916666666666664
2021,5,A3533,GERNIKA LUMO - MENDATA,31.0,30.0,1.0,,,0.0,0.0,0.0,0.0,2021-05-01,1,0,3744.0,624.0,312.0,0.09935897435897435,2,5,2021,0.49999999999999994,-0.8660254037844387,44.0,43.0,7.0,51.0,50.666666666666664,40.583333333333336
2021,6,A3533,GERNIKA LUMO - MENDATA,37.0,34.0,3.0,,,0.0,0.0,0.0,0.0,2021-06-01,1,0,3744.0,624.0,312.0,0.11858974358974358,2,6,2021,1.2246467991473532e-16,-1.0,31.0,66.0,14.0,47.0,46.666666666666664,42.583333333333336
2021,7,A3533,GERNIKA LUMO - MENDATA,9.0,7.0,1.0,,,1.0,0.0,0.0,0.0,2021-07-01,1,0,3744.0,624.0,312.0,0.028846153846153848,3,7,2021,-0.4999999999999997,-0.8660254037844388,37.0,44.0,26.0,37.333333333333336,45.166666666666664,44.5
2021,8,A3533,GERNIKA LUMO - MENDATA,34.0,23.0,8.0,,,3.0,0.0,0.0,0.0,2021-08-01,1,0,3744.0,624.0,312.0,0.10897435897435898,3,8,2021,-0.8660254037844385,-0.5000000000000004,9.0,31.0,19.0,25.666666666666668,38.333333333333336,43.083333333333336
2021,9,A3533,GERNIKA LUMO - MENDATA,67.0,53.0,4.0,,,10.0,0.0,0.0,0.0,2021-09-01,1,0,3744.0,624.0,312.0,0.21474358974358973,3,9,2021,-1.0,-1.8369701987210297e-16,34.0,37.0,56.0,26.666666666666668,36.833333333333336,44.333333333333336
2021,10,A3533,GERNIKA LUMO - MENDATA,101.0,88.0,4.0,,,9.0,0.0,0.0,0.0,2021-10-01,1,0,3744.0,624.0,312.0,0.32371794871794873,4,10,2021,-0.8660254037844386,0.5000000000000001,67.0,9.0,61.0,36.666666666666664,37.0,45.25
2021,11,A3533,GERNIKA LUMO - MENDATA,87.0,81.0,4.0,,,2.0,0.0,0.0,0.0,2021-11-01,1,0,3744.0,624.0,312.0,0.27884615384615385,4,11,2021,-0.5000000000000004,0.8660254037844384,101.0,34.0,55.0,67.33333333333333,46.5,48.583333333333336
2021,12,A3533,GERNIKA LUMO - MENDATA,50.0,45.0,2.0,,,3.0,0.0,0.0,0.0,2021-12-01,1,0,3744.0,624.0,312.0,0.16025641025641027,4,12,2021,-2.4492935982947064e-16,1.0,87.0,67.0,46.0,85.0,55.833333333333336,51.25
2022,1,A3533,GERNIKA LUMO - MENDATA,54.0,47.0,1.0,,,6.0,0.0,0.0,0.0,2022-01-01,0,0,3738.0,623.0,311.5,0.17335473515248795,1,1,2022,0.49999999999999994,0.8660254037844387,50.0,101.0,50.0,79.33333333333333,58.0,51.583333333333336
2022,2,A3533,GERNIKA LUMO - MENDATA,64.0,58.0,2.0,,,4.0,0.0,0.0,0.0,2022-02-01,0,0,3738.0,623.0,311.5,0.20545746388443017,1,2,2022,0.8660254037844386,0.5000000000000001,54.0,87.0,43.0,63.666666666666664,65.5,51.916666666666664
2022,3,A3533,GERNIKA LUMO - MENDATA,58.0,42.0,3.0,,,13.0,0.0,0.0,0.0,2022-03-01,0,0,3738.0,623.0,311.5,0.18619582664526485,1,3,2022,1.0,6.123233995736766e-17,64.0,50.0,66.0,56.0,70.5,53.666666666666664
2022,4,A3533,GERNIKA LUMO - MENDATA,39.0,35.0,1.0,,,1.0,0.0,0.0,0.0,2022-04-01,0,0,3738.0,623.0,311.5,0.12520064205457465,2,4,2022,0.8660254037844387,-0.4999999999999998,58.0,54.0,44.0,58.666666666666664,69.0,53.0
2022,5,A3533,GERNIKA LUMO - MENDATA,33.0,32.0,,,,1.0,0.0,0.0,0.0,2022-05-01,0,0,3738.0,623.0,311.5,0.10593900481540931,2,5,2022,0.49999999999999994,-0.8660254037844387,39.0,64.0,31.0,53.666666666666664,58.666666666666664,52.583333333333336
2022,6,A3533,GERNIKA LUMO - MENDATA,38.0,34.0,,,,4.0,0.0,0.0,0.0,2022-06-01,0,0,3738.0,623.0,311.5,0.12199036918138041,2,6,2022,1.2246467991473532e-16,-1.0,33.0,58.0,37.0,43.333333333333336,49.666666666666664,52.75
2022,7,A3533,GERNIKA LUMO - MENDATA,27.0,24.0,,,,3.0,0.0,0.0,0.0,2022-07-01,0,0,3738.0,623.0,311.5,0.08667736757624397,3,7,2022,-0.4999999999999997,-0.8660254037844388,38.0,39.0,9.0,36.666666666666664,47.666666666666664,52.833333333333336
2022,8,A3533,GERNIKA LUMO - MENDATA,32.0,29.0,,,,3.0,0.0,0.0,0.0,2022-08-01,0,0,3738.0,623.0,311.5,0.10272873194221509,3,8,2022,-0.8660254037844385,-0.5000000000000004,27.0,33.0,34.0,32.666666666666664,43.166666666666664,54.333333333333336
2020,1,A3532,GERNIKA LUMO - NABARNIZ,115.0,83.0,11.0,,,6.0,0.0,0.0,0.0,2020-01-01,1,0,,,,,1,1,2020,0.49999999999999994,0.8660254037844387,,,,,,
2020,2,A3532,GERNIKA LUMO - NABARNIZ,99.0,68.0,24.0,,,3.0,0.0,0.0,0.0,2020-02-01,1,0,,,,,1,2,2020,0.8660254037844386,0.5000000000000001,115.0,,,,,
2020,3,A3532,GERNIKA LUMO - NABARNIZ,38.0,28.0,10.0,,,0.0,0.0,0.0,0.0,2020-03-01,1,0,,,,,1,3,2020,1.0,6.123233995736766e-17,99.0,,,,,
2020,4,A3532,GERNIKA LUMO - NABARNIZ,0.0,,,,,0.0,0.0,0.0,0.0,2020-04-01,1,0,,,,,2,4,2020,0.8660254037844387,-0.4999999999999998,38.0,115.0,,84.0,,
2020,5,A3532,GERNIKA LUMO - NABARNIZ,33.0,29.0,4.0,,,0.0,0.0,0.0,0.0,2020-05-01,1,0,,,,,2,5,2020,0.49999999999999994,-0.8660254037844387,0.0,99.0,,45.666666666666664,,
2020,6,A3532,GERNIKA LUMO - NABARNIZ,89.0,78.0,11.0,,,0.0,0.0,0.0,0.0,2020-06-01,1,0,,,,,2,6,2020,1.2246467991473532e-16,-1.0,33.0,38.0,,23.666666666666668,,
2020,7,A3532,GERNIKA LUMO - NABARNIZ,125.0,115.0,8.0,,,0.0,0.0,0.0,0.0,2020-07-01,1,0,,,,,3,7,2020,-0.4999999999999997,-0.8660254037844388,89.0,0.0,,40.666666666666664,62.333333333333336,
2020,8,A3532,GERNIKA LUMO - NABARNIZ,94.0,79.0,12.0,,,0.0,0.0,0.0,0.0,2020-08-01,1,0,,,,,3,8,2020,-0.8660254037844385,-0.5000000000000004,125.0,33.0,,82.33333333333333,64.0,
2020,9,A3532,GERNIKA LUMO - NABARNIZ,101.0,73.0,19.0,9.0,,0.0,0.0,0.0,0.0,2020-09-01,1,0,,,,,3,9,2020,-1.0,-1.8369701987210297e-16,94.0,89.0,,102.66666666666667,63.166666666666664,
2020,10,A3532,GERNIKA LUMO - NABARNIZ,96.0,58.0,12.0,26.0,,0.0,0.0,0.0,0.0,2020-10-01,1,0,,,,,4,10,2020,-0.8660254037844386,0.5000000000000001,101.0,125.0,,106.66666666666667,73.66666666666667,
2020,11,A3532,GERNIKA LUMO - NABARNIZ,106.0,69.0,5.0,30.0,,0.0,0.0,0.0,2.0,2020-11-01,1,0,,,,,4,11,2020,-0.5000000000000004,0.8660254037844384,96.0,94.0,,97.0,89.66666666666667,
2020,12,A3532,GERNIKA LUMO - NABARNIZ,68.0,48.0,4.0,16.0,,0.0,0.0,0.0,0.0,2020-12-01,1,0,,,,,4,12,2020,-2.4492935982947064e-16,1.0,106.0,101.0,,101.0,101.83333333333333,
2021,1,A3532,GERNIKA LUMO - NABARNIZ,98.0,66.0,6.0,23.0,,2.0,0.0,0.0,1.0,2021-01-01,1,0,3744.0,624.0,312.0,0.3141025641025641,1,1,2021,0.49999999999999994,0.8660254037844387,68.0,96.0,115.0,90.0,98.33333333333333,80.33333333333333
2021,2,A3532,GERNIKA LUMO - NABARNIZ,84.0,62.0,4.0,17.0,,1.0,0.0,0.0,0.0,2021-02-01,1,0,3744.0,624.0,312.0,0.2692307692307692,1,2,2021,0.8660254037844386,0.5000000000000001,98.0,106.0,99.0,90.66666666666667,93.83333333333333,78.91666666666667
2021,3,A3532,GERNIKA LUMO - NABARNIZ,123.0,83.0,7.0,32.0,,0.0,0.0,0.0,0.0,2021-03-01,1,0,3744.0,624.0,312.0,0.3942307692307692,1,3,2021,1.0,6.123233995736766e-17,84.0,68.0,38.0,83.33333333333333,92.16666666666667,77.66666666666667
2021,4,A3532,GERNIKA LUMO - NABARNIZ,113.0,76.0,7.0,27.0,,0.0,0.0,0.0,0.0,2021-04-01,1,0,3744.0,624.0,312.0,0.36217948717948717,2,4,2021,0.8660254037844387,-0.4999999999999998,123.0,98.0,0.0,101.66666666666667,95.83333333333333,84.75
2021,5,A3532,GERNIKA LUMO - NABARNIZ,114.0,80.0,9.0,22.0,,3.0,0.0,0.0,0.0,2021-05-01,1,0,3744.0,624.0,312.0,0.36538461538461536,2,5,2021,0.49999999999999994,-0.8660254037844387,113.0,84.0,33.0,106.66666666666667,98.66666666666667,94.16666666666667
2021,6,A3532,GERNIKA LUMO - NABARNIZ,103.0,64.0,26.0,8.0,,2.0,0.0,0.0,0.0,2021-06-01,1,0,3744.0,624.0,312.0,0.3301282051282051,2,6,2021,1.2246467991473532e-16,-1.0,114.0,123.0,89.0,116.66666666666667,100.0,100.91666666666667
2021,7,A3532,GERNIKA LUMO - NABARNIZ,55.0,42.0,4.0,,,5.0,0.0,0.0,0.0,2021-07-01,1,0,3744.0,624.0,312.0,0.1762820512820513,3,7,2021,-0.4999999999999997,-0.8660254037844388,103.0,113.0,125.0,110.0,105.83333333333333,102.08333333333333
2021,8,A3532,GERNIKA LUMO - NABARNIZ,133.0,93.0,22.0,,,3.0,0.0,0.0,0.0,2021-08-01,1,0,3744.0,624.0,312.0,0.42628205128205127,3,8,2021,-0.8660254037844385,-0.5000000000000004,55.0,114.0,94.0,90.66666666666667,98.66666666666667,96.25
2021,9,A3532,GERNIKA LUMO - NABARNIZ,101.0,66.0,23.0,9.0,,2.0,0.0,0.0,0.0,2021-09-01,1,0,3744.0,624.0,312.0,0.32371794871794873,3,9,2021,-1.0,-1.8369701987210297e-16,133.0,103.0,101.0,97.0,106.83333333333333,99.5
2021,10,A3532,GERNIKA LUMO - NABARNIZ,94.0,52.0,30.0,8.0,,3.0,0.0,0.0,0.0,2021-10-01,1,0,3744.0,624.0,312.0,0.30128205128205127,4,10,2021,-0.8660254037844386,0.5000000000000001,101.0,55.0,96.0,96.33333333333333,103.16666666666667,99.5
2021,11,A3532,GERNIKA LUMO - NABARNIZ,60.0,51.0,5.0,4.0,,0.0,0.0,0.0,0.0,2021-11-01,1,0,3744.0,624.0,312.0,0.19230769230769232,4,11,2021,-0.5000000000000004,0.8660254037844384,94.0,133.0,106.0,109.33333333333333,100.0,99.33333333333333
2021,12,A3532,GERNIKA LUMO - NABARNIZ,64.0,41.0,8.0,12.0,,0.0,0.0,0.0,1.0,2021-12-01,1,0,3744.0,624.0,312.0,0.20512820512820512,4,12,2021,-2.4492935982947064e-16,1.0,60.0,101.0,68.0,85.0,91.0,95.5
2022,1,A3532,GERNIKA LUMO - NABARNIZ,58.0,34.0,4.0,18.0,,1.0,0.0,0.0,0.0,2022-01-01,0,0,3779.0,623.0,314.9166666666667,0.184175707859222,1,1,2022,0.49999999999999994,0.8660254037844387,64.0,94.0,98.0,72.66666666666667,84.5,95.16666666666667
2022,2,A3532,GERNIKA LUMO - NABARNIZ,66.0,37.0,8.0,16.0,,4.0,0.0,0.0,0.0,2022-02-01,0,0,3779.0,623.0,314.9166666666667,0.20957925377083883,1,2,2022,0.8660254037844386,0.5000000000000001,58.0,60.0,84.0,60.666666666666664,85.0,91.83333333333333
2022,3,A3532,GERNIKA LUMO - NABARNIZ,57.0,39.0,2.0,13.0,,3.0,0.0,0.0,0.0,2022-03-01,0,0,3779.0,623.0,314.9166666666667,0.1810002646202699,1,3,2022,1.0,6.123233995736766e-17,66.0,64.0,123.0,62.666666666666664,73.83333333333333,90.33333333333333
2022,4,A3532,GERNIKA LUMO - NABARNIZ,46.0,42.0,3.0,,,0.0,0.0,0.0,0.0,2022-04-01,0,0,3779.0,623.0,314.9166666666667,0.14607038899179675,2,4,2022,0.8660254037844387,-0.4999999999999998,57.0,58.0,113.0,60.333333333333336,66.5,84.83333333333333
2022,5,A3532,GERNIKA LUMO - NABARNIZ,99.0,73.0,21.0,1.0,,4.0,0.0,0.0,0.0,2022-05-01,0,0,3779.0,623.0,314.9166666666667,0.31436888065625823,2,5,2022,0.49999999999999994,-0.8660254037844387,46.0,66.0,114.0,56.333333333333336,58.5,79.25
2022,6,A3532,GERNIKA LUMO - NABARNIZ,144.0,110.0,27.0,,,4.0,0.0,0.0,0.0,2022-06-01,0,0,3779.0,623.0,314.9166666666667,0.4572638264091029,2,6,2022,1.2246467991473532e-16,-1.0,99.0,57.0,103.0,67.33333333333333,65.0,78.0
2022,7,A3532,GERNIKA LUMO - NABARNIZ,112.0,90.0,15.0,,,5.0,0.0,0.0,0.0,2022-07-01,0,0,3779.0,623.0,314.9166666666667,0.3556496427626356,3,7,2022,-0.4999999999999997,-0.8660254037844388,144.0,46.0,55.0,96.33333333333333,78.33333333333333,81.41666666666667
2022,8,A3532,GERNIKA LUMO - NABARNIZ,102.0,81.0,18.0,,,3.0,0.0,0.0,0.0,2022-08-01,0,0,3779.0,623.0,314.9166666666667,0.3238952103731146,3,8,2022,-0.8660254037844385,-0.5000000000000004,112.0,99.0,133.0,118.33333333333333,87.33333333333333,86.16666666666667
2020,1,A3333,Gallarta - SANTURTZI,50635.0,26458.0,12707.0,2380.0,1244.0,4013.0,26.0,766.0,1619.0,2020-01-01,1,0,,,,,1,1,2020,0.49999999999999994,0.8660254037844387,,,,,,
2020,2,A3333,Gallarta - SANTURTZI,50716.0,26193.0,12547.0,2581.0,1574.0,4078.0,13.0,751.0,1472.0,2020-02-01,1,0,,,,,1,2,2020,0.8660254037844386,0.5000000000000001,50635.0,,,,,
2020,3,A3333,Gallarta - SANTURTZI,24665.0,14306.0,5062.0,1234.0,792.0,1578.0,5.0,311.0,703.0,2020-03-01,1,0,,,,,1,3,2020,1.0,6.123233995736766e-17,50716.0,,,,,
2020,4,A3333,Gallarta - SANTURTZI,7156.0,6022.0,624.0,145.0,175.0,7.0,0.0,2.0,35.0,2020-04-01,1,0,,,,,2,4,2020,0.8660254037844387,-0.4999999999999998,24665.0,50635.0,,42005.333333333336,,
2020,5,A3333,Gallarta - SANTURTZI,15403.0,11766.0,2739.0,248.0,172.0,14.0,0.0,20.0,102.0,2020-05-01,1,0,,,,,2,5,2020,0.49999999999999994,-0.8660254037844387,7156.0,50716.0,,27512.333333333332,,
2020,6,A3333,Gallarta - SANTURTZI,30047.0,20823.0,6860.0,546.0,318.0,152.0,0.0,151.0,429.0,2020-06-01,1,0,,,,,2,6,2020,1.2246467991473532e-16,-1.0,15403.0,24665.0,,15741.333333333334,,
2020,7,A3333,Gallarta - SANTURTZI,32508.0,22185.0,7594.0,495.0,320.0,241.0,0.0,300.0,539.0,2020-07-01,1,0,,,,,3,7,2020,-0.4999999999999997,-0.8660254037844388,30047.0,7156.0,,17535.333333333332,29770.333333333332,
2020,8,A3333,Gallarta - SANTURTZI,25856.0,16900.0,6290.0,502.0,332.0,300.0,0.0,281.0,744.0,2020-08-01,1,0,,,,,3,8,2020,-0.8660254037844385,-0.5000000000000004,32508.0,15403.0,,25986.0,26749.166666666668,
2020,9,A3333,Gallarta - SANTURTZI,36680.0,24209.0,7731.0,1214.0,871.0,306.0,0.0,272.0,765.0,2020-09-01,1,0,,,,,3,9,2020,-1.0,-1.8369701987210297e-16,25856.0,30047.0,,29470.333333333332,22605.833333333332,
2020,10,A3333,Gallarta - SANTURTZI,37707.0,24271.0,7283.0,2050.0,1477.0,204.0,0.0,260.0,716.0,2020-10-01,1,0,,,,,4,10,2020,-0.8660254037844386,0.5000000000000001,36680.0,32508.0,,31681.333333333332,24608.333333333332,
2020,11,A3333,Gallarta - SANTURTZI,32531.0,21570.0,5387.0,2020.0,1278.0,203.0,0.0,197.0,554.0,2020-11-01,1,0,,,,,4,11,2020,-0.5000000000000004,0.8660254037844384,37707.0,25856.0,,33414.333333333336,29700.166666666668,
2020,12,A3333,Gallarta - SANTURTZI,34827.0,23175.0,6570.0,1502.0,967.0,524.0,0.0,275.0,626.0,2020-12-01,1,0,,,,,4,12,2020,-2.4492935982947064e-16,1.0,32531.0,36680.0,,35639.333333333336,32554.833333333332,
2021,1,A3333,Gallarta - SANTURTZI,36436.0,23594.0,5461.0,1802.0,1141.0,1722.0,5.0,501.0,923.0,2021-01-01,1,0,93424.0,909.0,7785.333333333333,4.680082205857167,1,1,2021,0.49999999999999994,0.8660254037844387,34827.0,37707.0,50635.0,35021.666666666664,33351.5,31560.916666666668
2021,2,A3333,Gallarta - SANTURTZI,32845.0,20735.0,4944.0,2121.0,1198.0,1382.0,1.0,369.0,853.0,2021-02-01,1,0,93424.0,909.0,7785.333333333333,4.21883027915739,1,2,2021,0.8660254037844386,0.5000000000000001,36436.0,32531.0,50716.0,34598.0,34006.166666666664,30377.666666666668
2021,3,A3333,Gallarta - SANTURTZI,42324.0,25173.0,7839.0,2461.0,1589.0,2193.0,0.0,512.0,1107.0,2021-03-01,1,0,93424.0,909.0,7785.333333333333,5.436376091796541,1,3,2021,1.0,6.123233995736766e-17,32845.0,34827.0,24665.0,34702.666666666664,35171.0,28888.416666666668
2021,4,A3333,Gallarta - SANTURTZI,37979.0,23012.0,6999.0,2035.0,1151.0,2138.0,3.0,416.0,953.0,2021-04-01,1,0,93424.0,909.0,7785.333333333333,4.8782753896215105,2,4,2021,0.8660254037844387,-0.4999999999999998,42324.0,36436.0,7156.0,37201.666666666664,36111.666666666664,30360.0
2021,5,A3333,Gallarta - SANTURTZI,43360.0,25858.0,8588.0,2245.0,1270.0,2434.0,14.0,540.0,1045.0,2021-05-01,1,0,93424.0,909.0,7785.333333333333,5.569446823086145,2,5,2021,0.49999999999999994,-0.8660254037844387,37979.0,32845.0,15403.0,37716.0,36157.0,32928.583333333336
2021,6,A3333,Gallarta - SANTURTZI,42530.0,25854.0,8644.0,1256.0,866.0,2934.0,30.0,701.0,1013.0,2021-06-01,1,0,93424.0,909.0,7785.333333333333,5.462836102072273,2,6,2021,1.2246467991473532e-16,-1.0,43360.0,42324.0,30047.0,41221.0,37961.833333333336,35258.333333333336
2021,7,A3333,Gallarta - SANTURTZI,37915.0,22378.0,8140.0,747.0,666.0,3330.0,23.0,626.0,936.0,2021-07-01,1,0,93424.0,909.0,7785.333333333333,4.870054803904778,3,7,2021,-0.4999999999999997,-0.8660254037844388,42530.0,37979.0,32508.0,41289.666666666664,39245.666666666664,36298.583333333336
2021,8,A3333,Gallarta - SANTURTZI,30529.0,17454.0,7056.0,526.0,525.0,2979.0,25.0,581.0,711.0,2021-08-01,1,0,93424.0,909.0,7785.333333333333,3.9213478335331393,3,8,2021,-0.8660254037844385,-0.5000000000000004,37915.0,43360.0,25856.0,41268.333333333336,39492.166666666664,36749.166666666664
2021,9,A3333,Gallarta - SANTURTZI,44127.0,25429.0,9297.0,2269.0,1297.0,2781.0,34.0,611.0,941.0,2021-09-01,1,0,93424.0,909.0,7785.333333333333,5.667965405035109,3,9,2021,-1.0,-1.8369701987210297e-16,30529.0,42530.0,36680.0,36991.333333333336,39106.166666666664,37138.583333333336
2021,10,A3333,Gallarta - SANTURTZI,48168.0,25819.0,10874.0,3052.0,2003.0,3085.0,25.0,711.0,1069.0,2021-10-01,1,0,93424.0,909.0,7785.333333333333,6.187018325055661,4,10,2021,-0.8660254037844386,0.5000000000000001,44127.0,37915.0,37707.0,37523.666666666664,39406.666666666664,37759.166666666664
2021,11,A3333,Gallarta - SANTURTZI,46883.0,25885.0,9546.0,3141.0,2175.0,2894.0,52.0,679.0,1075.0,2021-11-01,1,0,93424.0,909.0,7785.333333333333,6.021964377461894,4,11,2021,-0.5000000000000004,0.8660254037844384,48168.0,30529.0,32531.0,40941.333333333336,41104.833333333336,38630.916666666664
2021,12,A3333,Gallarta - SANTURTZI,45257.0,25916.0,9244.0,2233.0,1850.0,3112.0,46.0,547.0,1007.0,2021-12-01,1,0,93424.0,909.0,7785.333333333333,5.813110121596164,4,12,2021,-2.4492935982947064e-16,1.0,46883.0,44127.0,34827.0,46392.666666666664,41692.0,39826.916666666664
2022,1,A3333,Gallarta - SANTURTZI,43230.0,24124.0,8641.0,2368.0,1835.0,3213.0,28.0,607.0,1042.0,2022-01-01,0,0,93389.0,909.0,7782.416666666667,5.554829797941942,1,1,2022,0.49999999999999994,0.8660254037844387,45257.0,48168.0,36436.0,46769.333333333336,42146.5,40696.083333333336
2022,2,A3333,Gallarta - SANTURTZI,45754.0,24922.0,9403.0,2731.0,2286.0,3078.0,21.0,677.0,1001.0,2022-02-01,0,0,93389.0,909.0,7782.416666666667,5.879150649434087,1,2,2022,0.8660254037844386,0.5000000000000001,43230.0,46883.0,32845.0,45123.333333333336,43032.333333333336,41262.25
2022,3,A3333,Gallarta - SANTURTZI,52700.0,28465.0,11005.0,3072.0,2674.0,3464.0,11.0,702.0,1315.0,2022-03-01,0,0,93389.0,909.0,7782.416666666667,6.7716754649905235,1,3,2022,1.0,6.123233995736766e-17,45754.0,45257.0,42324.0,44747.0,45569.833333333336,42338.0
2022,4,A3333,Gallarta - SANTURTZI,44431.0,24464.0,9417.0,2123.0,2126.0,3107.0,13.0,718.0,963.0,2022-04-01,0,0,93389.0,909.0,7782.416666666667,5.709152041460985,2,4,2022,0.8660254037844387,-0.4999999999999998,52700.0,43230.0,37979.0,47228.0,46998.666666666664,43202.666666666664
2022,5,A3333,Gallarta - SANTURTZI,52564.0,27942.0,11647.0,2777.0,2650.0,3484.0,24.0,836.0,1212.0,2022-05-01,0,0,93389.0,909.0,7782.416666666667,6.754200173467967,2,5,2022,0.49999999999999994,-0.8660254037844387,44431.0,45754.0,43360.0,47628.333333333336,46375.833333333336,43740.333333333336
2022,6,A3333,Gallarta - SANTURTZI,50165.0,28319.0,10945.0,1730.0,1796.0,3648.0,35.0,854.0,1113.0,2022-06-01,0,0,93389.0,909.0,7782.416666666667,6.4459411708017,2,6,2022,1.2246467991473532e-16,-1.0,52564.0,52700.0,42530.0,49898.333333333336,47322.666666666664,44507.333333333336
2022,7,A3333,Gallarta - SANTURTZI,41972.0,23215.0,10000.0,948.0,1031.0,3883.0,23.0,688.0,1023.0,2022-07-01,0,0,93389.0,909.0,7782.416666666667,5.393183351358297,3,7,2022,-0.4999999999999997,-0.8660254037844388,50165.0,44431.0,37915.0,49053.333333333336,48140.666666666664,45143.583333333336
2022,8,A3333,Gallarta - SANTURTZI,34123.0,18686.0,8286.0,754.0,713.0,3376.0,20.0,620.0,765.0,2022-08-01,0,0,93389.0,909.0,7782.416666666667,4.384627739883712,3,8,2022,-0.8660254037844385,-0.5000000000000004,41972.0,52564.0,30529.0,48233.666666666664,47931.0,45481.666666666664
2020,1,A3141,Gurutzeta/Cruces - Bagatza - VALLE DE TRAPAGA TRAPAGARAN,38120.0,19993.0,9346.0,1332.0,789.0,2723.0,2.0,1159.0,1976.0,2020-01-01,1,0,,,,,1,1,2020,0.49999999999999994,0.8660254037844387,,,,,,
2020,2,A3141,Gurutzeta/Cruces - Bagatza - VALLE DE TRAPAGA TRAPAGARAN,38409.0,20016.0,9503.0,1363.0,971.0,2574.0,0.0,1209.0,1880.0,2020-02-01,1,0,,,,,1,2,2020,0.8660254037844386,0.5000000000000001,38120.0,,,,,
2020,3,A3141,Gurutzeta/Cruces - Bagatza - VALLE DE TRAPAGA TRAPAGARAN,18416.0,10400.0,4217.0,678.0,429.0,1066.0,0.0,438.0,772.0,2020-03-01,1,0,,,,,1,3,2020,1.0,6.123233995736766e-17,38409.0,,,,,
2020,4,A3141,Gurutzeta/Cruces - Bagatza - VALLE DE TRAPAGA TRAPAGARAN,4095.0,3332.0,556.0,32.0,15.0,0.0,0.0,4.0,79.0,2020-04-01,1,0,,,,,2,4,2020,0.8660254037844387,-0.4999999999999998,18416.0,38120.0,,31648.333333333332,,
2020,5,A3141,Gurutzeta/Cruces - Bagatza - VALLE DE TRAPAGA TRAPAGARAN,9579.0,6802.0,2282.0,82.0,62.0,0.0,0.0,21.0,151.0,2020-05-01,1,0,,,,,2,5,2020,0.49999999999999994,-0.8660254037844387,4095.0,38409.0,,20306.666666666668,,
2020,6,A3141,Gurutzeta/Cruces - Bagatza - VALLE DE TRAPAGA TRAPAGARAN,22524.0,14990.0,5796.0,170.0,222.0,0.0,0.0,274.0,578.0,2020-06-01,1,0,,,,,2,6,2020,1.2246467991473532e-16,-1.0,9579.0,18416.0,,10696.666666666666,,
2020,7,A3141,Gurutzeta/Cruces - Bagatza - VALLE DE TRAPAGA TRAPAGARAN,23636.0,15611.0,5943.0,277.0,252.0,0.0,0.0,368.0,685.0,2020-07-01,1,0,,,,,3,7,2020,-0.4999999999999997,-0.8660254037844388,22524.0,4095.0,,12066.0,21857.166666666668,
2020,8,A3141,Gurutzeta/Cruces - Bagatza - VALLE DE TRAPAGA TRAPAGARAN,18666.0,12267.0,4788.0,213.0,258.0,0.0,0.0,329.0,427.0,2020-08-01,1,0,,,,,3,8,2020,-0.8660254037844385,-0.5000000000000004,23636.0,9579.0,,18579.666666666668,19443.166666666668,
2020,9,A3141,Gurutzeta/Cruces - Bagatza - VALLE DE TRAPAGA TRAPAGARAN,26600.0,17081.0,6495.0,586.0,520.0,0.0,0.0,444.0,848.0,2020-09-01,1,0,,,,,3,9,2020,-1.0,-1.8369701987210297e-16,18666.0,22524.0,,21608.666666666668,16152.666666666666,
2020,10,A3141,Gurutzeta/Cruces - Bagatza - VALLE DE TRAPAGA TRAPAGARAN,28330.0,17899.0,6791.0,1067.0,726.0,0.0,0.0,418.0,801.0,2020-10-01,1,0,,,,,4,10,2020,-0.8660254037844386,0.5000000000000001,26600.0,23636.0,,22967.333333333332,17516.666666666668,
2020,11,A3141,Gurutzeta/Cruces - Bagatza - VALLE DE TRAPAGA TRAPAGARAN,25971.0,16740.0,5737.0,1142.0,518.0,0.0,0.0,384.0,824.0,2020-11-01,1,0,,,,,4,11,2020,-0.5000000000000004,0.8660254037844384,28330.0,18666.0,,24532.0,21555.833333333332,
2020,12,A3141,Gurutzeta/Cruces - Bagatza - VALLE DE TRAPAGA TRAPAGARAN,26713.0,17126.0,6018.0,842.0,491.0,140.0,0.0,460.0,952.0,2020-12-01,1,0,,,,,4,12,2020,-2.4492935982947064e-16,1.0,25971.0,26600.0,,26967.0,24287.833333333332,
2021,1,A3141,Gurutzeta/Cruces - Bagatza - VALLE DE TRAPAGA TRAPAGARAN,27577.0,17266.0,5788.0,916.0,601.0,493.0,1.0,625.0,1241.0,2021-01-01,1,0,52357.0,909.0,4363.083333333333,6.320530206085147,1,1,2021,0.49999999999999994,0.8660254037844387,26713.0,28330.0,38120.0,27004.666666666668,24986.0,23421.583333333332
2021,2,A3141,Gurutzeta/Cruces - Bagatza - VALLE DE TRAPAGA TRAPAGARAN,26676.0,15894.0,5711.0,1101.0,626.0,629.0,0.0,755.0,1300.0,2021-02-01,1,0,52357.0,909.0,4363.083333333333,6.114024867734974,1,2,2021,0.8660254037844386,0.5000000000000001,27577.0,25971.0,38409.0,26753.666666666668,25642.833333333332,22543.0
2021,3,A3141,Gurutzeta/Cruces - Bagatza - VALLE DE TRAPAGA TRAPAGARAN,31274.0,18101.0,7042.0,1180.0,680.0,918.0,0.0,1001.0,1653.0,2021-03-01,1,0,52357.0,909.0,4363.083333333333,7.167866760891572,1,3,2021,1.0,6.123233995736766e-17,26676.0,26713.0,18416.0,26988.666666666668,26977.833333333332,21565.25
2021,4,A3141,Gurutzeta/Cruces - Bagatza - VALLE DE TRAPAGA TRAPAGARAN,28919.0,16921.0,6460.0,1070.0,577.0,1004.0,0.0,946.0,1320.0,2021-04-01,1,0,52357.0,909.0,4363.083333333333,6.628110854327025,2,4,2021,0.8660254037844387,-0.4999999999999998,31274.0,27577.0,4095.0,28509.0,27756.833333333332,22636.75
2021,5,A3141,Gurutzeta/Cruces - Bagatza - VALLE DE TRAPAGA TRAPAGARAN,31967.0,18419.0,7112.0,1326.0,635.0,1172.0,2.0,997.0,1506.0,2021-05-01,1,0,52357.0,909.0,4363.083333333333,7.326699390721394,2,5,2021,0.49999999999999994,-0.8660254037844387,28919.0,26676.0,9579.0,28956.333333333332,27855.0,24705.416666666668
2021,6,A3141,Gurutzeta/Cruces - Bagatza - VALLE DE TRAPAGA TRAPAGARAN,31708.0,18632.0,7182.0,914.0,399.0,1433.0,1.0,947.0,1381.0,2021-06-01,1,0,52357.0,909.0,4363.083333333333,7.267337700784996,2,6,2021,1.2246467991473532e-16,-1.0,31967.0,31274.0,22524.0,30720.0,28854.333333333332,26571.083333333332
2021,7,A3141,Gurutzeta/Cruces - Bagatza - VALLE DE TRAPAGA TRAPAGARAN,26384.0,15741.0,6077.0,434.0,366.0,1393.0,1.0,803.0,960.0,2021-07-01,1,0,52357.0,909.0,4363.083333333333,6.047099719235251,3,7,2021,-0.4999999999999997,-0.8660254037844388,31708.0,28919.0,23636.0,30864.666666666668,29686.833333333332,27336.416666666668
2021,8,A3141,Gurutzeta/Cruces - Bagatza - VALLE DE TRAPAGA TRAPAGARAN,21133.0,12303.0,5122.0,228.0,367.0,1277.0,2.0,652.0,731.0,2021-08-01,1,0,52357.0,909.0,4363.083333333333,4.843593024810437,3,8,2021,-0.8660254037844385,-0.5000000000000004,26384.0,31967.0,18666.0,30019.666666666668,29488.0,27565.416666666668
2021,9,A3141,Gurutzeta/Cruces - Bagatza - VALLE DE TRAPAGA TRAPAGARAN,31648.0,18008.0,7018.0,1275.0,550.0,1687.0,0.0,926.0,1461.0,2021-09-01,1,0,52357.0,909.0,4363.083333333333,7.253585957942587,3,9,2021,-1.0,-1.8369701987210297e-16,21133.0,31708.0,26600.0,26408.333333333332,28564.166666666668,27771.0
2021,10,A3141,Gurutzeta/Cruces - Bagatza - VALLE DE TRAPAGA TRAPAGARAN,32480.0,17991.0,7638.0,1446.0,725.0,1647.0,0.0,854.0,1436.0,2021-10-01,1,0,52357.0,909.0,4363.083333333333,7.44427679202399,4,10,2021,-0.8660254037844386,0.5000000000000001,31648.0,26384.0,28330.0,26388.333333333332,28626.5,28191.666666666668
2021,11,A3141,Gurutzeta/Cruces - Bagatza - VALLE DE TRAPAGA TRAPAGARAN,34081.0,19011.0,7998.0,1575.0,748.0,1666.0,0.0,772.0,1551.0,2021-11-01,1,0,52357.0,909.0,4363.083333333333,7.811219130202265,4,11,2021,-0.5000000000000004,0.8660254037844384,32480.0,21133.0,25971.0,28420.333333333332,29220.0,28537.5
2021,12,A3141,Gurutzeta/Cruces - Bagatza - VALLE DE TRAPAGA TRAPAGARAN,32564.0,18369.0,7689.0,1188.0,636.0,1762.0,1.0,762.0,1467.0,2021-12-01,1,0,52357.0,909.0,4363.083333333333,7.463529232003362,4,12,2021,-2.4492935982947064e-16,1.0,34081.0,31648.0,26713.0,32736.333333333332,29572.333333333332,29213.333333333332
2022,1,A3141,Gurutzeta/Cruces - Bagatza - VALLE DE TRAPAGA TRAPAGARAN,32034.0,18283.0,7251.0,1354.0,582.0,1737.0,1.0,797.0,1340.0,2022-01-01,0,0,52417.0,909.0,4368.083333333333,7.333651296335159,1,1,2022,0.49999999999999994,0.8660254037844387,32564.0,32480.0,27577.0,33041.666666666664,29715.0,29700.916666666668
2022,2,A3141,Gurutzeta/Cruces - Bagatza - VALLE DE TRAPAGA TRAPAGARAN,31935.0,17716.0,7464.0,1565.0,615.0,1655.0,0.0,844.0,1362.0,2022-02-01,0,0,52417.0,909.0,4368.083333333333,7.310986893565065,1,2,2022,0.8660254037844386,0.5000000000000001,32034.0,34081.0,26676.0,32893.0,30656.666666666668,30072.333333333332
2022,3,A3141,Gurutzeta/Cruces - Bagatza - VALLE DE TRAPAGA TRAPAGARAN,37163.0,20481.0,8659.0,1736.0,839.0,1968.0,2.0,861.0,1593.0,2022-03-01,0,0,52417.0,909.0,4368.083333333333,8.507850506515062,1,3,2022,1.0,6.123233995736766e-17,31935.0,32564.0,31274.0,32177.666666666668,32457.0,30510.583333333332
2022,4,A3141,Gurutzeta/Cruces - Bagatza - VALLE DE TRAPAGA TRAPAGARAN,30398.0,17134.0,6909.0,1191.0,623.0,1763.0,1.0,757.0,1281.0,2022-04-01,0,0,52417.0,909.0,4368.083333333333,6.9591163172253285,2,4,2022,0.8660254037844387,-0.4999999999999998,37163.0,32034.0,28919.0,33710.666666666664,33376.166666666664,31001.333333333332
2022,5,A3141,Gurutzeta/Cruces - Bagatza - VALLE DE TRAPAGA TRAPAGARAN,35151.0,19505.0,8154.0,1661.0,759.0,1845.0,0.0,919.0,1482.0,2022-05-01,0,0,52417.0,909.0,4368.083333333333,8.047236583551138,2,5,2022,0.49999999999999994,-0.8660254037844387,30398.0,31935.0,31967.0,33165.333333333336,33029.166666666664,31124.583333333332
2022,6,A3141,Gurutzeta/Cruces - Bagatza - VALLE DE TRAPAGA TRAPAGARAN,34975.0,19931.0,8077.0,1208.0,614.0,2021.0,1.0,945.0,1414.0,2022-06-01,0,0,52417.0,909.0,4368.083333333333,8.006944311959861,2,6,2022,1.2246467991473532e-16,-1.0,35151.0,37163.0,31708.0,34237.333333333336,33207.5,31389.916666666668
2022,7,A3141,Gurutzeta/Cruces - Bagatza - VALLE DE TRAPAGA TRAPAGARAN,27335.0,15682.0,6695.0,561.0,398.0,1839.0,1.0,744.0,891.0,2022-07-01,0,0,52417.0,909.0,4368.083333333333,6.2578934315203085,3,7,2022,-0.4999999999999997,-0.8660254037844388,34975.0,30398.0,26384.0,33508.0,33609.333333333336,31662.166666666668
2022,8,A3141,Gurutzeta/Cruces - Bagatza - VALLE DE TRAPAGA TRAPAGARAN,23015.0,13274.0,5499.0,408.0,343.0,1706.0,1.0,607.0,738.0,2022-08-01,0,0,52417.0,909.0,4368.083333333333,5.268901310643494,3,8,2022,-0.8660254037844385,-0.5000000000000004,27335.0,35151.0,21133.0,32487.0,32826.166666666664,31741.416666666668
2020,1,A3339,Gurutzeta/Cruces-BARAKALDO-La Arena,0.0,,,,,0.0,0.0,0.0,0.0,2020-01-01,1,0,,,,,1,1,2020,0.49999999999999994,0.8660254037844387,,,,,,
2020,2,A3339,Gurutzeta/Cruces-BARAKALDO-La Arena,0.0,,,,,0.0,0.0,0.0,0.0,2020-02-01,1,0,,,,,1,2,2020,0.8660254037844386,0.5000000000000001,0.0,,,,,
2020,3,A3339,Gurutzeta/Cruces-BARAKALDO-La Arena,751.0,,,684.0,,0.0,0.0,0.0,0.0,2020-03-01,1,0,,,,,1,3,2020,1.0,6.123233995736766e-17,0.0,,,,,
2020,4,A3339,Gurutzeta/Cruces-BARAKALDO-La Arena,0.0,,,,,0.0,0.0,0.0,0.0,2020-04-01,1,0,,,,,2,4,2020,0.8660254037844387,-0.4999999999999998,751.0,0.0,,250.33333333333334,,
2020,5,A3339,Gurutzeta/Cruces-BARAKALDO-La Arena,0.0,,,,,0.0,0.0,0.0,0.0,2020-05-01,1,0,,,,,2,5,2020,0.49999999999999994,-0.8660254037844387,0.0,0.0,,250.33333333333334,,
2020,6,A3339,Gurutzeta/Cruces-BARAKALDO-La Arena,5929.0,4504.0,861.0,13.0,19.0,0.0,0.0,181.0,155.0,2020-06-01,1,0,,,,,2,6,2020,1.2246467991473532e-16,-1.0,0.0,751.0,,250.33333333333334,,
2020,7,A3339,Gurutzeta/Cruces-BARAKALDO-La Arena,13937.0,10243.0,2420.0,32.0,64.0,0.0,0.0,522.0,301.0,2020-07-01,1,0,,,,,3,7,2020,-0.4999999999999997,-0.8660254037844388,5929.0,0.0,,1976.3333333333333,1113.3333333333333,
2020,8,A3339,Gurutzeta/Cruces-BARAKALDO-La Arena,10818.0,7783.0,2145.0,22.0,28.0,0.0,0.0,407.0,199.0,2020-08-01,1,0,,,,,3,8,2020,-0.8660254037844385,-0.5000000000000004,13937.0,0.0,,6622.0,3436.1666666666665,
2020,9,A3339,Gurutzeta/Cruces-BARAKALDO-La Arena,3615.0,2585.0,690.0,9.0,9.0,0.0,0.0,100.0,122.0,2020-09-01,1,0,,,,,3,9,2020,-1.0,-1.8369701987210297e-16,10818.0,5929.0,,10228.0,5239.166666666667,
2020,10,A3339,Gurutzeta/Cruces-BARAKALDO-La Arena,0.0,,,,,0.0,0.0,0.0,0.0,2020-10-01,1,0,,,,,4,10,2020,-0.8660254037844386,0.5000000000000001,3615.0,13937.0,,9456.666666666666,5716.5,
2020,11,A3339,Gurutzeta/Cruces-BARAKALDO-La Arena,0.0,,,,,0.0,0.0,0.0,0.0,2020-11-01,1,0,,,,,4,11,2020,-0.5000000000000004,0.8660254037844384,0.0,10818.0,,4811.0,5716.5,
2020,12,A3339,Gurutzeta/Cruces-BARAKALDO-La Arena,0.0,,,,,0.0,0.0,0.0,0.0,2020-12-01,1,0,,,,,4,12,2020,-2.4492935982947064e-16,1.0,0.0,3615.0,,1205.0,5716.5,
2021,1,A3339,Gurutzeta/Cruces-BARAKALDO-La Arena,0.0,,,,,0.0,0.0,0.0,0.0,2021-01-01,1,0,8804.0,224.0,733.6666666666666,0.0,1,1,2021,0.49999999999999994,0.8660254037844387,0.0,0.0,0.0,0.0,4728.333333333333,2920.8333333333335
2021,2,A3339,Gurutzeta/Cruces-BARAKALDO-La Arena,0.0,,,,,0.0,0.0,0.0,0.0,2021-02-01,1,0,8804.0,224.0,733.6666666666666,0.0,1,2,2021,0.8660254037844386,0.5000000000000001,0.0,0.0,0.0,0.0,2405.5,2920.8333333333335
2021,3,A3339,Gurutzeta/Cruces-BARAKALDO-La Arena,0.0,,,,,0.0,0.0,0.0,0.0,2021-03-01,1,0,8804.0,224.0,733.6666666666666,0.0,1,3,2021,1.0,6.123233995736766e-17,0.0,0.0,751.0,0.0,602.5,2920.8333333333335
2021,4,A3339,Gurutzeta/Cruces-BARAKALDO-La Arena,0.0,,,,,0.0,0.0,0.0,0.0,2021-04-01,1,0,8804.0,224.0,733.6666666666666,0.0,2,4,2021,0.8660254037844387,-0.4999999999999998,0.0,0.0,0.0,0.0,0.0,2858.25
2021,5,A3339,Gurutzeta/Cruces-BARAKALDO-La Arena,0.0,,,,,0.0,0.0,0.0,0.0,2021-05-01,1,0,8804.0,224.0,733.6666666666666,0.0,2,5,2021,0.49999999999999994,-0.8660254037844387,0.0,0.0,0.0,0.0,0.0,2858.25
2021,6,A3339,Gurutzeta/Cruces-BARAKALDO-La Arena,5380.0,3602.0,1040.0,20.0,10.0,217.0,0.0,174.0,180.0,2021-06-01,1,0,8804.0,224.0,733.6666666666666,7.333030440708769,2,6,2021,1.2246467991473532e-16,-1.0,0.0,0.0,5929.0,0.0,0.0,2858.25
2021,7,A3339,Gurutzeta/Cruces-BARAKALDO-La Arena,12898.0,8358.0,2667.0,43.0,33.0,572.0,3.0,539.0,330.0,2021-07-01,1,0,8804.0,224.0,733.6666666666666,17.580190822353476,3,7,2021,-0.4999999999999997,-0.8660254037844388,5380.0,0.0,13937.0,1793.3333333333333,896.6666666666666,2812.5
2021,8,A3339,Gurutzeta/Cruces-BARAKALDO-La Arena,14019.0,8636.0,3193.0,15.0,64.0,646.0,0.0,722.0,421.0,2021-08-01,1,0,8804.0,224.0,733.6666666666666,19.10813266696956,3,8,2021,-0.8660254037844385,-0.5000000000000004,12898.0,0.0,10818.0,6092.666666666667,3046.3333333333335,2725.9166666666665
2021,9,A3339,Gurutzeta/Cruces-BARAKALDO-La Arena,3902.0,2450.0,898.0,3.0,9.0,185.0,0.0,145.0,110.0,2021-09-01,1,0,8804.0,224.0,733.6666666666666,5.318491594729669,3,9,2021,-1.0,-1.8369701987210297e-16,14019.0,5380.0,3615.0,10765.666666666666,5382.833333333333,2992.6666666666665
2021,10,A3339,Gurutzeta/Cruces-BARAKALDO-La Arena,0.0,,,,,0.0,0.0,0.0,0.0,2021-10-01,1,0,8804.0,224.0,733.6666666666666,0.0,4,10,2021,-0.8660254037844386,0.5000000000000001,3902.0,12898.0,0.0,10273.0,6033.166666666667,3016.5833333333335
2021,11,A3339,Gurutzeta/Cruces-BARAKALDO-La Arena,0.0,,,,,0.0,0.0,0.0,0.0,2021-11-01,1,0,8804.0,224.0,733.6666666666666,0.0,4,11,2021,-0.5000000000000004,0.8660254037844384,0.0,14019.0,0.0,5973.666666666667,6033.166666666667,3016.5833333333335
2021,12,A3339,Gurutzeta/Cruces-BARAKALDO-La Arena,0.0,,,,,0.0,0.0,0.0,0.0,2021-12-01,1,0,8804.0,224.0,733.6666666666666,0.0,4,12,2021,-2.4492935982947064e-16,1.0,0.0,3902.0,0.0,1300.6666666666667,6033.166666666667,3016.5833333333335
2022,1,A3339,Gurutzeta/Cruces-BARAKALDO-La Arena,0.0,,,,,0.0,0.0,0.0,0.0,2022-01-01,0,0,9019.0,229.0,751.5833333333334,0.0,1,1,2022,0.49999999999999994,0.8660254037844387,0.0,0.0,0.0,0.0,5136.5,3016.5833333333335
2022,2,A3339,Gurutzeta/Cruces-BARAKALDO-La Arena,0.0,0.0,,,,0.0,0.0,0.0,0.0,2022-02-01,0,0,9019.0,229.0,751.5833333333334,0.0,1,2,2022,0.8660254037844386,0.5000000000000001,0.0,0.0,0.0,0.0,2986.8333333333335,3016.5833333333335
2022,3,A3339,Gurutzeta/Cruces-BARAKALDO-La Arena,0.0,0.0,,,,0.0,0.0,0.0,0.0,2022-03-01,0,0,9019.0,229.0,751.5833333333334,0.0,1,3,2022,1.0,6.123233995736766e-17,0.0,0.0,0.0,0.0,650.3333333333334,3016.5833333333335
2022,4,A3339,Gurutzeta/Cruces-BARAKALDO-La Arena,0.0,0.0,,,,0.0,0.0,0.0,0.0,2022-04-01,0,0,9019.0,229.0,751.5833333333334,0.0,2,4,2022,0.8660254037844387,-0.4999999999999998,0.0,0.0,0.0,0.0,0.0,3016.5833333333335
2022,5,A3339,Gurutzeta/Cruces-BARAKALDO-La Arena,0.0,0.0,,,,0.0,0.0,0.0,0.0,2022-05-01,0,0,9019.0,229.0,751.5833333333334,0.0,2,5,2022,0.49999999999999994,-0.8660254037844387,0.0,0.0,0.0,0.0,0.0,3016.5833333333335
2022,6,A3339,Gurutzeta/Cruces-BARAKALDO-La Arena,5154.0,3334.0,1005.0,13.0,28.0,295.0,0.0,158.0,183.0,2022-06-01,0,0,9019.0,229.0,751.5833333333334,6.857523006985253,2,6,2022,1.2246467991473532e-16,-1.0,0.0,0.0,5380.0,0.0,0.0,3016.5833333333335
2022,7,A3339,Gurutzeta/Cruces-BARAKALDO-La Arena,17472.0,10659.0,4263.0,24.0,82.0,930.0,0.0,617.0,441.0,2022-07-01,0,0,9019.0,229.0,751.5833333333334,23.246923162213104,3,7,2022,-0.4999999999999997,-0.8660254037844388,5154.0,0.0,12898.0,1718.0,859.0,2997.75
2022,8,A3339,Gurutzeta/Cruces-BARAKALDO-La Arena,13303.0,7962.0,3366.0,16.0,85.0,741.0,0.0,542.0,337.0,2022-08-01,0,0,9019.0,229.0,751.5833333333334,17.69996673688879,3,8,2022,-0.8660254037844385,-0.5000000000000004,17472.0,0.0,14019.0,7542.0,3771.0,3378.9166666666665
2020,1,A0652,LANESTOSA - BALMASEDA,4090.0,1950.0,1084.0,98.0,36.0,733.0,23.0,52.0,31.0,2020-01-01,1,0,,,,,1,1,2020,0.49999999999999994,0.8660254037844387,,,,,,
2020,2,A0652,LANESTOSA - BALMASEDA,4015.0,1820.0,1112.0,53.0,29.0,796.0,22.0,63.0,56.0,2020-02-01,1,0,,,,,1,2,2020,0.8660254037844386,0.5000000000000001,4090.0,,,,,
2020,3,A0652,LANESTOSA - BALMASEDA,1827.0,920.0,433.0,23.0,8.0,326.0,20.0,33.0,25.0,2020-03-01,1,0,,,,,1,3,2020,1.0,6.123233995736766e-17,4015.0,,,,,
2020,4,A0652,LANESTOSA - BALMASEDA,222.0,177.0,40.0,0.0,0.0,0.0,0.0,3.0,2.0,2020-04-01,1,0,,,,,2,4,2020,0.8660254037844387,-0.4999999999999998,1827.0,4090.0,,3310.6666666666665,,
2020,5,A0652,LANESTOSA - BALMASEDA,1002.0,763.0,156.0,14.0,0.0,35.0,0.0,8.0,13.0,2020-05-01,1,0,,,,,2,5,2020,0.49999999999999994,-0.8660254037844387,222.0,4015.0,,2021.3333333333333,,
2020,6,A0652,LANESTOSA - BALMASEDA,2572.0,1916.0,394.0,6.0,1.0,105.0,0.0,43.0,68.0,2020-06-01,1,0,,,,,2,6,2020,1.2246467991473532e-16,-1.0,1002.0,1827.0,,1017.0,,
2020,7,A0652,LANESTOSA - BALMASEDA,3146.0,2236.0,542.0,0.0,0.0,177.0,0.0,62.0,60.0,2020-07-01,1,0,,,,,3,7,2020,-0.4999999999999997,-0.8660254037844388,2572.0,222.0,,1265.3333333333333,2288.0,
2020,8,A0652,LANESTOSA - BALMASEDA,2636.0,1885.0,433.0,5.0,0.0,178.0,0.0,44.0,37.0,2020-08-01,1,0,,,,,3,8,2020,-0.8660254037844385,-0.5000000000000004,3146.0,1002.0,,2240.0,2130.6666666666665,
2020,9,A0652,LANESTOSA - BALMASEDA,3139.0,2252.0,493.0,38.0,3.0,157.0,0.0,56.0,61.0,2020-09-01,1,0,,,,,3,9,2020,-1.0,-1.8369701987210297e-16,2636.0,2572.0,,2784.6666666666665,1900.8333333333333,
2020,10,A0652,LANESTOSA - BALMASEDA,3066.0,2177.0,482.0,98.0,3.0,151.0,0.0,44.0,24.0,2020-10-01,1,0,,,,,4,10,2020,-0.8660254037844386,0.5000000000000001,3139.0,3146.0,,2973.6666666666665,2119.5,
2020,11,A0652,LANESTOSA - BALMASEDA,2367.0,1673.0,317.0,100.0,1.0,126.0,0.0,33.0,28.0,2020-11-01,1,0,,,,,4,11,2020,-0.5000000000000004,0.8660254037844384,3066.0,2636.0,,2947.0,2593.5,
2020,12,A0652,LANESTOSA - BALMASEDA,2519.0,1812.0,363.0,56.0,1.0,163.0,0.0,34.0,20.0,2020-12-01,1,0,,,,,4,12,2020,-2.4492935982947064e-16,1.0,2367.0,3139.0,,2857.3333333333335,2821.0,
2021,1,A0652,LANESTOSA - BALMASEDA,2486.0,1710.0,335.0,75.0,6.0,257.0,0.0,34.0,13.0,2021-01-01,1,0,9946.0,909.0,828.8333333333334,2.9993967424090084,1,1,2021,0.49999999999999994,0.8660254037844387,2519.0,3066.0,4090.0,2650.6666666666665,2812.1666666666665,2550.0833333333335
2021,2,A0652,LANESTOSA - BALMASEDA,2580.0,1726.0,329.0,72.0,13.0,310.0,3.0,26.0,13.0,2021-02-01,1,0,9946.0,909.0,828.8333333333334,3.112809169515383,1,2,2021,0.8660254037844386,0.5000000000000001,2486.0,2367.0,4015.0,2457.3333333333335,2702.1666666666665,2416.4166666666665
2021,3,A0652,LANESTOSA - BALMASEDA,3770.0,2257.0,684.0,75.0,0.0,559.0,1.0,56.0,23.0,2021-03-01,1,0,9946.0,909.0,828.8333333333334,4.548562236074804,1,3,2021,1.0,6.123233995736766e-17,2580.0,2519.0,1827.0,2528.3333333333335,2692.8333333333335,2296.8333333333335
2021,4,A0652,LANESTOSA - BALMASEDA,3114.0,1785.0,529.0,57.0,0.0,601.0,1.0,32.0,30.0,2021-04-01,1,0,9946.0,909.0,828.8333333333334,3.757088276694148,2,4,2021,0.8660254037844387,-0.4999999999999998,3770.0,2486.0,222.0,2945.3333333333335,2798.0,2458.75
2021,5,A0652,LANESTOSA - BALMASEDA,3900.0,2257.0,796.0,61.0,1.0,644.0,2.0,39.0,20.0,2021-05-01,1,0,9946.0,909.0,828.8333333333334,4.705409209732555,2,5,2021,0.49999999999999994,-0.8660254037844387,3114.0,2580.0,1002.0,3154.6666666666665,2806.0,2699.75
2021,6,A0652,LANESTOSA - BALMASEDA,4000.0,2188.0,777.0,12.0,1.0,781.0,2.0,100.0,53.0,2021-06-01,1,0,9946.0,909.0,828.8333333333334,4.826060727930826,2,6,2021,1.2246467991473532e-16,-1.0,3900.0,3770.0,2572.0,3594.6666666666665,3061.5,2941.25
2021,7,A0652,LANESTOSA - BALMASEDA,3973.0,2193.0,821.0,0.0,3.0,785.0,3.0,70.0,27.0,2021-07-01,1,0,9946.0,909.0,828.8333333333334,4.793484818017293,3,7,2021,-0.4999999999999997,-0.8660254037844388,4000.0,3114.0,3146.0,3671.3333333333335,3308.3333333333335,3060.25
2021,8,A0652,LANESTOSA - BALMASEDA,3200.0,1884.0,515.0,28.0,9.0,577.0,2.0,118.0,16.0,2021-08-01,1,0,9946.0,909.0,828.8333333333334,3.8608485823446608,3,8,2021,-0.8660254037844385,-0.5000000000000004,3973.0,3900.0,2636.0,3957.6666666666665,3556.1666666666665,3129.1666666666665
2021,9,A0652,LANESTOSA - BALMASEDA,3921.0,2035.0,811.0,29.0,44.0,815.0,2.0,82.0,22.0,2021-09-01,1,0,9946.0,909.0,828.8333333333334,4.730746028554193,3,9,2021,-1.0,-1.8369701987210297e-16,3200.0,4000.0,3139.0,3724.3333333333335,3659.5,3176.1666666666665
2021,10,A0652,LANESTOSA - BALMASEDA,3731.0,1936.0,784.0,66.0,37.0,726.0,2.0,48.0,26.0,2021-10-01,1,0,9946.0,909.0,828.8333333333334,4.501508143977478,4,10,2021,-0.8660254037844386,0.5000000000000001,3921.0,3973.0,3066.0,3698.0,3684.6666666666665,3241.3333333333335
2021,11,A0652,LANESTOSA - BALMASEDA,3657.0,1789.0,805.0,49.0,47.0,761.0,6.0,39.0,45.0,2021-11-01,1,0,9946.0,909.0,828.8333333333334,4.412226020510758,4,11,2021,-0.5000000000000004,0.8660254037844384,3731.0,3200.0,2367.0,3617.3333333333335,3787.5,3296.75
2021,12,A0652,LANESTOSA - BALMASEDA,3417.0,1851.0,669.0,32.0,12.0,703.0,3.0,28.0,24.0,2021-12-01,1,0,9946.0,909.0,828.8333333333334,4.122662376834908,4,12,2021,-2.4492935982947064e-16,1.0,3657.0,3921.0,2519.0,3769.6666666666665,3747.0,3404.25
2022,1,A0652,LANESTOSA - BALMASEDA,3440.0,1757.0,700.0,74.0,23.0,722.0,1.0,54.0,22.0,2022-01-01,0,0,9948.0,909.0,829.0,4.149577804583836,1,1,2022,0.49999999999999994,0.8660254037844387,3417.0,3731.0,2486.0,3601.6666666666665,3649.8333333333335,3479.0833333333335
2022,2,A0652,LANESTOSA - BALMASEDA,3676.0,1853.0,786.0,63.0,20.0,775.0,2.0,55.0,25.0,2022-02-01,0,0,9948.0,909.0,829.0,4.434258142340169,1,2,2022,0.8660254037844386,0.5000000000000001,3440.0,3657.0,2580.0,3504.6666666666665,3561.0,3558.5833333333335
2022,3,A0652,LANESTOSA - BALMASEDA,4262.0,2180.0,981.0,62.0,7.0,825.0,3.0,64.0,24.0,2022-03-01,0,0,9948.0,909.0,829.0,5.141133896260555,1,3,2022,1.0,6.123233995736766e-17,3676.0,3417.0,3770.0,3511.0,3640.3333333333335,3649.9166666666665
2022,4,A0652,LANESTOSA - BALMASEDA,3516.0,1990.0,709.0,64.0,9.0,576.0,4.0,49.0,25.0,2022-04-01,0,0,9948.0,909.0,829.0,4.241254523522316,2,4,2022,0.8660254037844387,-0.4999999999999998,4262.0,3440.0,3114.0,3792.6666666666665,3697.1666666666665,3690.9166666666665
2022,5,A0652,LANESTOSA - BALMASEDA,4461.0,2337.0,1001.0,68.0,2.0,834.0,3.0,69.0,32.0,2022-05-01,0,0,9948.0,909.0,829.0,5.381182147165259,2,5,2022,0.49999999999999994,-0.8660254037844387,3516.0,3676.0,3900.0,3818.0,3661.3333333333335,3724.4166666666665
2022,6,A0652,LANESTOSA - BALMASEDA,4038.0,2040.0,1007.0,17.0,1.0,800.0,2.0,82.0,49.0,2022-06-01,0,0,9948.0,909.0,829.0,4.870928829915561,2,6,2022,1.2246467991473532e-16,-1.0,4461.0,4262.0,4000.0,4079.6666666666665,3795.3333333333335,3771.1666666666665
2022,7,A0652,LANESTOSA - BALMASEDA,3402.0,1738.0,824.0,2.0,1.0,747.0,2.0,29.0,29.0,2022-07-01,0,0,9948.0,909.0,829.0,4.103739445114596,3,7,2022,-0.4999999999999997,-0.8660254037844388,4038.0,3516.0,3973.0,4005.0,3898.8333333333335,3774.3333333333335
2022,8,A0652,LANESTOSA - BALMASEDA,2990.0,1828.0,567.0,0.0,2.0,486.0,1.0,50.0,27.0,2022-08-01,0,0,9948.0,909.0,829.0,3.6067551266586246,3,8,2022,-0.8660254037844385,-0.5000000000000004,3402.0,4461.0,3200.0,3967.0,3892.5,3726.75
2020,1,A3535,LEKEITIO - AMOROTO,135.0,113.0,7.0,,,7.0,0.0,0.0,0.0,2020-01-01,1,0,,,,,1,1,2020,0.49999999999999994,0.8660254037844387,,,,,,
2020,2,A3535,LEKEITIO - AMOROTO,146.0,119.0,15.0,,,4.0,0.0,0.0,0.0,2020-02-01,1,0,,,,,1,2,2020,0.8660254037844386,0.5000000000000001,135.0,,,,,
2020,3,A3535,LEKEITIO - AMOROTO,82.0,73.0,5.0,,,0.0,0.0,0.0,0.0,2020-03-01,1,0,,,,,1,3,2020,1.0,6.123233995736766e-17,146.0,,,,,
2020,4,A3535,LEKEITIO - AMOROTO,0.0,,,,,0.0,0.0,0.0,0.0,2020-04-01,1,0,,,,,2,4,2020,0.8660254037844387,-0.4999999999999998,82.0,135.0,,121.0,,
2020,5,A3535,LEKEITIO - AMOROTO,30.0,20.0,10.0,,,0.0,0.0,0.0,0.0,2020-05-01,1,0,,,,,2,5,2020,0.49999999999999994,-0.8660254037844387,0.0,146.0,,76.0,,
2020,6,A3535,LEKEITIO - AMOROTO,75.0,53.0,19.0,,,0.0,0.0,0.0,0.0,2020-06-01,1,0,,,,,2,6,2020,1.2246467991473532e-16,-1.0,30.0,82.0,,37.333333333333336,,
2020,7,A3535,LEKEITIO - AMOROTO,101.0,84.0,14.0,,,0.0,0.0,0.0,0.0,2020-07-01,1,0,,,,,3,7,2020,-0.4999999999999997,-0.8660254037844388,75.0,0.0,,35.0,78.0,
2020,8,A3535,LEKEITIO - AMOROTO,97.0,68.0,29.0,,,0.0,0.0,0.0,0.0,2020-08-01,1,0,,,,,3,8,2020,-0.8660254037844385,-0.5000000000000004,101.0,30.0,,68.66666666666667,72.33333333333333,
2020,9,A3535,LEKEITIO - AMOROTO,189.0,151.0,35.0,1.0,,0.0,0.0,0.0,0.0,2020-09-01,1,0,,,,,3,9,2020,-1.0,-1.8369701987210297e-16,97.0,75.0,,91.0,64.16666666666667,
2020,10,A3535,LEKEITIO - AMOROTO,191.0,173.0,18.0,,,0.0,0.0,0.0,0.0,2020-10-01,1,0,,,,,4,10,2020,-0.8660254037844386,0.5000000000000001,189.0,101.0,,129.0,82.0,
2020,11,A3535,LEKEITIO - AMOROTO,200.0,181.0,18.0,1.0,,0.0,0.0,0.0,0.0,2020-11-01,1,0,,,,,4,11,2020,-0.5000000000000004,0.8660254037844384,191.0,97.0,,159.0,113.83333333333333,
2020,12,A3535,LEKEITIO - AMOROTO,142.0,128.0,13.0,,,0.0,0.0,0.0,0.0,2020-12-01,1,0,,,,,4,12,2020,-2.4492935982947064e-16,1.0,200.0,189.0,,193.33333333333334,142.16666666666666,
2021,1,A3535,LEKEITIO - AMOROTO,175.0,138.0,18.0,19.0,,0.0,0.0,0.0,0.0,2021-01-01,1,0,4992.0,624.0,416.0,0.4206730769230769,1,1,2021,0.49999999999999994,0.8660254037844387,142.0,191.0,135.0,177.66666666666666,153.33333333333334,115.66666666666667
2021,2,A3535,LEKEITIO - AMOROTO,121.0,91.0,17.0,12.0,,1.0,0.0,0.0,0.0,2021-02-01,1,0,4992.0,624.0,416.0,0.29086538461538464,1,2,2021,0.8660254037844386,0.5000000000000001,175.0,200.0,146.0,172.33333333333334,165.66666666666666,119.0
2021,3,A3535,LEKEITIO - AMOROTO,153.0,102.0,32.0,15.0,,4.0,0.0,0.0,0.0,2021-03-01,1,0,4992.0,624.0,416.0,0.36778846153846156,1,3,2021,1.0,6.123233995736766e-17,121.0,142.0,82.0,146.0,169.66666666666666,116.91666666666667
2021,4,A3535,LEKEITIO - AMOROTO,123.0,93.0,22.0,,,8.0,0.0,0.0,0.0,2021-04-01,1,0,4992.0,624.0,416.0,0.2956730769230769,2,4,2021,0.8660254037844387,-0.4999999999999998,153.0,175.0,0.0,149.66666666666666,163.66666666666666,122.83333333333333
2021,5,A3535,LEKEITIO - AMOROTO,167.0,143.0,15.0,,,9.0,0.0,0.0,0.0,2021-05-01,1,0,4992.0,624.0,416.0,0.4014423076923077,2,5,2021,0.49999999999999994,-0.8660254037844387,123.0,121.0,30.0,132.33333333333334,152.33333333333334,133.08333333333334
2021,6,A3535,LEKEITIO - AMOROTO,134.0,125.0,6.0,,,3.0,0.0,0.0,0.0,2021-06-01,1,0,4992.0,624.0,416.0,0.32211538461538464,2,6,2021,1.2246467991473532e-16,-1.0,167.0,153.0,75.0,147.66666666666666,146.83333333333334,144.5
2021,7,A3535,LEKEITIO - AMOROTO,36.0,34.0,1.0,,,0.0,0.0,0.0,0.0,2021-07-01,1,0,4992.0,624.0,416.0,0.08653846153846154,3,7,2021,-0.4999999999999997,-0.8660254037844388,134.0,123.0,101.0,141.33333333333334,145.5,149.41666666666666
2021,8,A3535,LEKEITIO - AMOROTO,150.0,119.0,16.0,,,14.0,0.0,0.0,0.0,2021-08-01,1,0,4992.0,624.0,416.0,0.3605769230769231,3,8,2021,-0.8660254037844385,-0.5000000000000004,36.0,167.0,97.0,112.33333333333333,122.33333333333333,144.0
2021,9,A3535,LEKEITIO - AMOROTO,101.0,76.0,20.0,,,5.0,0.0,0.0,0.0,2021-09-01,1,0,4992.0,624.0,416.0,0.24278846153846154,3,9,2021,-1.0,-1.8369701987210297e-16,150.0,134.0,189.0,106.66666666666667,127.16666666666667,148.41666666666666
2021,10,A3535,LEKEITIO - AMOROTO,297.0,275.0,12.0,,,10.0,0.0,0.0,0.0,2021-10-01,1,0,4992.0,624.0,416.0,0.7139423076923077,4,10,2021,-0.8660254037844386,0.5000000000000001,101.0,36.0,191.0,95.66666666666667,118.5,141.08333333333334
2021,11,A3535,LEKEITIO - AMOROTO,161.0,151.0,3.0,,,7.0,0.0,0.0,0.0,2021-11-01,1,0,4992.0,624.0,416.0,0.3870192307692308,4,11,2021,-0.5000000000000004,0.8660254037844384,297.0,150.0,200.0,182.66666666666666,147.5,149.91666666666666
2021,12,A3535,LEKEITIO - AMOROTO,101.0,92.0,6.0,,,3.0,0.0,0.0,0.0,2021-12-01,1,0,4992.0,624.0,416.0,0.24278846153846154,4,12,2021,-2.4492935982947064e-16,1.0,161.0,101.0,142.0,186.33333333333334,146.5,146.66666666666666
2022,1,A3535,LEKEITIO - AMOROTO,125.0,117.0,5.0,,,2.0,0.0,0.0,0.0,2022-01-01,0,0,4984.0,623.0,415.3333333333333,0.3009630818619583,1,1,2022,0.49999999999999994,0.8660254037844387,101.0,297.0,175.0,186.33333333333334,141.0,143.25
2022,2,A3535,LEKEITIO - AMOROTO,121.0,116.0,3.0,,,2.0,0.0,0.0,0.0,2022-02-01,0,0,4984.0,623.0,415.3333333333333,0.2913322632423756,1,2,2022,0.8660254037844386,0.5000000000000001,125.0,161.0,121.0,129.0,155.83333333333334,139.08333333333334
2022,3,A3535,LEKEITIO - AMOROTO,129.0,118.0,5.0,,,6.0,0.0,0.0,0.0,2022-03-01,0,0,4984.0,623.0,415.3333333333333,0.31059390048154095,1,3,2022,1.0,6.123233995736766e-17,121.0,101.0,153.0,115.66666666666667,151.0,139.08333333333334
2022,4,A3535,LEKEITIO - AMOROTO,88.0,83.0,2.0,,,3.0,0.0,0.0,0.0,2022-04-01,0,0,4984.0,623.0,415.3333333333333,0.21187800963081863,2,4,2022,0.8660254037844387,-0.4999999999999998,129.0,125.0,123.0,125.0,155.66666666666666,137.08333333333334
2022,5,A3535,LEKEITIO - AMOROTO,157.0,136.0,12.0,,,8.0,0.0,0.0,0.0,2022-05-01,0,0,4984.0,623.0,415.3333333333333,0.3780096308186196,2,5,2022,0.49999999999999994,-0.8660254037844387,88.0,121.0,167.0,112.66666666666667,120.83333333333333,134.16666666666666
2022,6,A3535,LEKEITIO - AMOROTO,138.0,118.0,8.0,,,12.0,0.0,0.0,0.0,2022-06-01,0,0,4984.0,623.0,415.3333333333333,0.33226324237560195,2,6,2022,1.2246467991473532e-16,-1.0,157.0,129.0,134.0,124.66666666666667,120.16666666666667,133.33333333333334
2022,7,A3535,LEKEITIO - AMOROTO,110.0,77.0,9.0,,,24.0,0.0,0.0,0.0,2022-07-01,0,0,4984.0,623.0,415.3333333333333,0.2648475120385233,3,7,2022,-0.4999999999999997,-0.8660254037844388,138.0,88.0,36.0,127.66666666666667,126.33333333333333,133.66666666666666
2022,8,A3535,LEKEITIO - AMOROTO,64.0,50.0,8.0,,,6.0,0.0,0.0,0.0,2022-08-01,0,0,4984.0,623.0,415.3333333333333,0.15409309791332265,3,8,2022,-0.8660254037844385,-0.5000000000000004,110.0,157.0,150.0,135.0,123.83333333333333,139.83333333333334
2020,1,A3536,LEKEITIO - MENDEXA,142.0,87.0,45.0,1.0,,8.0,0.0,0.0,0.0,2020-01-01,1,0,,,,,1,1,2020,0.49999999999999994,0.8660254037844387,,,,,,
2020,2,A3536,LEKEITIO - MENDEXA,154.0,86.0,56.0,,,9.0,0.0,0.0,0.0,2020-02-01,1,0,,,,,1,2,2020,0.8660254037844386,0.5000000000000001,142.0,,,,,
2020,3,A3536,LEKEITIO - MENDEXA,53.0,31.0,21.0,,,1.0,0.0,0.0,0.0,2020-03-01,1,0,,,,,1,3,2020,1.0,6.123233995736766e-17,154.0,,,,,
2020,4,A3536,LEKEITIO - MENDEXA,0.0,,,,,0.0,0.0,0.0,0.0,2020-04-01,1,0,,,,,2,4,2020,0.8660254037844387,-0.4999999999999998,53.0,142.0,,116.33333333333333,,
2020,5,A3536,LEKEITIO - MENDEXA,51.0,33.0,18.0,,,0.0,0.0,0.0,0.0,2020-05-01,1,0,,,,,2,5,2020,0.49999999999999994,-0.8660254037844387,0.0,154.0,,69.0,,
2020,6,A3536,LEKEITIO - MENDEXA,122.0,77.0,42.0,,,0.0,0.0,0.0,0.0,2020-06-01,1,0,,,,,2,6,2020,1.2246467991473532e-16,-1.0,51.0,53.0,,34.666666666666664,,
2020,7,A3536,LEKEITIO - MENDEXA,363.0,278.0,81.0,,,0.0,0.0,0.0,0.0,2020-07-01,1,0,,,,,3,7,2020,-0.4999999999999997,-0.8660254037844388,122.0,0.0,,57.666666666666664,87.0,
2020,8,A3536,LEKEITIO - MENDEXA,514.0,424.0,87.0,,,0.0,0.0,0.0,0.0,2020-08-01,1,0,,,,,3,8,2020,-0.8660254037844385,-0.5000000000000004,363.0,51.0,,178.66666666666666,123.83333333333333,
2020,9,A3536,LEKEITIO - MENDEXA,152.0,93.0,58.0,,,0.0,0.0,0.0,0.0,2020-09-01,1,0,,,,,3,9,2020,-1.0,-1.8369701987210297e-16,514.0,122.0,,333.0,183.83333333333334,
2020,10,A3536,LEKEITIO - MENDEXA,102.0,52.0,50.0,,,0.0,0.0,0.0,0.0,2020-10-01,1,0,,,,,4,10,2020,-0.8660254037844386,0.5000000000000001,152.0,363.0,,343.0,200.33333333333334,
2020,11,A3536,LEKEITIO - MENDEXA,64.0,38.0,26.0,,,0.0,0.0,0.0,0.0,2020-11-01,1,0,,,,,4,11,2020,-0.5000000000000004,0.8660254037844384,102.0,514.0,,256.0,217.33333333333334,
2020,12,A3536,LEKEITIO - MENDEXA,91.0,47.0,38.0,3.0,,2.0,0.0,0.0,0.0,2020-12-01,1,0,,,,,4,12,2020,-2.4492935982947064e-16,1.0,64.0,152.0,,106.0,219.5,
2021,1,A3536,LEKEITIO - MENDEXA,86.0,60.0,24.0,,,2.0,0.0,0.0,0.0,2021-01-01,1,0,5244.0,660.0,437.0,0.19679633867276888,1,1,2021,0.49999999999999994,0.8660254037844387,91.0,102.0,142.0,85.66666666666667,214.33333333333334,150.66666666666666
2021,2,A3536,LEKEITIO - MENDEXA,108.0,68.0,34.0,,,6.0,0.0,0.0,0.0,2021-02-01,1,0,5244.0,660.0,437.0,0.2471395881006865,1,2,2021,0.8660254037844386,0.5000000000000001,86.0,64.0,154.0,80.33333333333333,168.16666666666666,146.0
2021,3,A3536,LEKEITIO - MENDEXA,157.0,128.0,14.0,,,15.0,0.0,0.0,0.0,2021-03-01,1,0,5244.0,660.0,437.0,0.35926773455377575,1,3,2021,1.0,6.123233995736766e-17,108.0,91.0,53.0,95.0,100.5,142.16666666666666
2021,4,A3536,LEKEITIO - MENDEXA,127.0,75.0,41.0,,,11.0,0.0,0.0,0.0,2021-04-01,1,0,5244.0,660.0,437.0,0.2906178489702517,2,4,2021,0.8660254037844387,-0.4999999999999998,157.0,86.0,0.0,117.0,101.33333333333333,150.83333333333334
2021,5,A3536,LEKEITIO - MENDEXA,166.0,104.0,52.0,,,8.0,0.0,0.0,0.0,2021-05-01,1,0,5244.0,660.0,437.0,0.37986270022883295,2,5,2021,0.49999999999999994,-0.8660254037844387,127.0,108.0,51.0,130.66666666666666,105.5,161.41666666666666
2021,6,A3536,LEKEITIO - MENDEXA,137.0,72.0,45.0,,,20.0,0.0,0.0,0.0,2021-06-01,1,0,5244.0,660.0,437.0,0.3135011441647597,2,6,2021,1.2246467991473532e-16,-1.0,166.0,157.0,122.0,150.0,122.5,171.0
2021,7,A3536,LEKEITIO - MENDEXA,130.0,89.0,24.0,,,14.0,0.0,0.0,0.0,2021-07-01,1,0,5244.0,660.0,437.0,0.2974828375286041,3,7,2021,-0.4999999999999997,-0.8660254037844388,137.0,127.0,363.0,143.33333333333334,130.16666666666666,172.25
2021,8,A3536,LEKEITIO - MENDEXA,457.0,286.0,85.0,,,79.0,0.0,0.0,0.0,2021-08-01,1,0,5244.0,660.0,437.0,1.045766590389016,3,8,2021,-0.8660254037844385,-0.5000000000000004,130.0,166.0,514.0,144.33333333333334,137.5,152.83333333333334
2021,9,A3536,LEKEITIO - MENDEXA,306.0,183.0,98.0,,,23.0,0.0,0.0,0.0,2021-09-01,1,0,5244.0,660.0,437.0,0.700228832951945,3,9,2021,-1.0,-1.8369701987210297e-16,457.0,137.0,152.0,241.33333333333334,195.66666666666666,148.08333333333334
2021,10,A3536,LEKEITIO - MENDEXA,244.0,139.0,89.0,,,16.0,0.0,0.0,0.0,2021-10-01,1,0,5244.0,660.0,437.0,0.5583524027459954,4,10,2021,-0.8660254037844386,0.5000000000000001,306.0,130.0,102.0,297.6666666666667,220.5,160.91666666666666
2021,11,A3536,LEKEITIO - MENDEXA,130.0,88.0,32.0,,,10.0,0.0,0.0,0.0,2021-11-01,1,0,5244.0,660.0,437.0,0.2974828375286041,4,11,2021,-0.5000000000000004,0.8660254037844384,244.0,457.0,64.0,335.6666666666667,240.0,172.75
2021,12,A3536,LEKEITIO - MENDEXA,100.0,76.0,11.0,,,13.0,0.0,0.0,0.0,2021-12-01,1,0,5244.0,660.0,437.0,0.2288329519450801,4,12,2021,-2.4492935982947064e-16,1.0,130.0,306.0,91.0,226.66666666666666,234.0,178.25
2022,1,A3536,LEKEITIO - MENDEXA,81.0,44.0,23.0,,,14.0,0.0,0.0,0.0,2022-01-01,0,0,5278.0,665.0,439.8333333333333,0.18416066691928762,1,1,2022,0.49999999999999994,0.8660254037844387,100.0,244.0,86.0,158.0,227.83333333333334,179.0
2022,2,A3536,LEKEITIO - MENDEXA,79.0,49.0,16.0,,,14.0,0.0,0.0,0.0,2022-02-01,0,0,5278.0,665.0,439.8333333333333,0.17961348995831755,1,2,2022,0.8660254037844386,0.5000000000000001,81.0,130.0,108.0,103.66666666666667,219.66666666666666,178.58333333333334
2022,3,A3536,LEKEITIO - MENDEXA,87.0,55.0,18.0,,,13.0,0.0,0.0,0.0,2022-03-01,0,0,5278.0,665.0,439.8333333333333,0.19780219780219782,1,3,2022,1.0,6.123233995736766e-17,79.0,100.0,157.0,86.66666666666667,156.66666666666666,176.16666666666666
2022,4,A3536,LEKEITIO - MENDEXA,89.0,63.0,11.0,,,15.0,0.0,0.0,0.0,2022-04-01,0,0,5278.0,665.0,439.8333333333333,0.2023493747631679,2,4,2022,0.8660254037844387,-0.4999999999999998,87.0,81.0,127.0,82.33333333333333,120.16666666666667,170.33333333333334
2022,5,A3536,LEKEITIO - MENDEXA,82.0,51.0,15.0,,,16.0,0.0,0.0,0.0,2022-05-01,0,0,5278.0,665.0,439.8333333333333,0.18643425539977265,2,5,2022,0.49999999999999994,-0.8660254037844387,89.0,79.0,166.0,85.0,94.33333333333333,167.16666666666666
2022,6,A3536,LEKEITIO - MENDEXA,132.0,77.0,23.0,,,32.0,0.0,0.0,0.0,2022-06-01,0,0,5278.0,665.0,439.8333333333333,0.3001136794240243,2,6,2022,1.2246467991473532e-16,-1.0,82.0,87.0,137.0,86.0,86.33333333333333,160.16666666666666
2022,7,A3536,LEKEITIO - MENDEXA,352.0,174.0,85.0,,,91.0,0.0,0.0,0.0,2022-07-01,0,0,5278.0,665.0,439.8333333333333,0.8003031451307314,3,7,2022,-0.4999999999999997,-0.8660254037844388,132.0,89.0,130.0,101.0,91.66666666666667,159.75
2022,8,A3536,LEKEITIO - MENDEXA,507.0,258.0,155.0,,,78.0,0.0,0.0,0.0,2022-08-01,0,0,5278.0,665.0,439.8333333333333,1.1527093596059115,3,8,2022,-0.8660254037844385,-0.5000000000000004,352.0,82.0,457.0,188.66666666666666,136.83333333333334,178.25
2020,1,A3538,LEKEITIO-Barainka,10.0,6.0,2.0,,,2.0,0.0,0.0,0.0,2020-01-01,1,0,,,,,1,1,2020,0.49999999999999994,0.8660254037844387,,,,,,
2020,2,A3538,LEKEITIO-Barainka,12.0,9.0,2.0,,,1.0,0.0,0.0,0.0,2020-02-01,1,0,,,,,1,2,2020,0.8660254037844386,0.5000000000000001,10.0,,,,,
2020,3,A3538,LEKEITIO-Barainka,7.0,6.0,1.0,,,0.0,0.0,0.0,0.0,2020-03-01,1,0,,,,,1,3,2020,1.0,6.123233995736766e-17,12.0,,,,,
2020,4,A3538,LEKEITIO-Barainka,0.0,,,,,0.0,0.0,0.0,0.0,2020-04-01,1,0,,,,,2,4,2020,0.8660254037844387,-0.4999999999999998,7.0,10.0,,9.666666666666666,,
2020,5,A3538,LEKEITIO-Barainka,2.0,2.0,,,,0.0,0.0,0.0,0.0,2020-05-01,1,0,,,,,2,5,2020,0.49999999999999994,-0.8660254037844387,0.0,12.0,,6.333333333333333,,
2020,6,A3538,LEKEITIO-Barainka,3.0,3.0,,,,0.0,0.0,0.0,0.0,2020-06-01,1,0,,,,,2,6,2020,1.2246467991473532e-16,-1.0,2.0,7.0,,3.0,,
2020,7,A3538,LEKEITIO-Barainka,37.0,14.0,23.0,,,0.0,0.0,0.0,0.0,2020-07-01,1,0,,,,,3,7,2020,-0.4999999999999997,-0.8660254037844388,3.0,0.0,,1.6666666666666667,5.666666666666667,
2020,8,A3538,LEKEITIO-Barainka,32.0,16.0,16.0,,,0.0,0.0,0.0,0.0,2020-08-01,1,0,,,,,3,8,2020,-0.8660254037844385,-0.5000000000000004,37.0,2.0,,14.0,10.166666666666666,
2020,9,A3538,LEKEITIO-Barainka,8.0,7.0,1.0,,,0.0,0.0,0.0,0.0,2020-09-01,1,0,,,,,3,9,2020,-1.0,-1.8369701987210297e-16,32.0,3.0,,24.0,13.5,
2020,10,A3538,LEKEITIO-Barainka,7.0,5.0,2.0,,,0.0,0.0,0.0,0.0,2020-10-01,1,0,,,,,4,10,2020,-0.8660254037844386,0.5000000000000001,8.0,37.0,,25.666666666666668,13.666666666666666,
2020,11,A3538,LEKEITIO-Barainka,1.0,1.0,,,,0.0,0.0,0.0,0.0,2020-11-01,1,0,,,,,4,11,2020,-0.5000000000000004,0.8660254037844384,7.0,32.0,,15.666666666666666,14.833333333333334,
2020,12,A3538,LEKEITIO-Barainka,3.0,2.0,1.0,,,0.0,0.0,0.0,0.0,2020-12-01,1,0,,,,,4,12,2020,-2.4492935982947064e-16,1.0,1.0,8.0,,5.333333333333333,14.666666666666666,
2021,1,A3538,LEKEITIO-Barainka,1.0,,,,,1.0,0.0,0.0,0.0,2021-01-01,1,0,2496.0,624.0,208.0,0.004807692307692308,1,1,2021,0.49999999999999994,0.8660254037844387,3.0,7.0,10.0,3.6666666666666665,14.666666666666666,10.166666666666666
2021,2,A3538,LEKEITIO-Barainka,1.0,1.0,,,,0.0,0.0,0.0,0.0,2021-02-01,1,0,2496.0,624.0,208.0,0.004807692307692308,1,2,2021,0.8660254037844386,0.5000000000000001,1.0,1.0,12.0,1.6666666666666667,8.666666666666666,9.416666666666666
2021,3,A3538,LEKEITIO-Barainka,2.0,2.0,,,,0.0,0.0,0.0,0.0,2021-03-01,1,0,2496.0,624.0,208.0,0.009615384615384616,1,3,2021,1.0,6.123233995736766e-17,1.0,3.0,7.0,1.6666666666666667,3.5,8.5
2021,4,A3538,LEKEITIO-Barainka,3.0,1.0,2.0,,,0.0,0.0,0.0,0.0,2021-04-01,1,0,2496.0,624.0,208.0,0.014423076923076924,2,4,2021,0.8660254037844387,-0.4999999999999998,2.0,1.0,0.0,1.3333333333333333,2.5,8.083333333333334
2021,5,A3538,LEKEITIO-Barainka,5.0,5.0,,,,0.0,0.0,0.0,0.0,2021-05-01,1,0,2496.0,624.0,208.0,0.02403846153846154,2,5,2021,0.49999999999999994,-0.8660254037844387,3.0,1.0,2.0,2.0,1.8333333333333333,8.333333333333334
2021,6,A3538,LEKEITIO-Barainka,19.0,4.0,,,,15.0,0.0,0.0,0.0,2021-06-01,1,0,2496.0,624.0,208.0,0.09134615384615384,2,6,2021,1.2246467991473532e-16,-1.0,5.0,2.0,3.0,3.3333333333333335,2.5,8.583333333333334
2021,7,A3538,LEKEITIO-Barainka,11.0,11.0,,,,0.0,0.0,0.0,0.0,2021-07-01,1,0,2496.0,624.0,208.0,0.052884615384615384,3,7,2021,-0.4999999999999997,-0.8660254037844388,19.0,3.0,37.0,9.0,5.166666666666667,9.916666666666666
2021,8,A3538,LEKEITIO-Barainka,46.0,46.0,,,,0.0,0.0,0.0,0.0,2021-08-01,1,0,2496.0,624.0,208.0,0.22115384615384615,3,8,2021,-0.8660254037844385,-0.5000000000000004,11.0,5.0,32.0,11.666666666666666,6.833333333333333,7.75
2021,9,A3538,LEKEITIO-Barainka,27.0,26.0,,,,1.0,0.0,0.0,0.0,2021-09-01,1,0,2496.0,624.0,208.0,0.12980769230769232,3,9,2021,-1.0,-1.8369701987210297e-16,46.0,19.0,8.0,25.333333333333332,14.333333333333334,8.916666666666666
2021,10,A3538,LEKEITIO-Barainka,66.0,58.0,7.0,,,1.0,0.0,0.0,0.0,2021-10-01,1,0,2496.0,624.0,208.0,0.3173076923076923,4,10,2021,-0.8660254037844386,0.5000000000000001,27.0,11.0,7.0,28.0,18.5,10.5
2021,11,A3538,LEKEITIO-Barainka,30.0,27.0,,,,3.0,0.0,0.0,0.0,2021-11-01,1,0,2496.0,624.0,208.0,0.14423076923076922,4,11,2021,-0.5000000000000004,0.8660254037844384,66.0,46.0,1.0,46.333333333333336,29.0,15.416666666666666
2021,12,A3538,LEKEITIO-Barainka,29.0,23.0,2.0,,,4.0,0.0,0.0,0.0,2021-12-01,1,0,2496.0,624.0,208.0,0.13942307692307693,4,12,2021,-2.4492935982947064e-16,1.0,30.0,27.0,3.0,41.0,33.166666666666664,17.833333333333332
2022,1,A3538,LEKEITIO-Barainka,25.0,16.0,2.0,,,7.0,0.0,0.0,0.0,2022-01-01,0,0,2492.0,623.0,207.66666666666666,0.12038523274478331,1,1,2022,0.49999999999999994,0.8660254037844387,29.0,66.0,1.0,41.666666666666664,34.833333333333336,20.0
2022,2,A3538,LEKEITIO-Barainka,26.0,21.0,,,,5.0,0.0,0.0,0.0,2022-02-01,0,0,2492.0,623.0,207.66666666666666,0.12520064205457465,1,2,2022,0.8660254037844386,0.5000000000000001,25.0,30.0,1.0,28.0,37.166666666666664,22.0
2022,3,A3538,LEKEITIO-Barainka,30.0,25.0,2.0,,,3.0,0.0,0.0,0.0,2022-03-01,0,0,2492.0,623.0,207.66666666666666,0.14446227929373998,1,3,2022,1.0,6.123233995736766e-17,26.0,29.0,2.0,26.666666666666668,33.833333333333336,24.083333333333332
2022,4,A3538,LEKEITIO-Barainka,27.0,23.0,1.0,,,3.0,0.0,0.0,0.0,2022-04-01,0,0,2492.0,623.0,207.66666666666666,0.13001605136436598,2,4,2022,0.8660254037844387,-0.4999999999999998,30.0,25.0,3.0,27.0,34.333333333333336,26.416666666666668
2022,5,A3538,LEKEITIO-Barainka,32.0,21.0,,,,11.0,0.0,0.0,0.0,2022-05-01,0,0,2492.0,623.0,207.66666666666666,0.15409309791332265,2,5,2022,0.49999999999999994,-0.8660254037844387,27.0,26.0,5.0,27.666666666666668,27.833333333333332,28.416666666666668
2022,6,A3538,LEKEITIO-Barainka,24.0,21.0,,,,3.0,0.0,0.0,0.0,2022-06-01,0,0,2492.0,623.0,207.66666666666666,0.11556982343499198,2,6,2022,1.2246467991473532e-16,-1.0,32.0,30.0,19.0,29.666666666666668,28.166666666666668,30.666666666666668
2022,7,A3538,LEKEITIO-Barainka,33.0,32.0,,,,1.0,0.0,0.0,0.0,2022-07-01,0,0,2492.0,623.0,207.66666666666666,0.15890850722311398,3,7,2022,-0.4999999999999997,-0.8660254037844388,24.0,27.0,11.0,27.666666666666668,27.333333333333332,31.083333333333332
2022,8,A3538,LEKEITIO-Barainka,26.0,18.0,2.0,,,6.0,0.0,0.0,0.0,2022-08-01,0,0,2492.0,623.0,207.66666666666666,0.12520064205457465,3,8,2022,-0.8660254037844385,-0.5000000000000004,33.0,32.0,46.0,29.666666666666668,28.666666666666668,32.916666666666664
2020,1,A3129,Lutxana - Gurutzeta/Cruces - SANTURTZI,97423.0,53794.0,21184.0,2325.0,2136.0,7997.0,16.0,2999.0,4343.0,2020-01-01,1,0,,,,,1,1,2020,0.49999999999999994,0.8660254037844387,,,,,,
2020,2,A3129,Lutxana - Gurutzeta/Cruces - SANTURTZI,89849.0,48361.0,20553.0,2648.0,2113.0,7160.0,2.0,2828.0,3981.0,2020-02-01,1,0,,,,,1,2,2020,0.8660254037844386,0.5000000000000001,97423.0,,,,,
2020,3,A3129,Lutxana - Gurutzeta/Cruces - SANTURTZI,41811.0,24388.0,8526.0,1124.0,951.0,2964.0,0.0,1075.0,1732.0,2020-03-01,1,0,,,,,1,3,2020,1.0,6.123233995736766e-17,89849.0,,,,,
2020,4,A3129,Lutxana - Gurutzeta/Cruces - SANTURTZI,9431.0,7607.0,1314.0,95.0,21.0,0.0,0.0,11.0,127.0,2020-04-01,1,0,,,,,2,4,2020,0.8660254037844387,-0.4999999999999998,41811.0,97423.0,,76361.0,,
2020,5,A3129,Lutxana - Gurutzeta/Cruces - SANTURTZI,23244.0,17135.0,4886.0,139.0,126.0,0.0,0.0,105.0,329.0,2020-05-01,1,0,,,,,2,5,2020,0.49999999999999994,-0.8660254037844387,9431.0,89849.0,,47030.333333333336,,
2020,6,A3129,Lutxana - Gurutzeta/Cruces - SANTURTZI,58853.0,41227.0,12424.0,647.0,649.0,0.0,0.0,889.0,1423.0,2020-06-01,1,0,,,,,2,6,2020,1.2246467991473532e-16,-1.0,23244.0,41811.0,,24828.666666666668,,
2020,7,A3129,Lutxana - Gurutzeta/Cruces - SANTURTZI,63661.0,44205.0,12989.0,951.0,832.0,0.0,0.0,1336.0,1668.0,2020-07-01,1,0,,,,,3,7,2020,-0.4999999999999997,-0.8660254037844388,58853.0,9431.0,,30509.333333333332,53435.166666666664,
2020,8,A3129,Lutxana - Gurutzeta/Cruces - SANTURTZI,42711.0,29887.0,8591.0,798.0,511.0,0.0,0.0,847.0,962.0,2020-08-01,1,0,,,,,3,8,2020,-0.8660254037844385,-0.5000000000000004,63661.0,23244.0,,48586.0,47808.166666666664,
2020,9,A3129,Lutxana - Gurutzeta/Cruces - SANTURTZI,64794.0,43171.0,13454.0,1422.0,1314.0,0.0,0.0,1490.0,1986.0,2020-09-01,1,0,,,,,3,9,2020,-1.0,-1.8369701987210297e-16,42711.0,58853.0,,55075.0,39951.833333333336,
2020,10,A3129,Lutxana - Gurutzeta/Cruces - SANTURTZI,68477.0,45117.0,13608.0,2181.0,1630.0,0.0,0.0,1786.0,2152.0,2020-10-01,1,0,,,,,4,10,2020,-0.8660254037844386,0.5000000000000001,64794.0,63661.0,,57055.333333333336,43782.333333333336,
2020,11,A3129,Lutxana - Gurutzeta/Cruces - SANTURTZI,59692.0,39370.0,11818.0,1639.0,1457.0,0.0,0.0,1339.0,2122.0,2020-11-01,1,0,,,,,4,11,2020,-0.5000000000000004,0.8660254037844384,68477.0,42711.0,,58660.666666666664,53623.333333333336,
2020,12,A3129,Lutxana - Gurutzeta/Cruces - SANTURTZI,74031.0,49614.0,13921.0,1905.0,1428.0,590.0,0.0,1669.0,2574.0,2020-12-01,1,0,,,,,4,12,2020,-2.4492935982947064e-16,1.0,59692.0,64794.0,,64321.0,59698.0,
2021,1,A3129,Lutxana - Gurutzeta/Cruces - SANTURTZI,67006.0,43046.0,11795.0,1647.0,1297.0,2135.0,1.0,1885.0,2910.0,2021-01-01,1,0,104697.0,909.0,8724.75,7.6799908306828275,1,1,2021,0.49999999999999994,0.8660254037844387,74031.0,68477.0,97423.0,67400.0,62227.666666666664,57831.416666666664
2021,2,A3129,Lutxana - Gurutzeta/Cruces - SANTURTZI,58582.0,36140.0,10848.0,1553.0,1419.0,2208.0,0.0,1730.0,2892.0,2021-02-01,1,0,104697.0,909.0,8724.75,6.714461732427863,1,2,2021,0.8660254037844386,0.5000000000000001,67006.0,59692.0,89849.0,66909.66666666667,62785.166666666664,55296.666666666664
2021,3,A3129,Lutxana - Gurutzeta/Cruces - SANTURTZI,71629.0,42416.0,14784.0,1699.0,1593.0,3005.0,7.0,2201.0,3539.0,2021-03-01,1,0,104697.0,909.0,8724.75,8.209862746783575,1,3,2021,1.0,6.123233995736766e-17,58582.0,74031.0,41811.0,66539.66666666667,65430.333333333336,52691.083333333336
2021,4,A3129,Lutxana - Gurutzeta/Cruces - SANTURTZI,64773.0,38753.0,12757.0,1749.0,1328.0,2891.0,3.0,1928.0,3137.0,2021-04-01,1,0,104697.0,909.0,8724.75,7.424052265107883,2,4,2021,0.8660254037844387,-0.4999999999999998,71629.0,67006.0,9431.0,65739.0,66569.5,55175.916666666664
2021,5,A3129,Lutxana - Gurutzeta/Cruces - SANTURTZI,77415.0,45951.0,15927.0,1925.0,1445.0,3729.0,2.0,2540.0,3354.0,2021-05-01,1,0,104697.0,909.0,8724.75,8.87303361127826,2,5,2021,0.49999999999999994,-0.8660254037844387,64773.0,58582.0,23244.0,64994.666666666664,65952.16666666667,59787.75
2021,6,A3129,Lutxana - Gurutzeta/Cruces - SANTURTZI,82356.0,49615.0,16307.0,1629.0,1428.0,4564.0,23.0,2937.0,3388.0,2021-06-01,1,0,104697.0,909.0,8724.75,9.439353563139345,2,6,2021,1.2246467991473532e-16,-1.0,77415.0,71629.0,58853.0,71272.33333333333,68906.0,64302.0
2021,7,A3129,Lutxana - Gurutzeta/Cruces - SANTURTZI,75111.0,46023.0,14298.0,1457.0,1204.0,4934.0,24.0,2577.0,2545.0,2021-07-01,1,0,104697.0,909.0,8724.75,8.6089572767128,3,7,2021,-0.4999999999999997,-0.8660254037844388,82356.0,64773.0,63661.0,74848.0,70293.5,66260.58333333333
2021,8,A3129,Lutxana - Gurutzeta/Cruces - SANTURTZI,48160.0,29170.0,9199.0,839.0,784.0,3648.0,18.0,1607.0,1618.0,2021-08-01,1,0,104697.0,909.0,8724.75,5.519928937791914,3,8,2021,-0.8660254037844385,-0.5000000000000004,75111.0,77415.0,42711.0,78294.0,71644.33333333333,67214.75
2021,9,A3129,Lutxana - Gurutzeta/Cruces - SANTURTZI,76127.0,44701.0,14951.0,1721.0,1629.0,4974.0,32.0,2617.0,3166.0,2021-09-01,1,0,104697.0,909.0,8724.75,8.72540760480243,3,9,2021,-1.0,-1.8369701987210297e-16,48160.0,82356.0,64794.0,68542.33333333333,69907.33333333333,67668.83333333333
2021,10,A3129,Lutxana - Gurutzeta/Cruces - SANTURTZI,79479.0,45023.0,16998.0,2027.0,1980.0,5005.0,27.0,2539.0,3494.0,2021-10-01,1,0,104697.0,909.0,8724.75,9.109601994326486,4,10,2021,-0.8660254037844386,0.5000000000000001,76127.0,75111.0,68477.0,66466.0,70657.0,68613.25
2021,11,A3129,Lutxana - Gurutzeta/Cruces - SANTURTZI,79926.0,46096.0,16526.0,2018.0,1935.0,4884.0,24.0,2458.0,3444.0,2021-11-01,1,0,104697.0,909.0,8724.75,9.160835554027337,4,11,2021,-0.5000000000000004,0.8660254037844384,79479.0,48160.0,59692.0,67922.0,73108.0,69530.08333333333
2021,12,A3129,Lutxana - Gurutzeta/Cruces - SANTURTZI,84483.0,49871.0,16908.0,1917.0,1814.0,5827.0,17.0,2448.0,3253.0,2021-12-01,1,0,104697.0,909.0,8724.75,9.683142783460845,4,12,2021,-2.4492935982947064e-16,1.0,79926.0,76127.0,74031.0,78510.66666666667,73526.5,71216.25
2022,1,A3129,Lutxana - Gurutzeta/Cruces - SANTURTZI,77333.0,45661.0,15814.0,1803.0,1616.0,4835.0,28.0,2261.0,3099.0,2022-01-01,0,0,104833.0,909.0,8736.083333333334,8.852136254805261,1,1,2022,0.49999999999999994,0.8660254037844387,84483.0,79479.0,67006.0,81296.0,73881.0,72087.25
2022,2,A3129,Lutxana - Gurutzeta/Cruces - SANTURTZI,75873.0,43750.0,16356.0,1868.0,1844.0,4693.0,19.0,2315.0,2925.0,2022-02-01,0,0,104833.0,909.0,8736.083333333334,8.685013306878558,1,2,2022,0.8660254037844386,0.5000000000000001,77333.0,79926.0,58582.0,80580.66666666667,74251.33333333333,72947.83333333333
2022,3,A3129,Lutxana - Gurutzeta/Cruces - SANTURTZI,87330.0,49370.0,19048.0,2215.0,2323.0,5408.0,17.0,2796.0,3796.0,2022-03-01,0,0,104833.0,909.0,8736.083333333334,9.996470577012962,1,3,2022,1.0,6.123233995736766e-17,75873.0,84483.0,71629.0,79229.66666666667,78870.16666666667,74388.75
2022,4,A3129,Lutxana - Gurutzeta/Cruces - SANTURTZI,75767.0,43542.0,15527.0,1891.0,1891.0,5345.0,43.0,2467.0,2978.0,2022-04-01,0,0,104833.0,909.0,8736.083333333334,8.67287972298799,2,4,2022,0.8660254037844387,-0.4999999999999998,87330.0,77333.0,64773.0,80178.66666666667,80737.33333333333,75697.16666666667
2022,5,A3129,Lutxana - Gurutzeta/Cruces - SANTURTZI,84928.0,47627.0,18641.0,2354.0,2388.0,5411.0,25.0,2779.0,3478.0,2022-05-01,0,0,104833.0,909.0,8736.083333333334,9.72151898734177,2,5,2022,0.49999999999999994,-0.8660254037844387,75767.0,75873.0,77415.0,79656.66666666667,80118.66666666667,76613.33333333333
2022,6,A3129,Lutxana - Gurutzeta/Cruces - SANTURTZI,87762.0,51271.0,17917.0,1804.0,1953.0,5746.0,34.0,3009.0,3533.0,2022-06-01,0,0,104833.0,909.0,8736.083333333334,10.045920654755658,2,6,2022,1.2246467991473532e-16,-1.0,84928.0,87330.0,82356.0,82675.0,80952.33333333333,77239.41666666667
2022,7,A3129,Lutxana - Gurutzeta/Cruces - SANTURTZI,79176.0,47539.0,15489.0,1392.0,1648.0,5807.0,17.0,2822.0,2505.0,2022-07-01,0,0,104833.0,909.0,8736.083333333334,9.063100359619584,3,7,2022,-0.4999999999999997,-0.8660254037844388,87762.0,75767.0,75111.0,82819.0,81498.83333333333,77689.91666666667
2022,8,A3129,Lutxana - Gurutzeta/Cruces - SANTURTZI,52642.0,31970.0,9959.0,793.0,1122.0,4343.0,41.0,1808.0,1466.0,2022-08-01,0,0,104833.0,909.0,8736.083333333334,6.025812482710596,3,8,2022,-0.8660254037844385,-0.5000000000000004,79176.0,84928.0,48160.0,83955.33333333333,81806.0,78028.66666666667
2020,1,A3522,MUNGIA - DERIO - Cruces/Gurutzeta,10851.0,7010.0,1879.0,310.0,451.0,642.0,0.0,88.0,174.0,2020-01-01,1,0,,,,,1,1,2020,0.49999999999999994,0.8660254037844387,,,,,,
2020,2,A3522,MUNGIA - DERIO - Cruces/Gurutzeta,10958.0,7064.0,1893.0,297.0,511.0,651.0,0.0,86.0,129.0,2020-02-01,1,0,,,,,1,2,2020,0.8660254037844386,0.5000000000000001,10851.0,,,,,
2020,3,A3522,MUNGIA - DERIO - Cruces/Gurutzeta,5866.0,3930.0,830.0,182.0,291.0,339.0,0.0,30.0,102.0,2020-03-01,1,0,,,,,1,3,2020,1.0,6.123233995736766e-17,10958.0,,,,,
2020,4,A3522,MUNGIA - DERIO - Cruces/Gurutzeta,2075.0,1739.0,127.0,34.0,82.0,,,1.0,32.0,2020-04-01,1,0,,,,,2,4,2020,0.8660254037844387,-0.4999999999999998,5866.0,10851.0,,9225.0,,
2020,5,A3522,MUNGIA - DERIO - Cruces/Gurutzeta,4528.0,3756.0,478.0,39.0,100.0,0.0,0.0,11.0,37.0,2020-05-01,1,0,,,,,2,5,2020,0.49999999999999994,-0.8660254037844387,2075.0,10958.0,,6299.666666666667,,
2020,6,A3522,MUNGIA - DERIO - Cruces/Gurutzeta,7650.0,6072.0,1065.0,84.0,208.0,0.0,0.0,33.0,50.0,2020-06-01,1,0,,,,,2,6,2020,1.2246467991473532e-16,-1.0,4528.0,5866.0,,4156.333333333333,,
2020,7,A3522,MUNGIA - DERIO - Cruces/Gurutzeta,7823.0,6321.0,1051.0,65.0,158.0,0.0,0.0,49.0,31.0,2020-07-01,1,0,,,,,3,7,2020,-0.4999999999999997,-0.8660254037844388,7650.0,2075.0,,4751.0,6988.0,
2020,8,A3522,MUNGIA - DERIO - Cruces/Gurutzeta,5868.0,4791.0,692.0,32.0,142.0,0.0,0.0,43.0,14.0,2020-08-01,1,0,,,,,3,8,2020,-0.8660254037844385,-0.5000000000000004,7823.0,4528.0,,6667.0,6483.333333333333,
2020,9,A3522,MUNGIA - DERIO - Cruces/Gurutzeta,8761.0,6856.0,1205.0,221.0,240.0,,,32.0,42.0,2020-09-01,1,0,,,,,3,9,2020,-1.0,-1.8369701987210297e-16,5868.0,7650.0,,7113.666666666667,5635.0,
2020,10,A3522,MUNGIA - DERIO - Cruces/Gurutzeta,9747.0,7215.0,1380.0,394.0,340.0,,,87.0,37.0,2020-10-01,1,0,,,,,4,10,2020,-0.8660254037844386,0.5000000000000001,8761.0,7823.0,,7484.0,6117.5,
2020,11,A3522,MUNGIA - DERIO - Cruces/Gurutzeta,7715.0,5964.0,931.0,307.0,207.0,,,42.0,33.0,2020-11-01,1,0,,,,,4,11,2020,-0.5000000000000004,0.8660254037844384,9747.0,5868.0,,8125.333333333333,7396.166666666667,
2020,12,A3522,MUNGIA - DERIO - Cruces/Gurutzeta,7256.0,5531.0,940.0,228.0,219.0,22.0,0.0,56.0,15.0,2020-12-01,1,0,,,,,4,12,2020,-2.4492935982947064e-16,1.0,7715.0,8761.0,,8741.0,7927.333333333333,
2021,1,A3522,MUNGIA - DERIO - Cruces/Gurutzeta,7459.0,5617.0,937.0,265.0,191.0,66.0,0.0,101.0,34.0,2021-01-01,1,0,,,,,1,1,2021,0.49999999999999994,0.8660254037844387,7256.0,9747.0,10851.0,8239.333333333334,7861.666666666667,7424.833333333333
2021,2,A3522,MUNGIA - DERIO - Cruces/Gurutzeta,8463.0,6358.0,1100.0,323.0,172.0,90.0,0.0,88.0,25.0,2021-02-01,1,0,,,,,1,2,2021,0.8660254037844386,0.5000000000000001,7459.0,7715.0,10958.0,7476.666666666667,7801.0,7142.166666666667
2021,3,A3522,MUNGIA - DERIO - Cruces/Gurutzeta,9746.0,7177.0,1336.0,372.0,192.0,166.0,0.0,116.0,92.0,2021-03-01,1,0,,,,,1,3,2021,1.0,6.123233995736766e-17,8463.0,7256.0,5866.0,7726.0,8233.5,6934.25
2021,4,A3522,MUNGIA - DERIO - Cruces/Gurutzeta,9898.0,7023.0,1398.0,368.0,303.0,189.0,,112.0,104.0,2021-04-01,1,0,,,,,2,4,2021,0.8660254037844387,-0.4999999999999998,9746.0,7459.0,2075.0,8556.0,8397.666666666666,7257.583333333333
2021,5,A3522,MUNGIA - DERIO - Cruces/Gurutzeta,10918.0,7748.0,1741.0,380.0,223.0,246.0,0.0,116.0,78.0,2021-05-01,1,0,,,,,2,5,2021,0.49999999999999994,-0.8660254037844387,9898.0,8463.0,4528.0,9369.0,8422.833333333334,7909.5
2021,6,A3522,MUNGIA - DERIO - Cruces/Gurutzeta,10768.0,7875.0,1627.0,144.0,223.0,311.0,0.0,119.0,66.0,2021-06-01,1,0,,,,,2,6,2021,1.2246467991473532e-16,-1.0,10918.0,9746.0,7650.0,10187.333333333334,8956.666666666666,8442.0
2021,7,A3522,MUNGIA - DERIO - Cruces/Gurutzeta,9862.0,7094.0,1624.0,83.0,180.0,346.0,,82.0,78.0,2021-07-01,1,0,,,,,3,7,2021,-0.4999999999999997,-0.8660254037844388,10768.0,9898.0,7823.0,10528.0,9542.0,8701.833333333334
2021,8,A3522,MUNGIA - DERIO - Cruces/Gurutzeta,6983.0,5114.0,997.0,59.0,127.0,334.0,8.0,47.0,67.0,2021-08-01,1,0,,,,,3,8,2021,-0.8660254037844385,-0.5000000000000004,9862.0,10918.0,5868.0,10516.0,9942.5,8871.75
2021,9,A3522,MUNGIA - DERIO - Cruces/Gurutzeta,10437.0,7306.0,1704.0,305.0,262.0,367.0,,124.0,66.0,2021-09-01,1,0,,,,,3,9,2021,-1.0,-1.8369701987210297e-16,6983.0,10768.0,8761.0,9204.333333333334,9695.833333333334,8964.666666666666
2021,10,A3522,MUNGIA - DERIO - Cruces/Gurutzeta,10797.0,7218.0,1794.0,378.0,441.0,391.0,,132.0,56.0,2021-10-01,1,0,,,,,4,10,2021,-0.8660254037844386,0.5000000000000001,10437.0,9862.0,9747.0,9094.0,9811.0,9104.333333333334
2021,11,A3522,MUNGIA - DERIO - Cruces/Gurutzeta,11435.0,7824.0,1783.0,469.0,376.0,402.0,0.0,116.0,74.0,2021-11-01,1,0,,,,,4,11,2021,-0.5000000000000004,0.8660254037844384,10797.0,6983.0,7715.0,9405.666666666666,9960.833333333334,9191.833333333334
2021,12,A3522,MUNGIA - DERIO - Cruces/Gurutzeta,9387.0,6550.0,1509.0,237.0,262.0,345.0,3.0,114.0,60.0,2021-12-01,1,0,,,,,4,12,2021,-2.4492935982947064e-16,1.0,11435.0,10437.0,7256.0,10889.666666666666,10047.0,9501.833333333334
2022,1,A3522,MUNGIA - DERIO - Cruces/Gurutzeta,9732.0,6671.0,1544.0,362.0,290.0,374.0,,89.0,61.0,2022-01-01,0,0,,,,,1,1,2022,0.49999999999999994,0.8660254037844387,9387.0,10797.0,7459.0,10539.666666666666,9816.833333333334,9679.416666666666
2022,2,A3522,MUNGIA - DERIO - Cruces/Gurutzeta,10853.0,7321.0,1727.0,467.0,335.0,382.0,,113.0,80.0,2022-02-01,0,0,,,,,1,2,2022,0.8660254037844386,0.5000000000000001,9732.0,11435.0,8463.0,10184.666666666666,9795.166666666666,9868.833333333334
2022,3,A3522,MUNGIA - DERIO - Cruces/Gurutzeta,13386.0,8901.0,2044.0,538.0,480.0,559.0,0.0,151.0,128.0,2022-03-01,0,0,,,,,1,3,2022,1.0,6.123233995736766e-17,10853.0,9387.0,9746.0,9990.666666666666,10440.166666666666,10068.0
2022,4,A3522,MUNGIA - DERIO - Cruces/Gurutzeta,10311.0,6893.0,1672.0,307.0,364.0,446.0,,135.0,96.0,2022-04-01,0,0,,,,,2,4,2022,0.8660254037844387,-0.4999999999999998,13386.0,9732.0,9898.0,11323.666666666666,10931.666666666666,10371.333333333334
2022,5,A3522,MUNGIA - DERIO - Cruces/Gurutzeta,12725.0,8574.0,1888.0,511.0,452.0,478.0,,156.0,141.0,2022-05-01,0,0,,,,,2,5,2022,0.49999999999999994,-0.8660254037844387,10311.0,10853.0,10918.0,11516.666666666666,10850.666666666666,10405.75
2022,6,A3522,MUNGIA - DERIO - Cruces/Gurutzeta,12373.0,8437.0,1919.0,216.0,413.0,613.0,,185.0,122.0,2022-06-01,0,0,,,,,2,6,2022,1.2246467991473532e-16,-1.0,12725.0,13386.0,10768.0,12140.666666666666,11065.666666666666,10556.333333333334
2022,7,A3522,MUNGIA - DERIO - Cruces/Gurutzeta,9880.0,6709.0,1473.0,147.0,424.0,496.0,,143.0,142.0,2022-07-01,0,0,,,,,3,7,2022,-0.4999999999999997,-0.8660254037844388,12373.0,10311.0,9862.0,11803.0,11563.333333333334,10690.083333333334
2022,8,A3522,MUNGIA - DERIO - Cruces/Gurutzeta,7952.0,5431.0,1185.0,76.0,374.0,419.0,2.0,95.0,122.0,2022-08-01,0,0,,,,,3,8,2022,-0.8660254037844385,-0.5000000000000004,9880.0,12725.0,6983.0,11659.333333333334,11588.0,10691.583333333334
2020,1,A3529,MUNGIA - GAMIZ - FIKA,516.0,314.0,84.0,1.0,33.0,46.0,0.0,0.0,27.0,2020-01-01,1,0,,,,,1,1,2020,0.49999999999999994,0.8660254037844387,,,,,,
2020,2,A3529,MUNGIA - GAMIZ - FIKA,531.0,337.0,78.0,1.0,36.0,56.0,0.0,0.0,12.0,2020-02-01,1,0,,,,,1,2,2020,0.8660254037844386,0.5000000000000001,516.0,,,,,
2020,3,A3529,MUNGIA - GAMIZ - FIKA,253.0,180.0,24.0,,23.0,19.0,0.0,0.0,4.0,2020-03-01,1,0,,,,,1,3,2020,1.0,6.123233995736766e-17,531.0,,,,,
2020,4,A3529,MUNGIA - GAMIZ - FIKA,0.0,,,,,,,,,2020-04-01,1,0,,,,,2,4,2020,0.8660254037844387,-0.4999999999999998,253.0,516.0,,433.3333333333333,,
2020,5,A3529,MUNGIA - GAMIZ - FIKA,159.0,139.0,17.0,,,0.0,0.0,0.0,3.0,2020-05-01,1,0,,,,,2,5,2020,0.49999999999999994,-0.8660254037844387,0.0,531.0,,261.3333333333333,,
2020,6,A3529,MUNGIA - GAMIZ - FIKA,582.0,505.0,40.0,5.0,0.0,0.0,0.0,1.0,19.0,2020-06-01,1,0,,,,,2,6,2020,1.2246467991473532e-16,-1.0,159.0,253.0,,137.33333333333334,,
2020,7,A3529,MUNGIA - GAMIZ - FIKA,644.0,568.0,38.0,4.0,,0.0,0.0,1.0,24.0,2020-07-01,1,0,,,,,3,7,2020,-0.4999999999999997,-0.8660254037844388,582.0,0.0,,247.0,340.1666666666667,
2020,8,A3529,MUNGIA - GAMIZ - FIKA,590.0,535.0,17.0,2.0,,0.0,0.0,5.0,22.0,2020-08-01,1,0,,,,,3,8,2020,-0.8660254037844385,-0.5000000000000004,644.0,159.0,,461.6666666666667,361.5,
2020,9,A3529,MUNGIA - GAMIZ - FIKA,587.0,509.0,31.0,6.0,,,,,13.0,2020-09-01,1,0,,,,,3,9,2020,-1.0,-1.8369701987210297e-16,590.0,582.0,,605.3333333333334,371.3333333333333,
2020,10,A3529,MUNGIA - GAMIZ - FIKA,574.0,509.0,29.0,5.0,2.0,,,,18.0,2020-10-01,1,0,,,,,4,10,2020,-0.8660254037844386,0.5000000000000001,587.0,644.0,,607.0,427.0,
2020,11,A3529,MUNGIA - GAMIZ - FIKA,354.0,300.0,31.0,5.0,,,,,8.0,2020-11-01,1,0,,,,,4,11,2020,-0.5000000000000004,0.8660254037844384,574.0,590.0,,583.6666666666666,522.6666666666666,
2020,12,A3529,MUNGIA - GAMIZ - FIKA,330.0,253.0,49.0,5.0,,1.0,0.0,0.0,9.0,2020-12-01,1,0,,,,,4,12,2020,-2.4492935982947064e-16,1.0,354.0,587.0,,505.0,555.1666666666666,
2021,1,A3529,MUNGIA - GAMIZ - FIKA,395.0,300.0,73.0,2.0,,2.0,0.0,0.0,8.0,2021-01-01,1,0,,,,,1,1,2021,0.49999999999999994,0.8660254037844387,330.0,574.0,516.0,419.3333333333333,513.1666666666666,426.6666666666667
2021,2,A3529,MUNGIA - GAMIZ - FIKA,543.0,415.0,94.0,5.0,,4.0,0.0,0.0,9.0,2021-02-01,1,0,,,,,1,2,2021,0.8660254037844386,0.5000000000000001,395.0,354.0,531.0,359.6666666666667,471.6666666666667,416.5833333333333
2021,3,A3529,MUNGIA - GAMIZ - FIKA,516.0,377.0,102.0,,4.0,9.0,0.0,2.0,11.0,2021-03-01,1,0,,,,,1,3,2021,1.0,6.123233995736766e-17,543.0,330.0,253.0,422.6666666666667,463.8333333333333,417.5833333333333
2021,4,A3529,MUNGIA - GAMIZ - FIKA,592.0,424.0,124.0,1.0,2.0,21.0,,1.0,13.0,2021-04-01,1,0,,,,,2,4,2021,0.8660254037844387,-0.4999999999999998,516.0,395.0,0.0,484.6666666666667,452.0,439.5
2021,5,A3529,MUNGIA - GAMIZ - FIKA,671.0,459.0,179.0,2.0,4.0,14.0,0.0,2.0,6.0,2021-05-01,1,0,,,,,2,5,2021,0.49999999999999994,-0.8660254037844387,592.0,543.0,159.0,550.3333333333334,455.0,488.8333333333333
2021,6,A3529,MUNGIA - GAMIZ - FIKA,766.0,524.0,176.0,,1.0,30.0,0.0,0.0,17.0,2021-06-01,1,0,,,,,2,6,2021,1.2246467991473532e-16,-1.0,671.0,516.0,582.0,593.0,507.8333333333333,531.5
2021,7,A3529,MUNGIA - GAMIZ - FIKA,779.0,565.0,151.0,,8.0,22.0,,1.0,18.0,2021-07-01,1,0,,,,,3,7,2021,-0.4999999999999997,-0.8660254037844388,766.0,592.0,644.0,676.3333333333334,580.5,546.8333333333334
2021,8,A3529,MUNGIA - GAMIZ - FIKA,590.0,402.0,112.0,7.0,,36.0,,,28.0,2021-08-01,1,0,,,,,3,8,2021,-0.8660254037844385,-0.5000000000000004,779.0,671.0,590.0,738.6666666666666,644.5,558.0833333333334
2021,9,A3529,MUNGIA - GAMIZ - FIKA,709.0,498.0,120.0,10.0,4.0,37.0,,,28.0,2021-09-01,1,0,,,,,3,9,2021,-1.0,-1.8369701987210297e-16,590.0,766.0,587.0,711.6666666666666,652.3333333333334,558.0833333333334
2021,10,A3529,MUNGIA - GAMIZ - FIKA,611.0,446.0,91.0,2.0,5.0,34.0,,0.0,15.0,2021-10-01,1,0,,,,,4,10,2021,-0.8660254037844386,0.5000000000000001,709.0,779.0,574.0,692.6666666666666,684.5,568.25
2021,11,A3529,MUNGIA - GAMIZ - FIKA,549.0,417.0,63.0,,,40.0,0.0,1.0,7.0,2021-11-01,1,0,,,,,4,11,2021,-0.5000000000000004,0.8660254037844384,611.0,590.0,354.0,636.6666666666666,687.6666666666666,571.3333333333334
2021,12,A3529,MUNGIA - GAMIZ - FIKA,481.0,345.0,53.0,,2.0,40.0,,7.0,14.0,2021-12-01,1,0,,,,,4,12,2021,-2.4492935982947064e-16,1.0,549.0,709.0,330.0,623.0,667.3333333333334,587.5833333333334
2022,1,A3529,MUNGIA - GAMIZ - FIKA,463.0,361.0,35.0,,1.0,30.0,,3.0,9.0,2022-01-01,0,0,,,,,1,1,2022,0.49999999999999994,0.8660254037844387,481.0,611.0,395.0,547.0,619.8333333333334,600.1666666666666
2022,2,A3529,MUNGIA - GAMIZ - FIKA,550.0,426.0,57.0,,,24.0,,7.0,9.0,2022-02-01,0,0,,,,,1,2,2022,0.8660254037844386,0.5000000000000001,463.0,549.0,543.0,497.6666666666667,567.1666666666666,605.8333333333334
2022,3,A3529,MUNGIA - GAMIZ - FIKA,741.0,586.0,87.0,,10.0,31.0,0.0,0.0,7.0,2022-03-01,0,0,,,,,1,3,2022,1.0,6.123233995736766e-17,550.0,481.0,516.0,498.0,560.5,606.4166666666666
2022,4,A3529,MUNGIA - GAMIZ - FIKA,654.0,531.0,60.0,5.0,2.0,36.0,,0.0,7.0,2022-04-01,0,0,,,,,2,4,2022,0.8660254037844387,-0.4999999999999998,741.0,463.0,592.0,584.6666666666666,565.8333333333334,625.1666666666666
2022,5,A3529,MUNGIA - GAMIZ - FIKA,736.0,583.0,58.0,7.0,14.0,39.0,,,17.0,2022-05-01,0,0,,,,,2,5,2022,0.49999999999999994,-0.8660254037844387,654.0,550.0,671.0,648.3333333333334,573.0,630.3333333333334
2022,6,A3529,MUNGIA - GAMIZ - FIKA,988.0,837.0,67.0,,4.0,52.0,,1.0,8.0,2022-06-01,0,0,,,,,2,6,2022,1.2246467991473532e-16,-1.0,736.0,741.0,766.0,710.3333333333334,604.1666666666666,635.75
2022,7,A3529,MUNGIA - GAMIZ - FIKA,1001.0,838.0,70.0,,2.0,40.0,,5.0,28.0,2022-07-01,0,0,,,,,3,7,2022,-0.4999999999999997,-0.8660254037844388,988.0,654.0,779.0,792.6666666666666,688.6666666666666,654.25
2022,8,A3529,MUNGIA - GAMIZ - FIKA,894.0,744.0,75.0,,6.0,38.0,0.0,2.0,18.0,2022-08-01,0,0,,,,,3,8,2022,-0.8660254037844385,-0.5000000000000004,1001.0,736.0,590.0,908.3333333333334,778.3333333333334,672.75
2020,1,A3526,MUNGIA - GERNIKA LUMO - IBARRANGELU,3000.0,1802.0,457.0,37.0,121.0,364.0,0.0,33.0,8.0,2020-01-01,1,0,,,,,1,1,2020,0.49999999999999994,0.8660254037844387,,,,,,
2020,2,A3526,MUNGIA - GERNIKA LUMO - IBARRANGELU,3140.0,2001.0,464.0,33.0,128.0,298.0,0.0,30.0,17.0,2020-02-01,1,0,,,,,1,2,2020,0.8660254037844386,0.5000000000000001,3000.0,,,,,
2020,3,A3526,MUNGIA - GERNIKA LUMO - IBARRANGELU,1544.0,1042.0,174.0,40.0,75.0,121.0,0.0,6.0,6.0,2020-03-01,1,0,,,,,1,3,2020,1.0,6.123233995736766e-17,3140.0,,,,,
2020,4,A3526,MUNGIA - GERNIKA LUMO - IBARRANGELU,623.0,539.0,25.0,37.0,,0.0,0.0,0.0,1.0,2020-04-01,1,0,,,,,2,4,2020,0.8660254037844387,-0.4999999999999998,1544.0,3000.0,,2561.3333333333335,,
2020,5,A3526,MUNGIA - GERNIKA LUMO - IBARRANGELU,1615.0,1323.0,184.0,33.0,8.0,0.0,0.0,0.0,2.0,2020-05-01,1,0,,,,,2,5,2020,0.49999999999999994,-0.8660254037844387,623.0,3140.0,,1769.0,,
2020,6,A3526,MUNGIA - GERNIKA LUMO - IBARRANGELU,6982.0,5667.0,720.0,52.0,58.0,0.0,0.0,41.0,21.0,2020-06-01,1,0,,,,,2,6,2020,1.2246467991473532e-16,-1.0,1615.0,1544.0,,1260.6666666666667,,
2020,7,A3526,MUNGIA - GERNIKA LUMO - IBARRANGELU,22544.0,18128.0,2696.0,78.0,22.0,0.0,0.0,174.0,65.0,2020-07-01,1,0,,,,,3,7,2020,-0.4999999999999997,-0.8660254037844388,6982.0,623.0,,3073.3333333333335,2817.3333333333335,
2020,8,A3526,MUNGIA - GERNIKA LUMO - IBARRANGELU,19365.0,15148.0,2834.0,58.0,20.0,0.0,0.0,247.0,62.0,2020-08-01,1,0,,,,,3,8,2020,-0.8660254037844385,-0.5000000000000004,22544.0,1615.0,,10380.333333333334,6074.666666666667,
2020,9,A3526,MUNGIA - GERNIKA LUMO - IBARRANGELU,6379.0,5068.0,892.0,37.0,15.0,0.0,0.0,31.0,20.0,2020-09-01,1,0,,,,,3,9,2020,-1.0,-1.8369701987210297e-16,19365.0,6982.0,,16297.0,8778.833333333334,
2020,10,A3526,MUNGIA - GERNIKA LUMO - IBARRANGELU,2824.0,2144.0,380.0,52.0,84.0,0.0,0.0,0.0,3.0,2020-10-01,1,0,,,,,4,10,2020,-0.8660254037844386,0.5000000000000001,6379.0,22544.0,,16096.0,9584.666666666666,
2020,11,A3526,MUNGIA - GERNIKA LUMO - IBARRANGELU,2329.0,1744.0,290.0,32.0,115.0,0.0,0.0,0.0,3.0,2020-11-01,1,0,,,,,4,11,2020,-0.5000000000000004,0.8660254037844384,2824.0,19365.0,,9522.666666666666,9951.5,
2020,12,A3526,MUNGIA - GERNIKA LUMO - IBARRANGELU,2229.0,1672.0,319.0,20.0,67.0,10.0,0.0,1.0,2.0,2020-12-01,1,0,,,,,4,12,2020,-2.4492935982947064e-16,1.0,2329.0,6379.0,,3844.0,10070.5,
2021,1,A3526,MUNGIA - GERNIKA LUMO - IBARRANGELU,2102.0,1508.0,263.0,39.0,110.0,42.0,0.0,1.0,1.0,2021-01-01,1,0,17930.0,788.0,1494.1666666666667,1.406804238706079,1,1,2021,0.49999999999999994,0.8660254037844387,2229.0,2824.0,3000.0,2460.6666666666665,9278.333333333334,6047.833333333333
2021,2,A3526,MUNGIA - GERNIKA LUMO - IBARRANGELU,2163.0,1597.0,260.0,31.0,96.0,56.0,0.0,2.0,1.0,2021-02-01,1,0,17930.0,788.0,1494.1666666666667,1.4476296709425542,1,2,2021,0.8660254037844386,0.5000000000000001,2102.0,2329.0,3140.0,2220.0,5871.333333333333,5973.0
2021,3,A3526,MUNGIA - GERNIKA LUMO - IBARRANGELU,3206.0,2378.0,370.0,45.0,64.0,137.0,0.0,4.0,14.0,2021-03-01,1,0,17930.0,788.0,1494.1666666666667,2.1456776352481874,1,3,2021,1.0,6.123233995736766e-17,2163.0,2229.0,1544.0,2164.6666666666665,3004.3333333333335,5891.583333333333
2021,4,A3526,MUNGIA - GERNIKA LUMO - IBARRANGELU,2667.0,1934.0,388.0,29.0,25.0,131.0,0.0,3.0,6.0,2021-04-01,1,0,17930.0,788.0,1494.1666666666667,1.784941438929169,2,4,2021,0.8660254037844387,-0.4999999999999998,3206.0,2102.0,623.0,2490.3333333333335,2475.5,6030.083333333333
2021,5,A3526,MUNGIA - GERNIKA LUMO - IBARRANGELU,2792.0,1937.0,443.0,41.0,45.0,160.0,0.0,9.0,9.0,2021-05-01,1,0,17930.0,788.0,1494.1666666666667,1.8686001115448967,2,5,2021,0.49999999999999994,-0.8660254037844387,2667.0,2163.0,1615.0,2678.6666666666665,2449.3333333333335,6200.416666666667
2021,6,A3526,MUNGIA - GERNIKA LUMO - IBARRANGELU,7813.0,5636.0,1066.0,16.0,34.0,545.0,0.0,94.0,28.0,2021-06-01,1,0,17930.0,788.0,1494.1666666666667,5.229001673173452,2,6,2021,1.2246467991473532e-16,-1.0,2792.0,3206.0,6982.0,2888.3333333333335,2526.5,6298.5
2021,7,A3526,MUNGIA - GERNIKA LUMO - IBARRANGELU,21847.0,15600.0,2786.0,5.0,93.0,1688.0,2.0,394.0,109.0,2021-07-01,1,0,17930.0,788.0,1494.1666666666667,14.621528165086447,3,7,2021,-0.4999999999999997,-0.8660254037844388,7813.0,2667.0,22544.0,4424.0,3457.1666666666665,6367.75
2021,8,A3526,MUNGIA - GERNIKA LUMO - IBARRANGELU,25864.0,17382.0,3974.0,53.0,107.0,2366.0,0.0,569.0,146.0,2021-08-01,1,0,17930.0,788.0,1494.1666666666667,17.309983268265476,3,8,2021,-0.8660254037844385,-0.5000000000000004,21847.0,2792.0,19365.0,10817.333333333334,6748.0,6309.666666666667
2021,9,A3526,MUNGIA - GERNIKA LUMO - IBARRANGELU,7234.0,4850.0,1296.0,47.0,132.0,466.0,0.0,80.0,27.0,2021-09-01,1,0,17930.0,788.0,1494.1666666666667,4.841494701617401,3,9,2021,-1.0,-1.8369701987210297e-16,25864.0,7813.0,6379.0,18508.0,10698.166666666666,6851.25
2021,10,A3526,MUNGIA - GERNIKA LUMO - IBARRANGELU,3150.0,2020.0,536.0,93.0,109.0,188.0,0.0,5.0,4.0,2021-10-01,1,0,17930.0,788.0,1494.1666666666667,2.108198549916341,4,10,2021,-0.8660254037844386,0.5000000000000001,7234.0,21847.0,2824.0,18315.0,11369.5,6922.5
2021,11,A3526,MUNGIA - GERNIKA LUMO - IBARRANGELU,2759.0,1784.0,422.0,103.0,85.0,156.0,0.0,2.0,2.0,2021-11-01,1,0,17930.0,788.0,1494.1666666666667,1.8465142219743447,4,11,2021,-0.5000000000000004,0.8660254037844384,3150.0,25864.0,2329.0,12082.666666666666,11450.0,6949.666666666667
2021,12,A3526,MUNGIA - GERNIKA LUMO - IBARRANGELU,2539.0,1755.0,393.0,48.0,45.0,155.0,0.0,1.0,4.0,2021-12-01,1,0,17930.0,788.0,1494.1666666666667,1.6992749581706637,4,12,2021,-2.4492935982947064e-16,1.0,2759.0,7234.0,2229.0,4381.0,11444.5,6985.5
2022,1,A3526,MUNGIA - GERNIKA LUMO - IBARRANGELU,2713.0,1922.0,407.0,38.0,36.0,162.0,0.0,2.0,5.0,2022-01-01,0,0,18640.0,814.0,1553.3333333333333,1.7465665236051502,1,1,2022,0.49999999999999994,0.8660254037844387,2539.0,3150.0,2102.0,2816.0,10565.5,7011.333333333333
2022,2,A3526,MUNGIA - GERNIKA LUMO - IBARRANGELU,2964.0,2069.0,446.0,69.0,53.0,155.0,0.0,2.0,8.0,2022-02-01,0,0,18640.0,814.0,1553.3333333333333,1.9081545064377683,1,2,2022,0.8660254037844386,0.5000000000000001,2713.0,2759.0,2163.0,2670.3333333333335,7376.5,7062.25
2022,3,A3526,MUNGIA - GERNIKA LUMO - IBARRANGELU,3397.0,2357.0,545.0,80.0,85.0,198.0,0.0,1.0,1.0,2022-03-01,0,0,18640.0,814.0,1553.3333333333333,2.186909871244635,1,3,2022,1.0,6.123233995736766e-17,2964.0,2539.0,3206.0,2738.6666666666665,3559.8333333333335,7129.0
2022,4,A3526,MUNGIA - GERNIKA LUMO - IBARRANGELU,3570.0,2581.0,459.0,39.0,69.0,277.0,0.0,12.0,10.0,2022-04-01,0,0,18640.0,814.0,1553.3333333333333,2.2982832618025753,2,4,2022,0.8660254037844387,-0.4999999999999998,3397.0,2713.0,2667.0,3024.6666666666665,2920.3333333333335,7144.916666666667
2022,5,A3526,MUNGIA - GERNIKA LUMO - IBARRANGELU,3837.0,2551.0,648.0,45.0,110.0,315.0,0.0,13.0,7.0,2022-05-01,0,0,18640.0,814.0,1553.3333333333333,2.470171673819743,2,5,2022,0.49999999999999994,-0.8660254037844387,3570.0,2964.0,2792.0,3310.3333333333335,2990.3333333333335,7220.166666666667
2022,6,A3526,MUNGIA - GERNIKA LUMO - IBARRANGELU,9873.0,6982.0,1308.0,35.0,92.0,830.0,1.0,116.0,56.0,2022-06-01,0,0,18640.0,814.0,1553.3333333333333,6.356008583690987,2,6,2022,1.2246467991473532e-16,-1.0,3837.0,3397.0,7813.0,3601.3333333333335,3170.0,7307.25
2022,7,A3526,MUNGIA - GERNIKA LUMO - IBARRANGELU,28518.0,19834.0,3904.0,37.0,72.0,2693.0,8.0,549.0,142.0,2022-07-01,0,0,18640.0,814.0,1553.3333333333333,18.35922746781116,3,7,2022,-0.4999999999999997,-0.8660254037844388,9873.0,3570.0,21847.0,5760.0,4392.333333333333,7478.916666666667
2022,8,A3526,MUNGIA - GERNIKA LUMO - IBARRANGELU,24307.0,15886.0,4091.0,18.0,49.0,2585.0,0.0,466.0,132.0,2022-08-01,0,0,18640.0,814.0,1553.3333333333333,15.648283261802575,3,8,2022,-0.8660254037844385,-0.5000000000000004,28518.0,3837.0,25864.0,14076.0,8693.166666666666,8034.833333333333
2020,1,A3530,MUNGIA - MEÃAKA - ARRIETA,232.0,125.0,51.0,10.0,6.0,20.0,0.0,0.0,4.0,2020-01-01,1,0,,,,,1,1,2020,0.49999999999999994,0.8660254037844387,,,,,,
2020,2,A3530,MUNGIA - MEÃAKA - ARRIETA,257.0,112.0,72.0,23.0,8.0,23.0,0.0,0.0,1.0,2020-02-01,1,0,,,,,1,2,2020,0.8660254037844386,0.5000000000000001,232.0,,,,,
2020,3,A3530,MUNGIA - MEÃAKA - ARRIETA,103.0,62.0,23.0,5.0,4.0,9.0,0.0,0.0,0.0,2020-03-01,1,0,,,,,1,3,2020,1.0,6.123233995736766e-17,257.0,,,,,
2020,4,A3530,MUNGIA - MEÃAKA - ARRIETA,0.0,,,,,,,,,2020-04-01,1,0,,,,,2,4,2020,0.8660254037844387,-0.4999999999999998,103.0,232.0,,197.33333333333334,,
2020,5,A3530,MUNGIA - MEÃAKA - ARRIETA,100.0,67.0,30.0,,,0.0,0.0,2.0,0.0,2020-05-01,1,0,,,,,2,5,2020,0.49999999999999994,-0.8660254037844387,0.0,257.0,,120.0,,
2020,6,A3530,MUNGIA - MEÃAKA - ARRIETA,351.0,261.0,73.0,,2.0,0.0,0.0,0.0,0.0,2020-06-01,1,0,,,,,2,6,2020,1.2246467991473532e-16,-1.0,100.0,103.0,,67.66666666666667,,
2020,7,A3530,MUNGIA - MEÃAKA - ARRIETA,358.0,261.0,74.0,1.0,6.0,0.0,0.0,0.0,1.0,2020-07-01,1,0,,,,,3,7,2020,-0.4999999999999997,-0.8660254037844388,351.0,0.0,,150.33333333333334,173.83333333333334,
2020,8,A3530,MUNGIA - MEÃAKA - ARRIETA,266.0,216.0,39.0,,2.0,0.0,0.0,0.0,0.0,2020-08-01,1,0,,,,,3,8,2020,-0.8660254037844385,-0.5000000000000004,358.0,100.0,,269.6666666666667,194.83333333333334,
2020,9,A3530,MUNGIA - MEÃAKA - ARRIETA,296.0,214.0,51.0,6.0,4.0,,,1.0,,2020-09-01,1,0,,,,,3,9,2020,-1.0,-1.8369701987210297e-16,266.0,351.0,,325.0,196.33333333333334,
2020,10,A3530,MUNGIA - MEÃAKA - ARRIETA,211.0,157.0,32.0,13.0,5.0,,,,0.0,2020-10-01,1,0,,,,,4,10,2020,-0.8660254037844386,0.5000000000000001,296.0,358.0,,306.6666666666667,228.5,
2020,11,A3530,MUNGIA - MEÃAKA - ARRIETA,127.0,83.0,29.0,9.0,4.0,,,,1.0,2020-11-01,1,0,,,,,4,11,2020,-0.5000000000000004,0.8660254037844384,211.0,266.0,,257.6666666666667,263.6666666666667,
2020,12,A3530,MUNGIA - MEÃAKA - ARRIETA,164.0,114.0,26.0,15.0,2.0,3.0,0.0,0.0,1.0,2020-12-01,1,0,,,,,4,12,2020,-2.4492935982947064e-16,1.0,127.0,296.0,,211.33333333333334,268.1666666666667,
2021,1,A3530,MUNGIA - MEÃAKA - ARRIETA,106.0,72.0,12.0,7.0,2.0,3.0,0.0,0.0,3.0,2021-01-01,1,0,5984.0,748.0,498.6666666666667,0.21256684491978609,1,1,2021,0.49999999999999994,0.8660254037844387,164.0,211.0,232.0,167.33333333333334,237.0,205.41666666666666
2021,2,A3530,MUNGIA - MEÃAKA - ARRIETA,177.0,142.0,15.0,3.0,2.0,7.0,0.0,0.0,1.0,2021-02-01,1,0,5984.0,748.0,498.6666666666667,0.3549465240641711,1,2,2021,0.8660254037844386,0.5000000000000001,106.0,127.0,257.0,132.33333333333334,195.0,194.91666666666666
2021,3,A3530,MUNGIA - MEÃAKA - ARRIETA,164.0,117.0,30.0,4.0,3.0,4.0,0.0,0.0,0.0,2021-03-01,1,0,5984.0,748.0,498.6666666666667,0.32887700534759357,1,3,2021,1.0,6.123233995736766e-17,177.0,164.0,103.0,149.0,180.16666666666666,188.25
2021,4,A3530,MUNGIA - MEÃAKA - ARRIETA,195.0,133.0,31.0,7.0,3.0,12.0,,,0.0,2021-04-01,1,0,5984.0,748.0,498.6666666666667,0.3910427807486631,2,4,2021,0.8660254037844387,-0.4999999999999998,164.0,106.0,0.0,149.0,158.16666666666666,193.33333333333334
2021,5,A3530,MUNGIA - MEÃAKA - ARRIETA,225.0,146.0,45.0,3.0,2.0,21.0,0.0,0.0,0.0,2021-05-01,1,0,5984.0,748.0,498.6666666666667,0.4512032085561497,2,5,2021,0.49999999999999994,-0.8660254037844387,195.0,177.0,100.0,178.66666666666666,155.5,209.58333333333334
2021,6,A3530,MUNGIA - MEÃAKA - ARRIETA,313.0,206.0,58.0,2.0,1.0,31.0,0.0,0.0,1.0,2021-06-01,1,0,5984.0,748.0,498.6666666666667,0.6276737967914439,2,6,2021,1.2246467991473532e-16,-1.0,225.0,164.0,351.0,194.66666666666666,171.83333333333334,220.0
2021,7,A3530,MUNGIA - MEÃAKA - ARRIETA,447.0,302.0,76.0,9.0,1.0,42.0,,,0.0,2021-07-01,1,0,5984.0,748.0,498.6666666666667,0.8963903743315508,3,7,2021,-0.4999999999999997,-0.8660254037844388,313.0,195.0,358.0,244.33333333333334,196.66666666666666,216.83333333333334
2021,8,A3530,MUNGIA - MEÃAKA - ARRIETA,393.0,255.0,76.0,2.0,1.0,39.0,,2.0,1.0,2021-08-01,1,0,5984.0,748.0,498.6666666666667,0.7881016042780749,3,8,2021,-0.8660254037844385,-0.5000000000000004,447.0,225.0,266.0,328.3333333333333,253.5,224.25
2021,9,A3530,MUNGIA - MEÃAKA - ARRIETA,336.0,187.0,83.0,10.0,,43.0,,,3.0,2021-09-01,1,0,5984.0,748.0,498.6666666666667,0.6737967914438503,3,9,2021,-1.0,-1.8369701987210297e-16,393.0,313.0,296.0,384.3333333333333,289.5,234.83333333333334
2021,10,A3530,MUNGIA - MEÃAKA - ARRIETA,259.0,146.0,64.0,7.0,9.0,28.0,,0.0,0.0,2021-10-01,1,0,5984.0,748.0,498.6666666666667,0.5193850267379679,4,10,2021,-0.8660254037844386,0.5000000000000001,336.0,447.0,211.0,392.0,318.1666666666667,238.16666666666666
2021,11,A3530,MUNGIA - MEÃAKA - ARRIETA,207.0,103.0,45.0,9.0,3.0,38.0,0.0,0.0,6.0,2021-11-01,1,0,5984.0,748.0,498.6666666666667,0.41510695187165775,4,11,2021,-0.5000000000000004,0.8660254037844384,259.0,393.0,127.0,329.3333333333333,328.8333333333333,242.16666666666666
2021,12,A3530,MUNGIA - MEÃAKA - ARRIETA,218.0,119.0,33.0,9.0,2.0,41.0,,1.0,4.0,2021-12-01,1,0,5984.0,748.0,498.6666666666667,0.4371657754010695,4,12,2021,-2.4492935982947064e-16,1.0,207.0,336.0,164.0,267.3333333333333,325.8333333333333,248.83333333333334
2022,1,A3530,MUNGIA - MEÃAKA - ARRIETA,159.0,96.0,34.0,2.0,,21.0,,2.0,2.0,2022-01-01,0,0,6000.0,750.0,500.0,0.318,1,1,2022,0.49999999999999994,0.8660254037844387,218.0,259.0,106.0,228.0,310.0,253.33333333333334
2022,2,A3530,MUNGIA - MEÃAKA - ARRIETA,205.0,117.0,37.0,14.0,2.0,31.0,,1.0,0.0,2022-02-01,0,0,6000.0,750.0,500.0,0.41,1,2,2022,0.8660254037844386,0.5000000000000001,159.0,207.0,177.0,194.66666666666666,262.0,257.75
2022,3,A3530,MUNGIA - MEÃAKA - ARRIETA,250.0,150.0,43.0,8.0,2.0,24.0,0.0,0.0,11.0,2022-03-01,0,0,6000.0,750.0,500.0,0.5,1,3,2022,1.0,6.123233995736766e-17,205.0,218.0,164.0,194.0,230.66666666666666,260.0833333333333
2022,4,A3530,MUNGIA - MEÃAKA - ARRIETA,295.0,165.0,65.0,7.0,2.0,30.0,,0.0,4.0,2022-04-01,0,0,6000.0,750.0,500.0,0.59,2,4,2022,0.8660254037844387,-0.4999999999999998,250.0,159.0,195.0,204.66666666666666,216.33333333333334,267.25
2022,5,A3530,MUNGIA - MEÃAKA - ARRIETA,404.0,234.0,106.0,9.0,3.0,31.0,,2.0,2.0,2022-05-01,0,0,6000.0,750.0,500.0,0.808,2,5,2022,0.49999999999999994,-0.8660254037844387,295.0,205.0,225.0,250.0,222.33333333333334,275.5833333333333
2022,6,A3530,MUNGIA - MEÃAKA - ARRIETA,551.0,365.0,112.0,9.0,,30.0,,9.0,2.0,2022-06-01,0,0,6000.0,750.0,500.0,1.102,2,6,2022,1.2246467991473532e-16,-1.0,404.0,250.0,313.0,316.3333333333333,255.16666666666666,290.5
2022,7,A3530,MUNGIA - MEÃAKA - ARRIETA,600.0,407.0,100.0,8.0,2.0,44.0,,7.0,1.0,2022-07-01,0,0,6000.0,750.0,500.0,1.2,3,7,2022,-0.4999999999999997,-0.8660254037844388,551.0,295.0,447.0,416.6666666666667,310.6666666666667,310.3333333333333
2022,8,A3530,MUNGIA - MEÃAKA - ARRIETA,524.0,330.0,121.0,1.0,1.0,51.0,0.0,0.0,2.0,2022-08-01,0,0,6000.0,750.0,500.0,1.048,3,8,2022,-0.8660254037844385,-0.5000000000000004,600.0,404.0,393.0,518.3333333333334,384.1666666666667,323.0833333333333
2020,1,A3922,MUNITIBAR ARBATZEGI GERRIKAITZ - ZIORTZA BOLIBAR - MARKINA XEMEIN - ETXEBARRIA,283.0,179.0,89.0,,,15.0,0.0,0.0,0.0,2020-01-01,1,0,,,,,1,1,2020,0.49999999999999994,0.8660254037844387,,,,,,
2020,2,A3922,MUNITIBAR ARBATZEGI GERRIKAITZ - ZIORTZA BOLIBAR - MARKINA XEMEIN - ETXEBARRIA,216.0,143.0,64.0,1.0,,8.0,0.0,0.0,0.0,2020-02-01,1,0,,,,,1,2,2020,0.8660254037844386,0.5000000000000001,283.0,,,,,
2020,3,A3922,MUNITIBAR ARBATZEGI GERRIKAITZ - ZIORTZA BOLIBAR - MARKINA XEMEIN - ETXEBARRIA,98.0,67.0,28.0,,,3.0,0.0,0.0,0.0,2020-03-01,1,0,,,,,1,3,2020,1.0,6.123233995736766e-17,216.0,,,,,
2020,4,A3922,MUNITIBAR ARBATZEGI GERRIKAITZ - ZIORTZA BOLIBAR - MARKINA XEMEIN - ETXEBARRIA,4.0,3.0,1.0,,,0.0,0.0,0.0,0.0,2020-04-01,1,0,,,,,2,4,2020,0.8660254037844387,-0.4999999999999998,98.0,283.0,,199.0,,
2020,5,A3922,MUNITIBAR ARBATZEGI GERRIKAITZ - ZIORTZA BOLIBAR - MARKINA XEMEIN - ETXEBARRIA,85.0,61.0,24.0,,,0.0,0.0,0.0,0.0,2020-05-01,1,0,,,,,2,5,2020,0.49999999999999994,-0.8660254037844387,4.0,216.0,,106.0,,
2020,6,A3922,MUNITIBAR ARBATZEGI GERRIKAITZ - ZIORTZA BOLIBAR - MARKINA XEMEIN - ETXEBARRIA,149.0,112.0,37.0,,,0.0,0.0,0.0,0.0,2020-06-01,1,0,,,,,2,6,2020,1.2246467991473532e-16,-1.0,85.0,98.0,,62.333333333333336,,
2020,7,A3922,MUNITIBAR ARBATZEGI GERRIKAITZ - ZIORTZA BOLIBAR - MARKINA XEMEIN - ETXEBARRIA,229.0,179.0,46.0,,,0.0,0.0,0.0,0.0,2020-07-01,1,0,,,,,3,7,2020,-0.4999999999999997,-0.8660254037844388,149.0,4.0,,79.33333333333333,139.16666666666666,
2020,8,A3922,MUNITIBAR ARBATZEGI GERRIKAITZ - ZIORTZA BOLIBAR - MARKINA XEMEIN - ETXEBARRIA,198.0,159.0,39.0,,,0.0,0.0,0.0,0.0,2020-08-01,1,0,,,,,3,8,2020,-0.8660254037844385,-0.5000000000000004,229.0,85.0,,154.33333333333334,130.16666666666666,
2020,9,A3922,MUNITIBAR ARBATZEGI GERRIKAITZ - ZIORTZA BOLIBAR - MARKINA XEMEIN - ETXEBARRIA,227.0,191.0,36.0,,,0.0,0.0,0.0,0.0,2020-09-01,1,0,,,,,3,9,2020,-1.0,-1.8369701987210297e-16,198.0,149.0,,192.0,127.16666666666667,
2020,10,A3922,MUNITIBAR ARBATZEGI GERRIKAITZ - ZIORTZA BOLIBAR - MARKINA XEMEIN - ETXEBARRIA,221.0,188.0,33.0,,,0.0,0.0,0.0,0.0,2020-10-01,1,0,,,,,4,10,2020,-0.8660254037844386,0.5000000000000001,227.0,229.0,,218.0,148.66666666666666,
2020,11,A3922,MUNITIBAR ARBATZEGI GERRIKAITZ - ZIORTZA BOLIBAR - MARKINA XEMEIN - ETXEBARRIA,217.0,201.0,16.0,,,0.0,0.0,0.0,0.0,2020-11-01,1,0,,,,,4,11,2020,-0.5000000000000004,0.8660254037844384,221.0,198.0,,215.33333333333334,184.83333333333334,
2020,12,A3922,MUNITIBAR ARBATZEGI GERRIKAITZ - ZIORTZA BOLIBAR - MARKINA XEMEIN - ETXEBARRIA,181.0,155.0,26.0,,,0.0,0.0,0.0,0.0,2020-12-01,1,0,,,,,4,12,2020,-2.4492935982947064e-16,1.0,217.0,227.0,,221.66666666666666,206.83333333333334,
2021,1,A3922,MUNITIBAR ARBATZEGI GERRIKAITZ - ZIORTZA BOLIBAR - MARKINA XEMEIN - ETXEBARRIA,152.0,144.0,5.0,,,3.0,0.0,0.0,0.0,2021-01-01,1,0,8736.0,624.0,728.0,0.2087912087912088,1,1,2021,0.49999999999999994,0.8660254037844387,181.0,221.0,283.0,206.33333333333334,212.16666666666666,175.66666666666666
2021,2,A3922,MUNITIBAR ARBATZEGI GERRIKAITZ - ZIORTZA BOLIBAR - MARKINA XEMEIN - ETXEBARRIA,152.0,129.0,20.0,,,1.0,0.0,0.0,0.0,2021-02-01,1,0,8736.0,624.0,728.0,0.2087912087912088,1,2,2021,0.8660254037844386,0.5000000000000001,152.0,217.0,216.0,183.33333333333334,199.33333333333334,164.75
2021,3,A3922,MUNITIBAR ARBATZEGI GERRIKAITZ - ZIORTZA BOLIBAR - MARKINA XEMEIN - ETXEBARRIA,149.0,126.0,22.0,1.0,,0.0,0.0,0.0,0.0,2021-03-01,1,0,8736.0,624.0,728.0,0.20467032967032966,1,3,2021,1.0,6.123233995736766e-17,152.0,181.0,98.0,161.66666666666666,191.66666666666666,159.41666666666666
2021,4,A3922,MUNITIBAR ARBATZEGI GERRIKAITZ - ZIORTZA BOLIBAR - MARKINA XEMEIN - ETXEBARRIA,160.0,123.0,30.0,,,7.0,0.0,0.0,0.0,2021-04-01,1,0,8736.0,624.0,728.0,0.21978021978021978,2,4,2021,0.8660254037844387,-0.4999999999999998,149.0,152.0,4.0,151.0,178.66666666666666,163.66666666666666
2021,5,A3922,MUNITIBAR ARBATZEGI GERRIKAITZ - ZIORTZA BOLIBAR - MARKINA XEMEIN - ETXEBARRIA,271.0,233.0,20.0,,,18.0,0.0,0.0,0.0,2021-05-01,1,0,8736.0,624.0,728.0,0.37225274725274726,2,5,2021,0.49999999999999994,-0.8660254037844387,160.0,152.0,85.0,153.66666666666666,168.5,176.66666666666666
2021,6,A3922,MUNITIBAR ARBATZEGI GERRIKAITZ - ZIORTZA BOLIBAR - MARKINA XEMEIN - ETXEBARRIA,248.0,198.0,28.0,,,19.0,0.0,0.0,0.0,2021-06-01,1,0,8736.0,624.0,728.0,0.34065934065934067,2,6,2021,1.2246467991473532e-16,-1.0,271.0,149.0,149.0,193.33333333333334,177.5,192.16666666666666
2021,7,A3922,MUNITIBAR ARBATZEGI GERRIKAITZ - ZIORTZA BOLIBAR - MARKINA XEMEIN - ETXEBARRIA,82.0,51.0,6.0,,,25.0,0.0,0.0,0.0,2021-07-01,1,0,8736.0,624.0,728.0,0.11263736263736264,3,7,2021,-0.4999999999999997,-0.8660254037844388,248.0,160.0,229.0,226.33333333333334,188.66666666666666,200.41666666666666
2021,8,A3922,MUNITIBAR ARBATZEGI GERRIKAITZ - ZIORTZA BOLIBAR - MARKINA XEMEIN - ETXEBARRIA,273.0,134.0,49.0,,,87.0,0.0,0.0,0.0,2021-08-01,1,0,8736.0,624.0,728.0,0.375,3,8,2021,-0.8660254037844385,-0.5000000000000004,82.0,271.0,198.0,200.33333333333334,177.0,188.16666666666666
2021,9,A3922,MUNITIBAR ARBATZEGI GERRIKAITZ - ZIORTZA BOLIBAR - MARKINA XEMEIN - ETXEBARRIA,193.0,100.0,52.0,,,40.0,0.0,0.0,0.0,2021-09-01,1,0,8736.0,624.0,728.0,0.2651098901098901,3,9,2021,-1.0,-1.8369701987210297e-16,273.0,248.0,227.0,201.0,197.16666666666666,194.41666666666666
2021,10,A3922,MUNITIBAR ARBATZEGI GERRIKAITZ - ZIORTZA BOLIBAR - MARKINA XEMEIN - ETXEBARRIA,425.0,331.0,68.0,,,23.0,0.0,0.0,0.0,2021-10-01,1,0,8736.0,624.0,728.0,0.5837912087912088,4,10,2021,-0.8660254037844386,0.5000000000000001,193.0,82.0,221.0,182.66666666666666,204.5,191.58333333333334
2021,11,A3922,MUNITIBAR ARBATZEGI GERRIKAITZ - ZIORTZA BOLIBAR - MARKINA XEMEIN - ETXEBARRIA,3167.0,249.0,38.0,1911.0,574.0,8.0,0.0,0.0,0.0,2021-11-01,1,0,8736.0,624.0,728.0,4.350274725274725,4,11,2021,-0.5000000000000004,0.8660254037844384,425.0,273.0,217.0,297.0,248.66666666666666,208.58333333333334
2021,12,A3922,MUNITIBAR ARBATZEGI GERRIKAITZ - ZIORTZA BOLIBAR - MARKINA XEMEIN - ETXEBARRIA,245.0,194.0,44.0,,,5.0,0.0,0.0,0.0,2021-12-01,1,0,8736.0,624.0,728.0,0.33653846153846156,4,12,2021,-2.4492935982947064e-16,1.0,3167.0,193.0,181.0,1261.6666666666667,731.3333333333334,454.4166666666667
2022,1,A3922,MUNITIBAR ARBATZEGI GERRIKAITZ - ZIORTZA BOLIBAR - MARKINA XEMEIN - ETXEBARRIA,235.0,183.0,39.0,1.0,,8.0,0.0,0.0,0.0,2022-01-01,0,0,8722.0,623.0,726.8333333333334,0.32332033937170374,1,1,2022,0.49999999999999994,0.8660254037844387,245.0,425.0,152.0,1279.0,730.8333333333334,459.75
2022,2,A3922,MUNITIBAR ARBATZEGI GERRIKAITZ - ZIORTZA BOLIBAR - MARKINA XEMEIN - ETXEBARRIA,302.0,227.0,56.0,,,12.0,0.0,0.0,0.0,2022-02-01,0,0,8722.0,623.0,726.8333333333334,0.4155010318734235,1,2,2022,0.8660254037844386,0.5000000000000001,235.0,3167.0,152.0,1215.6666666666667,756.3333333333334,466.6666666666667
2022,3,A3922,MUNITIBAR ARBATZEGI GERRIKAITZ - ZIORTZA BOLIBAR - MARKINA XEMEIN - ETXEBARRIA,374.0,264.0,71.0,,,27.0,0.0,0.0,0.0,2022-03-01,0,0,8722.0,623.0,726.8333333333334,0.514560880531988,1,3,2022,1.0,6.123233995736766e-17,302.0,245.0,149.0,260.6666666666667,761.1666666666666,479.1666666666667
2022,4,A3922,MUNITIBAR ARBATZEGI GERRIKAITZ - ZIORTZA BOLIBAR - MARKINA XEMEIN - ETXEBARRIA,268.0,197.0,44.0,2.0,,19.0,0.0,0.0,0.0,2022-04-01,0,0,8722.0,623.0,726.8333333333334,0.36872277000687914,2,4,2022,0.8660254037844387,-0.4999999999999998,374.0,235.0,160.0,303.6666666666667,791.3333333333334,497.9166666666667
2022,5,A3922,MUNITIBAR ARBATZEGI GERRIKAITZ - ZIORTZA BOLIBAR - MARKINA XEMEIN - ETXEBARRIA,317.0,203.0,55.0,3.0,,48.0,0.0,0.0,0.0,2022-05-01,0,0,8722.0,623.0,726.8333333333334,0.4361385003439578,2,5,2022,0.49999999999999994,-0.8660254037844387,268.0,302.0,271.0,314.6666666666667,765.1666666666666,506.9166666666667
2022,6,A3922,MUNITIBAR ARBATZEGI GERRIKAITZ - ZIORTZA BOLIBAR - MARKINA XEMEIN - ETXEBARRIA,315.0,203.0,56.0,,,33.0,0.0,0.0,0.0,2022-06-01,0,0,8722.0,623.0,726.8333333333334,0.4333868378812199,2,6,2022,1.2246467991473532e-16,-1.0,317.0,374.0,248.0,319.6666666666667,290.1666666666667,510.75
2022,7,A3922,MUNITIBAR ARBATZEGI GERRIKAITZ - ZIORTZA BOLIBAR - MARKINA XEMEIN - ETXEBARRIA,253.0,169.0,25.0,,,32.0,0.0,0.0,0.0,2022-07-01,0,0,8722.0,623.0,726.8333333333334,0.34808530153634487,3,7,2022,-0.4999999999999997,-0.8660254037844388,315.0,268.0,82.0,300.0,301.8333333333333,516.3333333333334
2022,8,A3922,MUNITIBAR ARBATZEGI GERRIKAITZ - ZIORTZA BOLIBAR - MARKINA XEMEIN - ETXEBARRIA,265.0,160.0,41.0,,,49.0,0.0,0.0,0.0,2022-08-01,0,0,8722.0,623.0,726.8333333333334,0.3645952763127723,3,8,2022,-0.8660254037844385,-0.5000000000000004,253.0,317.0,273.0,295.0,304.8333333333333,530.5833333333334
2020,1,A3338,MUSKIZ - BARAKALDO - Areeta/Las Arenas,55825.0,31269.0,12495.0,2688.0,1530.0,4577.0,32.0,809.0,1133.0,2020-01-01,1,0,,,,,1,1,2020,0.49999999999999994,0.8660254037844387,,,,,,
2020,2,A3338,MUSKIZ - BARAKALDO - Areeta/Las Arenas,57545.0,32013.0,13137.0,2727.0,1753.0,4510.0,50.0,712.0,1091.0,2020-02-01,1,0,,,,,1,2,2020,0.8660254037844386,0.5000000000000001,55825.0,,,,,
2020,3,A3338,MUSKIZ - BARAKALDO - Areeta/Las Arenas,27542.0,16732.0,5240.0,1351.0,758.0,1907.0,25.0,327.0,494.0,2020-03-01,1,0,,,,,1,3,2020,1.0,6.123233995736766e-17,57545.0,,,,,
2020,4,A3338,MUSKIZ - BARAKALDO - Areeta/Las Arenas,5407.0,4606.0,582.0,44.0,54.0,0.0,0.0,2.0,30.0,2020-04-01,1,0,,,,,2,4,2020,0.8660254037844387,-0.4999999999999998,27542.0,55825.0,,46970.666666666664,,
2020,5,A3338,MUSKIZ - BARAKALDO - Areeta/Las Arenas,18919.0,14532.0,3203.0,154.0,254.0,0.0,0.0,103.0,218.0,2020-05-01,1,0,,,,,2,5,2020,0.49999999999999994,-0.8660254037844387,5407.0,57545.0,,30164.666666666668,,
2020,6,A3338,MUSKIZ - BARAKALDO - Areeta/Las Arenas,37857.0,27024.0,7666.0,496.0,720.0,0.0,0.0,430.0,516.0,2020-06-01,1,0,,,,,2,6,2020,1.2246467991473532e-16,-1.0,18919.0,27542.0,,17289.333333333332,,
2020,7,A3338,MUSKIZ - BARAKALDO - Areeta/Las Arenas,43369.0,30355.0,9068.0,734.0,850.0,0.0,0.0,675.0,571.0,2020-07-01,1,0,,,,,3,7,2020,-0.4999999999999997,-0.8660254037844388,37857.0,5407.0,,20727.666666666668,33849.166666666664,
2020,8,A3338,MUSKIZ - BARAKALDO - Areeta/Las Arenas,33469.0,23166.0,7038.0,514.0,683.0,0.0,0.0,579.0,585.0,2020-08-01,1,0,,,,,3,8,2020,-0.8660254037844385,-0.5000000000000004,43369.0,18919.0,,33381.666666666664,31773.166666666668,
2020,9,A3338,MUSKIZ - BARAKALDO - Areeta/Las Arenas,48166.0,33013.0,9831.0,1720.0,1095.0,0.0,0.0,522.0,754.0,2020-09-01,1,0,,,,,3,9,2020,-1.0,-1.8369701987210297e-16,33469.0,37857.0,,38231.666666666664,27760.5,
2020,10,A3338,MUSKIZ - BARAKALDO - Areeta/Las Arenas,42895.0,28909.0,7708.0,2796.0,1420.0,0.0,0.0,345.0,627.0,2020-10-01,1,0,,,,,4,10,2020,-0.8660254037844386,0.5000000000000001,48166.0,43369.0,,41668.0,31197.833333333332,
2020,11,A3338,MUSKIZ - BARAKALDO - Areeta/Las Arenas,36819.0,25470.0,5530.0,2707.0,1095.0,0.0,0.0,284.0,585.0,2020-11-01,1,0,,,,,4,11,2020,-0.5000000000000004,0.8660254037844384,42895.0,33469.0,,41510.0,37445.833333333336,
2020,12,A3338,MUSKIZ - BARAKALDO - Areeta/Las Arenas,36972.0,25320.0,6627.0,1777.0,1076.0,150.0,0.0,280.0,612.0,2020-12-01,1,0,,,,,4,12,2020,-2.4492935982947064e-16,1.0,36819.0,48166.0,,42626.666666666664,40429.166666666664,
2021,1,A3338,MUSKIZ - BARAKALDO - Areeta/Las Arenas,36689.0,24532.0,5751.0,2133.0,1069.0,905.0,0.0,357.0,825.0,2021-01-01,1,0,50540.0,909.0,4211.666666666667,8.71127819548872,1,1,2021,0.49999999999999994,0.8660254037844387,36972.0,42895.0,55825.0,38895.333333333336,40281.666666666664,37065.416666666664
2021,2,A3338,MUSKIZ - BARAKALDO - Areeta/Las Arenas,37589.0,25262.0,5343.0,2397.0,1175.0,1112.0,3.0,319.0,897.0,2021-02-01,1,0,50540.0,909.0,4211.666666666667,8.924970320538186,1,2,2021,0.8660254037844386,0.5000000000000001,36689.0,36819.0,57545.0,36826.666666666664,39168.333333333336,35470.75
2021,3,A3338,MUSKIZ - BARAKALDO - Areeta/Las Arenas,48796.0,31353.0,8514.0,2868.0,1328.0,1829.0,3.0,466.0,1131.0,2021-03-01,1,0,50540.0,909.0,4211.666666666667,11.585912148793035,1,3,2021,1.0,6.123233995736766e-17,37589.0,36972.0,27542.0,37083.333333333336,39855.0,33807.75
2021,4,A3338,MUSKIZ - BARAKALDO - Areeta/Las Arenas,44904.0,28212.0,8442.0,2440.0,1245.0,1912.0,3.0,537.0,909.0,2021-04-01,1,0,50540.0,909.0,4211.666666666667,10.661812425801346,2,4,2021,0.8660254037844387,-0.4999999999999998,48796.0,36689.0,5407.0,41024.666666666664,39960.0,35578.916666666664
2021,5,A3338,MUSKIZ - BARAKALDO - Areeta/Las Arenas,51875.0,31891.0,10835.0,2718.0,1444.0,2091.0,8.0,525.0,1012.0,2021-05-01,1,0,50540.0,909.0,4211.666666666667,12.316976652156706,2,5,2021,0.49999999999999994,-0.8660254037844387,44904.0,37589.0,18919.0,43763.0,40294.833333333336,38870.333333333336
2021,6,A3338,MUSKIZ - BARAKALDO - Areeta/Las Arenas,50537.0,32424.0,9830.0,1754.0,931.0,2563.0,10.0,741.0,1031.0,2021-06-01,1,0,50540.0,909.0,4211.666666666667,11.999287692916502,2,6,2021,1.2246467991473532e-16,-1.0,51875.0,48796.0,37857.0,48525.0,42804.166666666664,41616.666666666664
2021,7,A3338,MUSKIZ - BARAKALDO - Areeta/Las Arenas,46427.0,30031.0,9285.0,860.0,812.0,2702.0,13.0,830.0,798.0,2021-07-01,1,0,50540.0,909.0,4211.666666666667,11.02342698852394,3,7,2021,-0.4999999999999997,-0.8660254037844388,50537.0,44904.0,43369.0,49105.333333333336,45065.0,42673.333333333336
2021,8,A3338,MUSKIZ - BARAKALDO - Areeta/Las Arenas,38915.0,24105.0,8348.0,508.0,572.0,2826.0,9.0,820.0,767.0,2021-08-01,1,0,50540.0,909.0,4211.666666666667,9.2398100514444,3,8,2021,-0.8660254037844385,-0.5000000000000004,46427.0,51875.0,33469.0,49613.0,46688.0,42928.166666666664
2021,9,A3338,MUSKIZ - BARAKALDO - Areeta/Las Arenas,54767.0,33247.0,10550.0,2739.0,1540.0,3285.0,18.0,793.0,952.0,2021-09-01,1,0,50540.0,909.0,4211.666666666667,13.00364068064899,3,9,2021,-1.0,-1.8369701987210297e-16,38915.0,50537.0,48166.0,45293.0,46909.0,43382.0
2021,10,A3338,MUSKIZ - BARAKALDO - Areeta/Las Arenas,52819.0,30856.0,10353.0,3279.0,1990.0,2993.0,34.0,666.0,944.0,2021-10-01,1,0,50540.0,909.0,4211.666666666667,12.541115947764146,4,10,2021,-0.8660254037844386,0.5000000000000001,54767.0,46427.0,42895.0,46703.0,47904.166666666664,43932.083333333336
2021,11,A3338,MUSKIZ - BARAKALDO - Areeta/Las Arenas,50055.0,29423.0,9553.0,3443.0,2057.0,2597.0,18.0,526.0,842.0,2021-11-01,1,0,50540.0,909.0,4211.666666666667,11.884843688167788,4,11,2021,-0.5000000000000004,0.8660254037844384,52819.0,38915.0,36819.0,48833.666666666664,49223.333333333336,44759.083333333336
2021,12,A3338,MUSKIZ - BARAKALDO - Areeta/Las Arenas,46574.0,28331.0,8980.0,2206.0,1697.0,2716.0,17.0,548.0,792.0,2021-12-01,1,0,50540.0,909.0,4211.666666666667,11.058330035615354,4,12,2021,-2.4492935982947064e-16,1.0,50055.0,54767.0,36972.0,52547.0,48920.0,45862.083333333336
2022,1,A3338,MUSKIZ - BARAKALDO - Areeta/Las Arenas,46503.0,27607.0,9233.0,2779.0,1668.0,2624.0,14.0,493.0,792.0,2022-01-01,0,0,50600.0,909.0,4216.666666666667,11.028379446640315,1,1,2022,0.49999999999999994,0.8660254037844387,46574.0,52819.0,36689.0,49816.0,48259.5,46662.25
2022,2,A3338,MUSKIZ - BARAKALDO - Areeta/Las Arenas,50703.0,29888.0,10017.0,3174.0,1983.0,2733.0,8.0,578.0,827.0,2022-02-01,0,0,50600.0,909.0,4216.666666666667,12.024426877470354,1,2,2022,0.8660254037844386,0.5000000000000001,46503.0,50055.0,37589.0,47710.666666666664,48272.166666666664,47480.083333333336
2022,3,A3338,MUSKIZ - BARAKALDO - Areeta/Las Arenas,58819.0,34774.0,11416.0,3683.0,2052.0,3232.0,11.0,674.0,1043.0,2022-03-01,0,0,50600.0,909.0,4216.666666666667,13.949169960474308,1,3,2022,1.0,6.123233995736766e-17,50703.0,46574.0,48796.0,47926.666666666664,50236.833333333336,48572.916666666664
2022,4,A3338,MUSKIZ - BARAKALDO - Areeta/Las Arenas,48785.0,29091.0,9446.0,2474.0,1550.0,3219.0,11.0,607.0,918.0,2022-04-01,0,0,50600.0,909.0,4216.666666666667,11.569565217391304,2,4,2022,0.8660254037844387,-0.4999999999999998,58819.0,46503.0,44904.0,52008.333333333336,50912.166666666664,49408.166666666664
2022,5,A3338,MUSKIZ - BARAKALDO - Areeta/Las Arenas,64754.0,37935.0,12771.0,3802.0,2127.0,4174.0,17.0,835.0,1060.0,2022-05-01,0,0,50600.0,909.0,4216.666666666667,15.356679841897233,2,5,2022,0.49999999999999994,-0.8660254037844387,48785.0,50703.0,51875.0,52769.0,50239.833333333336,49731.583333333336
2022,6,A3338,MUSKIZ - BARAKALDO - Areeta/Las Arenas,58127.0,35903.0,11083.0,2119.0,1460.0,4054.0,43.0,754.0,1064.0,2022-06-01,0,0,50600.0,909.0,4216.666666666667,13.785059288537548,2,6,2022,1.2246467991473532e-16,-1.0,64754.0,58819.0,50537.0,57452.666666666664,52689.666666666664,50804.833333333336
2022,7,A3338,MUSKIZ - BARAKALDO - Areeta/Las Arenas,51597.0,31634.0,10629.0,1161.0,1078.0,4084.0,8.0,917.0,876.0,2022-07-01,0,0,50600.0,909.0,4216.666666666667,12.236442687747035,3,7,2022,-0.4999999999999997,-0.8660254037844388,58127.0,48785.0,46427.0,57222.0,54615.166666666664,51437.333333333336
2022,8,A3338,MUSKIZ - BARAKALDO - Areeta/Las Arenas,41591.0,25154.0,8851.0,683.0,859.0,3368.0,22.0,792.0,855.0,2022-08-01,0,0,50600.0,909.0,4216.666666666667,9.863478260869565,3,8,2022,-0.8660254037844385,-0.5000000000000004,51597.0,64754.0,38915.0,58159.333333333336,55464.166666666664,51868.166666666664
2020,1,A3335,MUSKIZ - ZIERBENA - SESTAO,18963.0,8630.0,5910.0,637.0,539.0,1911.0,60.0,334.0,682.0,2020-01-01,1,0,,,,,1,1,2020,0.49999999999999994,0.8660254037844387,,,,,,
2020,2,A3335,MUSKIZ - ZIERBENA - SESTAO,19484.0,8860.0,6157.0,556.0,577.0,2036.0,63.0,365.0,537.0,2020-02-01,1,0,,,,,1,2,2020,0.8660254037844386,0.5000000000000001,18963.0,,,,,
2020,3,A3335,MUSKIZ - ZIERBENA - SESTAO,8624.0,4124.0,2586.0,260.0,291.0,800.0,24.0,124.0,264.0,2020-03-01,1,0,,,,,1,3,2020,1.0,6.123233995736766e-17,19484.0,,,,,
2020,4,A3335,MUSKIZ - ZIERBENA - SESTAO,989.0,573.0,402.0,5.0,1.0,0.0,0.0,0.0,8.0,2020-04-01,1,0,,,,,2,4,2020,0.8660254037844387,-0.4999999999999998,8624.0,18963.0,,15690.333333333334,,
2020,5,A3335,MUSKIZ - ZIERBENA - SESTAO,6875.0,4575.0,2029.0,12.0,26.0,0.0,0.0,57.0,80.0,2020-05-01,1,0,,,,,2,5,2020,0.49999999999999994,-0.8660254037844387,989.0,19484.0,,9699.0,,
2020,6,A3335,MUSKIZ - ZIERBENA - SESTAO,15709.0,10563.0,4024.0,80.0,180.0,0.0,0.0,230.0,297.0,2020-06-01,1,0,,,,,2,6,2020,1.2246467991473532e-16,-1.0,6875.0,8624.0,,5496.0,,
2020,7,A3335,MUSKIZ - ZIERBENA - SESTAO,26087.0,17412.0,6783.0,181.0,316.0,6.0,0.0,538.0,389.0,2020-07-01,1,0,,,,,3,7,2020,-0.4999999999999997,-0.8660254037844388,15709.0,989.0,,7857.666666666667,11774.0,
2020,8,A3335,MUSKIZ - ZIERBENA - SESTAO,21108.0,13416.0,6041.0,199.0,198.0,1.0,0.0,482.0,383.0,2020-08-01,1,0,,,,,3,8,2020,-0.8660254037844385,-0.5000000000000004,26087.0,6875.0,,16223.666666666666,12961.333333333334,
2020,9,A3335,MUSKIZ - ZIERBENA - SESTAO,20106.0,12554.0,5768.0,534.0,231.0,0.0,0.0,206.0,356.0,2020-09-01,1,0,,,,,3,9,2020,-1.0,-1.8369701987210297e-16,21108.0,15709.0,,20968.0,13232.0,
2020,10,A3335,MUSKIZ - ZIERBENA - SESTAO,13875.0,8251.0,3629.0,908.0,362.0,1.0,0.0,140.0,291.0,2020-10-01,1,0,,,,,4,10,2020,-0.8660254037844386,0.5000000000000001,20106.0,26087.0,,22433.666666666668,15145.666666666666,
2020,11,A3335,MUSKIZ - ZIERBENA - SESTAO,11466.0,7024.0,2662.0,809.0,352.0,0.0,0.0,105.0,242.0,2020-11-01,1,0,,,,,4,11,2020,-0.5000000000000004,0.8660254037844384,13875.0,21108.0,,18363.0,17293.333333333332,
2020,12,A3335,MUSKIZ - ZIERBENA - SESTAO,12620.0,7881.0,3159.0,492.0,244.0,115.0,0.0,153.0,301.0,2020-12-01,1,0,,,,,4,12,2020,-2.4492935982947064e-16,1.0,11466.0,20106.0,,15149.0,18058.5,
2021,1,A3335,MUSKIZ - ZIERBENA - SESTAO,11499.0,6777.0,2558.0,605.0,252.0,528.0,3.0,160.0,360.0,2021-01-01,1,0,33520.0,909.0,2793.3333333333335,4.116587112171837,1,1,2021,0.49999999999999994,0.8660254037844387,12620.0,13875.0,18963.0,12653.666666666666,17543.666666666668,14658.833333333334
2021,2,A3335,MUSKIZ - ZIERBENA - SESTAO,11270.0,6462.0,2399.0,713.0,286.0,710.0,1.0,154.0,306.0,2021-02-01,1,0,33520.0,909.0,2793.3333333333335,4.034606205250596,1,2,2021,0.8660254037844386,0.5000000000000001,11499.0,11466.0,19484.0,11861.666666666666,15112.333333333334,14036.833333333334
2021,3,A3335,MUSKIZ - ZIERBENA - SESTAO,16655.0,9377.0,3946.0,749.0,470.0,1020.0,3.0,227.0,531.0,2021-03-01,1,0,33520.0,909.0,2793.3333333333335,5.962410501193317,1,3,2021,1.0,6.123233995736766e-17,11270.0,12620.0,8624.0,11796.333333333334,13472.666666666666,13352.333333333334
2021,4,A3335,MUSKIZ - ZIERBENA - SESTAO,14622.0,8277.0,3504.0,551.0,395.0,932.0,5.0,215.0,477.0,2021-04-01,1,0,33520.0,909.0,2793.3333333333335,5.234606205250596,2,4,2021,0.8660254037844387,-0.4999999999999998,16655.0,11499.0,989.0,13141.333333333334,12897.5,14021.583333333334
2021,5,A3335,MUSKIZ - ZIERBENA - SESTAO,17186.0,9433.0,4446.0,626.0,568.0,1118.0,0.0,256.0,413.0,2021-05-01,1,0,33520.0,909.0,2793.3333333333335,6.152505966587112,2,5,2021,0.49999999999999994,-0.8660254037844387,14622.0,11270.0,6875.0,14182.333333333334,13022.0,15157.666666666666
2021,6,A3335,MUSKIZ - ZIERBENA - SESTAO,19375.0,10992.0,4936.0,294.0,413.0,1562.0,7.0,380.0,396.0,2021-06-01,1,0,33520.0,909.0,2793.3333333333335,6.936157517899761,2,6,2021,1.2246467991473532e-16,-1.0,17186.0,16655.0,15709.0,16154.333333333334,13975.333333333334,16016.916666666666
2021,7,A3335,MUSKIZ - ZIERBENA - SESTAO,26751.0,15421.0,6655.0,236.0,264.0,2359.0,4.0,641.0,566.0,2021-07-01,1,0,33520.0,909.0,2793.3333333333335,9.57673031026253,3,7,2021,-0.4999999999999997,-0.8660254037844388,19375.0,14622.0,26087.0,17061.0,15101.166666666666,16322.416666666666
2021,8,A3335,MUSKIZ - ZIERBENA - SESTAO,23630.0,12562.0,6801.0,184.0,282.0,2259.0,1.0,611.0,457.0,2021-08-01,1,0,33520.0,909.0,2793.3333333333335,8.459427207637232,3,8,2021,-0.8660254037844385,-0.5000000000000004,26751.0,17186.0,21108.0,21104.0,17643.166666666668,16377.75
2021,9,A3335,MUSKIZ - ZIERBENA - SESTAO,20346.0,10808.0,5220.0,566.0,578.0,1764.0,8.0,401.0,556.0,2021-09-01,1,0,33520.0,909.0,2793.3333333333335,7.283770883054892,3,9,2021,-1.0,-1.8369701987210297e-16,23630.0,19375.0,20106.0,23252.0,19703.166666666668,16587.916666666668
2021,10,A3335,MUSKIZ - ZIERBENA - SESTAO,18055.0,8894.0,5082.0,654.0,747.0,1521.0,7.0,277.0,530.0,2021-10-01,1,0,33520.0,909.0,2793.3333333333335,6.463603818615751,4,10,2021,-0.8660254037844386,0.5000000000000001,20346.0,26751.0,13875.0,23575.666666666668,20318.333333333332,16607.916666666668
2021,11,A3335,MUSKIZ - ZIERBENA - SESTAO,15353.0,7496.0,4142.0,713.0,698.0,1318.0,5.0,205.0,468.0,2021-11-01,1,0,33520.0,909.0,2793.3333333333335,5.496300715990453,4,11,2021,-0.5000000000000004,0.8660254037844384,18055.0,23630.0,11466.0,20677.0,20890.5,16956.25
2021,12,A3335,MUSKIZ - ZIERBENA - SESTAO,15409.0,8157.0,4068.0,400.0,569.0,1239.0,1.0,235.0,417.0,2021-12-01,1,0,33520.0,909.0,2793.3333333333335,5.51634844868735,4,12,2021,-2.4492935982947064e-16,1.0,15353.0,20346.0,12620.0,17918.0,20585.0,17280.166666666668
2022,1,A3335,MUSKIZ - ZIERBENA - SESTAO,15633.0,8229.0,4168.0,464.0,518.0,1214.0,2.0,208.0,421.0,2022-01-01,0,0,33518.0,909.0,2793.1666666666665,5.5968733217972435,1,1,2022,0.49999999999999994,0.8660254037844387,15409.0,18055.0,11499.0,16272.333333333334,19924.0,17512.583333333332
2022,2,A3335,MUSKIZ - ZIERBENA - SESTAO,15955.0,8361.0,4223.0,548.0,593.0,1139.0,9.0,193.0,482.0,2022-02-01,0,0,33518.0,909.0,2793.1666666666665,5.712154663166061,1,2,2022,0.8660254037844386,0.5000000000000001,15633.0,15353.0,11270.0,15465.0,18071.0,17857.083333333332
2022,3,A3335,MUSKIZ - ZIERBENA - SESTAO,19085.0,9791.0,5130.0,756.0,724.0,1367.0,3.0,280.0,553.0,2022-03-01,0,0,33518.0,909.0,2793.1666666666665,6.832746583925055,1,3,2022,1.0,6.123233995736766e-17,15955.0,15409.0,16655.0,15665.666666666666,16791.833333333332,18247.5
2022,4,A3335,MUSKIZ - ZIERBENA - SESTAO,18757.0,9971.0,4881.0,509.0,500.0,1631.0,1.0,378.0,443.0,2022-04-01,0,0,33518.0,909.0,2793.1666666666665,6.715317143027628,2,4,2022,0.8660254037844387,-0.4999999999999998,19085.0,15633.0,14622.0,16891.0,16581.666666666668,18450.0
2022,5,A3335,MUSKIZ - ZIERBENA - SESTAO,23461.0,12010.0,6642.0,622.0,767.0,2015.0,1.0,399.0,526.0,2022-05-01,0,0,33518.0,909.0,2793.1666666666665,8.399427173459037,2,5,2022,0.49999999999999994,-0.8660254037844387,18757.0,15955.0,17186.0,17932.333333333332,16698.666666666668,18794.583333333332
2022,6,A3335,MUSKIZ - ZIERBENA - SESTAO,22136.0,12100.0,5775.0,431.0,601.0,1758.0,15.0,419.0,578.0,2022-06-01,0,0,33518.0,909.0,2793.1666666666665,7.925055194223999,2,6,2022,1.2246467991473532e-16,-1.0,23461.0,19085.0,19375.0,20434.333333333332,18050.0,19317.5
2022,7,A3335,MUSKIZ - ZIERBENA - SESTAO,33461.0,18150.0,9122.0,272.0,454.0,3171.0,5.0,850.0,797.0,2022-07-01,0,0,33518.0,909.0,2793.1666666666665,11.979593054478192,3,7,2022,-0.4999999999999997,-0.8660254037844388,22136.0,18757.0,26751.0,21451.333333333332,19171.166666666668,19547.583333333332
2022,8,A3335,MUSKIZ - ZIERBENA - SESTAO,25951.0,13706.0,7770.0,183.0,334.0,2336.0,9.0,679.0,544.0,2022-08-01,0,0,33518.0,909.0,2793.1666666666665,9.290888477832807,3,8,2022,-0.8660254037844385,-0.5000000000000004,33461.0,23461.0,23630.0,26352.666666666668,22142.5,20106.75
2020,1,A3641,Nerbioi Garaia/Alto Nervion - ARRIGORRIAGA - Hospital Galdakao Ospitalea,48407.0,26156.0,13992.0,1007.0,1036.0,3991.0,16.0,688.0,389.0,2020-01-01,1,0,,,,,1,1,2020,0.49999999999999994,0.8660254037844387,,,,,,
2020,2,A3641,Nerbioi Garaia/Alto Nervion - ARRIGORRIAGA - Hospital Galdakao Ospitalea,47984.0,26227.0,13978.0,1088.0,916.0,3585.0,46.0,718.0,371.0,2020-02-01,1,0,,,,,1,2,2020,0.8660254037844386,0.5000000000000001,48407.0,,,,,
2020,3,A3641,Nerbioi Garaia/Alto Nervion - ARRIGORRIAGA - Hospital Galdakao Ospitalea,22967.0,13545.0,5902.0,545.0,442.0,1562.0,13.0,292.0,143.0,2020-03-01,1,0,,,,,1,3,2020,1.0,6.123233995736766e-17,47984.0,,,,,
2020,4,A3641,Nerbioi Garaia/Alto Nervion - ARRIGORRIAGA - Hospital Galdakao Ospitalea,6397.0,5325.0,727.0,135.0,80.0,0.0,0.0,4.0,5.0,2020-04-01,1,0,,,,,2,4,2020,0.8660254037844387,-0.4999999999999998,22967.0,48407.0,,39786.0,,
2020,5,A3641,Nerbioi Garaia/Alto Nervion - ARRIGORRIAGA - Hospital Galdakao Ospitalea,13774.0,10216.0,2986.0,176.0,106.0,0.0,0.0,10.0,11.0,2020-05-01,1,0,,,,,2,5,2020,0.49999999999999994,-0.8660254037844387,6397.0,47984.0,,25782.666666666668,,
2020,6,A3641,Nerbioi Garaia/Alto Nervion - ARRIGORRIAGA - Hospital Galdakao Ospitalea,27277.0,18498.0,7199.0,446.0,331.0,0.0,0.0,168.0,120.0,2020-06-01,1,0,,,,,2,6,2020,1.2246467991473532e-16,-1.0,13774.0,22967.0,,14379.333333333334,,
2020,7,A3641,Nerbioi Garaia/Alto Nervion - ARRIGORRIAGA - Hospital Galdakao Ospitalea,28851.0,19641.0,7395.0,511.0,403.0,0.0,0.0,278.0,119.0,2020-07-01,1,0,,,,,3,7,2020,-0.4999999999999997,-0.8660254037844388,27277.0,6397.0,,15816.0,27801.0,
2020,8,A3641,Nerbioi Garaia/Alto Nervion - ARRIGORRIAGA - Hospital Galdakao Ospitalea,23315.0,16171.0,5635.0,316.0,406.0,0.0,0.0,212.0,119.0,2020-08-01,1,0,,,,,3,8,2020,-0.8660254037844385,-0.5000000000000004,28851.0,13774.0,,23300.666666666668,24541.666666666668,
2020,9,A3641,Nerbioi Garaia/Alto Nervion - ARRIGORRIAGA - Hospital Galdakao Ospitalea,31374.0,20906.0,7924.0,752.0,578.0,0.0,0.0,324.0,180.0,2020-09-01,1,0,,,,,3,9,2020,-1.0,-1.8369701987210297e-16,23315.0,27277.0,,26481.0,20430.166666666668,
2020,10,A3641,Nerbioi Garaia/Alto Nervion - ARRIGORRIAGA - Hospital Galdakao Ospitalea,33106.0,22012.0,7960.0,1133.0,801.0,0.0,0.0,198.0,200.0,2020-10-01,1,0,,,,,4,10,2020,-0.8660254037844386,0.5000000000000001,31374.0,28851.0,,27846.666666666668,21831.333333333332,
2020,11,A3641,Nerbioi Garaia/Alto Nervion - ARRIGORRIAGA - Hospital Galdakao Ospitalea,29581.0,19896.0,6928.0,1089.0,513.0,0.0,0.0,180.0,165.0,2020-11-01,1,0,,,,,4,11,2020,-0.5000000000000004,0.8660254037844384,33106.0,23315.0,,29265.0,26282.833333333332,
2020,12,A3641,Nerbioi Garaia/Alto Nervion - ARRIGORRIAGA - Hospital Galdakao Ospitalea,29373.0,19840.0,6898.0,858.0,394.0,160.0,0.0,313.0,223.0,2020-12-01,1,0,,,,,4,12,2020,-2.4492935982947064e-16,1.0,29581.0,31374.0,,31353.666666666668,28917.333333333332,
2021,1,A3641,Nerbioi Garaia/Alto Nervion - ARRIGORRIAGA - Hospital Galdakao Ospitalea,29014.0,19228.0,6512.0,851.0,458.0,748.0,3.0,241.0,203.0,2021-01-01,1,0,67146.0,909.0,5595.5,5.185238137789295,1,1,2021,0.49999999999999994,0.8660254037844387,29373.0,33106.0,48407.0,30686.666666666668,29266.666666666668,28533.833333333332
2021,2,A3641,Nerbioi Garaia/Alto Nervion - ARRIGORRIAGA - Hospital Galdakao Ospitalea,28279.0,18698.0,6015.0,849.0,581.0,951.0,2.0,286.0,205.0,2021-02-01,1,0,67146.0,909.0,5595.5,5.053882584219462,1,2,2021,0.8660254037844386,0.5000000000000001,29014.0,29581.0,47984.0,29322.666666666668,29293.833333333332,26917.75
2021,3,A3641,Nerbioi Garaia/Alto Nervion - ARRIGORRIAGA - Hospital Galdakao Ospitalea,34164.0,21593.0,8035.0,950.0,615.0,1310.0,8.0,533.0,277.0,2021-03-01,1,0,67146.0,909.0,5595.5,6.105620587972478,1,3,2021,1.0,6.123233995736766e-17,28279.0,29373.0,22967.0,28888.666666666668,30121.166666666668,25275.666666666668
2021,4,A3641,Nerbioi Garaia/Alto Nervion - ARRIGORRIAGA - Hospital Galdakao Ospitalea,33022.0,20457.0,8436.0,882.0,513.0,1406.0,9.0,409.0,226.0,2021-04-01,1,0,67146.0,909.0,5595.5,5.901528013582343,2,4,2021,0.8660254037844387,-0.4999999999999998,34164.0,29014.0,6397.0,30485.666666666668,30586.166666666668,26208.75
2021,5,A3641,Nerbioi Garaia/Alto Nervion - ARRIGORRIAGA - Hospital Galdakao Ospitalea,36645.0,22352.0,9660.0,869.0,583.0,1620.0,5.0,462.0,305.0,2021-05-01,1,0,67146.0,909.0,5595.5,6.54901259941024,2,5,2021,0.49999999999999994,-0.8660254037844387,33022.0,28279.0,13774.0,31821.666666666668,30572.166666666668,28427.5
2021,6,A3641,Nerbioi Garaia/Alto Nervion - ARRIGORRIAGA - Hospital Galdakao Ospitalea,40467.0,25443.0,10542.0,600.0,546.0,1812.0,7.0,460.0,260.0,2021-06-01,1,0,67146.0,909.0,5595.5,7.232061477973372,2,6,2021,1.2246467991473532e-16,-1.0,36645.0,34164.0,27277.0,34610.333333333336,31749.5,30333.416666666668
2021,7,A3641,Nerbioi Garaia/Alto Nervion - ARRIGORRIAGA - Hospital Galdakao Ospitalea,34399.0,22126.0,7982.0,463.0,351.0,2117.0,9.0,492.0,175.0,2021-07-01,1,0,67146.0,909.0,5595.5,6.14761862210705,3,7,2021,-0.4999999999999997,-0.8660254037844388,40467.0,33022.0,28851.0,36711.333333333336,33598.5,31432.583333333332
2021,8,A3641,Nerbioi Garaia/Alto Nervion - ARRIGORRIAGA - Hospital Galdakao Ospitalea,27747.0,17870.0,6313.0,266.0,229.0,1912.0,34.0,438.0,185.0,2021-08-01,1,0,67146.0,909.0,5595.5,4.958806183540345,3,8,2021,-0.8660254037844385,-0.5000000000000004,34399.0,36645.0,23315.0,37170.333333333336,34496.0,31894.916666666668
2021,9,A3641,Nerbioi Garaia/Alto Nervion - ARRIGORRIAGA - Hospital Galdakao Ospitalea,36872.0,22967.0,8663.0,932.0,464.0,1975.0,18.0,593.0,276.0,2021-09-01,1,0,67146.0,909.0,5595.5,6.589580913233848,3,9,2021,-1.0,-1.8369701987210297e-16,27747.0,40467.0,31374.0,34204.333333333336,34407.333333333336,32264.25
2021,10,A3641,Nerbioi Garaia/Alto Nervion - ARRIGORRIAGA - Hospital Galdakao Ospitalea,38874.0,22592.0,10027.0,1405.0,772.0,2102.0,4.0,572.0,348.0,2021-10-01,1,0,67146.0,909.0,5595.5,6.947368421052632,4,10,2021,-0.8660254037844386,0.5000000000000001,36872.0,34399.0,33106.0,33006.0,34858.666666666664,32722.416666666668
2021,11,A3641,Nerbioi Garaia/Alto Nervion - ARRIGORRIAGA - Hospital Galdakao Ospitalea,39545.0,23272.0,10273.0,1351.0,871.0,2045.0,8.0,415.0,307.0,2021-11-01,1,0,67146.0,909.0,5595.5,7.067286212134751,4,11,2021,-0.5000000000000004,0.8660254037844384,38874.0,27747.0,29581.0,34497.666666666664,35834.0,33203.083333333336
2021,12,A3641,Nerbioi Garaia/Alto Nervion - ARRIGORRIAGA - Hospital Galdakao Ospitalea,38001.0,22391.0,9964.0,899.0,739.0,2201.0,7.0,545.0,285.0,2021-12-01,1,0,67146.0,909.0,5595.5,6.791350192118667,4,12,2021,-2.4492935982947064e-16,1.0,39545.0,36872.0,29373.0,38430.333333333336,36317.333333333336,34033.416666666664
2022,1,A3641,Nerbioi Garaia/Alto Nervion - ARRIGORRIAGA - Hospital Galdakao Ospitalea,37582.0,22674.0,9256.0,1176.0,660.0,2164.0,4.0,421.0,245.0,2022-01-01,0,0,67145.0,909.0,5595.416666666667,6.71656862015042,1,1,2022,0.49999999999999994,0.8660254037844387,38001.0,38874.0,29014.0,38806.666666666664,35906.333333333336,34752.416666666664
2022,2,A3641,Nerbioi Garaia/Alto Nervion - ARRIGORRIAGA - Hospital Galdakao Ospitalea,35562.0,20993.0,8977.0,1124.0,872.0,2066.0,10.0,387.0,218.0,2022-02-01,0,0,67145.0,909.0,5595.416666666667,6.355558865142601,1,2,2022,0.8660254037844386,0.5000000000000001,37582.0,39545.0,28279.0,38376.0,36436.833333333336,35466.416666666664
2022,3,A3641,Nerbioi Garaia/Alto Nervion - ARRIGORRIAGA - Hospital Galdakao Ospitalea,42686.0,24962.0,11159.0,1355.0,1030.0,2202.0,12.0,561.0,336.0,2022-03-01,0,0,67145.0,909.0,5595.416666666667,7.628743763496909,1,3,2022,1.0,6.123233995736766e-17,35562.0,38001.0,34164.0,37048.333333333336,37739.333333333336,36073.333333333336
2022,4,A3641,Nerbioi Garaia/Alto Nervion - ARRIGORRIAGA - Hospital Galdakao Ospitalea,33066.0,19273.0,8602.0,792.0,690.0,2056.0,10.0,514.0,264.0,2022-04-01,0,0,67145.0,909.0,5595.416666666667,5.909479484697297,2,4,2022,0.8660254037844387,-0.4999999999999998,42686.0,37582.0,33022.0,38610.0,38708.333333333336,36783.5
2022,5,A3641,Nerbioi Garaia/Alto Nervion - ARRIGORRIAGA - Hospital Galdakao Ospitalea,39649.0,22780.0,10863.0,1013.0,831.0,2269.0,8.0,546.0,292.0,2022-05-01,0,0,67145.0,909.0,5595.416666666667,7.085978107081688,2,5,2022,0.49999999999999994,-0.8660254037844387,33066.0,35562.0,36645.0,37104.666666666664,37740.333333333336,36787.166666666664
2022,6,A3641,Nerbioi Garaia/Alto Nervion - ARRIGORRIAGA - Hospital Galdakao Ospitalea,42012.0,24853.0,11297.0,611.0,657.0,2590.0,8.0,698.0,335.0,2022-06-01,0,0,67145.0,909.0,5595.416666666667,7.508288033360637,2,6,2022,1.2246467991473532e-16,-1.0,39649.0,42686.0,40467.0,38467.0,37757.666666666664,37037.5
2022,7,A3641,Nerbioi Garaia/Alto Nervion - ARRIGORRIAGA - Hospital Galdakao Ospitalea,34824.0,21122.0,8469.0,526.0,458.0,2629.0,17.0,537.0,253.0,2022-07-01,0,0,67145.0,909.0,5595.416666666667,6.223665202174399,3,7,2022,-0.4999999999999997,-0.8660254037844388,42012.0,33066.0,34399.0,38242.333333333336,38426.166666666664,37166.25
2022,8,A3641,Nerbioi Garaia/Alto Nervion - ARRIGORRIAGA - Hospital Galdakao Ospitalea,29470.0,17652.0,7654.0,436.0,369.0,2135.0,11.0,548.0,200.0,2022-08-01,0,0,67145.0,909.0,5595.416666666667,5.266810633703179,3,8,2022,-0.8660254037844385,-0.5000000000000004,34824.0,39649.0,27747.0,38828.333333333336,37966.5,37201.666666666664
2020,1,A3537,PLENTZIA-GORLIZ-MUNGIA,4457.0,2386.0,1012.0,162.0,214.0,467.0,0.0,81.0,15.0,2020-01-01,1,0,,,,,1,1,2020,0.49999999999999994,0.8660254037844387,,,,,,
2020,2,A3537,PLENTZIA-GORLIZ-MUNGIA,4705.0,2589.0,1029.0,170.0,252.0,427.0,0.0,72.0,23.0,2020-02-01,1,0,,,,,1,2,2020,0.8660254037844386,0.5000000000000001,4457.0,,,,,
2020,3,A3537,PLENTZIA-GORLIZ-MUNGIA,2037.0,1208.0,340.0,94.0,135.0,148.0,0.0,34.0,3.0,2020-03-01,1,0,,,,,1,3,2020,1.0,6.123233995736766e-17,4705.0,,,,,
2020,4,A3537,PLENTZIA-GORLIZ-MUNGIA,141.0,94.0,42.0,,,,,,4.0,2020-04-01,1,0,,,,,2,4,2020,0.8660254037844387,-0.4999999999999998,2037.0,4457.0,,3733.0,,
2020,5,A3537,PLENTZIA-GORLIZ-MUNGIA,1784.0,1368.0,267.0,1.0,12.0,0.0,0.0,25.0,20.0,2020-05-01,1,0,,,,,2,5,2020,0.49999999999999994,-0.8660254037844387,141.0,4705.0,,2294.3333333333335,,
2020,6,A3537,PLENTZIA-GORLIZ-MUNGIA,6511.0,4926.0,879.0,20.0,112.0,0.0,0.0,52.0,54.0,2020-06-01,1,0,,,,,2,6,2020,1.2246467991473532e-16,-1.0,1784.0,2037.0,,1320.6666666666667,,
2020,7,A3537,PLENTZIA-GORLIZ-MUNGIA,11000.0,8547.0,1300.0,70.0,151.0,0.0,0.0,90.0,89.0,2020-07-01,1,0,,,,,3,7,2020,-0.4999999999999997,-0.8660254037844388,6511.0,141.0,,2812.0,3272.5,
2020,8,A3537,PLENTZIA-GORLIZ-MUNGIA,9186.0,7026.0,1242.0,104.0,113.0,0.0,0.0,165.0,74.0,2020-08-01,1,0,,,,,3,8,2020,-0.8660254037844385,-0.5000000000000004,11000.0,1784.0,,6431.666666666667,4363.0,
2020,9,A3537,PLENTZIA-GORLIZ-MUNGIA,6580.0,4857.0,1045.0,114.0,92.0,,,68.0,29.0,2020-09-01,1,0,,,,,3,9,2020,-1.0,-1.8369701987210297e-16,9186.0,6511.0,,8899.0,5109.833333333333,
2020,10,A3537,PLENTZIA-GORLIZ-MUNGIA,3765.0,2722.0,525.0,108.0,136.0,,,24.0,22.0,2020-10-01,1,0,,,,,4,10,2020,-0.8660254037844386,0.5000000000000001,6580.0,11000.0,,8922.0,5867.0,
2020,11,A3537,PLENTZIA-GORLIZ-MUNGIA,2515.0,1758.0,270.0,124.0,108.0,,,37.0,20.0,2020-11-01,1,0,,,,,4,11,2020,-0.5000000000000004,0.8660254037844384,3765.0,9186.0,,6510.333333333333,6471.0,
2020,12,A3537,PLENTZIA-GORLIZ-MUNGIA,2607.0,1853.0,360.0,63.0,83.0,9.0,0.0,38.0,20.0,2020-12-01,1,0,,,,,4,12,2020,-2.4492935982947064e-16,1.0,2515.0,6580.0,,4286.666666666667,6592.833333333333,
2021,1,A3537,PLENTZIA-GORLIZ-MUNGIA,3044.0,2168.0,425.0,42.0,90.0,94.0,0.0,50.0,4.0,2021-01-01,1,0,,,,,1,1,2021,0.49999999999999994,0.8660254037844387,2607.0,3765.0,4457.0,2962.3333333333335,5942.166666666667,4607.333333333333
2021,2,A3537,PLENTZIA-GORLIZ-MUNGIA,3408.0,2334.0,486.0,69.0,119.0,150.0,0.0,69.0,12.0,2021-02-01,1,0,,,,,1,2,2021,0.8660254037844386,0.5000000000000001,3044.0,2515.0,4705.0,2722.0,4616.166666666667,4489.583333333333
2021,3,A3537,PLENTZIA-GORLIZ-MUNGIA,5037.0,3395.0,712.0,70.0,189.0,277.0,0.0,103.0,26.0,2021-03-01,1,0,,,,,1,3,2021,1.0,6.123233995736766e-17,3408.0,2607.0,2037.0,3019.6666666666665,3653.1666666666665,4381.5
2021,4,A3537,PLENTZIA-GORLIZ-MUNGIA,5166.0,3445.0,768.0,96.0,186.0,301.0,,79.0,15.0,2021-04-01,1,0,,,,,2,4,2021,0.8660254037844387,-0.4999999999999998,5037.0,3044.0,141.0,3829.6666666666665,3396.0,4631.5
2021,5,A3537,PLENTZIA-GORLIZ-MUNGIA,4707.0,3031.0,717.0,68.0,202.0,295.0,0.0,93.0,34.0,2021-05-01,1,0,,,,,2,5,2021,0.49999999999999994,-0.8660254037844387,5166.0,3408.0,1784.0,4537.0,3629.5,5050.25
2021,6,A3537,PLENTZIA-GORLIZ-MUNGIA,7122.0,4886.0,881.0,66.0,221.0,376.0,0.0,133.0,58.0,2021-06-01,1,0,,,,,2,6,2021,1.2246467991473532e-16,-1.0,4707.0,5037.0,6511.0,4970.0,3994.8333333333335,5293.833333333333
2021,7,A3537,PLENTZIA-GORLIZ-MUNGIA,10917.0,7777.0,1267.0,58.0,239.0,608.0,,186.0,109.0,2021-07-01,1,0,,,,,3,7,2021,-0.4999999999999997,-0.8660254037844388,7122.0,5166.0,11000.0,5665.0,4747.333333333333,5344.75
2021,8,A3537,PLENTZIA-GORLIZ-MUNGIA,10717.0,7115.0,1561.0,61.0,168.0,675.0,1.0,281.0,95.0,2021-08-01,1,0,,,,,3,8,2021,-0.8660254037844385,-0.5000000000000004,10917.0,4707.0,9186.0,7582.0,6059.5,5337.833333333333
2021,9,A3537,PLENTZIA-GORLIZ-MUNGIA,6682.0,4273.0,1072.0,80.0,242.0,430.0,,133.0,77.0,2021-09-01,1,0,,,,,3,9,2021,-1.0,-1.8369701987210297e-16,10717.0,7122.0,6580.0,9585.333333333334,7277.666666666667,5465.416666666667
2021,10,A3537,PLENTZIA-GORLIZ-MUNGIA,5270.0,3156.0,797.0,201.0,338.0,387.0,,83.0,55.0,2021-10-01,1,0,,,,,4,10,2021,-0.8660254037844386,0.5000000000000001,6682.0,10917.0,3765.0,9438.666666666666,7551.833333333333,5473.916666666667
2021,11,A3537,PLENTZIA-GORLIZ-MUNGIA,4668.0,2873.0,578.0,224.0,307.0,274.0,0.0,87.0,69.0,2021-11-01,1,0,,,,,4,11,2021,-0.5000000000000004,0.8660254037844384,5270.0,10717.0,2515.0,7556.333333333333,7569.166666666667,5599.333333333333
2021,12,A3537,PLENTZIA-GORLIZ-MUNGIA,3974.0,2469.0,545.0,98.0,279.0,252.0,,82.0,48.0,2021-12-01,1,0,,,,,4,12,2021,-2.4492935982947064e-16,1.0,4668.0,6682.0,2607.0,5540.0,7562.666666666667,5778.75
2022,1,A3537,PLENTZIA-GORLIZ-MUNGIA,3881.0,2263.0,553.0,143.0,257.0,287.0,,82.0,55.0,2022-01-01,0,0,,,,,1,1,2022,0.49999999999999994,0.8660254037844387,3974.0,5270.0,3044.0,4637.333333333333,7038.0,5892.666666666667
2022,2,A3537,PLENTZIA-GORLIZ-MUNGIA,4550.0,2656.0,636.0,205.0,382.0,322.0,,63.0,63.0,2022-02-01,0,0,,,,,1,2,2022,0.8660254037844386,0.5000000000000001,3881.0,4668.0,3408.0,4174.333333333333,5865.333333333333,5962.416666666667
2022,3,A3537,PLENTZIA-GORLIZ-MUNGIA,5169.0,2966.0,763.0,210.0,474.0,305.0,0.0,91.0,92.0,2022-03-01,0,0,,,,,1,3,2022,1.0,6.123233995736766e-17,4550.0,3974.0,5037.0,4135.0,4837.5,6057.583333333333
2022,4,A3537,PLENTZIA-GORLIZ-MUNGIA,4909.0,2931.0,734.0,105.0,401.0,275.0,,79.0,74.0,2022-04-01,0,0,,,,,2,4,2022,0.8660254037844387,-0.4999999999999998,5169.0,3881.0,5166.0,4533.333333333333,4585.333333333333,6068.583333333333
2022,5,A3537,PLENTZIA-GORLIZ-MUNGIA,6185.0,3524.0,997.0,236.0,444.0,433.0,,117.0,99.0,2022-05-01,0,0,,,,,2,5,2022,0.49999999999999994,-0.8660254037844387,4909.0,4550.0,4707.0,4876.0,4525.166666666667,6047.166666666667
2022,6,A3537,PLENTZIA-GORLIZ-MUNGIA,7647.0,4993.0,1043.0,101.0,342.0,493.0,,142.0,95.0,2022-06-01,0,0,,,,,2,6,2022,1.2246467991473532e-16,-1.0,6185.0,5169.0,7122.0,5421.0,4778.0,6170.333333333333
2022,7,A3537,PLENTZIA-GORLIZ-MUNGIA,13946.0,9441.0,1851.0,107.0,282.0,875.0,9.0,192.0,147.0,2022-07-01,0,0,,,,,3,7,2022,-0.4999999999999997,-0.8660254037844388,7647.0,4909.0,10917.0,6247.0,5390.166666666667,6214.083333333333
2022,8,A3537,PLENTZIA-GORLIZ-MUNGIA,11110.0,7243.0,1776.0,50.0,225.0,781.0,0.0,253.0,113.0,2022-08-01,0,0,,,,,3,8,2022,-0.8660254037844385,-0.5000000000000004,13946.0,6185.0,10717.0,9259.333333333334,7067.666666666667,6466.5
2020,1,A3323,PORTUGALETE - GALDAMES,4155.0,2149.0,1250.0,87.0,83.0,394.0,0.0,30.0,67.0,2020-01-01,1,0,,,,,1,1,2020,0.49999999999999994,0.8660254037844387,,,,,,
2020,2,A3323,PORTUGALETE - GALDAMES,4213.0,2135.0,1234.0,94.0,78.0,477.0,0.0,59.0,48.0,2020-02-01,1,0,,,,,1,2,2020,0.8660254037844386,0.5000000000000001,4155.0,,,,,
2020,3,A3323,PORTUGALETE - GALDAMES,2037.0,1166.0,527.0,46.0,25.0,195.0,0.0,18.0,26.0,2020-03-01,1,0,,,,,1,3,2020,1.0,6.123233995736766e-17,4213.0,,,,,
2020,4,A3323,PORTUGALETE - GALDAMES,440.0,361.0,68.0,0.0,1.0,0.0,0.0,2.0,4.0,2020-04-01,1,0,,,,,2,4,2020,0.8660254037844387,-0.4999999999999998,2037.0,4155.0,,3468.3333333333335,,
2020,5,A3323,PORTUGALETE - GALDAMES,1281.0,954.0,294.0,3.0,1.0,0.0,0.0,5.0,16.0,2020-05-01,1,0,,,,,2,5,2020,0.49999999999999994,-0.8660254037844387,440.0,4213.0,,2230.0,,
2020,6,A3323,PORTUGALETE - GALDAMES,2810.0,1983.0,700.0,6.0,18.0,0.0,0.0,5.0,45.0,2020-06-01,1,0,,,,,2,6,2020,1.2246467991473532e-16,-1.0,1281.0,2037.0,,1252.6666666666667,,
2020,7,A3323,PORTUGALETE - GALDAMES,3100.0,2187.0,797.0,14.0,20.0,0.0,0.0,16.0,33.0,2020-07-01,1,0,,,,,3,7,2020,-0.4999999999999997,-0.8660254037844388,2810.0,440.0,,1510.3333333333333,2489.3333333333335,
2020,8,A3323,PORTUGALETE - GALDAMES,2221.0,1446.0,654.0,36.0,14.0,0.0,0.0,17.0,26.0,2020-08-01,1,0,,,,,3,8,2020,-0.8660254037844385,-0.5000000000000004,3100.0,1281.0,,2397.0,2313.5,
2020,9,A3323,PORTUGALETE - GALDAMES,3319.0,2299.0,862.0,28.0,58.0,0.0,0.0,4.0,21.0,2020-09-01,1,0,,,,,3,9,2020,-1.0,-1.8369701987210297e-16,2221.0,2810.0,,2710.3333333333335,1981.5,
2020,10,A3323,PORTUGALETE - GALDAMES,3362.0,2273.0,798.0,84.0,121.0,0.0,0.0,10.0,37.0,2020-10-01,1,0,,,,,4,10,2020,-0.8660254037844386,0.5000000000000001,3319.0,3100.0,,2880.0,2195.1666666666665,
2020,11,A3323,PORTUGALETE - GALDAMES,2637.0,1907.0,475.0,78.0,93.0,0.0,0.0,19.0,38.0,2020-11-01,1,0,,,,,4,11,2020,-0.5000000000000004,0.8660254037844384,3362.0,2221.0,,2967.3333333333335,2682.1666666666665,
2020,12,A3323,PORTUGALETE - GALDAMES,2774.0,1929.0,607.0,77.0,79.0,18.0,0.0,7.0,24.0,2020-12-01,1,0,,,,,4,12,2020,-2.4492935982947064e-16,1.0,2637.0,3319.0,,3106.0,2908.1666666666665,
2021,1,A3323,PORTUGALETE - GALDAMES,2668.0,1823.0,480.0,78.0,107.0,94.0,0.0,14.0,49.0,2021-01-01,1,0,15038.0,909.0,1253.1666666666667,2.1290065168240457,1,1,2021,0.49999999999999994,0.8660254037844387,2774.0,3362.0,4155.0,2924.3333333333335,2902.1666666666665,2695.75
2021,2,A3323,PORTUGALETE - GALDAMES,2969.0,1897.0,513.0,171.0,150.0,146.0,0.0,7.0,66.0,2021-02-01,1,0,15038.0,909.0,1253.1666666666667,2.3691980316531454,1,2,2021,0.8660254037844386,0.5000000000000001,2668.0,2637.0,4213.0,2693.0,2830.1666666666665,2571.8333333333335
2021,3,A3323,PORTUGALETE - GALDAMES,4060.0,2406.0,876.0,193.0,261.0,179.0,0.0,15.0,67.0,2021-03-01,1,0,15038.0,909.0,1253.1666666666667,3.2397925256018087,1,3,2021,1.0,6.123233995736766e-17,2969.0,2774.0,2037.0,2803.6666666666665,2954.8333333333335,2468.1666666666665
2021,4,A3323,PORTUGALETE - GALDAMES,3234.0,1896.0,700.0,137.0,168.0,195.0,0.0,16.0,57.0,2021-04-01,1,0,15038.0,909.0,1253.1666666666667,2.580662322117303,2,4,2021,0.8660254037844387,-0.4999999999999998,4060.0,2668.0,440.0,3232.3333333333335,3078.3333333333335,2636.75
2021,5,A3323,PORTUGALETE - GALDAMES,4091.0,2412.0,907.0,200.0,212.0,209.0,0.0,32.0,37.0,2021-05-01,1,0,15038.0,909.0,1253.1666666666667,3.264529857693842,2,5,2021,0.49999999999999994,-0.8660254037844387,3234.0,2969.0,1281.0,3421.0,3057.0,2869.5833333333335
2021,6,A3323,PORTUGALETE - GALDAMES,4010.0,2389.0,986.0,102.0,174.0,196.0,0.0,43.0,43.0,2021-06-01,1,0,15038.0,909.0,1253.1666666666667,3.1998936028727223,2,6,2021,1.2246467991473532e-16,-1.0,4091.0,4060.0,2810.0,3795.0,3299.3333333333335,3103.75
2021,7,A3323,PORTUGALETE - GALDAMES,3848.0,2305.0,952.0,42.0,151.0,238.0,2.0,60.0,40.0,2021-07-01,1,0,15038.0,909.0,1253.1666666666667,3.0706210932304825,3,7,2021,-0.4999999999999997,-0.8660254037844388,4010.0,3234.0,3100.0,3778.3333333333335,3505.3333333333335,3203.75
2021,8,A3323,PORTUGALETE - GALDAMES,2869.0,1623.0,831.0,12.0,19.0,202.0,13.0,60.0,35.0,2021-08-01,1,0,15038.0,909.0,1253.1666666666667,2.2894001861949724,3,8,2021,-0.8660254037844385,-0.5000000000000004,3848.0,4091.0,2221.0,3983.0,3702.0,3266.0833333333335
2021,9,A3323,PORTUGALETE - GALDAMES,3863.0,2357.0,925.0,48.0,86.0,211.0,1.0,31.0,79.0,2021-09-01,1,0,15038.0,909.0,1253.1666666666667,3.0825907700492086,3,9,2021,-1.0,-1.8369701987210297e-16,2869.0,4010.0,3319.0,3575.6666666666665,3685.3333333333335,3320.0833333333335
2021,10,A3323,PORTUGALETE - GALDAMES,3901.0,2261.0,1000.0,85.0,140.0,192.0,1.0,15.0,74.0,2021-10-01,1,0,15038.0,909.0,1253.1666666666667,3.112913951323314,4,10,2021,-0.8660254037844386,0.5000000000000001,3863.0,3848.0,3362.0,3526.6666666666665,3652.5,3365.4166666666665
2021,11,A3323,PORTUGALETE - GALDAMES,3675.0,2106.0,903.0,76.0,161.0,234.0,2.0,15.0,68.0,2021-11-01,1,0,15038.0,909.0,1253.1666666666667,2.932570820587844,4,11,2021,-0.5000000000000004,0.8660254037844384,3901.0,2869.0,2637.0,3544.3333333333335,3763.6666666666665,3410.3333333333335
2021,12,A3323,PORTUGALETE - GALDAMES,3438.0,1984.0,889.0,71.0,165.0,188.0,0.0,9.0,45.0,2021-12-01,1,0,15038.0,909.0,1253.1666666666667,2.7434499268519748,4,12,2021,-2.4492935982947064e-16,1.0,3675.0,3863.0,2774.0,3813.0,3694.3333333333335,3496.8333333333335
2022,1,A3323,PORTUGALETE - GALDAMES,3439.0,1936.0,845.0,84.0,201.0,219.0,0.0,14.0,68.0,2022-01-01,0,0,15054.0,909.0,1254.5,2.741331207652451,1,1,2022,0.49999999999999994,0.8660254037844387,3438.0,3901.0,2668.0,3671.3333333333335,3599.0,3552.1666666666665
2022,2,A3323,PORTUGALETE - GALDAMES,3971.0,2222.0,948.0,129.0,271.0,188.0,2.0,12.0,81.0,2022-02-01,0,0,15054.0,909.0,1254.5,3.1654045436428855,1,2,2022,0.8660254037844386,0.5000000000000001,3439.0,3675.0,2969.0,3517.3333333333335,3530.8333333333335,3616.4166666666665
2022,3,A3323,PORTUGALETE - GALDAMES,4514.0,2496.0,1105.0,183.0,258.0,212.0,2.0,30.0,73.0,2022-03-01,0,0,15054.0,909.0,1254.5,3.59824631327222,1,3,2022,1.0,6.123233995736766e-17,3971.0,3438.0,4060.0,3616.0,3714.5,3699.9166666666665
2022,4,A3323,PORTUGALETE - GALDAMES,3559.0,1995.0,934.0,86.0,177.0,204.0,1.0,16.0,46.0,2022-04-01,0,0,15054.0,909.0,1254.5,2.8369868473495417,2,4,2022,0.8660254037844387,-0.4999999999999998,4514.0,3439.0,3234.0,3974.6666666666665,3823.0,3737.75
2022,5,A3323,PORTUGALETE - GALDAMES,4609.0,2614.0,1156.0,134.0,246.0,254.0,0.0,20.0,83.0,2022-05-01,0,0,15054.0,909.0,1254.5,3.6739736946990833,2,5,2022,0.49999999999999994,-0.8660254037844387,3559.0,3971.0,4091.0,4014.6666666666665,3766.0,3764.8333333333335
2022,6,A3323,PORTUGALETE - GALDAMES,4397.0,2576.0,1141.0,57.0,155.0,263.0,0.0,44.0,58.0,2022-06-01,0,0,15054.0,909.0,1254.5,3.5049820645675567,2,6,2022,1.2246467991473532e-16,-1.0,4609.0,4514.0,4010.0,4227.333333333333,3921.6666666666665,3808.0
2022,7,A3323,PORTUGALETE - GALDAMES,3623.0,2044.0,969.0,58.0,136.0,232.0,0.0,76.0,55.0,2022-07-01,0,0,15054.0,909.0,1254.5,2.8880031885213233,3,7,2022,-0.4999999999999997,-0.8660254037844388,4397.0,3559.0,3848.0,4188.333333333333,4081.5,3840.25
2022,8,A3323,PORTUGALETE - GALDAMES,2966.0,1652.0,841.0,17.0,103.0,236.0,0.0,41.0,28.0,2022-08-01,0,0,15054.0,909.0,1254.5,2.364288561179753,3,8,2022,-0.8660254037844385,-0.5000000000000004,3623.0,4609.0,2869.0,4209.666666666667,4112.166666666667,3821.5
2020,1,A3321,PORTUGALETE - ZIERBENA - La Arena - MUSKIZ,20539.0,9926.0,4698.0,1633.0,990.0,1963.0,31.0,363.0,313.0,2020-01-01,1,0,,,,,1,1,2020,0.49999999999999994,0.8660254037844387,,,,,,
2020,2,A3321,PORTUGALETE - ZIERBENA - La Arena - MUSKIZ,21182.0,10202.0,4970.0,1497.0,956.0,1974.0,45.0,484.0,283.0,2020-02-01,1,0,,,,,1,2,2020,0.8660254037844386,0.5000000000000001,20539.0,,,,,
2020,3,A3321,PORTUGALETE - ZIERBENA - La Arena - MUSKIZ,9861.0,5252.0,2086.0,697.0,413.0,746.0,9.0,170.0,132.0,2020-03-01,1,0,,,,,1,3,2020,1.0,6.123233995736766e-17,21182.0,,,,,
2020,4,A3321,PORTUGALETE - ZIERBENA - La Arena - MUSKIZ,2917.0,2119.0,684.0,33.0,13.0,0.0,0.0,4.0,12.0,2020-04-01,1,0,,,,,2,4,2020,0.8660254037844387,-0.4999999999999998,9861.0,20539.0,,17194.0,,
2020,5,A3321,PORTUGALETE - ZIERBENA - La Arena - MUSKIZ,7949.0,5833.0,1690.0,42.0,57.0,0.0,0.0,42.0,49.0,2020-05-01,1,0,,,,,2,5,2020,0.49999999999999994,-0.8660254037844387,2917.0,21182.0,,11320.0,,
2020,6,A3321,PORTUGALETE - ZIERBENA - La Arena - MUSKIZ,23081.0,16812.0,4590.0,183.0,235.0,0.0,0.0,234.0,219.0,2020-06-01,1,0,,,,,2,6,2020,1.2246467991473532e-16,-1.0,7949.0,9861.0,,6909.0,,
2020,7,A3321,PORTUGALETE - ZIERBENA - La Arena - MUSKIZ,33699.0,24499.0,6698.0,289.0,432.0,0.0,0.0,409.0,345.0,2020-07-01,1,0,,,,,3,7,2020,-0.4999999999999997,-0.8660254037844388,23081.0,2917.0,,11315.666666666666,14254.833333333334,
2020,8,A3321,PORTUGALETE - ZIERBENA - La Arena - MUSKIZ,26982.0,19317.0,5693.0,224.0,351.0,0.0,0.0,433.0,226.0,2020-08-01,1,0,,,,,3,8,2020,-0.8660254037844385,-0.5000000000000004,33699.0,7949.0,,21576.333333333332,16448.166666666668,
2020,9,A3321,PORTUGALETE - ZIERBENA - La Arena - MUSKIZ,22298.0,15316.0,4511.0,740.0,603.0,0.0,0.0,153.0,166.0,2020-09-01,1,0,,,,,3,9,2020,-1.0,-1.8369701987210297e-16,26982.0,23081.0,,27920.666666666668,17414.833333333332,
2020,10,A3321,PORTUGALETE - ZIERBENA - La Arena - MUSKIZ,15591.0,9509.0,2870.0,1608.0,714.0,0.0,0.0,80.0,95.0,2020-10-01,1,0,,,,,4,10,2020,-0.8660254037844386,0.5000000000000001,22298.0,33699.0,,27659.666666666668,19487.666666666668,
2020,11,A3321,PORTUGALETE - ZIERBENA - La Arena - MUSKIZ,13376.0,7996.0,2236.0,1606.0,727.0,0.0,0.0,85.0,112.0,2020-11-01,1,0,,,,,4,11,2020,-0.5000000000000004,0.8660254037844384,15591.0,26982.0,,21623.666666666668,21600.0,
2020,12,A3321,PORTUGALETE - ZIERBENA - La Arena - MUSKIZ,13061.0,8430.0,2351.0,948.0,466.0,61.0,0.0,120.0,137.0,2020-12-01,1,0,,,,,4,12,2020,-2.4492935982947064e-16,1.0,13376.0,22298.0,,17088.333333333332,22504.5,
2021,1,A3321,PORTUGALETE - ZIERBENA - La Arena - MUSKIZ,12765.0,7745.0,2044.0,1139.0,587.0,335.0,16.0,106.0,171.0,2021-01-01,1,0,34748.0,909.0,2895.6666666666665,4.408311269713365,1,1,2021,0.49999999999999994,0.8660254037844387,13061.0,15591.0,20539.0,14009.333333333334,20834.5,17544.666666666668
2021,2,A3321,PORTUGALETE - ZIERBENA - La Arena - MUSKIZ,13466.0,8093.0,2039.0,1285.0,679.0,425.0,1.0,154.0,254.0,2021-02-01,1,0,34748.0,909.0,2895.6666666666665,4.650397145159434,1,2,2021,0.8660254037844386,0.5000000000000001,12765.0,13376.0,21182.0,13067.333333333334,17345.5,16896.833333333332
2021,3,A3321,PORTUGALETE - ZIERBENA - La Arena - MUSKIZ,18152.0,10957.0,3052.0,1314.0,743.0,767.0,8.0,224.0,365.0,2021-03-01,1,0,34748.0,909.0,2895.6666666666665,6.268677333947278,1,3,2021,1.0,6.123233995736766e-17,13466.0,13061.0,9861.0,13097.333333333334,15092.833333333334,16253.833333333334
2021,4,A3321,PORTUGALETE - ZIERBENA - La Arena - MUSKIZ,17072.0,10412.0,3074.0,1071.0,578.0,779.0,0.0,206.0,425.0,2021-04-01,1,0,34748.0,909.0,2895.6666666666665,5.895706227696558,2,4,2021,0.8660254037844387,-0.4999999999999998,18152.0,12765.0,2917.0,14794.333333333334,14401.833333333334,16944.75
2021,5,A3321,PORTUGALETE - ZIERBENA - La Arena - MUSKIZ,19888.0,12216.0,3700.0,1136.0,652.0,861.0,2.0,207.0,433.0,2021-05-01,1,0,34748.0,909.0,2895.6666666666665,6.8681938528836195,2,5,2021,0.49999999999999994,-0.8660254037844387,17072.0,13466.0,7949.0,16230.0,14648.666666666666,18124.333333333332
2021,6,A3321,PORTUGALETE - ZIERBENA - La Arena - MUSKIZ,28369.0,18189.0,5414.0,465.0,422.0,1911.0,2.0,474.0,571.0,2021-06-01,1,0,34748.0,909.0,2895.6666666666665,9.797053067802464,2,6,2021,1.2246467991473532e-16,-1.0,19888.0,18152.0,23081.0,18370.666666666668,15734.0,19119.25
2021,7,A3321,PORTUGALETE - ZIERBENA - La Arena - MUSKIZ,33692.0,21448.0,6519.0,370.0,380.0,2596.0,5.0,656.0,623.0,2021-07-01,1,0,34748.0,909.0,2895.6666666666665,11.635317140554852,3,7,2021,-0.4999999999999997,-0.8660254037844388,28369.0,17072.0,33699.0,21776.333333333332,18285.333333333332,19559.916666666668
2021,8,A3321,PORTUGALETE - ZIERBENA - La Arena - MUSKIZ,29825.0,17367.0,7066.0,193.0,345.0,2887.0,4.0,641.0,520.0,2021-08-01,1,0,34748.0,909.0,2895.6666666666665,10.299873374007138,3,8,2021,-0.8660254037844385,-0.5000000000000004,33692.0,19888.0,26982.0,27316.333333333332,21773.166666666668,19559.333333333332
2021,9,A3321,PORTUGALETE - ZIERBENA - La Arena - MUSKIZ,22948.0,12994.0,4510.0,1097.0,815.0,1992.0,1.0,340.0,507.0,2021-09-01,1,0,34748.0,909.0,2895.6666666666665,7.9249453205939915,3,9,2021,-1.0,-1.8369701987210297e-16,29825.0,28369.0,22298.0,30628.666666666668,24499.666666666668,19796.25
2021,10,A3321,PORTUGALETE - ZIERBENA - La Arena - MUSKIZ,19970.0,10715.0,4269.0,1371.0,833.0,1381.0,7.0,279.0,490.0,2021-10-01,1,0,34748.0,909.0,2895.6666666666665,6.8965120294693225,4,10,2021,-0.8660254037844386,0.5000000000000001,22948.0,33692.0,15591.0,28821.666666666668,25299.0,19850.416666666668
2021,11,A3321,PORTUGALETE - ZIERBENA - La Arena - MUSKIZ,17779.0,9669.0,3304.0,1460.0,843.0,1151.0,2.0,226.0,448.0,2021-11-01,1,0,34748.0,909.0,2895.6666666666665,6.13986416484402,4,11,2021,-0.5000000000000004,0.8660254037844384,19970.0,29825.0,13376.0,24247.666666666668,25782.0,20215.333333333332
2021,12,A3321,PORTUGALETE - ZIERBENA - La Arena - MUSKIZ,16321.0,9380.0,3323.0,769.0,574.0,1209.0,0.0,201.0,355.0,2021-12-01,1,0,34748.0,909.0,2895.6666666666665,5.636353171405549,4,12,2021,-2.4492935982947064e-16,1.0,17779.0,22948.0,13061.0,20232.333333333332,25430.5,20582.25
2022,1,A3321,PORTUGALETE - ZIERBENA - La Arena - MUSKIZ,16530.0,9674.0,3233.0,1019.0,509.0,1025.0,0.0,219.0,370.0,2022-01-01,0,0,34819.0,909.0,2901.5833333333335,5.6968896292254225,1,1,2022,0.49999999999999994,0.8660254037844387,16321.0,19970.0,12765.0,18023.333333333332,23422.5,20853.916666666668
2022,2,A3321,PORTUGALETE - ZIERBENA - La Arena - MUSKIZ,17323.0,9981.0,3478.0,1112.0,553.0,941.0,0.0,230.0,390.0,2022-02-01,0,0,34819.0,909.0,2901.5833333333335,5.970188690083,1,2,2022,0.8660254037844386,0.5000000000000001,16530.0,17779.0,13466.0,16876.666666666668,20562.166666666668,21167.666666666668
2022,3,A3321,PORTUGALETE - ZIERBENA - La Arena - MUSKIZ,20754.0,11929.0,3999.0,1275.0,617.0,1398.0,0.0,348.0,429.0,2022-03-01,0,0,34819.0,909.0,2901.5833333333335,7.152646543553806,1,3,2022,1.0,6.123233995736766e-17,17323.0,16321.0,18152.0,16724.666666666668,18478.5,21489.083333333332
2022,4,A3321,PORTUGALETE - ZIERBENA - La Arena - MUSKIZ,18656.0,10850.0,3733.0,664.0,444.0,1580.0,0.0,379.0,388.0,2022-04-01,0,0,34819.0,909.0,2901.5833333333335,6.429593038283695,2,4,2022,0.8660254037844387,-0.4999999999999998,20754.0,16530.0,17072.0,18202.333333333332,18112.833333333332,21705.916666666668
2022,5,A3321,PORTUGALETE - ZIERBENA - La Arena - MUSKIZ,23883.0,13924.0,4904.0,828.0,797.0,1850.0,0.0,401.0,470.0,2022-05-01,0,0,34819.0,909.0,2901.5833333333335,8.231023291880868,2,5,2022,0.49999999999999994,-0.8660254037844387,18656.0,17323.0,19888.0,18911.0,17893.833333333332,21837.916666666668
2022,6,A3321,PORTUGALETE - ZIERBENA - La Arena - MUSKIZ,30004.0,18217.0,5939.0,531.0,636.0,2598.0,3.0,605.0,597.0,2022-06-01,0,0,34819.0,909.0,2901.5833333333335,10.340561187857205,2,6,2022,1.2246467991473532e-16,-1.0,23883.0,20754.0,28369.0,21097.666666666668,18911.166666666668,22170.833333333332
2022,7,A3321,PORTUGALETE - ZIERBENA - La Arena - MUSKIZ,39236.0,23283.0,8780.0,324.0,474.0,3678.0,2.0,979.0,694.0,2022-07-01,0,0,34819.0,909.0,2901.5833333333335,13.522272322582497,3,7,2022,-0.4999999999999997,-0.8660254037844388,30004.0,18656.0,33692.0,24181.0,21191.666666666668,22307.083333333332
2022,8,A3321,PORTUGALETE - ZIERBENA - La Arena - MUSKIZ,30855.0,17216.0,8100.0,205.0,249.0,2967.0,2.0,758.0,576.0,2022-08-01,0,0,34819.0,909.0,2901.5833333333335,10.633849335133116,3,8,2022,-0.8660254037844385,-0.5000000000000004,39236.0,23883.0,29825.0,31041.0,24976.0,22769.083333333332
2020,1,A3334,SANTURTZI - BALMASEDA,5408.0,2855.0,1271.0,337.0,79.0,551.0,3.0,55.0,71.0,2020-01-01,1,0,,,,,1,1,2020,0.49999999999999994,0.8660254037844387,,,,,,
2020,2,A3334,SANTURTZI - BALMASEDA,5461.0,3001.0,1229.0,231.0,90.0,590.0,0.0,45.0,74.0,2020-02-01,1,0,,,,,1,2,2020,0.8660254037844386,0.5000000000000001,5408.0,,,,,
2020,3,A3334,SANTURTZI - BALMASEDA,2690.0,1580.0,576.0,134.0,38.0,238.0,0.0,13.0,32.0,2020-03-01,1,0,,,,,1,3,2020,1.0,6.123233995736766e-17,5461.0,,,,,
2020,4,A3334,SANTURTZI - BALMASEDA,595.0,502.0,89.0,0.0,0.0,0.0,0.0,0.0,3.0,2020-04-01,1,0,,,,,2,4,2020,0.8660254037844387,-0.4999999999999998,2690.0,5408.0,,4519.666666666667,,
2020,5,A3334,SANTURTZI - BALMASEDA,1516.0,1159.0,327.0,0.0,1.0,0.0,0.0,7.0,12.0,2020-05-01,1,0,,,,,2,5,2020,0.49999999999999994,-0.8660254037844387,595.0,5461.0,,2915.3333333333335,,
2020,6,A3334,SANTURTZI - BALMASEDA,3293.0,2491.0,652.0,3.0,14.0,0.0,0.0,10.0,65.0,2020-06-01,1,0,,,,,2,6,2020,1.2246467991473532e-16,-1.0,1516.0,2690.0,,1600.3333333333333,,
2020,7,A3334,SANTURTZI - BALMASEDA,3936.0,2972.0,823.0,14.0,41.0,2.0,0.0,21.0,8.0,2020-07-01,1,0,,,,,3,7,2020,-0.4999999999999997,-0.8660254037844388,3293.0,595.0,,1801.3333333333333,3160.5,
2020,8,A3334,SANTURTZI - BALMASEDA,3138.0,2285.0,745.0,24.0,4.0,2.0,0.0,20.0,12.0,2020-08-01,1,0,,,,,3,8,2020,-0.8660254037844385,-0.5000000000000004,3936.0,1516.0,,2915.0,2915.1666666666665,
2020,9,A3334,SANTURTZI - BALMASEDA,4063.0,2842.0,888.0,147.0,37.0,0.0,0.0,19.0,29.0,2020-09-01,1,0,,,,,3,9,2020,-1.0,-1.8369701987210297e-16,3138.0,3293.0,,3455.6666666666665,2528.0,
2020,10,A3334,SANTURTZI - BALMASEDA,4011.0,2682.0,672.0,348.0,119.0,1.0,0.0,14.0,24.0,2020-10-01,1,0,,,,,4,10,2020,-0.8660254037844386,0.5000000000000001,4063.0,3936.0,,3712.3333333333335,2756.8333333333335,
2020,11,A3334,SANTURTZI - BALMASEDA,3343.0,2303.0,445.0,313.0,86.0,0.0,0.0,11.0,25.0,2020-11-01,1,0,,,,,4,11,2020,-0.5000000000000004,0.8660254037844384,4011.0,3138.0,,3737.3333333333335,3326.1666666666665,
2020,12,A3334,SANTURTZI - BALMASEDA,3538.0,2495.0,611.0,159.0,51.0,14.0,0.0,11.0,44.0,2020-12-01,1,0,,,,,4,12,2020,-2.4492935982947064e-16,1.0,3343.0,4063.0,,3805.6666666666665,3630.6666666666665,
2021,1,A3334,SANTURTZI - BALMASEDA,3563.0,2406.0,521.0,182.0,109.0,138.0,0.0,16.0,49.0,2021-01-01,1,0,13296.0,909.0,1108.0,3.2157039711191335,1,1,2021,0.49999999999999994,0.8660254037844387,3538.0,4011.0,5408.0,3630.6666666666665,3671.5,3416.0
2021,2,A3334,SANTURTZI - BALMASEDA,3422.0,2352.0,460.0,134.0,73.0,195.0,0.0,23.0,64.0,2021-02-01,1,0,13296.0,909.0,1108.0,3.088447653429603,1,2,2021,0.8660254037844386,0.5000000000000001,3563.0,3343.0,5461.0,3481.3333333333335,3609.3333333333335,3262.25
2021,3,A3334,SANTURTZI - BALMASEDA,4707.0,3037.0,771.0,179.0,88.0,254.0,0.0,36.0,123.0,2021-03-01,1,0,13296.0,909.0,1108.0,4.248194945848375,1,3,2021,1.0,6.123233995736766e-17,3422.0,3538.0,2690.0,3507.6666666666665,3656.6666666666665,3092.3333333333335
2021,4,A3334,SANTURTZI - BALMASEDA,4030.0,2577.0,683.0,164.0,57.0,262.0,0.0,37.0,105.0,2021-04-01,1,0,13296.0,909.0,1108.0,3.637184115523466,2,4,2021,0.8660254037844387,-0.4999999999999998,4707.0,3563.0,595.0,3897.3333333333335,3764.0,3260.4166666666665
2021,5,A3334,SANTURTZI - BALMASEDA,5053.0,3216.0,970.0,157.0,81.0,318.0,1.0,26.0,100.0,2021-05-01,1,0,13296.0,909.0,1108.0,4.560469314079422,2,5,2021,0.49999999999999994,-0.8660254037844387,4030.0,3422.0,1516.0,4053.0,3767.1666666666665,3546.6666666666665
2021,6,A3334,SANTURTZI - BALMASEDA,4820.0,3078.0,978.0,12.0,47.0,438.0,0.0,66.0,99.0,2021-06-01,1,0,13296.0,909.0,1108.0,4.350180505415162,2,6,2021,1.2246467991473532e-16,-1.0,5053.0,4707.0,3293.0,4596.666666666667,4052.1666666666665,3841.4166666666665
2021,7,A3334,SANTURTZI - BALMASEDA,4818.0,3184.0,930.0,6.0,53.0,435.0,1.0,60.0,68.0,2021-07-01,1,0,13296.0,909.0,1108.0,4.3483754512635375,3,7,2021,-0.4999999999999997,-0.8660254037844388,4820.0,4030.0,3936.0,4634.333333333333,4265.833333333333,3968.6666666666665
2021,8,A3334,SANTURTZI - BALMASEDA,4154.0,2570.0,802.0,4.0,20.0,523.0,0.0,91.0,73.0,2021-08-01,1,0,13296.0,909.0,1108.0,3.7490974729241877,3,8,2021,-0.8660254037844385,-0.5000000000000004,4818.0,5053.0,3138.0,4897.0,4475.0,4042.1666666666665
2021,9,A3334,SANTURTZI - BALMASEDA,5299.0,3063.0,971.0,281.0,78.0,516.0,0.0,82.0,109.0,2021-09-01,1,0,13296.0,909.0,1108.0,4.7824909747292415,3,9,2021,-1.0,-1.8369701987210297e-16,4154.0,4820.0,4063.0,4597.333333333333,4597.0,4126.833333333333
2021,10,A3334,SANTURTZI - BALMASEDA,5333.0,3052.0,946.0,318.0,102.0,515.0,2.0,61.0,89.0,2021-10-01,1,0,13296.0,909.0,1108.0,4.813176895306859,4,10,2021,-0.8660254037844386,0.5000000000000001,5299.0,4818.0,4011.0,4757.0,4695.666666666667,4229.833333333333
2021,11,A3334,SANTURTZI - BALMASEDA,5155.0,2976.0,868.0,318.0,103.0,454.0,0.0,56.0,84.0,2021-11-01,1,0,13296.0,909.0,1108.0,4.652527075812275,4,11,2021,-0.5000000000000004,0.8660254037844384,5333.0,4154.0,3343.0,4928.666666666667,4912.833333333333,4340.0
2021,12,A3334,SANTURTZI - BALMASEDA,4529.0,2654.0,854.0,121.0,62.0,505.0,1.0,56.0,84.0,2021-12-01,1,0,13296.0,909.0,1108.0,4.087545126353791,4,12,2021,-2.4492935982947064e-16,1.0,5155.0,5299.0,3538.0,5262.333333333333,4929.833333333333,4491.0
2022,1,A3334,SANTURTZI - BALMASEDA,4531.0,2756.0,688.0,216.0,89.0,440.0,0.0,70.0,75.0,2022-01-01,0,0,13302.0,909.0,1108.5,4.087505638249887,1,1,2022,0.49999999999999994,0.8660254037844387,4529.0,5333.0,3563.0,5005.666666666667,4881.333333333333,4573.583333333333
2022,2,A3334,SANTURTZI - BALMASEDA,5153.0,3004.0,823.0,282.0,119.0,506.0,4.0,89.0,73.0,2022-02-01,0,0,13302.0,909.0,1108.5,4.648624267027515,1,2,2022,0.8660254037844386,0.5000000000000001,4531.0,5155.0,3422.0,4738.333333333333,4833.5,4654.25
2022,3,A3334,SANTURTZI - BALMASEDA,6039.0,3471.0,1024.0,332.0,108.0,578.0,0.0,100.0,124.0,2022-03-01,0,0,13302.0,909.0,1108.5,5.447902571041949,1,3,2022,1.0,6.123233995736766e-17,5153.0,4529.0,4707.0,4737.666666666667,5000.0,4798.5
2022,4,A3334,SANTURTZI - BALMASEDA,4872.0,2980.0,831.0,230.0,69.0,411.0,0.0,63.0,90.0,2022-04-01,0,0,13302.0,909.0,1108.5,4.395128552097429,2,4,2022,0.8660254037844387,-0.4999999999999998,6039.0,4531.0,4030.0,5241.0,5123.333333333333,4909.5
2022,5,A3334,SANTURTZI - BALMASEDA,6050.0,3453.0,1119.0,334.0,90.0,628.0,0.0,101.0,79.0,2022-05-01,0,0,13302.0,909.0,1108.5,5.457825890843482,2,5,2022,0.49999999999999994,-0.8660254037844387,4872.0,5153.0,5053.0,5354.666666666667,5046.5,4979.666666666667
2022,6,A3334,SANTURTZI - BALMASEDA,5457.0,3229.0,1074.0,56.0,52.0,607.0,0.0,104.0,139.0,2022-06-01,0,0,13302.0,909.0,1108.5,4.922868741542625,2,6,2022,1.2246467991473532e-16,-1.0,6050.0,6039.0,4820.0,5653.666666666667,5195.666666666667,5062.75
2022,7,A3334,SANTURTZI - BALMASEDA,5119.0,3142.0,950.0,33.0,59.0,587.0,1.0,49.0,69.0,2022-07-01,0,0,13302.0,909.0,1108.5,4.617952187640956,3,7,2022,-0.4999999999999997,-0.8660254037844388,5457.0,4872.0,4818.0,5459.666666666667,5350.333333333333,5115.833333333333
2022,8,A3334,SANTURTZI - BALMASEDA,4118.0,2505.0,891.0,6.0,33.0,463.0,3.0,50.0,95.0,2022-08-01,0,0,13302.0,909.0,1108.5,3.7149300857013983,3,8,2022,-0.8660254037844385,-0.5000000000000004,5119.0,6050.0,4154.0,5542.0,5448.333333333333,5140.916666666667
2020,1,A3135,SESTAO - Cabieces,55034.0,29593.0,14351.0,1086.0,572.0,4231.0,13.0,1967.0,2246.0,2020-01-01,1,0,,,,,1,1,2020,0.49999999999999994,0.8660254037844387,,,,,,
2020,2,A3135,SESTAO - Cabieces,54477.0,28906.0,14569.0,1127.0,620.0,4008.0,2.0,2131.0,2066.0,2020-02-01,1,0,,,,,1,2,2020,0.8660254037844386,0.5000000000000001,55034.0,,,,,
2020,3,A3135,SESTAO - Cabieces,24071.0,13775.0,5788.0,491.0,294.0,1634.0,1.0,672.0,942.0,2020-03-01,1,0,,,,,1,3,2020,1.0,6.123233995736766e-17,54477.0,,,,,
2020,4,A3135,SESTAO - Cabieces,2608.0,2160.0,281.0,73.0,29.0,0.0,0.0,0.0,25.0,2020-04-01,1,0,,,,,2,4,2020,0.8660254037844387,-0.4999999999999998,24071.0,55034.0,,44527.333333333336,,
2020,5,A3135,SESTAO - Cabieces,11413.0,8033.0,2800.0,114.0,36.0,0.0,0.0,85.0,196.0,2020-05-01,1,0,,,,,2,5,2020,0.49999999999999994,-0.8660254037844387,2608.0,54477.0,,27052.0,,
2020,6,A3135,SESTAO - Cabieces,30327.0,19958.0,8144.0,190.0,154.0,0.0,0.0,575.0,807.0,2020-06-01,1,0,,,,,2,6,2020,1.2246467991473532e-16,-1.0,11413.0,24071.0,,12697.333333333334,,
2020,7,A3135,SESTAO - Cabieces,32591.0,21469.0,8627.0,241.0,325.0,0.0,0.0,707.0,775.0,2020-07-01,1,0,,,,,3,7,2020,-0.4999999999999997,-0.8660254037844388,30327.0,2608.0,,14782.666666666666,29655.0,
2020,8,A3135,SESTAO - Cabieces,28234.0,17768.0,8247.0,276.0,226.0,0.0,0.0,614.0,647.0,2020-08-01,1,0,,,,,3,8,2020,-0.8660254037844385,-0.5000000000000004,32591.0,11413.0,,24777.0,25914.5,
2020,9,A3135,SESTAO - Cabieces,35090.0,22577.0,9402.0,460.0,352.0,0.0,0.0,735.0,987.0,2020-09-01,1,0,,,,,3,9,2020,-1.0,-1.8369701987210297e-16,28234.0,30327.0,,30384.0,21540.666666666668,
2020,10,A3135,SESTAO - Cabieces,36999.0,24129.0,9280.0,684.0,536.0,0.0,0.0,680.0,1033.0,2020-10-01,1,0,,,,,4,10,2020,-0.8660254037844386,0.5000000000000001,35090.0,32591.0,,31971.666666666668,23377.166666666668,
2020,11,A3135,SESTAO - Cabieces,32049.0,20686.0,8096.0,617.0,557.0,0.0,0.0,536.0,964.0,2020-11-01,1,0,,,,,4,11,2020,-0.5000000000000004,0.8660254037844384,36999.0,28234.0,,33441.0,29109.0,
2020,12,A3135,SESTAO - Cabieces,35837.0,23325.0,8680.0,532.0,490.0,262.0,0.0,705.0,1150.0,2020-12-01,1,0,,,,,4,12,2020,-2.4492935982947064e-16,1.0,32049.0,35090.0,,34712.666666666664,32548.333333333332,
2021,1,A3135,SESTAO - Cabieces,34061.0,21604.0,7687.0,498.0,537.0,948.0,1.0,856.0,1302.0,2021-01-01,1,0,110018.0,909.0,9168.166666666666,3.71513752295079,1,1,2021,0.49999999999999994,0.8660254037844387,35837.0,36999.0,55034.0,34961.666666666664,33466.666666666664,31560.833333333332
2021,2,A3135,SESTAO - Cabieces,30894.0,18823.0,7315.0,579.0,448.0,1188.0,0.0,754.0,1179.0,2021-02-01,1,0,110018.0,909.0,9168.166666666666,3.369703139486266,1,2,2021,0.8660254037844386,0.5000000000000001,34061.0,32049.0,54477.0,33982.333333333336,33711.666666666664,29813.083333333332
2021,3,A3135,SESTAO - Cabieces,38464.0,22326.0,9949.0,589.0,559.0,1610.0,15.0,1181.0,1612.0,2021-03-01,1,0,110018.0,909.0,9168.166666666666,4.19538620952935,1,3,2021,1.0,6.123233995736766e-17,30894.0,35837.0,24071.0,33597.333333333336,34155.0,27847.833333333332
2021,4,A3135,SESTAO - Cabieces,34616.0,19999.0,8670.0,607.0,486.0,1687.0,3.0,1002.0,1572.0,2021-04-01,1,0,110018.0,909.0,9168.166666666666,3.77567307167918,2,4,2021,0.8660254037844387,-0.4999999999999998,38464.0,34061.0,2608.0,34473.0,34717.333333333336,29047.25
2021,5,A3135,SESTAO - Cabieces,41086.0,23807.0,10773.0,626.0,503.0,1871.0,1.0,1224.0,1557.0,2021-05-01,1,0,110018.0,909.0,9168.166666666666,4.481375774873203,2,5,2021,0.49999999999999994,-0.8660254037844387,34616.0,30894.0,11413.0,34658.0,34320.166666666664,31714.583333333332
2021,6,A3135,SESTAO - Cabieces,41101.0,23938.0,10611.0,428.0,421.0,2107.0,10.0,1436.0,1421.0,2021-06-01,1,0,110018.0,909.0,9168.166666666666,4.483011870784781,2,6,2021,1.2246467991473532e-16,-1.0,41086.0,38464.0,30327.0,38055.333333333336,35826.333333333336,34187.333333333336
2021,7,A3135,SESTAO - Cabieces,37698.0,21742.0,9972.0,265.0,368.0,2278.0,8.0,1421.0,1060.0,2021-07-01,1,0,110018.0,909.0,9168.166666666666,4.111836244978095,3,7,2021,-0.4999999999999997,-0.8660254037844388,41101.0,34616.0,32591.0,38934.333333333336,36703.666666666664,35085.166666666664
2021,8,A3135,SESTAO - Cabieces,32416.0,18052.0,8934.0,219.0,249.0,2453.0,3.0,1160.0,922.0,2021-08-01,1,0,110018.0,909.0,9168.166666666666,3.535712337981058,3,8,2021,-0.8660254037844385,-0.5000000000000004,37698.0,41086.0,28234.0,39961.666666666664,37309.833333333336,35510.75
2021,9,A3135,SESTAO - Cabieces,42354.0,23866.0,10980.0,570.0,524.0,2828.0,10.0,1368.0,1558.0,2021-09-01,1,0,110018.0,909.0,9168.166666666666,4.6196804159319385,3,9,2021,-1.0,-1.8369701987210297e-16,32416.0,41101.0,35090.0,37071.666666666664,37563.5,35859.25
2021,10,A3135,SESTAO - Cabieces,44124.0,24039.0,12146.0,707.0,642.0,2806.0,7.0,1278.0,1802.0,2021-10-01,1,0,110018.0,909.0,9168.166666666666,4.812739733498155,4,10,2021,-0.8660254037844386,0.5000000000000001,42354.0,37698.0,36999.0,37489.333333333336,38211.833333333336,36464.583333333336
2021,11,A3135,SESTAO - Cabieces,43714.0,24734.0,11319.0,613.0,749.0,2604.0,14.0,1179.0,1741.0,2021-11-01,1,0,110018.0,909.0,9168.166666666666,4.768019778581687,4,11,2021,-0.5000000000000004,0.8660254037844384,44124.0,32416.0,32049.0,39631.333333333336,39796.5,37058.333333333336
2021,12,A3135,SESTAO - Cabieces,44050.0,24914.0,11384.0,509.0,645.0,3068.0,11.0,1194.0,1616.0,2021-12-01,1,0,110018.0,909.0,9168.166666666666,4.804668327001036,4,12,2021,-2.4492935982947064e-16,1.0,43714.0,42354.0,35837.0,43397.333333333336,40234.5,38030.416666666664
2022,1,A3135,SESTAO - Cabieces,39457.0,22169.0,10442.0,560.0,549.0,2612.0,16.0,1091.0,1443.0,2022-01-01,0,0,110026.0,909.0,9168.833333333334,4.303382836784032,1,1,2022,0.49999999999999994,0.8660254037844387,44050.0,44124.0,34061.0,43962.666666666664,40726.0,38714.833333333336
2022,2,A3135,SESTAO - Cabieces,40629.0,22251.0,11175.0,681.0,496.0,2637.0,6.0,1212.0,1547.0,2022-02-01,0,0,110026.0,909.0,9168.833333333334,4.431207169214549,1,2,2022,0.8660254037844386,0.5000000000000001,39457.0,43714.0,30894.0,42407.0,41019.166666666664,39164.5
2022,3,A3135,SESTAO - Cabieces,46944.0,25804.0,12816.0,900.0,630.0,2804.0,8.0,1413.0,1765.0,2022-03-01,0,0,110026.0,909.0,9168.833333333334,5.119953465544508,1,3,2022,1.0,6.123233995736766e-17,40629.0,44050.0,38464.0,41378.666666666664,42388.0,39975.75
2022,4,A3135,SESTAO - Cabieces,40569.0,21943.0,10953.0,693.0,616.0,2747.0,7.0,1454.0,1473.0,2022-04-01,0,0,110026.0,909.0,9168.833333333334,4.424663261410939,2,4,2022,0.8660254037844387,-0.4999999999999998,46944.0,39457.0,34616.0,42343.333333333336,43153.0,40682.416666666664
2022,5,A3135,SESTAO - Cabieces,47863.0,25645.0,13724.0,754.0,723.0,2969.0,3.0,1557.0,1746.0,2022-05-01,0,0,110026.0,909.0,9168.833333333334,5.2201843200698015,2,5,2022,0.49999999999999994,-0.8660254037844387,40569.0,40629.0,41086.0,42714.0,42560.5,41178.5
2022,6,A3135,SESTAO - Cabieces,48652.0,26932.0,13287.0,404.0,554.0,3218.0,11.0,1774.0,1654.0,2022-06-01,0,0,110026.0,909.0,9168.833333333334,5.306236707687273,2,6,2022,1.2246467991473532e-16,-1.0,47863.0,46944.0,41101.0,45125.333333333336,43252.0,41743.25
2022,7,A3135,SESTAO - Cabieces,39601.0,21895.0,10982.0,257.0,395.0,2758.0,1.0,1570.0,1180.0,2022-07-01,0,0,110026.0,909.0,9168.833333333334,4.319088215512696,3,7,2022,-0.4999999999999997,-0.8660254037844388,48652.0,40569.0,37698.0,45694.666666666664,44019.0,42372.5
2022,8,A3135,SESTAO - Cabieces,35794.0,19209.0,10233.0,247.0,272.0,2830.0,11.0,1388.0,1167.0,2022-08-01,0,0,110026.0,909.0,9168.833333333334,3.9038772653736387,3,8,2022,-0.8660254037844385,-0.5000000000000004,39601.0,47863.0,32416.0,45372.0,44043.0,42531.083333333336
2020,1,A3331,SESTAO - VALLE DE TRAPAGA TRAPAGARAN,6055.0,3154.0,2001.0,83.0,103.0,399.0,0.0,86.0,129.0,2020-01-01,1,0,,,,,1,1,2020,0.49999999999999994,0.8660254037844387,,,,,,
2020,2,A3331,SESTAO - VALLE DE TRAPAGA TRAPAGARAN,5733.0,3101.0,1903.0,96.0,96.0,296.0,0.0,63.0,91.0,2020-02-01,1,0,,,,,1,2,2020,0.8660254037844386,0.5000000000000001,6055.0,,,,,
2020,3,A3331,SESTAO - VALLE DE TRAPAGA TRAPAGARAN,3146.0,1802.0,846.0,49.0,53.0,172.0,4.0,58.0,102.0,2020-03-01,1,0,,,,,1,3,2020,1.0,6.123233995736766e-17,5733.0,,,,,
2020,4,A3331,SESTAO - VALLE DE TRAPAGA TRAPAGARAN,1237.0,1025.0,188.0,18.0,1.0,0.0,0.0,0.0,4.0,2020-04-01,1,0,,,,,2,4,2020,0.8660254037844387,-0.4999999999999998,3146.0,6055.0,,4978.0,,
2020,5,A3331,SESTAO - VALLE DE TRAPAGA TRAPAGARAN,2376.0,1738.0,544.0,40.0,4.0,0.0,0.0,3.0,23.0,2020-05-01,1,0,,,,,2,5,2020,0.49999999999999994,-0.8660254037844387,1237.0,5733.0,,3372.0,,
2020,6,A3331,SESTAO - VALLE DE TRAPAGA TRAPAGARAN,3769.0,2341.0,1259.0,64.0,18.0,0.0,0.0,25.0,24.0,2020-06-01,1,0,,,,,2,6,2020,1.2246467991473532e-16,-1.0,2376.0,3146.0,,2253.0,,
2020,7,A3331,SESTAO - VALLE DE TRAPAGA TRAPAGARAN,4815.0,3007.0,1406.0,64.0,32.0,0.0,0.0,116.0,116.0,2020-07-01,1,0,,,,,3,7,2020,-0.4999999999999997,-0.8660254037844388,3769.0,1237.0,,2460.6666666666665,3719.3333333333335,
2020,8,A3331,SESTAO - VALLE DE TRAPAGA TRAPAGARAN,3834.0,2337.0,1282.0,58.0,21.0,0.0,0.0,45.0,36.0,2020-08-01,1,0,,,,,3,8,2020,-0.8660254037844385,-0.5000000000000004,4815.0,2376.0,,3653.3333333333335,3512.6666666666665,
2020,9,A3331,SESTAO - VALLE DE TRAPAGA TRAPAGARAN,5048.0,3056.0,1613.0,88.0,39.0,0.0,0.0,84.0,40.0,2020-09-01,1,0,,,,,3,9,2020,-1.0,-1.8369701987210297e-16,3834.0,3769.0,,4139.333333333333,3196.1666666666665,
2020,10,A3331,SESTAO - VALLE DE TRAPAGA TRAPAGARAN,4988.0,3036.0,1540.0,87.0,43.0,0.0,0.0,30.0,32.0,2020-10-01,1,0,,,,,4,10,2020,-0.8660254037844386,0.5000000000000001,5048.0,4815.0,,4565.666666666667,3513.1666666666665,
2020,11,A3331,SESTAO - VALLE DE TRAPAGA TRAPAGARAN,4451.0,2766.0,1277.0,66.0,40.0,0.0,0.0,55.0,31.0,2020-11-01,1,0,,,,,4,11,2020,-0.5000000000000004,0.8660254037844384,4988.0,3834.0,,4623.333333333333,4138.333333333333,
2020,12,A3331,SESTAO - VALLE DE TRAPAGA TRAPAGARAN,4645.0,2761.0,1388.0,77.0,39.0,32.0,0.0,90.0,74.0,2020-12-01,1,0,,,,,4,12,2020,-2.4492935982947064e-16,1.0,4451.0,5048.0,,4829.0,4484.166666666667,
2021,1,A3331,SESTAO - VALLE DE TRAPAGA TRAPAGARAN,4428.0,2817.0,1096.0,32.0,52.0,97.0,0.0,59.0,56.0,2021-01-01,1,0,26986.0,909.0,2248.8333333333335,1.9690209738382864,1,1,2021,0.49999999999999994,0.8660254037844387,4645.0,4988.0,6055.0,4694.666666666667,4630.166666666667,4174.75
2021,2,A3331,SESTAO - VALLE DE TRAPAGA TRAPAGARAN,4800.0,2926.0,1211.0,24.0,76.0,134.0,0.0,115.0,106.0,2021-02-01,1,0,26986.0,909.0,2248.8333333333335,2.134440080041503,1,2,2021,0.8660254037844386,0.5000000000000001,4428.0,4451.0,5733.0,4508.0,4565.666666666667,4039.1666666666665
2021,3,A3331,SESTAO - VALLE DE TRAPAGA TRAPAGARAN,5599.0,3242.0,1592.0,36.0,65.0,195.0,0.0,129.0,65.0,2021-03-01,1,0,26986.0,909.0,2248.8333333333335,2.489735418365078,1,3,2021,1.0,6.123233995736766e-17,4800.0,4645.0,3146.0,4624.333333333333,4726.666666666667,3961.4166666666665
2021,4,A3331,SESTAO - VALLE DE TRAPAGA TRAPAGARAN,4665.0,2605.0,1358.0,68.0,35.0,168.0,0.0,113.0,99.0,2021-04-01,1,0,26986.0,909.0,2248.8333333333335,2.0744089527903355,2,4,2021,0.8660254037844387,-0.4999999999999998,5599.0,4428.0,1237.0,4942.333333333333,4818.5,4165.833333333333
2021,5,A3331,SESTAO - VALLE DE TRAPAGA TRAPAGARAN,5382.0,3058.0,1610.0,42.0,49.0,190.0,0.0,109.0,75.0,2021-05-01,1,0,26986.0,909.0,2248.8333333333335,2.3932409397465353,2,5,2021,0.49999999999999994,-0.8660254037844387,4665.0,4800.0,2376.0,5021.333333333333,4764.666666666667,4451.5
2021,6,A3331,SESTAO - VALLE DE TRAPAGA TRAPAGARAN,5228.0,2959.0,1635.0,41.0,28.0,264.0,0.0,101.0,63.0,2021-06-01,1,0,26986.0,909.0,2248.8333333333335,2.324760987178537,2,6,2021,1.2246467991473532e-16,-1.0,5382.0,5599.0,3769.0,5215.333333333333,4919.833333333333,4702.0
2021,7,A3331,SESTAO - VALLE DE TRAPAGA TRAPAGARAN,4858.0,2753.0,1547.0,26.0,10.0,198.0,3.0,127.0,99.0,2021-07-01,1,0,26986.0,909.0,2248.8333333333335,2.160231231008671,3,7,2021,-0.4999999999999997,-0.8660254037844388,5228.0,4665.0,4815.0,5091.666666666667,5017.0,4823.583333333333
2021,8,A3331,SESTAO - VALLE DE TRAPAGA TRAPAGARAN,3866.0,2119.0,1329.0,13.0,10.0,184.0,0.0,69.0,75.0,2021-08-01,1,0,26986.0,909.0,2248.8333333333335,1.7191136144667605,3,8,2021,-0.8660254037844385,-0.5000000000000004,4858.0,5382.0,3834.0,5156.0,5088.666666666667,4827.166666666667
2021,9,A3331,SESTAO - VALLE DE TRAPAGA TRAPAGARAN,5097.0,2642.0,1639.0,70.0,13.0,226.0,0.0,140.0,178.0,2021-09-01,1,0,26986.0,909.0,2248.8333333333335,2.2665085599940706,3,9,2021,-1.0,-1.8369701987210297e-16,3866.0,5228.0,5048.0,4650.666666666667,4933.0,4829.833333333333
2021,10,A3331,SESTAO - VALLE DE TRAPAGA TRAPAGARAN,5537.0,3127.0,1734.0,101.0,36.0,211.0,0.0,55.0,65.0,2021-10-01,1,0,26986.0,909.0,2248.8333333333335,2.4621655673312084,4,10,2021,-0.8660254037844386,0.5000000000000001,5097.0,4858.0,4988.0,4607.0,4849.333333333333,4833.916666666667
2021,11,A3331,SESTAO - VALLE DE TRAPAGA TRAPAGARAN,5454.0,3024.0,1579.0,102.0,36.0,232.0,0.0,112.0,131.0,2021-11-01,1,0,26986.0,909.0,2248.8333333333335,2.4252575409471575,4,11,2021,-0.5000000000000004,0.8660254037844384,5537.0,3866.0,4451.0,4833.333333333333,4994.666666666667,4879.666666666667
2021,12,A3331,SESTAO - VALLE DE TRAPAGA TRAPAGARAN,5226.0,2910.0,1612.0,60.0,33.0,270.0,0.0,76.0,93.0,2021-12-01,1,0,26986.0,909.0,2248.8333333333335,2.3238716371451864,4,12,2021,-2.4492935982947064e-16,1.0,5454.0,5097.0,4645.0,5362.666666666667,5006.666666666667,4963.25
2022,1,A3331,SESTAO - VALLE DE TRAPAGA TRAPAGARAN,4839.0,2719.0,1452.0,79.0,66.0,210.0,0.0,100.0,119.0,2022-01-01,0,0,26982.0,909.0,2248.5,2.152101400933956,1,1,2022,0.49999999999999994,0.8660254037844387,5226.0,5537.0,4428.0,5405.666666666667,5006.333333333333,5011.666666666667
2022,2,A3331,SESTAO - VALLE DE TRAPAGA TRAPAGARAN,5081.0,2734.0,1634.0,91.0,66.0,227.0,0.0,61.0,152.0,2022-02-01,0,0,26982.0,909.0,2248.5,2.259728708027574,1,2,2022,0.8660254037844386,0.5000000000000001,4839.0,5454.0,4800.0,5173.0,5003.166666666667,5045.916666666667
2022,3,A3331,SESTAO - VALLE DE TRAPAGA TRAPAGARAN,5426.0,2927.0,1805.0,96.0,125.0,253.0,0.0,60.0,75.0,2022-03-01,0,0,26982.0,909.0,2248.5,2.41316433177674,1,3,2022,1.0,6.123233995736766e-17,5081.0,5226.0,5599.0,5048.666666666667,5205.666666666667,5069.333333333333
2022,4,A3331,SESTAO - VALLE DE TRAPAGA TRAPAGARAN,4810.0,2617.0,1533.0,102.0,133.0,227.0,0.0,48.0,95.0,2022-04-01,0,0,26982.0,909.0,2248.5,2.139203913720258,2,4,2022,0.8660254037844387,-0.4999999999999998,5426.0,4839.0,4665.0,5115.333333333333,5260.5,5054.916666666667
2022,5,A3331,SESTAO - VALLE DE TRAPAGA TRAPAGARAN,5692.0,3196.0,1803.0,141.0,130.0,261.0,1.0,20.0,70.0,2022-05-01,0,0,26982.0,909.0,2248.5,2.5314654213920393,2,5,2022,0.49999999999999994,-0.8660254037844387,4810.0,5081.0,5382.0,5105.666666666667,5139.333333333333,5067.0
2022,6,A3331,SESTAO - VALLE DE TRAPAGA TRAPAGARAN,5910.0,3411.0,1803.0,65.0,127.0,279.0,0.0,55.0,85.0,2022-06-01,0,0,26982.0,909.0,2248.5,2.628418945963976,2,6,2022,1.2246467991473532e-16,-1.0,5692.0,5426.0,5228.0,5309.333333333333,5179.0,5092.833333333333
2022,7,A3331,SESTAO - VALLE DE TRAPAGA TRAPAGARAN,5049.0,2892.0,1583.0,28.0,108.0,251.0,0.0,62.0,93.0,2022-07-01,0,0,26982.0,909.0,2248.5,2.2454969979986656,3,7,2022,-0.4999999999999997,-0.8660254037844388,5910.0,4810.0,4858.0,5470.666666666667,5293.0,5149.666666666667
2022,8,A3331,SESTAO - VALLE DE TRAPAGA TRAPAGARAN,4437.0,2363.0,1574.0,20.0,93.0,228.0,3.0,59.0,58.0,2022-08-01,0,0,26982.0,909.0,2248.5,1.9733155436957972,3,8,2022,-0.8660254037844385,-0.5000000000000004,5049.0,5692.0,3866.0,5550.333333333333,5328.0,5165.583333333333
2020,1,A3531,SOPELANA - MUNGIA - GATIKA,11815.0,6618.0,2571.0,312.0,471.0,1091.0,0.0,178.0,94.0,2020-01-01,1,0,,,,,1,1,2020,0.49999999999999994,0.8660254037844387,,,,,,
2020,2,A3531,SOPELANA - MUNGIA - GATIKA,12007.0,6867.0,2649.0,264.0,455.0,1031.0,0.0,179.0,117.0,2020-02-01,1,0,,,,,1,2,2020,0.8660254037844386,0.5000000000000001,11815.0,,,,,
2020,3,A3531,SOPELANA - MUNGIA - GATIKA,6129.0,3848.0,1144.0,105.0,248.0,431.0,0.0,62.0,53.0,2020-03-01,1,0,,,,,1,3,2020,1.0,6.123233995736766e-17,12007.0,,,,,
2020,4,A3531,SOPELANA - MUNGIA - GATIKA,2130.0,1718.0,267.0,2.0,2.0,,,2.0,37.0,2020-04-01,1,0,,,,,2,4,2020,0.8660254037844387,-0.4999999999999998,6129.0,11815.0,,9983.666666666666,,
2020,5,A3531,SOPELANA - MUNGIA - GATIKA,4814.0,3619.0,871.0,16.0,28.0,0.0,0.0,31.0,18.0,2020-05-01,1,0,,,,,2,5,2020,0.49999999999999994,-0.8660254037844387,2130.0,12007.0,,6755.333333333333,,
2020,6,A3531,SOPELANA - MUNGIA - GATIKA,8663.0,6298.0,1558.0,36.0,69.0,0.0,0.0,72.0,103.0,2020-06-01,1,0,,,,,2,6,2020,1.2246467991473532e-16,-1.0,4814.0,6129.0,,4357.666666666667,,
2020,7,A3531,SOPELANA - MUNGIA - GATIKA,10512.0,7870.0,1566.0,114.0,205.0,0.0,0.0,90.0,136.0,2020-07-01,1,0,,,,,3,7,2020,-0.4999999999999997,-0.8660254037844388,8663.0,2130.0,,5202.333333333333,7593.0,
2020,8,A3531,SOPELANA - MUNGIA - GATIKA,8268.0,6196.0,1238.0,102.0,102.0,0.0,0.0,100.0,146.0,2020-08-01,1,0,,,,,3,8,2020,-0.8660254037844385,-0.5000000000000004,10512.0,4814.0,,7996.333333333333,7375.833333333333,
2020,9,A3531,SOPELANA - MUNGIA - GATIKA,10233.0,7466.0,1612.0,192.0,265.0,,,110.0,87.0,2020-09-01,1,0,,,,,3,9,2020,-1.0,-1.8369701987210297e-16,8268.0,8663.0,,9147.666666666666,6752.666666666667,
2020,10,A3531,SOPELANA - MUNGIA - GATIKA,10525.0,7263.0,1838.0,370.0,388.0,,,86.0,81.0,2020-10-01,1,0,,,,,4,10,2020,-0.8660254037844386,0.5000000000000001,10233.0,10512.0,,9671.0,7436.666666666667,
2020,11,A3531,SOPELANA - MUNGIA - GATIKA,8328.0,5960.0,1249.0,222.0,294.0,,,71.0,92.0,2020-11-01,1,0,,,,,4,11,2020,-0.5000000000000004,0.8660254037844384,10525.0,8268.0,,9675.333333333334,8835.833333333334,
2020,12,A3531,SOPELANA - MUNGIA - GATIKA,7844.0,5503.0,1280.0,176.0,291.0,35.0,0.0,64.0,100.0,2020-12-01,1,0,,,,,4,12,2020,-2.4492935982947064e-16,1.0,8328.0,10233.0,,9695.333333333334,9421.5,
2021,1,A3531,SOPELANA - MUNGIA - GATIKA,7805.0,5448.0,1194.0,148.0,288.0,153.0,0.0,52.0,99.0,2021-01-01,1,0,,,,,1,1,2021,0.49999999999999994,0.8660254037844387,7844.0,10525.0,11815.0,8899.0,9285.0,8439.0
2021,2,A3531,SOPELANA - MUNGIA - GATIKA,8643.0,5941.0,1266.0,190.0,351.0,260.0,0.0,90.0,65.0,2021-02-01,1,0,,,,,1,2,2021,0.8660254037844386,0.5000000000000001,7805.0,8328.0,12007.0,7992.333333333333,8833.833333333334,8104.833333333333
2021,3,A3531,SOPELANA - MUNGIA - GATIKA,9773.0,6268.0,1766.0,225.0,366.0,392.0,0.0,113.0,122.0,2021-03-01,1,0,,,,,1,3,2021,1.0,6.123233995736766e-17,8643.0,7844.0,6129.0,8097.333333333333,8896.333333333334,7824.5
2021,4,A3531,SOPELANA - MUNGIA - GATIKA,10253.0,6297.0,2174.0,184.0,365.0,417.0,1.0,119.0,140.0,2021-04-01,1,0,,,,,2,4,2021,0.8660254037844387,-0.4999999999999998,9773.0,7805.0,2130.0,8740.333333333334,8819.666666666666,8128.166666666667
2021,5,A3531,SOPELANA - MUNGIA - GATIKA,11350.0,6929.0,2484.0,198.0,518.0,525.0,0.0,99.0,120.0,2021-05-01,1,0,,,,,2,5,2021,0.49999999999999994,-0.8660254037844387,10253.0,8643.0,4814.0,9556.333333333334,8774.333333333334,8805.083333333334
2021,6,A3531,SOPELANA - MUNGIA - GATIKA,12259.0,7760.0,2356.0,158.0,449.0,670.0,0.0,148.0,115.0,2021-06-01,1,0,,,,,2,6,2021,1.2246467991473532e-16,-1.0,11350.0,9773.0,8663.0,10458.666666666666,9278.0,9349.75
2021,7,A3531,SOPELANA - MUNGIA - GATIKA,11909.0,7759.0,2017.0,102.0,369.0,749.0,1.0,256.0,120.0,2021-07-01,1,0,,,,,3,7,2021,-0.4999999999999997,-0.8660254037844388,12259.0,10253.0,10512.0,11287.333333333334,10013.833333333334,9649.416666666666
2021,8,A3531,SOPELANA - MUNGIA - GATIKA,10771.0,7004.0,1772.0,84.0,319.0,744.0,,208.0,134.0,2021-08-01,1,0,,,,,3,8,2021,-0.8660254037844385,-0.5000000000000004,11909.0,11350.0,8268.0,11839.333333333334,10697.833333333334,9765.833333333334
2021,9,A3531,SOPELANA - MUNGIA - GATIKA,11713.0,7488.0,1960.0,128.0,501.0,792.0,,175.0,79.0,2021-09-01,1,0,,,,,3,9,2021,-1.0,-1.8369701987210297e-16,10771.0,12259.0,10233.0,11646.333333333334,11052.5,9974.416666666666
2021,10,A3531,SOPELANA - MUNGIA - GATIKA,11226.0,6772.0,2075.0,264.0,602.0,702.0,,214.0,81.0,2021-10-01,1,0,,,,,4,10,2021,-0.8660254037844386,0.5000000000000001,11713.0,11909.0,10525.0,11464.333333333334,11375.833333333334,10097.75
2021,11,A3531,SOPELANA - MUNGIA - GATIKA,11817.0,6855.0,2280.0,350.0,731.0,770.0,0.0,170.0,72.0,2021-11-01,1,0,,,,,4,11,2021,-0.5000000000000004,0.8660254037844384,11226.0,10771.0,8328.0,11236.666666666666,11538.0,10156.166666666666
2021,12,A3531,SOPELANA - MUNGIA - GATIKA,11006.0,6455.0,2194.0,252.0,571.0,714.0,,236.0,49.0,2021-12-01,1,0,,,,,4,12,2021,-2.4492935982947064e-16,1.0,11817.0,11713.0,7844.0,11585.333333333334,11615.833333333334,10446.916666666666
2022,1,A3531,SOPELANA - MUNGIA - GATIKA,11338.0,6944.0,1980.0,245.0,560.0,784.0,1.0,180.0,67.0,2022-01-01,0,0,,,,,1,1,2022,0.49999999999999994,0.8660254037844387,11006.0,11226.0,7805.0,11349.666666666666,11407.0,10710.416666666666
2022,2,A3531,SOPELANA - MUNGIA - GATIKA,11410.0,6769.0,2142.0,319.0,691.0,599.0,,200.0,51.0,2022-02-01,0,0,,,,,1,2,2022,0.8660254037844386,0.5000000000000001,11338.0,11817.0,8643.0,11387.0,11311.833333333334,11004.833333333334
2022,3,A3531,SOPELANA - MUNGIA - GATIKA,13687.0,7965.0,2717.0,440.0,888.0,787.0,0.0,186.0,66.0,2022-03-01,0,0,,,,,1,3,2022,1.0,6.123233995736766e-17,11410.0,11006.0,9773.0,11251.333333333334,11418.333333333334,11235.416666666666
2022,4,A3531,SOPELANA - MUNGIA - GATIKA,11185.0,6602.0,2132.0,285.0,643.0,678.0,,206.0,92.0,2022-04-01,0,0,,,,,2,4,2022,0.8660254037844387,-0.4999999999999998,13687.0,11338.0,10253.0,12145.0,11747.333333333334,11561.583333333334
2022,5,A3531,SOPELANA - MUNGIA - GATIKA,13008.0,7670.0,2504.0,375.0,679.0,718.0,,225.0,112.0,2022-05-01,0,0,,,,,2,5,2022,0.49999999999999994,-0.8660254037844387,11185.0,11410.0,11350.0,12094.0,11740.5,11639.25
2022,6,A3531,SOPELANA - MUNGIA - GATIKA,13693.0,8317.0,2647.0,231.0,527.0,808.0,,290.0,114.0,2022-06-01,0,0,,,,,2,6,2022,1.2246467991473532e-16,-1.0,13008.0,13687.0,12259.0,12626.666666666666,11939.0,11777.416666666666
2022,7,A3531,SOPELANA - MUNGIA - GATIKA,12594.0,7747.0,2262.0,185.0,423.0,846.0,3.0,354.0,137.0,2022-07-01,0,0,,,,,3,7,2022,-0.4999999999999997,-0.8660254037844388,13693.0,11185.0,11909.0,12628.666666666666,12386.833333333334,11896.916666666666
2022,8,A3531,SOPELANA - MUNGIA - GATIKA,10924.0,6718.0,2107.0,82.0,371.0,777.0,0.0,212.0,140.0,2022-08-01,0,0,,,,,3,8,2022,-0.8660254037844385,-0.5000000000000004,12594.0,13008.0,10771.0,13098.333333333334,12596.166666666666,11954.0
2020,1,A2321,Santutxu - UPV/EHU (Autopista),10142.0,6141.0,95.0,2101.0,612.0,302.0,2.0,21.0,110.0,2020-01-01,1,0,,,,,1,1,2020,0.49999999999999994,0.8660254037844387,,,,,,
2020,2,A2321,Santutxu - UPV/EHU (Autopista),18764.0,8429.0,157.0,6549.0,1439.0,439.0,2.0,41.0,219.0,2020-02-01,1,0,,,,,1,2,2020,0.8660254037844386,0.5000000000000001,10142.0,,,,,
2020,3,A2321,Santutxu - UPV/EHU (Autopista),8300.0,3868.0,38.0,2802.0,616.0,213.0,1.0,16.0,88.0,2020-03-01,1,0,,,,,1,3,2020,1.0,6.123233995736766e-17,18764.0,,,,,
2020,4,A2321,Santutxu - UPV/EHU (Autopista),0.0,,,,,0.0,0.0,0.0,0.0,2020-04-01,1,0,,,,,2,4,2020,0.8660254037844387,-0.4999999999999998,8300.0,10142.0,,12402.0,,
2020,5,A2321,Santutxu - UPV/EHU (Autopista),0.0,,,,,0.0,0.0,0.0,0.0,2020-05-01,1,0,,,,,2,5,2020,0.49999999999999994,-0.8660254037844387,0.0,18764.0,,9021.333333333334,,
2020,6,A2321,Santutxu - UPV/EHU (Autopista),0.0,,,,,0.0,0.0,0.0,0.0,2020-06-01,1,0,,,,,2,6,2020,1.2246467991473532e-16,-1.0,0.0,8300.0,,2766.6666666666665,,
2020,7,A2321,Santutxu - UPV/EHU (Autopista),0.0,,,,,0.0,0.0,0.0,0.0,2020-07-01,1,0,,,,,3,7,2020,-0.4999999999999997,-0.8660254037844388,0.0,0.0,,0.0,6201.0,
2020,8,A2321,Santutxu - UPV/EHU (Autopista),0.0,,,,,0.0,0.0,0.0,0.0,2020-08-01,1,0,,,,,3,8,2020,-0.8660254037844385,-0.5000000000000004,0.0,0.0,,0.0,4510.666666666667,
2020,9,A2321,Santutxu - UPV/EHU (Autopista),11244.0,7348.0,19.0,2408.0,585.0,0.0,0.0,3.0,108.0,2020-09-01,1,0,,,,,3,9,2020,-1.0,-1.8369701987210297e-16,0.0,0.0,,0.0,1383.3333333333333,
2020,10,A2321,Santutxu - UPV/EHU (Autopista),15332.0,9216.0,11.0,3932.0,935.0,0.0,0.0,1.0,165.0,2020-10-01,1,0,,,,,4,10,2020,-0.8660254037844386,0.5000000000000001,11244.0,0.0,,3748.0,1874.0,
2020,11,A2321,Santutxu - UPV/EHU (Autopista),14957.0,9127.0,22.0,3786.0,745.0,0.0,0.0,1.0,172.0,2020-11-01,1,0,,,,,4,11,2020,-0.5000000000000004,0.8660254037844384,15332.0,0.0,,8858.666666666666,4429.333333333333,
2020,12,A2321,Santutxu - UPV/EHU (Autopista),8325.0,5824.0,28.0,1542.0,292.0,0.0,0.0,2.0,78.0,2020-12-01,1,0,,,,,4,12,2020,-2.4492935982947064e-16,1.0,14957.0,11244.0,,13844.333333333334,6922.166666666667,
2021,1,A2321,Santutxu - UPV/EHU (Autopista),8019.0,5828.0,28.0,1275.0,200.0,57.0,0.0,3.0,112.0,2021-01-01,1,0,16850.0,887.0,1404.1666666666667,5.710860534124628,1,1,2021,0.49999999999999994,0.8660254037844387,8325.0,15332.0,10142.0,12871.333333333334,8309.666666666666,7255.333333333333
2021,2,A2321,Santutxu - UPV/EHU (Autopista),13472.0,8679.0,51.0,3010.0,474.0,106.0,0.0,2.0,189.0,2021-02-01,1,0,16850.0,887.0,1404.1666666666667,9.594302670623145,1,2,2021,0.8660254037844386,0.5000000000000001,8019.0,14957.0,18764.0,10433.666666666666,9646.166666666666,7078.416666666667
2021,3,A2321,Santutxu - UPV/EHU (Autopista),13273.0,8710.0,46.0,2769.0,368.0,137.0,0.0,2.0,174.0,2021-03-01,1,0,16850.0,887.0,1404.1666666666667,9.452581602373886,1,3,2021,1.0,6.123233995736766e-17,13472.0,8325.0,8300.0,9938.666666666666,11891.5,6637.416666666667
2021,4,A2321,Santutxu - UPV/EHU (Autopista),8970.0,5918.0,35.0,1835.0,238.0,100.0,0.0,1.0,108.0,2021-04-01,1,0,16850.0,887.0,1404.1666666666667,6.388130563798219,2,4,2021,0.8660254037844387,-0.4999999999999998,13273.0,8019.0,0.0,11588.0,12229.666666666666,7051.833333333333
2021,5,A2321,Santutxu - UPV/EHU (Autopista),10307.0,7505.0,59.0,1488.0,240.0,133.0,0.0,3.0,93.0,2021-05-01,1,0,16850.0,887.0,1404.1666666666667,7.340296735905044,2,5,2021,0.49999999999999994,-0.8660254037844387,8970.0,13472.0,0.0,11905.0,11169.333333333334,7799.333333333333
2021,6,A2321,Santutxu - UPV/EHU (Autopista),5005.0,4049.0,39.0,450.0,38.0,92.0,0.0,0.0,34.0,2021-06-01,1,0,16850.0,887.0,1404.1666666666667,3.5643916913946585,2,6,2021,1.2246467991473532e-16,-1.0,10307.0,13273.0,0.0,10850.0,10394.333333333334,8658.25
2021,7,A2321,Santutxu - UPV/EHU (Autopista),937.0,765.0,11.0,61.0,1.0,23.0,0.0,0.0,9.0,2021-07-01,1,0,16850.0,887.0,1404.1666666666667,0.6672997032640949,3,7,2021,-0.4999999999999997,-0.8660254037844388,5005.0,8970.0,0.0,8094.0,9841.0,9075.333333333334
2021,8,A2321,Santutxu - UPV/EHU (Autopista),0.0,,,,,0.0,0.0,0.0,0.0,2021-08-01,1,0,16850.0,887.0,1404.1666666666667,0.0,3,8,2021,-0.8660254037844385,-0.5000000000000004,937.0,10307.0,0.0,5416.333333333333,8660.666666666666,9153.416666666666
2021,9,A2321,Santutxu - UPV/EHU (Autopista),13724.0,9449.0,28.0,2307.0,376.0,285.0,0.0,5.0,114.0,2021-09-01,1,0,16850.0,887.0,1404.1666666666667,9.773768545994065,3,9,2021,-1.0,-1.8369701987210297e-16,0.0,5005.0,11244.0,1980.6666666666667,6415.333333333333,9153.416666666666
2021,10,A2321,Santutxu - UPV/EHU (Autopista),19435.0,11759.0,33.0,4663.0,728.0,289.0,0.0,0.0,210.0,2021-10-01,1,0,16850.0,887.0,1404.1666666666667,13.840949554896142,4,10,2021,-0.8660254037844386,0.5000000000000001,13724.0,937.0,15332.0,4887.0,6490.5,9360.083333333334
2021,11,A2321,Santutxu - UPV/EHU (Autopista),21985.0,12780.0,60.0,5715.0,882.0,310.0,1.0,11.0,239.0,2021-11-01,1,0,16850.0,887.0,1404.1666666666667,15.656973293768544,4,11,2021,-0.5000000000000004,0.8660254037844384,19435.0,0.0,14957.0,11053.0,8234.666666666666,9702.0
2021,12,A2321,Santutxu - UPV/EHU (Autopista),11859.0,7666.0,28.0,2368.0,403.0,215.0,0.0,4.0,134.0,2021-12-01,1,0,16850.0,887.0,1404.1666666666667,8.445578635014837,4,12,2021,-2.4492935982947064e-16,1.0,21985.0,13724.0,8325.0,18381.333333333332,10181.0,10287.666666666666
2022,1,A2321,Santutxu - UPV/EHU (Autopista),9703.0,6779.0,15.0,1605.0,290.0,190.0,0.0,4.0,91.0,2022-01-01,0,0,16746.0,877.0,1395.5,6.953063418129703,1,1,2022,0.49999999999999994,0.8660254037844387,11859.0,19435.0,8019.0,17759.666666666668,11323.333333333334,10582.166666666666
2022,2,A2321,Santutxu - UPV/EHU (Autopista),18461.0,10871.0,46.0,4676.0,746.0,283.0,0.0,12.0,216.0,2022-02-01,0,0,16746.0,877.0,1395.5,13.228950197061986,1,2,2022,0.8660254037844386,0.5000000000000001,9703.0,21985.0,13472.0,14515.666666666666,12784.333333333334,10722.5
2022,3,A2321,Santutxu - UPV/EHU (Autopista),20997.0,12618.0,58.0,5168.0,837.0,277.0,1.0,7.0,208.0,2022-03-01,0,0,16746.0,877.0,1395.5,15.046219992834109,1,3,2022,1.0,6.123233995736766e-17,18461.0,11859.0,13273.0,13341.0,15861.166666666666,11138.25
2022,4,A2321,Santutxu - UPV/EHU (Autopista),12169.0,7911.0,23.0,2504.0,426.0,213.0,0.0,13.0,102.0,2022-04-01,0,0,16746.0,877.0,1395.5,8.720171981368685,2,4,2022,0.8660254037844387,-0.4999999999999998,20997.0,9703.0,8970.0,16387.0,17073.333333333332,11781.916666666666
2022,5,A2321,Santutxu - UPV/EHU (Autopista),14711.0,9969.0,49.0,2648.0,413.0,224.0,0.0,13.0,139.0,2022-05-01,0,0,16746.0,877.0,1395.5,10.541741311357937,2,5,2022,0.49999999999999994,-0.8660254037844387,12169.0,18461.0,10307.0,17209.0,15862.333333333334,12048.5
2022,6,A2321,Santutxu - UPV/EHU (Autopista),6722.0,5532.0,31.0,526.0,52.0,127.0,1.0,2.0,53.0,2022-06-01,0,0,16746.0,877.0,1395.5,4.8169115012540304,2,6,2022,1.2246467991473532e-16,-1.0,14711.0,20997.0,5005.0,15959.0,14650.0,12415.5
2022,7,A2321,Santutxu - UPV/EHU (Autopista),1503.0,832.0,2.0,486.0,62.0,21.0,0.0,0.0,15.0,2022-07-01,0,0,16746.0,877.0,1395.5,1.0770333213901828,3,7,2022,-0.4999999999999997,-0.8660254037844388,6722.0,12169.0,937.0,11200.666666666666,13793.833333333334,12558.583333333334
2022,8,A2321,Santutxu - UPV/EHU (Autopista),0.0,0.0,,,,0.0,0.0,0.0,0.0,2022-08-01,0,0,16746.0,877.0,1395.5,0.0,3,8,2022,-0.8660254037844385,-0.5000000000000004,1503.0,14711.0,0.0,7645.333333333333,12427.166666666666,12605.75
2020,1,A0653,TRUCIOS TURTZIOZ - ARTZENTALES,859.0,140.0,306.0,0.0,0.0,413.0,0.0,0.0,0.0,2020-01-01,1,0,,,,,1,1,2020,0.49999999999999994,0.8660254037844387,,,,,,
2020,2,A0653,TRUCIOS TURTZIOZ - ARTZENTALES,920.0,135.0,337.0,0.0,0.0,445.0,0.0,2.0,0.0,2020-02-01,1,0,,,,,1,2,2020,0.8660254037844386,0.5000000000000001,859.0,,,,,
2020,3,A0653,TRUCIOS TURTZIOZ - ARTZENTALES,367.0,70.0,112.0,0.0,0.0,185.0,0.0,0.0,0.0,2020-03-01,1,0,,,,,1,3,2020,1.0,6.123233995736766e-17,920.0,,,,,
2020,4,A0653,TRUCIOS TURTZIOZ - ARTZENTALES,0.0,0.0,0.0,0.0,0.0,0.0,0.0,0.0,0.0,2020-04-01,1,0,,,,,2,4,2020,0.8660254037844387,-0.4999999999999998,367.0,859.0,,715.3333333333334,,
2020,5,A0653,TRUCIOS TURTZIOZ - ARTZENTALES,112.0,57.0,16.0,0.0,0.0,39.0,0.0,0.0,0.0,2020-05-01,1,0,,,,,2,5,2020,0.49999999999999994,-0.8660254037844387,0.0,920.0,,429.0,,
2020,6,A0653,TRUCIOS TURTZIOZ - ARTZENTALES,281.0,122.0,52.0,,,105.0,0.0,0.0,2.0,2020-06-01,1,0,,,,,2,6,2020,1.2246467991473532e-16,-1.0,112.0,367.0,,159.66666666666666,,
2020,7,A0653,TRUCIOS TURTZIOZ - ARTZENTALES,449.0,169.0,113.0,0.0,0.0,162.0,0.0,2.0,3.0,2020-07-01,1,0,,,,,3,7,2020,-0.4999999999999997,-0.8660254037844388,281.0,0.0,,131.0,423.1666666666667,
2020,8,A0653,TRUCIOS TURTZIOZ - ARTZENTALES,415.0,150.0,97.0,0.0,0.0,162.0,0.0,4.0,1.0,2020-08-01,1,0,,,,,3,8,2020,-0.8660254037844385,-0.5000000000000004,449.0,112.0,,280.6666666666667,354.8333333333333,
2020,9,A0653,TRUCIOS TURTZIOZ - ARTZENTALES,379.0,161.0,71.0,0.0,0.0,138.0,0.0,2.0,4.0,2020-09-01,1,0,,,,,3,9,2020,-1.0,-1.8369701987210297e-16,415.0,281.0,,381.6666666666667,270.6666666666667,
2020,10,A0653,TRUCIOS TURTZIOZ - ARTZENTALES,392.0,157.0,81.0,0.0,0.0,152.0,0.0,1.0,1.0,2020-10-01,1,0,,,,,4,10,2020,-0.8660254037844386,0.5000000000000001,379.0,449.0,,414.3333333333333,272.6666666666667,
2020,11,A0653,TRUCIOS TURTZIOZ - ARTZENTALES,317.0,123.0,58.0,0.0,0.0,130.0,0.0,1.0,5.0,2020-11-01,1,0,,,,,4,11,2020,-0.5000000000000004,0.8660254037844384,392.0,415.0,,395.3333333333333,338.0,
2020,12,A0653,TRUCIOS TURTZIOZ - ARTZENTALES,396.0,172.0,65.0,0.0,0.0,145.0,0.0,6.0,6.0,2020-12-01,1,0,,,,,4,12,2020,-2.4492935982947064e-16,1.0,317.0,379.0,,362.6666666666667,372.1666666666667,
2021,1,A0653,TRUCIOS TURTZIOZ - ARTZENTALES,340.0,129.0,54.0,,3.0,147.0,0.0,7.0,0.0,2021-01-01,1,0,8736.0,624.0,728.0,0.46703296703296704,1,1,2021,0.49999999999999994,0.8660254037844387,396.0,392.0,859.0,368.3333333333333,391.3333333333333,407.25
2021,2,A0653,TRUCIOS TURTZIOZ - ARTZENTALES,314.0,84.0,55.0,0.0,12.0,159.0,0.0,3.0,1.0,2021-02-01,1,0,8736.0,624.0,728.0,0.43131868131868134,1,2,2021,0.8660254037844386,0.5000000000000001,340.0,317.0,920.0,351.0,373.1666666666667,364.0
2021,3,A0653,TRUCIOS TURTZIOZ - ARTZENTALES,779.0,183.0,226.0,0.0,0.0,367.0,0.0,2.0,0.0,2021-03-01,1,0,8736.0,624.0,728.0,1.070054945054945,1,3,2021,1.0,6.123233995736766e-17,314.0,396.0,367.0,350.0,356.3333333333333,313.5
2021,4,A0653,TRUCIOS TURTZIOZ - ARTZENTALES,688.0,138.0,216.0,0.0,0.0,331.0,0.0,2.0,1.0,2021-04-01,1,0,8736.0,624.0,728.0,0.945054945054945,2,4,2021,0.8660254037844387,-0.4999999999999998,779.0,340.0,0.0,477.6666666666667,423.0,347.8333333333333
2021,5,A0653,TRUCIOS TURTZIOZ - ARTZENTALES,908.0,140.0,327.0,0.0,0.0,437.0,0.0,1.0,1.0,2021-05-01,1,0,8736.0,624.0,728.0,1.2472527472527473,2,5,2021,0.49999999999999994,-0.8660254037844387,688.0,314.0,112.0,593.6666666666666,472.3333333333333,405.1666666666667
2021,6,A0653,TRUCIOS TURTZIOZ - ARTZENTALES,920.0,145.0,323.0,0.0,0.0,447.0,0.0,4.0,0.0,2021-06-01,1,0,8736.0,624.0,728.0,1.2637362637362637,2,6,2021,1.2246467991473532e-16,-1.0,908.0,779.0,281.0,791.6666666666666,570.8333333333334,471.5
2021,7,A0653,TRUCIOS TURTZIOZ - ARTZENTALES,1005.0,182.0,344.0,0.0,0.0,476.0,0.0,1.0,2.0,2021-07-01,1,0,8736.0,624.0,728.0,1.3804945054945055,3,7,2021,-0.4999999999999997,-0.8660254037844388,920.0,688.0,449.0,838.6666666666666,658.1666666666666,524.75
2021,8,A0653,TRUCIOS TURTZIOZ - ARTZENTALES,543.0,179.0,137.0,0.0,0.0,226.0,0.0,1.0,0.0,2021-08-01,1,0,8736.0,624.0,728.0,0.7458791208791209,3,8,2021,-0.8660254037844385,-0.5000000000000004,1005.0,908.0,415.0,944.3333333333334,769.0,571.0833333333334
2021,9,A0653,TRUCIOS TURTZIOZ - ARTZENTALES,1082.0,173.0,371.0,4.0,0.0,523.0,0.0,8.0,3.0,2021-09-01,1,0,8736.0,624.0,728.0,1.4862637362637363,3,9,2021,-1.0,-1.8369701987210297e-16,543.0,920.0,379.0,822.6666666666666,807.1666666666666,581.75
2021,10,A0653,TRUCIOS TURTZIOZ - ARTZENTALES,836.0,156.0,285.0,10.0,0.0,381.0,0.0,4.0,0.0,2021-10-01,1,0,8736.0,624.0,728.0,1.1483516483516483,4,10,2021,-0.8660254037844386,0.5000000000000001,1082.0,1005.0,392.0,876.6666666666666,857.6666666666666,640.3333333333334
2021,11,A0653,TRUCIOS TURTZIOZ - ARTZENTALES,999.0,195.0,337.0,9.0,0.0,454.0,0.0,2.0,2.0,2021-11-01,1,0,8736.0,624.0,728.0,1.3722527472527473,4,11,2021,-0.5000000000000004,0.8660254037844384,836.0,543.0,317.0,820.3333333333334,882.3333333333334,677.3333333333334
2021,12,A0653,TRUCIOS TURTZIOZ - ARTZENTALES,775.0,162.0,254.0,3.0,0.0,351.0,0.0,1.0,1.0,2021-12-01,1,0,8736.0,624.0,728.0,1.0645604395604396,4,12,2021,-2.4492935982947064e-16,1.0,999.0,1082.0,396.0,972.3333333333334,897.5,734.1666666666666
2022,1,A0653,TRUCIOS TURTZIOZ - ARTZENTALES,899.0,152.0,289.0,11.0,0.0,445.0,0.0,2.0,0.0,2022-01-01,0,0,8722.0,623.0,726.8333333333334,1.236872277000688,1,1,2022,0.49999999999999994,0.8660254037844387,775.0,836.0,340.0,870.0,873.3333333333334,765.75
2022,2,A0653,TRUCIOS TURTZIOZ - ARTZENTALES,1038.0,194.0,314.0,9.0,0.0,520.0,0.0,1.0,0.0,2022-02-01,0,0,8722.0,623.0,726.8333333333334,1.4281128181609721,1,2,2022,0.8660254037844386,0.5000000000000001,899.0,999.0,314.0,891.0,855.6666666666666,812.3333333333334
2022,3,A0653,TRUCIOS TURTZIOZ - ARTZENTALES,1089.0,165.0,395.0,8.0,0.0,517.0,0.0,3.0,0.0,2022-03-01,0,0,8722.0,623.0,726.8333333333334,1.4982802109607887,1,3,2022,1.0,6.123233995736766e-17,1038.0,775.0,779.0,904.0,938.1666666666666,872.6666666666666
2022,4,A0653,TRUCIOS TURTZIOZ - ARTZENTALES,792.0,183.0,236.0,8.0,0.0,335.0,0.0,30.0,0.0,2022-04-01,0,0,8722.0,623.0,726.8333333333334,1.08965833524421,2,4,2022,0.8660254037844387,-0.4999999999999998,1089.0,899.0,688.0,1008.6666666666666,939.3333333333334,898.5
2022,5,A0653,TRUCIOS TURTZIOZ - ARTZENTALES,1002.0,169.0,342.0,10.0,0.0,477.0,0.0,4.0,0.0,2022-05-01,0,0,8722.0,623.0,726.8333333333334,1.37858289383169,2,5,2022,0.49999999999999994,-0.8660254037844387,792.0,1038.0,908.0,973.0,932.0,907.1666666666666
2022,6,A0653,TRUCIOS TURTZIOZ - ARTZENTALES,1086.0,209.0,369.0,7.0,0.0,495.0,0.0,3.0,2.0,2022-06-01,0,0,8722.0,623.0,726.8333333333334,1.494152717266682,2,6,2022,1.2246467991473532e-16,-1.0,1002.0,1089.0,920.0,961.0,932.5,915.0
2022,7,A0653,TRUCIOS TURTZIOZ - ARTZENTALES,918.0,200.0,280.0,1.0,0.0,433.0,0.0,3.0,1.0,2022-07-01,0,0,8722.0,623.0,726.8333333333334,1.263013070396698,3,7,2022,-0.4999999999999997,-0.8660254037844388,1086.0,792.0,1005.0,960.0,984.3333333333334,928.8333333333334
2022,8,A0653,TRUCIOS TURTZIOZ - ARTZENTALES,421.0,122.0,110.0,0.0,0.0,185.0,0.0,3.0,1.0,2022-08-01,0,0,8722.0,623.0,726.8333333333334,0.5792249484063288,3,8,2022,-0.8660254037844385,-0.5000000000000004,918.0,1002.0,543.0,1002.0,987.5,921.5833333333334
2020,1,A2318,Termibus - UPV/EHU (Autopista),29993.0,20636.0,199.0,3566.0,1199.0,1811.0,3.0,36.0,176.0,2020-01-01,1,0,,,,,1,1,2020,0.49999999999999994,0.8660254037844387,,,,,,
2020,2,A2318,Termibus - UPV/EHU (Autopista),52091.0,30558.0,248.0,10900.0,3131.0,1966.0,5.0,45.0,298.0,2020-02-01,1,0,,,,,1,2,2020,0.8660254037844386,0.5000000000000001,29993.0,,,,,
2020,3,A2318,Termibus - UPV/EHU (Autopista),23017.0,13521.0,105.0,4770.0,1396.0,927.0,8.0,21.0,116.0,2020-03-01,1,0,,,,,1,3,2020,1.0,6.123233995736766e-17,52091.0,,,,,
2020,4,A2318,Termibus - UPV/EHU (Autopista),0.0,,,,,0.0,0.0,0.0,0.0,2020-04-01,1,0,,,,,2,4,2020,0.8660254037844387,-0.4999999999999998,23017.0,29993.0,,35033.666666666664,,
2020,5,A2318,Termibus - UPV/EHU (Autopista),570.0,545.0,2.0,,,0.0,0.0,8.0,5.0,2020-05-01,1,0,,,,,2,5,2020,0.49999999999999994,-0.8660254037844387,0.0,52091.0,,25036.0,,
2020,6,A2318,Termibus - UPV/EHU (Autopista),3117.0,2942.0,9.0,44.0,66.0,0.0,0.0,0.0,7.0,2020-06-01,1,0,,,,,2,6,2020,1.2246467991473532e-16,-1.0,570.0,23017.0,,7862.333333333333,,
2020,7,A2318,Termibus - UPV/EHU (Autopista),5116.0,4614.0,13.0,196.0,63.0,0.0,0.0,9.0,8.0,2020-07-01,1,0,,,,,3,7,2020,-0.4999999999999997,-0.8660254037844388,3117.0,0.0,,1229.0,18131.333333333332,
2020,8,A2318,Termibus - UPV/EHU (Autopista),1851.0,1745.0,,49.0,15.0,0.0,0.0,0.0,2.0,2020-08-01,1,0,,,,,3,8,2020,-0.8660254037844385,-0.5000000000000004,5116.0,570.0,,2934.3333333333335,13985.166666666666,
2020,9,A2318,Termibus - UPV/EHU (Autopista),32789.0,24479.0,73.0,3689.0,1226.0,0.0,0.0,25.0,63.0,2020-09-01,1,0,,,,,3,9,2020,-1.0,-1.8369701987210297e-16,1851.0,3117.0,,3361.3333333333335,5611.833333333333,
2020,10,A2318,Termibus - UPV/EHU (Autopista),42836.0,30278.0,61.0,5983.0,1922.0,0.0,0.0,15.0,84.0,2020-10-01,1,0,,,,,4,10,2020,-0.8660254037844386,0.5000000000000001,32789.0,5116.0,,13252.0,7240.5,
2020,11,A2318,Termibus - UPV/EHU (Autopista),41748.0,30250.0,62.0,5418.0,1667.0,0.0,0.0,21.0,110.0,2020-11-01,1,0,,,,,4,11,2020,-0.5000000000000004,0.8660254037844384,42836.0,1851.0,,25825.333333333332,14379.833333333334,
2020,12,A2318,Termibus - UPV/EHU (Autopista),25612.0,19903.0,64.0,2509.0,722.0,6.0,0.0,14.0,74.0,2020-12-01,1,0,,,,,4,12,2020,-2.4492935982947064e-16,1.0,41748.0,32789.0,,39124.333333333336,21242.833333333332,
2021,1,A2318,Termibus - UPV/EHU (Autopista),23919.0,19166.0,66.0,1704.0,580.0,199.0,0.0,19.0,93.0,2021-01-01,1,0,38178.0,624.0,3181.5,7.518151815181518,1,1,2021,0.49999999999999994,0.8660254037844387,25612.0,42836.0,29993.0,36732.0,24992.0,21561.666666666668
2021,2,A2318,Termibus - UPV/EHU (Autopista),39839.0,29498.0,136.0,4520.0,1326.0,372.0,0.0,34.0,98.0,2021-02-01,1,0,38178.0,624.0,3181.5,12.522080779506522,1,2,2021,0.8660254037844386,0.5000000000000001,23919.0,41748.0,52091.0,30426.333333333332,28125.833333333332,21055.5
2021,3,A2318,Termibus - UPV/EHU (Autopista),40193.0,29637.0,175.0,4423.0,1334.0,556.0,2.0,34.0,133.0,2021-03-01,1,0,38178.0,624.0,3181.5,12.633349049190633,1,3,2021,1.0,6.123233995736766e-17,39839.0,25612.0,23017.0,29790.0,34457.166666666664,20034.5
2021,4,A2318,Termibus - UPV/EHU (Autopista),28692.0,21451.0,114.0,3075.0,792.0,418.0,0.0,40.0,90.0,2021-04-01,1,0,38178.0,624.0,3181.5,9.018387553041018,2,4,2021,0.8660254037844387,-0.4999999999999998,40193.0,23919.0,0.0,34650.333333333336,35691.166666666664,21465.833333333332
2021,5,A2318,Termibus - UPV/EHU (Autopista),30906.0,23916.0,143.0,2687.0,694.0,616.0,0.0,40.0,82.0,2021-05-01,1,0,38178.0,624.0,3181.5,9.714285714285714,2,5,2021,0.49999999999999994,-0.8660254037844387,28692.0,39839.0,570.0,36241.333333333336,33333.833333333336,23856.833333333332
2021,6,A2318,Termibus - UPV/EHU (Autopista),17617.0,14403.0,107.0,893.0,245.0,540.0,2.0,25.0,66.0,2021-06-01,1,0,38178.0,624.0,3181.5,5.537325161087537,2,6,2021,1.2246467991473532e-16,-1.0,30906.0,40193.0,3117.0,33263.666666666664,31526.833333333332,26384.833333333332
2021,7,A2318,Termibus - UPV/EHU (Autopista),8578.0,7094.0,36.0,493.0,108.0,412.0,1.0,5.0,13.0,2021-07-01,1,0,38178.0,624.0,3181.5,2.696212478390696,3,7,2021,-0.4999999999999997,-0.8660254037844388,17617.0,28692.0,5116.0,25738.333333333332,30194.333333333332,27593.166666666668
2021,8,A2318,Termibus - UPV/EHU (Autopista),2325.0,2073.0,6.0,117.0,43.0,54.0,0.0,0.0,4.0,2021-08-01,1,0,38178.0,624.0,3181.5,0.7307873644507308,3,8,2021,-0.8660254037844385,-0.5000000000000004,8578.0,30906.0,1851.0,19033.666666666668,27637.5,27881.666666666668
2021,9,A2318,Termibus - UPV/EHU (Autopista),36631.0,27549.0,124.0,3421.0,1280.0,1045.0,0.0,5.0,188.0,2021-09-01,1,0,38178.0,624.0,3181.5,11.513751375137513,3,9,2021,-1.0,-1.8369701987210297e-16,2325.0,17617.0,32789.0,9506.666666666666,21385.166666666668,27921.166666666668
2021,10,A2318,Termibus - UPV/EHU (Autopista),51961.0,36428.0,164.0,6584.0,2404.0,1186.0,1.0,2.0,324.0,2021-10-01,1,0,38178.0,624.0,3181.5,16.332233223322334,4,10,2021,-0.8660254037844386,0.5000000000000001,36631.0,8578.0,42836.0,15844.666666666666,20791.5,28241.333333333332
2021,11,A2318,Termibus - UPV/EHU (Autopista),56912.0,38716.0,208.0,8499.0,2671.0,1122.0,5.0,0.0,380.0,2021-11-01,1,0,38178.0,624.0,3181.5,17.88841741316989,4,11,2021,-0.5000000000000004,0.8660254037844384,51961.0,2325.0,41748.0,30305.666666666668,24669.666666666668,29001.75
2021,12,A2318,Termibus - UPV/EHU (Autopista),33431.0,23656.0,149.0,4057.0,1370.0,801.0,3.0,3.0,238.0,2021-12-01,1,0,38178.0,624.0,3181.5,10.507936507936508,4,12,2021,-2.4492935982947064e-16,1.0,56912.0,36631.0,25612.0,48501.333333333336,29004.0,30265.416666666668
2022,1,A2318,Termibus - UPV/EHU (Autopista),27478.0,20665.0,132.0,2647.0,829.0,778.0,3.0,26.0,199.0,2022-01-01,0,0,37559.0,605.0,3129.9166666666665,8.7791474746399,1,1,2022,0.49999999999999994,0.8660254037844387,33431.0,51961.0,23919.0,47434.666666666664,31639.666666666668,30917.0
2022,2,A2318,Termibus - UPV/EHU (Autopista),53140.0,35742.0,268.0,8409.0,2591.0,1088.0,3.0,35.0,330.0,2022-02-01,0,0,37559.0,605.0,3129.9166666666665,16.978087808514605,1,2,2022,0.8660254037844386,0.5000000000000001,27478.0,56912.0,39839.0,39273.666666666664,34789.666666666664,31213.583333333332
2022,3,A2318,Termibus - UPV/EHU (Autopista),58544.0,38928.0,320.0,9182.0,2986.0,1197.0,1.0,43.0,329.0,2022-03-01,0,0,37559.0,605.0,3129.9166666666665,18.704651348544957,1,3,2022,1.0,6.123233995736766e-17,53140.0,33431.0,40193.0,38016.333333333336,43258.833333333336,32322.0
2022,4,A2318,Termibus - UPV/EHU (Autopista),34609.0,24142.0,206.0,4479.0,1466.0,889.0,2.0,21.0,195.0,2022-04-01,0,0,37559.0,605.0,3129.9166666666665,11.057482893580767,2,4,2022,0.8660254037844387,-0.4999999999999998,58544.0,27478.0,28692.0,46387.333333333336,46911.0,33851.25
2022,5,A2318,Termibus - UPV/EHU (Autopista),41541.0,29691.0,321.0,4855.0,1453.0,1055.0,2.0,18.0,281.0,2022-05-01,0,0,37559.0,605.0,3129.9166666666665,13.272238345003862,2,5,2022,0.49999999999999994,-0.8660254037844387,34609.0,53140.0,30906.0,48764.333333333336,44019.0,34344.333333333336
2022,6,A2318,Termibus - UPV/EHU (Autopista),21463.0,17217.0,168.0,1176.0,357.0,818.0,4.0,4.0,115.0,2022-06-01,0,0,37559.0,605.0,3129.9166666666665,6.857371069517293,2,6,2022,1.2246467991473532e-16,-1.0,41541.0,58544.0,17617.0,44898.0,41457.166666666664,35230.583333333336
2022,7,A2318,Termibus - UPV/EHU (Autopista),9349.0,7902.0,52.0,249.0,92.0,469.0,0.0,2.0,60.0,2022-07-01,0,0,37559.0,605.0,3129.9166666666665,2.986980484038446,3,7,2022,-0.4999999999999997,-0.8660254037844388,21463.0,34609.0,8578.0,32537.666666666668,39462.5,35551.083333333336
2022,8,A2318,Termibus - UPV/EHU (Autopista),2361.0,2104.0,18.0,82.0,18.0,62.0,0.0,2.0,14.0,2022-08-01,0,0,37559.0,605.0,3129.9166666666665,0.7543331824595969,3,8,2022,-0.8660254037844385,-0.5000000000000004,9349.0,41541.0,2325.0,24117.666666666668,36441.0,35615.333333333336
2020,1,A2611,UGAO MIRABALLES - BASAURI - ETXEBARRI - UPV/EHU,4070.0,2391.0,255.0,685.0,259.0,143.0,0.0,14.0,104.0,2020-01-01,1,0,,,,,1,1,2020,0.49999999999999994,0.8660254037844387,,,,,,
2020,2,A2611,UGAO MIRABALLES - BASAURI - ETXEBARRI - UPV/EHU,7197.0,3167.0,299.0,2281.0,603.0,166.0,1.0,23.0,180.0,2020-02-01,1,0,,,,,1,2,2020,0.8660254037844386,0.5000000000000001,4070.0,,,,,
2020,3,A2611,UGAO MIRABALLES - BASAURI - ETXEBARRI - UPV/EHU,3377.0,1465.0,132.0,1060.0,299.0,100.0,0.0,15.0,99.0,2020-03-01,1,0,,,,,1,3,2020,1.0,6.123233995736766e-17,7197.0,,,,,
2020,4,A2611,UGAO MIRABALLES - BASAURI - ETXEBARRI - UPV/EHU,0.0,0.0,0.0,0.0,0.0,0.0,0.0,0.0,0.0,2020-04-01,1,0,,,,,2,4,2020,0.8660254037844387,-0.4999999999999998,3377.0,4070.0,,4881.333333333333,,
2020,5,A2611,UGAO MIRABALLES - BASAURI - ETXEBARRI - UPV/EHU,0.0,0.0,0.0,0.0,0.0,0.0,0.0,0.0,0.0,2020-05-01,1,0,,,,,2,5,2020,0.49999999999999994,-0.8660254037844387,0.0,7197.0,,3524.6666666666665,,
2020,6,A2611,UGAO MIRABALLES - BASAURI - ETXEBARRI - UPV/EHU,0.0,0.0,0.0,0.0,0.0,0.0,0.0,0.0,0.0,2020-06-01,1,0,,,,,2,6,2020,1.2246467991473532e-16,-1.0,0.0,3377.0,,1125.6666666666667,,
2020,7,A2611,UGAO MIRABALLES - BASAURI - ETXEBARRI - UPV/EHU,0.0,0.0,0.0,0.0,0.0,0.0,0.0,0.0,0.0,2020-07-01,1,0,,,,,3,7,2020,-0.4999999999999997,-0.8660254037844388,0.0,0.0,,0.0,2440.6666666666665,
2020,8,A2611,UGAO MIRABALLES - BASAURI - ETXEBARRI - UPV/EHU,0.0,0.0,0.0,0.0,0.0,0.0,0.0,0.0,0.0,2020-08-01,1,0,,,,,3,8,2020,-0.8660254037844385,-0.5000000000000004,0.0,0.0,,0.0,1762.3333333333333,
2020,9,A2611,UGAO MIRABALLES - BASAURI - ETXEBARRI - UPV/EHU,4140.0,2683.0,187.0,760.0,179.0,0.0,0.0,12.0,89.0,2020-09-01,1,0,,,,,3,9,2020,-1.0,-1.8369701987210297e-16,0.0,0.0,,0.0,562.8333333333334,
2020,10,A2611,UGAO MIRABALLES - BASAURI - ETXEBARRI - UPV/EHU,5807.0,3400.0,205.0,1345.0,395.0,0.0,0.0,8.0,100.0,2020-10-01,1,0,,,,,4,10,2020,-0.8660254037844386,0.5000000000000001,4140.0,0.0,,1380.0,690.0,
2020,11,A2611,UGAO MIRABALLES - BASAURI - ETXEBARRI - UPV/EHU,5175.0,3233.0,178.0,1040.0,323.0,0.0,0.0,3.0,90.0,2020-11-01,1,0,,,,,4,11,2020,-0.5000000000000004,0.8660254037844384,5807.0,0.0,,3315.6666666666665,1657.8333333333333,
2020,12,A2611,UGAO MIRABALLES - BASAURI - ETXEBARRI - UPV/EHU,2725.0,1888.0,113.0,417.0,124.0,0.0,0.0,3.0,24.0,2020-12-01,1,0,,,,,4,12,2020,-2.4492935982947064e-16,1.0,5175.0,4140.0,,5040.666666666667,2520.3333333333335,
2021,1,A2611,UGAO MIRABALLES - BASAURI - ETXEBARRI - UPV/EHU,2584.0,1850.0,122.0,298.0,121.0,24.0,0.0,12.0,70.0,2021-01-01,1,0,4490.0,449.0,374.1666666666667,6.906013363028953,1,1,2021,0.49999999999999994,0.8660254037844387,2725.0,5807.0,4070.0,4569.0,2974.5,2707.5833333333335
2021,2,A2611,UGAO MIRABALLES - BASAURI - ETXEBARRI - UPV/EHU,4651.0,3080.0,187.0,777.0,188.0,47.0,0.0,7.0,117.0,2021-02-01,1,0,4490.0,449.0,374.1666666666667,12.430289532293987,1,2,2021,0.8660254037844386,0.5000000000000001,2584.0,5175.0,7197.0,3494.6666666666665,3405.1666666666665,2583.75
2021,3,A2611,UGAO MIRABALLES - BASAURI - ETXEBARRI - UPV/EHU,4765.0,3164.0,213.0,721.0,209.0,78.0,0.0,14.0,109.0,2021-03-01,1,0,4490.0,449.0,374.1666666666667,12.734966592427616,1,3,2021,1.0,6.123233995736766e-17,4651.0,2725.0,3377.0,3320.0,4180.333333333333,2371.5833333333335
2021,4,A2611,UGAO MIRABALLES - BASAURI - ETXEBARRI - UPV/EHU,3111.0,2116.0,146.0,407.0,148.0,44.0,1.0,11.0,73.0,2021-04-01,1,0,4490.0,449.0,374.1666666666667,8.314476614699332,2,4,2021,0.8660254037844387,-0.4999999999999998,4765.0,2584.0,0.0,4000.0,4284.5,2487.25
2021,5,A2611,UGAO MIRABALLES - BASAURI - ETXEBARRI - UPV/EHU,3431.0,2378.0,259.0,351.0,127.0,57.0,0.0,19.0,77.0,2021-05-01,1,0,4490.0,449.0,374.1666666666667,9.169710467706013,2,5,2021,0.49999999999999994,-0.8660254037844387,3111.0,4651.0,0.0,4175.666666666667,3835.1666666666665,2746.5
2021,6,A2611,UGAO MIRABALLES - BASAURI - ETXEBARRI - UPV/EHU,1187.0,861.0,87.0,118.0,39.0,11.0,0.0,7.0,13.0,2021-06-01,1,0,4490.0,449.0,374.1666666666667,3.172383073496659,2,6,2021,1.2246467991473532e-16,-1.0,3431.0,4765.0,0.0,3769.0,3544.5,3032.4166666666665
2021,7,A2611,UGAO MIRABALLES - BASAURI - ETXEBARRI - UPV/EHU,0.0,0.0,0.0,0.0,0.0,0.0,0.0,0.0,0.0,2021-07-01,1,0,4490.0,449.0,374.1666666666667,0.0,3,7,2021,-0.4999999999999997,-0.8660254037844388,1187.0,3111.0,0.0,2576.3333333333335,3288.1666666666665,3131.3333333333335
2021,8,A2611,UGAO MIRABALLES - BASAURI - ETXEBARRI - UPV/EHU,0.0,0.0,0.0,0.0,0.0,0.0,0.0,0.0,0.0,2021-08-01,1,0,4490.0,449.0,374.1666666666667,0.0,3,8,2021,-0.8660254037844385,-0.5000000000000004,0.0,3431.0,0.0,1539.3333333333333,2857.5,3131.3333333333335
2021,9,A2611,UGAO MIRABALLES - BASAURI - ETXEBARRI - UPV/EHU,4189.0,2659.0,208.0,662.0,243.0,104.0,0.0,27.0,79.0,2021-09-01,1,0,4490.0,449.0,374.1666666666667,11.19554565701559,3,9,2021,-1.0,-1.8369701987210297e-16,0.0,1187.0,4140.0,395.6666666666667,2082.3333333333335,3131.3333333333335
2021,10,A2611,UGAO MIRABALLES - BASAURI - ETXEBARRI - UPV/EHU,6749.0,3854.0,251.0,1544.0,427.0,155.0,0.0,20.0,108.0,2021-10-01,1,0,4490.0,449.0,374.1666666666667,18.03741648106904,4,10,2021,-0.8660254037844386,0.5000000000000001,4189.0,0.0,5807.0,1396.3333333333333,1986.3333333333333,3135.4166666666665
2021,11,A2611,UGAO MIRABALLES - BASAURI - ETXEBARRI - UPV/EHU,7122.0,3637.0,252.0,1963.0,487.0,178.0,0.0,8.0,147.0,2021-11-01,1,0,4490.0,449.0,374.1666666666667,19.034298440979956,4,11,2021,-0.5000000000000004,0.8660254037844384,6749.0,0.0,5175.0,3646.0,2592.6666666666665,3213.9166666666665
2021,12,A2611,UGAO MIRABALLES - BASAURI - ETXEBARRI - UPV/EHU,3968.0,2305.0,168.0,796.0,266.0,116.0,0.0,8.0,71.0,2021-12-01,1,0,4490.0,449.0,374.1666666666667,10.604899777282851,4,12,2021,-2.4492935982947064e-16,1.0,7122.0,4189.0,2725.0,6020.0,3207.8333333333335,3376.1666666666665
2022,1,A2611,UGAO MIRABALLES - BASAURI - ETXEBARRI - UPV/EHU,3330.0,2084.0,190.0,492.0,197.0,105.0,0.0,8.0,77.0,2022-01-01,0,0,4470.0,447.0,372.5,8.939597315436242,1,1,2022,0.49999999999999994,0.8660254037844387,3968.0,6749.0,2584.0,5946.333333333333,3671.3333333333335,3479.75
2022,2,A2611,UGAO MIRABALLES - BASAURI - ETXEBARRI - UPV/EHU,6338.0,3144.0,283.0,1708.0,472.0,156.0,0.0,14.0,131.0,2022-02-01,0,0,4470.0,447.0,372.5,17.01476510067114,1,2,2022,0.8660254037844386,0.5000000000000001,3330.0,7122.0,4651.0,4806.666666666667,4226.333333333333,3541.9166666666665
2022,3,A2611,UGAO MIRABALLES - BASAURI - ETXEBARRI - UPV/EHU,7370.0,3710.0,309.0,1902.0,635.0,185.0,0.0,22.0,163.0,2022-03-01,0,0,4470.0,447.0,372.5,19.78523489932886,1,3,2022,1.0,6.123233995736766e-17,6338.0,3968.0,4765.0,4545.333333333333,5282.666666666667,3682.5
2022,4,A2611,UGAO MIRABALLES - BASAURI - ETXEBARRI - UPV/EHU,4350.0,2474.0,191.0,861.0,328.0,114.0,0.0,11.0,95.0,2022-04-01,0,0,4470.0,447.0,372.5,11.677852348993289,2,4,2022,0.8660254037844387,-0.4999999999999998,7370.0,3330.0,3111.0,5679.333333333333,5812.833333333333,3899.5833333333335
2022,5,A2611,UGAO MIRABALLES - BASAURI - ETXEBARRI - UPV/EHU,5048.0,2993.0,334.0,847.0,377.0,157.0,0.0,20.0,102.0,2022-05-01,0,0,4470.0,447.0,372.5,13.551677852348993,2,5,2022,0.49999999999999994,-0.8660254037844387,4350.0,6338.0,3431.0,6019.333333333333,5413.0,4002.8333333333335
2022,6,A2611,UGAO MIRABALLES - BASAURI - ETXEBARRI - UPV/EHU,550.0,375.0,65.0,38.0,25.0,17.0,0.0,5.0,8.0,2022-06-01,0,0,4470.0,447.0,372.5,1.476510067114094,2,6,2022,1.2246467991473532e-16,-1.0,5048.0,7370.0,1187.0,5589.333333333333,5067.333333333333,4137.583333333333
2022,7,A2611,UGAO MIRABALLES - BASAURI - ETXEBARRI - UPV/EHU,0.0,0.0,0.0,0.0,0.0,0.0,0.0,0.0,0.0,2022-07-01,0,0,4470.0,447.0,372.5,0.0,3,7,2022,-0.4999999999999997,-0.8660254037844388,550.0,4350.0,0.0,3316.0,4497.666666666667,4084.5
2022,8,A2611,UGAO MIRABALLES - BASAURI - ETXEBARRI - UPV/EHU,0.0,0.0,0.0,0.0,0.0,0.0,0.0,0.0,0.0,2022-08-01,0,0,4470.0,447.0,372.5,0.0,3,8,2022,-0.8660254037844385,-0.5000000000000004,0.0,5048.0,0.0,1866.0,3942.6666666666665,4084.5
2020,1,A2166,URIBE KOSTA - UPV/EHU,2143.0,1130.0,19.0,381.0,179.0,72.0,0.0,1.0,22.0,2020-01-01,1,0,,,,,1,1,2020,0.49999999999999994,0.8660254037844387,,,,,,
2020,2,A2166,URIBE KOSTA - UPV/EHU,4038.0,1677.0,31.0,1389.0,323.0,108.0,0.0,0.0,22.0,2020-02-01,1,0,,,,,1,2,2020,0.8660254037844386,0.5000000000000001,2143.0,,,,,
2020,3,A2166,URIBE KOSTA - UPV/EHU,1846.0,782.0,27.0,570.0,152.0,52.0,0.0,2.0,10.0,2020-03-01,1,0,,,,,1,3,2020,1.0,6.123233995736766e-17,4038.0,,,,,
2020,4,A2166,URIBE KOSTA - UPV/EHU,0.0,,,,,,,,,2020-04-01,1,0,,,,,2,4,2020,0.8660254037844387,-0.4999999999999998,1846.0,2143.0,,2675.6666666666665,,
2020,5,A2166,URIBE KOSTA - UPV/EHU,0.0,,,,,,,,,2020-05-01,1,0,,,,,2,5,2020,0.49999999999999994,-0.8660254037844387,0.0,4038.0,,1961.3333333333333,,
2020,6,A2166,URIBE KOSTA - UPV/EHU,0.0,,,,,,,,,2020-06-01,1,0,,,,,2,6,2020,1.2246467991473532e-16,-1.0,0.0,1846.0,,615.3333333333334,,
2020,7,A2166,URIBE KOSTA - UPV/EHU,0.0,,,,,,,,,2020-07-01,1,0,,,,,3,7,2020,-0.4999999999999997,-0.8660254037844388,0.0,0.0,,0.0,1337.8333333333333,
2020,8,A2166,URIBE KOSTA - UPV/EHU,0.0,,,,,,,,,2020-08-01,1,0,,,,,3,8,2020,-0.8660254037844385,-0.5000000000000004,0.0,0.0,,0.0,980.6666666666666,
2020,9,A2166,URIBE KOSTA - UPV/EHU,2834.0,1833.0,45.0,302.0,154.0,,,,4.0,2020-09-01,1,0,,,,,3,9,2020,-1.0,-1.8369701987210297e-16,0.0,0.0,,0.0,307.6666666666667,
2020,10,A2166,URIBE KOSTA - UPV/EHU,3876.0,2240.0,61.0,748.0,125.0,,,3.0,8.0,2020-10-01,1,0,,,,,4,10,2020,-0.8660254037844386,0.5000000000000001,2834.0,0.0,,944.6666666666666,472.3333333333333,
2020,11,A2166,URIBE KOSTA - UPV/EHU,2639.0,1649.0,39.0,366.0,156.0,,,,5.0,2020-11-01,1,0,,,,,4,11,2020,-0.5000000000000004,0.8660254037844384,3876.0,0.0,,2236.6666666666665,1118.3333333333333,
2020,12,A2166,URIBE KOSTA - UPV/EHU,1521.0,1056.0,18.0,137.0,71.0,0.0,0.0,0.0,0.0,2020-12-01,1,0,,,,,4,12,2020,-2.4492935982947064e-16,1.0,2639.0,2834.0,,3116.3333333333335,1558.1666666666667,
2021,1,A2166,URIBE KOSTA - UPV/EHU,1549.0,1131.0,33.0,109.0,49.0,21.0,0.0,5.0,0.0,2021-01-01,1,0,,,,,1,1,2021,0.49999999999999994,0.8660254037844387,1521.0,3876.0,2143.0,2678.6666666666665,1811.6666666666667,1574.75
2021,2,A2166,URIBE KOSTA - UPV/EHU,2938.0,1927.0,71.0,386.0,134.0,15.0,0.0,3.0,3.0,2021-02-01,1,0,,,,,1,2,2021,0.8660254037844386,0.5000000000000001,1549.0,2639.0,4038.0,1903.0,2069.8333333333335,1525.25
2021,3,A2166,URIBE KOSTA - UPV/EHU,2914.0,1945.0,70.0,382.0,93.0,36.0,0.0,5.0,3.0,2021-03-01,1,0,,,,,1,3,2021,1.0,6.123233995736766e-17,2938.0,1521.0,1846.0,2002.6666666666667,2559.5,1433.5833333333333
2021,4,A2166,URIBE KOSTA - UPV/EHU,2173.0,1422.0,53.0,308.0,71.0,21.0,,,4.0,2021-04-01,1,0,,,,,2,4,2021,0.8660254037844387,-0.4999999999999998,2914.0,1549.0,0.0,2467.0,2572.8333333333335,1522.5833333333333
2021,5,A2166,URIBE KOSTA - UPV/EHU,2339.0,1557.0,68.0,251.0,77.0,65.0,0.0,0.0,12.0,2021-05-01,1,0,,,,,2,5,2021,0.49999999999999994,-0.8660254037844387,2173.0,2938.0,0.0,2675.0,2289.0,1703.6666666666667
2021,6,A2166,URIBE KOSTA - UPV/EHU,314.0,228.0,8.0,16.0,18.0,11.0,0.0,0.0,3.0,2021-06-01,1,0,,,,,2,6,2021,1.2246467991473532e-16,-1.0,2339.0,2914.0,0.0,2475.3333333333335,2239.0,1898.5833333333333
2021,7,A2166,URIBE KOSTA - UPV/EHU,0.0,,,,,,,,,2021-07-01,1,0,,,,,3,7,2021,-0.4999999999999997,-0.8660254037844388,314.0,2173.0,0.0,1608.6666666666667,2037.8333333333333,1924.75
2021,8,A2166,URIBE KOSTA - UPV/EHU,0.0,,,,,,,,,2021-08-01,1,0,,,,,3,8,2021,-0.8660254037844385,-0.5000000000000004,0.0,2339.0,0.0,884.3333333333334,1779.6666666666667,1924.75
2021,9,A2166,URIBE KOSTA - UPV/EHU,3187.0,2004.0,68.0,550.0,128.0,82.0,,7.0,28.0,2021-09-01,1,0,,,,,3,9,2021,-1.0,-1.8369701987210297e-16,0.0,314.0,2834.0,104.66666666666667,1290.0,1924.75
2021,10,A2166,URIBE KOSTA - UPV/EHU,4371.0,2315.0,85.0,971.0,314.0,107.0,1.0,2.0,35.0,2021-10-01,1,0,,,,,4,10,2021,-0.8660254037844386,0.5000000000000001,3187.0,0.0,3876.0,1062.3333333333333,1335.5,1954.1666666666667
2021,11,A2166,URIBE KOSTA - UPV/EHU,4827.0,2555.0,83.0,1057.0,349.0,137.0,0.0,2.0,28.0,2021-11-01,1,0,,,,,4,11,2021,-0.5000000000000004,0.8660254037844384,4371.0,0.0,2639.0,2519.3333333333335,1701.8333333333333,1995.4166666666667
2021,12,A2166,URIBE KOSTA - UPV/EHU,2763.0,1620.0,46.0,476.0,129.0,87.0,1.0,1.0,21.0,2021-12-01,1,0,,,,,4,12,2021,-2.4492935982947064e-16,1.0,4827.0,3187.0,1521.0,4128.333333333333,2116.5,2177.75
2022,1,A2166,URIBE KOSTA - UPV/EHU,2240.0,1384.0,68.0,297.0,103.0,51.0,,4.0,20.0,2022-01-01,0,0,,,,,1,1,2022,0.49999999999999994,0.8660254037844387,2763.0,4371.0,1549.0,3987.0,2524.6666666666665,2281.25
2022,2,A2166,URIBE KOSTA - UPV/EHU,4118.0,2153.0,106.0,903.0,261.0,77.0,,6.0,27.0,2022-02-01,0,0,,,,,1,2,2022,0.8660254037844386,0.5000000000000001,2240.0,4827.0,2938.0,3276.6666666666665,2898.0,2338.8333333333335
2022,3,A2166,URIBE KOSTA - UPV/EHU,4678.0,2574.0,92.0,1090.0,266.0,98.0,0.0,7.0,15.0,2022-03-01,0,0,,,,,1,3,2022,1.0,6.123233995736766e-17,4118.0,2763.0,2914.0,3040.3333333333335,3584.3333333333335,2437.1666666666665
2022,4,A2166,URIBE KOSTA - UPV/EHU,2663.0,1615.0,57.0,433.0,153.0,42.0,2.0,2.0,0.0,2022-04-01,0,0,,,,,2,4,2022,0.8660254037844387,-0.4999999999999998,4678.0,2240.0,2173.0,3678.6666666666665,3832.8333333333335,2584.1666666666665
2022,5,A2166,URIBE KOSTA - UPV/EHU,3168.0,1964.0,82.0,504.0,175.0,53.0,,4.0,1.0,2022-05-01,0,0,,,,,2,5,2022,0.49999999999999994,-0.8660254037844387,2663.0,4118.0,2339.0,3819.6666666666665,3548.1666666666665,2625.0
2022,6,A2166,URIBE KOSTA - UPV/EHU,319.0,238.0,9.0,26.0,13.0,6.0,,1.0,0.0,2022-06-01,0,0,,,,,2,6,2022,1.2246467991473532e-16,-1.0,3168.0,4678.0,314.0,3503.0,3271.6666666666665,2694.0833333333335
2022,7,A2166,URIBE KOSTA - UPV/EHU,0.0,,,,,,,,,2022-07-01,0,0,,,,,3,7,2022,-0.4999999999999997,-0.8660254037844388,319.0,2663.0,0.0,2050.0,2864.3333333333335,2694.5
2022,8,A2166,URIBE KOSTA - UPV/EHU,0.0,,,,,,,,,2022-08-01,0,0,,,,,3,8,2022,-0.8660254037844385,-0.5000000000000004,0.0,3168.0,0.0,1162.3333333333333,2491.0,2694.5
2020,1,A3332,VALLE DE TRAPAGA TRAPAGARAN - SANTURTZI,25959.0,14496.0,5795.0,1412.0,969.0,1657.0,0.0,429.0,589.0,2020-01-01,1,0,,,,,1,1,2020,0.49999999999999994,0.8660254037844387,,,,,,
2020,2,A3332,VALLE DE TRAPAGA TRAPAGARAN - SANTURTZI,26917.0,14805.0,6034.0,1415.0,1123.0,1646.0,2.0,462.0,744.0,2020-02-01,1,0,,,,,1,2,2020,0.8660254037844386,0.5000000000000001,25959.0,,,,,
2020,3,A3332,VALLE DE TRAPAGA TRAPAGARAN - SANTURTZI,12466.0,7584.0,2390.0,693.0,477.0,573.0,0.0,140.0,264.0,2020-03-01,1,0,,,,,1,3,2020,1.0,6.123233995736766e-17,26917.0,,,,,
2020,4,A3332,VALLE DE TRAPAGA TRAPAGARAN - SANTURTZI,3082.0,2767.0,202.0,41.0,44.0,0.0,0.0,2.0,14.0,2020-04-01,1,0,,,,,2,4,2020,0.8660254037844387,-0.4999999999999998,12466.0,25959.0,,21780.666666666668,,
2020,5,A3332,VALLE DE TRAPAGA TRAPAGARAN - SANTURTZI,7409.0,5948.0,1135.0,111.0,30.0,0.0,0.0,28.0,67.0,2020-05-01,1,0,,,,,2,5,2020,0.49999999999999994,-0.8660254037844387,3082.0,26917.0,,14155.0,,
2020,6,A3332,VALLE DE TRAPAGA TRAPAGARAN - SANTURTZI,16078.0,11796.0,3254.0,184.0,141.0,0.0,0.0,185.0,250.0,2020-06-01,1,0,,,,,2,6,2020,1.2246467991473532e-16,-1.0,7409.0,12466.0,,7652.333333333333,,
2020,7,A3332,VALLE DE TRAPAGA TRAPAGARAN - SANTURTZI,17174.0,12331.0,3563.0,220.0,238.0,0.0,0.0,228.0,268.0,2020-07-01,1,0,,,,,3,7,2020,-0.4999999999999997,-0.8660254037844388,16078.0,3082.0,,8856.333333333334,15318.5,
2020,8,A3332,VALLE DE TRAPAGA TRAPAGARAN - SANTURTZI,13057.0,9505.0,2627.0,64.0,206.0,0.0,0.0,234.0,152.0,2020-08-01,1,0,,,,,3,8,2020,-0.8660254037844385,-0.5000000000000004,17174.0,7409.0,,13553.666666666666,13854.333333333334,
2020,9,A3332,VALLE DE TRAPAGA TRAPAGARAN - SANTURTZI,19820.0,13896.0,3670.0,534.0,624.0,0.0,0.0,205.0,283.0,2020-09-01,1,0,,,,,3,9,2020,-1.0,-1.8369701987210297e-16,13057.0,16078.0,,15436.333333333334,11544.333333333334,
2020,10,A3332,VALLE DE TRAPAGA TRAPAGARAN - SANTURTZI,20834.0,13981.0,3621.0,1145.0,1020.0,0.0,0.0,111.0,237.0,2020-10-01,1,0,,,,,4,10,2020,-0.8660254037844386,0.5000000000000001,19820.0,17174.0,,16683.666666666668,12770.0,
2020,11,A3332,VALLE DE TRAPAGA TRAPAGARAN - SANTURTZI,17627.0,12280.0,2339.0,1076.0,932.0,0.0,0.0,126.0,253.0,2020-11-01,1,0,,,,,4,11,2020,-0.5000000000000004,0.8660254037844384,20834.0,13057.0,,17903.666666666668,15728.666666666666,
2020,12,A3332,VALLE DE TRAPAGA TRAPAGARAN - SANTURTZI,18645.0,13060.0,3113.0,659.0,665.0,87.0,0.0,160.0,335.0,2020-12-01,1,0,,,,,4,12,2020,-2.4492935982947064e-16,1.0,17627.0,19820.0,,19427.0,17431.666666666668,
2021,1,A3332,VALLE DE TRAPAGA TRAPAGARAN - SANTURTZI,17987.0,12684.0,2561.0,742.0,696.0,309.0,0.0,129.0,349.0,2021-01-01,1,0,99736.0,909.0,8311.333333333334,2.164153364883292,1,1,2021,0.49999999999999994,0.8660254037844387,18645.0,20834.0,25959.0,19035.333333333332,17859.5,16589.0
2021,2,A3332,VALLE DE TRAPAGA TRAPAGARAN - SANTURTZI,17549.0,11946.0,2374.0,1028.0,808.0,447.0,1.0,138.0,390.0,2021-02-01,1,0,99736.0,909.0,8311.333333333334,2.1114542391914655,1,2,2021,0.8660254037844386,0.5000000000000001,17987.0,17627.0,26917.0,18086.333333333332,17995.0,15924.666666666666
2021,3,A3332,VALLE DE TRAPAGA TRAPAGARAN - SANTURTZI,21779.0,14057.0,3596.0,1320.0,835.0,619.0,0.0,229.0,520.0,2021-03-01,1,0,99736.0,909.0,8311.333333333334,2.6203978503248573,1,3,2021,1.0,6.123233995736766e-17,17549.0,18645.0,12466.0,18060.333333333332,18743.666666666668,15144.0
2021,4,A3332,VALLE DE TRAPAGA TRAPAGARAN - SANTURTZI,18048.0,12030.0,2734.0,1059.0,581.0,551.0,1.0,222.0,421.0,2021-04-01,1,0,99736.0,909.0,8311.333333333334,2.1714927408358062,2,4,2021,0.8660254037844387,-0.4999999999999998,21779.0,17987.0,3082.0,19105.0,19070.166666666668,15920.083333333334
2021,5,A3332,VALLE DE TRAPAGA TRAPAGARAN - SANTURTZI,21473.0,14116.0,3605.0,1104.0,616.0,813.0,1.0,242.0,415.0,2021-05-01,1,0,99736.0,909.0,8311.333333333334,2.5835806529237186,2,5,2021,0.49999999999999994,-0.8660254037844387,18048.0,17549.0,7409.0,19125.333333333332,18605.833333333332,17167.25
2021,6,A3332,VALLE DE TRAPAGA TRAPAGARAN - SANTURTZI,21745.0,14366.0,3893.0,734.0,355.0,869.0,0.0,379.0,521.0,2021-06-01,1,0,99736.0,909.0,8311.333333333334,2.61630705061362,2,6,2021,1.2246467991473532e-16,-1.0,21473.0,21779.0,16078.0,20433.333333333332,19246.833333333332,18339.25
2021,7,A3332,VALLE DE TRAPAGA TRAPAGARAN - SANTURTZI,18602.0,12265.0,3596.0,478.0,232.0,976.0,0.0,424.0,299.0,2021-07-01,1,0,99736.0,909.0,8311.333333333334,2.238148712601267,3,7,2021,-0.4999999999999997,-0.8660254037844388,21745.0,18048.0,17174.0,20422.0,19763.5,18811.5
2021,8,A3332,VALLE DE TRAPAGA TRAPAGARAN - SANTURTZI,14628.0,9369.0,2783.0,235.0,228.0,1050.0,1.0,383.0,349.0,2021-08-01,1,0,99736.0,909.0,8311.333333333334,1.7600064169407235,3,8,2021,-0.8660254037844385,-0.5000000000000004,18602.0,21473.0,13057.0,20606.666666666668,19866.0,18930.5
2021,9,A3332,VALLE DE TRAPAGA TRAPAGARAN - SANTURTZI,23640.0,14913.0,3825.0,1123.0,896.0,1302.0,0.0,321.0,551.0,2021-09-01,1,0,99736.0,909.0,8311.333333333334,2.844308975695837,3,9,2021,-1.0,-1.8369701987210297e-16,14628.0,21745.0,19820.0,18325.0,19379.166666666668,19061.416666666668
2021,10,A3332,VALLE DE TRAPAGA TRAPAGARAN - SANTURTZI,25236.0,14784.0,4529.0,1601.0,1422.0,1193.0,2.0,299.0,737.0,2021-10-01,1,0,99736.0,909.0,8311.333333333334,3.0363359268468755,4,10,2021,-0.8660254037844386,0.5000000000000001,23640.0,18602.0,20834.0,18956.666666666668,19689.333333333332,19379.75
2021,11,A3332,VALLE DE TRAPAGA TRAPAGARAN - SANTURTZI,26019.0,15663.0,4394.0,1538.0,1603.0,1277.0,0.0,272.0,608.0,2021-11-01,1,0,99736.0,909.0,8311.333333333334,3.130544637843908,4,11,2021,-0.5000000000000004,0.8660254037844384,25236.0,14628.0,17627.0,21168.0,20887.333333333332,19746.583333333332
2021,12,A3332,VALLE DE TRAPAGA TRAPAGARAN - SANTURTZI,25193.0,15951.0,4203.0,1052.0,956.0,1463.0,0.0,360.0,509.0,2021-12-01,1,0,99736.0,909.0,8311.333333333334,3.0311622683885457,4,12,2021,-2.4492935982947064e-16,1.0,26019.0,23640.0,18645.0,24965.0,21645.0,20445.916666666668
2022,1,A3332,VALLE DE TRAPAGA TRAPAGARAN - SANTURTZI,22805.0,14279.0,3909.0,1112.0,960.0,1212.0,1.0,270.0,511.0,2022-01-01,0,0,99930.0,909.0,8327.5,2.7385169618733114,1,1,2022,0.49999999999999994,0.8660254037844387,25193.0,25236.0,17987.0,25482.666666666668,22219.666666666668,20991.583333333332
2022,2,A3332,VALLE DE TRAPAGA TRAPAGARAN - SANTURTZI,24827.0,14971.0,4179.0,1434.0,1333.0,1269.0,1.0,320.0,606.0,2022-02-01,0,0,99930.0,909.0,8327.5,2.981326928850195,1,2,2022,0.8660254037844386,0.5000000000000001,22805.0,26019.0,17549.0,24672.333333333332,22920.166666666668,21393.083333333332
2022,3,A3332,VALLE DE TRAPAGA TRAPAGARAN - SANTURTZI,28772.0,17100.0,5094.0,1593.0,1600.0,1359.0,0.0,381.0,837.0,2022-03-01,0,0,99930.0,909.0,8327.5,3.455058540978685,1,3,2022,1.0,6.123233995736766e-17,24827.0,25193.0,21779.0,24275.0,24620.0,21999.583333333332
2022,4,A3332,VALLE DE TRAPAGA TRAPAGARAN - SANTURTZI,23392.0,14335.0,4202.0,957.0,975.0,1324.0,0.0,378.0,567.0,2022-04-01,0,0,99930.0,909.0,8327.5,2.809006304413089,2,4,2022,0.8660254037844387,-0.4999999999999998,28772.0,22805.0,18048.0,25468.0,25475.333333333332,22582.333333333332
2022,5,A3332,VALLE DE TRAPAGA TRAPAGARAN - SANTURTZI,27426.0,16703.0,5199.0,1369.0,1188.0,1216.0,1.0,405.0,654.0,2022-05-01,0,0,99930.0,909.0,8327.5,3.293425397778445,2,5,2022,0.49999999999999994,-0.8660254037844387,23392.0,24827.0,21473.0,25663.666666666668,25168.0,23027.666666666668
2022,6,A3332,VALLE DE TRAPAGA TRAPAGARAN - SANTURTZI,25523.0,16281.0,4992.0,605.0,642.0,1439.0,0.0,397.0,574.0,2022-06-01,0,0,99930.0,909.0,8327.5,3.0649054338036628,2,6,2022,1.2246467991473532e-16,-1.0,27426.0,28772.0,21745.0,26530.0,25402.5,23523.75
2022,7,A3332,VALLE DE TRAPAGA TRAPAGARAN - SANTURTZI,21395.0,13463.0,4243.0,402.0,480.0,1354.0,1.0,503.0,549.0,2022-07-01,0,0,99930.0,909.0,8327.5,2.569198438907235,3,7,2022,-0.4999999999999997,-0.8660254037844388,25523.0,23392.0,18602.0,25447.0,25457.5,23838.583333333332
2022,8,A3332,VALLE DE TRAPAGA TRAPAGARAN - SANTURTZI,17317.0,10909.0,3535.0,161.0,310.0,1252.0,2.0,422.0,414.0,2022-08-01,0,0,99930.0,909.0,8327.5,2.079495646952867,3,8,2022,-0.8660254037844385,-0.5000000000000004,21395.0,27426.0,14628.0,24781.333333333332,25222.5,24071.333333333332
2020,1,A2312,Zabalburu - UPV/EHU  (Juan de Garay),10956.0,8238.0,44.0,1199.0,138.0,453.0,26.0,0.0,32.0,2020-01-01,1,0,,,,,1,1,2020,0.49999999999999994,0.8660254037844387,,,,,,
2020,2,A2312,Zabalburu - UPV/EHU  (Juan de Garay),21218.0,13861.0,105.0,4111.0,442.0,803.0,2.0,0.0,74.0,2020-02-01,1,0,,,,,1,2,2020,0.8660254037844386,0.5000000000000001,10956.0,,,,,
2020,3,A2312,Zabalburu - UPV/EHU  (Juan de Garay),9373.0,6109.0,37.0,1775.0,206.0,320.0,0.0,0.0,32.0,2020-03-01,1,0,,,,,1,3,2020,1.0,6.123233995736766e-17,21218.0,,,,,
2020,4,A2312,Zabalburu - UPV/EHU  (Juan de Garay),0.0,,,,,0.0,0.0,0.0,0.0,2020-04-01,1,0,,,,,2,4,2020,0.8660254037844387,-0.4999999999999998,9373.0,10956.0,,13849.0,,
2020,5,A2312,Zabalburu - UPV/EHU  (Juan de Garay),0.0,,,,,0.0,0.0,0.0,0.0,2020-05-01,1,0,,,,,2,5,2020,0.49999999999999994,-0.8660254037844387,0.0,21218.0,,10197.0,,
2020,6,A2312,Zabalburu - UPV/EHU  (Juan de Garay),0.0,,,,,0.0,0.0,0.0,0.0,2020-06-01,1,0,,,,,2,6,2020,1.2246467991473532e-16,-1.0,0.0,9373.0,,3124.3333333333335,,
2020,7,A2312,Zabalburu - UPV/EHU  (Juan de Garay),0.0,,,,,0.0,0.0,0.0,0.0,2020-07-01,1,0,,,,,3,7,2020,-0.4999999999999997,-0.8660254037844388,0.0,0.0,,0.0,6924.5,
2020,8,A2312,Zabalburu - UPV/EHU  (Juan de Garay),10.0,9.0,,,,0.0,0.0,0.0,0.0,2020-08-01,1,0,,,,,3,8,2020,-0.8660254037844385,-0.5000000000000004,0.0,0.0,,0.0,5098.5,
2020,9,A2312,Zabalburu - UPV/EHU  (Juan de Garay),9567.0,7673.0,16.0,855.0,195.0,0.0,0.0,0.0,20.0,2020-09-01,1,0,,,,,3,9,2020,-1.0,-1.8369701987210297e-16,10.0,0.0,,3.3333333333333335,1563.8333333333333,
2020,10,A2312,Zabalburu - UPV/EHU  (Juan de Garay),14486.0,11384.0,16.0,1585.0,291.0,0.0,0.0,1.0,29.0,2020-10-01,1,0,,,,,4,10,2020,-0.8660254037844386,0.5000000000000001,9567.0,0.0,,3192.3333333333335,1596.1666666666667,
2020,11,A2312,Zabalburu - UPV/EHU  (Juan de Garay),14251.0,11325.0,21.0,1472.0,191.0,0.0,0.0,0.0,43.0,2020-11-01,1,0,,,,,4,11,2020,-0.5000000000000004,0.8660254037844384,14486.0,10.0,,8021.0,4010.5,
2020,12,A2312,Zabalburu - UPV/EHU  (Juan de Garay),7848.0,6473.0,12.0,624.0,62.0,0.0,0.0,1.0,16.0,2020-12-01,1,0,,,,,4,12,2020,-2.4492935982947064e-16,1.0,14251.0,9567.0,,12768.0,6385.666666666667,
2021,1,A2312,Zabalburu - UPV/EHU  (Juan de Garay),7894.0,6663.0,11.0,400.0,80.0,68.0,0.0,1.0,27.0,2021-01-01,1,0,9842.0,518.0,820.1666666666666,9.624872993294046,1,1,2021,0.49999999999999994,0.8660254037844387,7848.0,14486.0,10956.0,12195.0,7693.666666666667,7309.083333333333
2021,2,A2312,Zabalburu - UPV/EHU  (Juan de Garay),13446.0,10640.0,21.0,1357.0,175.0,131.0,0.0,0.0,51.0,2021-02-01,1,0,9842.0,518.0,820.1666666666666,16.394228815281448,1,2,2021,0.8660254037844386,0.5000000000000001,7894.0,14251.0,21218.0,9997.666666666666,9009.333333333334,7053.916666666667
2021,3,A2312,Zabalburu - UPV/EHU  (Juan de Garay),13029.0,10423.0,23.0,1144.0,141.0,158.0,0.0,1.0,55.0,2021-03-01,1,0,9842.0,518.0,820.1666666666666,15.885795570006097,1,3,2021,1.0,6.123233995736766e-17,13446.0,7848.0,9373.0,9729.333333333334,11248.666666666666,6406.25
2021,4,A2312,Zabalburu - UPV/EHU  (Juan de Garay),9214.0,7272.0,19.0,854.0,96.0,147.0,0.0,0.0,44.0,2021-04-01,1,0,9842.0,518.0,820.1666666666666,11.234301971144077,2,4,2021,0.8660254037844387,-0.4999999999999998,13029.0,7894.0,0.0,11456.333333333334,11825.666666666666,6710.916666666667
2021,5,A2312,Zabalburu - UPV/EHU  (Juan de Garay),10267.0,8530.0,22.0,651.0,84.0,187.0,0.0,0.0,38.0,2021-05-01,1,0,9842.0,518.0,820.1666666666666,12.518187360292623,2,5,2021,0.49999999999999994,-0.8660254037844387,9214.0,13446.0,0.0,11896.333333333334,10947.0,7478.75
2021,6,A2312,Zabalburu - UPV/EHU  (Juan de Garay),5391.0,4639.0,16.0,185.0,36.0,134.0,0.0,1.0,12.0,2021-06-01,1,0,9842.0,518.0,820.1666666666666,6.573054257264784,2,6,2021,1.2246467991473532e-16,-1.0,10267.0,13029.0,0.0,10836.666666666666,10283.0,8334.333333333334
2021,7,A2312,Zabalburu - UPV/EHU  (Juan de Garay),1070.0,949.0,2.0,36.0,3.0,31.0,0.0,3.0,6.0,2021-07-01,1,0,9842.0,518.0,820.1666666666666,1.304612883560252,3,7,2021,-0.4999999999999997,-0.8660254037844388,5391.0,9214.0,0.0,8290.666666666666,9873.5,8783.583333333334
2021,8,A2312,Zabalburu - UPV/EHU  (Juan de Garay),0.0,,,,,0.0,0.0,0.0,0.0,2021-08-01,1,0,9842.0,518.0,820.1666666666666,0.0,3,8,2021,-0.8660254037844385,-0.5000000000000004,1070.0,10267.0,10.0,5576.0,8736.166666666666,8872.75
2021,9,A2312,Zabalburu - UPV/EHU  (Juan de Garay),10526.0,8212.0,15.0,931.0,56.0,277.0,0.0,1.0,110.0,2021-09-01,1,0,9842.0,518.0,820.1666666666666,12.833976833976834,3,9,2021,-1.0,-1.8369701987210297e-16,0.0,5391.0,9567.0,2153.6666666666665,6495.166666666667,8871.916666666666
2021,10,A2312,Zabalburu - UPV/EHU  (Juan de Garay),15638.0,11222.0,14.0,2146.0,122.0,400.0,0.0,0.0,108.0,2021-10-01,1,0,9842.0,518.0,820.1666666666666,19.066856330014225,4,10,2021,-0.8660254037844386,0.5000000000000001,10526.0,1070.0,14486.0,3865.3333333333335,6078.0,8951.833333333334
2021,11,A2312,Zabalburu - UPV/EHU  (Juan de Garay),17834.0,12456.0,24.0,2722.0,264.0,419.0,0.0,0.0,108.0,2021-11-01,1,0,9842.0,518.0,820.1666666666666,21.74436090225564,4,11,2021,-0.5000000000000004,0.8660254037844384,15638.0,0.0,14251.0,8721.333333333334,7148.666666666667,9047.833333333334
2021,12,A2312,Zabalburu - UPV/EHU  (Juan de Garay),9224.0,6771.0,14.0,1070.0,151.0,199.0,1.0,0.0,63.0,2021-12-01,1,0,9842.0,518.0,820.1666666666666,11.246494614915669,4,12,2021,-2.4492935982947064e-16,1.0,17834.0,10526.0,7848.0,14666.0,8409.833333333334,9346.416666666666
2022,1,A2312,Zabalburu - UPV/EHU  (Juan de Garay),8146.0,6374.0,18.0,767.0,91.0,189.0,0.0,1.0,37.0,2022-01-01,0,0,9766.0,514.0,813.8333333333334,10.009420438255171,1,1,2022,0.49999999999999994,0.8660254037844387,9224.0,15638.0,7894.0,14232.0,9048.666666666666,9461.083333333334
2022,2,A2312,Zabalburu - UPV/EHU  (Juan de Garay),16259.0,11424.0,36.0,2498.0,277.0,371.0,0.0,0.0,103.0,2022-02-01,0,0,9766.0,514.0,813.8333333333334,19.97829203358591,1,2,2022,0.8660254037844386,0.5000000000000001,8146.0,17834.0,13446.0,11734.666666666666,10228.0,9482.083333333334
2022,3,A2312,Zabalburu - UPV/EHU  (Juan de Garay),18529.0,13176.0,55.0,2842.0,308.0,419.0,0.0,0.0,98.0,2022-03-01,0,0,9766.0,514.0,813.8333333333334,22.767560925660455,1,3,2022,1.0,6.123233995736766e-17,16259.0,9224.0,13029.0,11209.666666666666,12937.833333333334,9716.5
2022,4,A2312,Zabalburu - UPV/EHU  (Juan de Garay),10259.0,7738.0,36.0,1118.0,149.0,240.0,0.0,2.0,50.0,2022-04-01,0,0,9766.0,514.0,813.8333333333334,12.60577513823469,2,4,2022,0.8660254037844387,-0.4999999999999998,18529.0,8146.0,9214.0,14311.333333333334,14271.666666666666,10174.833333333334
2022,5,A2312,Zabalburu - UPV/EHU  (Juan de Garay),13078.0,10009.0,37.0,1439.0,117.0,331.0,0.0,2.0,67.0,2022-05-01,0,0,9766.0,514.0,813.8333333333334,16.069629326233873,2,5,2022,0.49999999999999994,-0.8660254037844387,10259.0,16259.0,10267.0,15015.666666666666,13375.166666666666,10261.916666666666
2022,6,A2312,Zabalburu - UPV/EHU  (Juan de Garay),7260.0,6095.0,22.0,393.0,51.0,238.0,0.0,1.0,14.0,2022-06-01,0,0,9766.0,514.0,813.8333333333334,8.920745443374974,2,6,2022,1.2246467991473532e-16,-1.0,13078.0,18529.0,5391.0,13955.333333333334,12582.5,10496.166666666666
2022,7,A2312,Zabalburu - UPV/EHU  (Juan de Garay),945.0,866.0,4.0,1.0,,34.0,0.0,0.0,0.0,2022-07-01,0,0,9766.0,514.0,813.8333333333334,1.1611714110178168,3,7,2022,-0.4999999999999997,-0.8660254037844388,7260.0,10259.0,1070.0,10199.0,12255.166666666666,10651.916666666666
2022,8,A2312,Zabalburu - UPV/EHU  (Juan de Garay),0.0,0.0,,,,0.0,0.0,0.0,0.0,2022-08-01,0,0,9766.0,514.0,813.8333333333334,0.0,3,8,2022,-0.8660254037844385,-0.5000000000000004,945.0,13078.0,0.0,7094.333333333333,11055.0,10641.5
