año,mes,codigo_linea,linea,viajeros_total,creditrans,gizatrans,gazte_70,goro,ocasional,familia_numerosa,menores_6,empresa,fecha,flag_covid,flag_subsidio
2020,1,A3928,ARTEA - ZEBERIO - UGAO MIRABALLES,1999.0,1020.0,725.0,4.0,4.0,167.0,0.0,20.0,13.0,2020-01-01,1,0
2020,2,A3928,ARTEA - ZEBERIO - UGAO MIRABALLES,2118.0,1092.0,735.0,11.0,2.0,211.0,0.0,13.0,7.0,2020-02-01,1,0
2020,3,A3928,ARTEA - ZEBERIO - UGAO MIRABALLES,1019.0,542.0,365.0,1.0,3.0,75.0,0.0,9.0,7.0,2020-03-01,1,0
2020,4,A3928,ARTEA - ZEBERIO - UGAO MIRABALLES,242.0,147.0,93.0,1.0,1.0,0.0,0.0,0.0,0.0,2020-04-01,1,0
2020,5,A3928,ARTEA - ZEBERIO - UGAO MIRABALLES,663.0,383.0,191.0,34.0,48.0,0.0,0.0,0.0,0.0,2020-05-01,1,0
2020,6,A3928,ARTEA - ZEBERIO - UGAO MIRABALLES,1163.0,761.0,373.0,2.0,0.0,0.0,0.0,10.0,4.0,2020-06-01,1,0
2020,7,A3928,ARTEA - ZEBERIO - UGAO MIRABALLES,1357.0,911.0,385.0,1.0,0.0,0.0,0.0,10.0,21.0,2020-07-01,1,0
2020,8,A3928,ARTEA - ZEBERIO - UGAO MIRABALLES,1053.0,652.0,364.0,0.0,0.0,0.0,0.0,10.0,1.0,2020-08-01,1,0
2020,9,A3928,ARTEA - ZEBERIO - UGAO MIRABALLES,1464.0,975.0,448.0,6.0,12.0,0.0,0.0,5.0,2.0,2020-09-01,1,0
2020,10,A3928,ARTEA - ZEBERIO - UGAO MIRABALLES,1499.0,1046.0,412.0,18.0,6.0,0.0,0.0,3.0,1.0,2020-10-01,1,0
2020,11,A3928,ARTEA - ZEBERIO - UGAO MIRABALLES,1157.0,825.0,274.0,45.0,3.0,0.0,0.0,0.0,4.0,2020-11-01,1,0
2020,12,A3928,ARTEA - ZEBERIO - UGAO MIRABALLES,1125.0,775.0,280.0,39.0,4.0,3.0,0.0,2.0,4.0,2020-12-01,1,0
2021,1,A3928,ARTEA - ZEBERIO - UGAO MIRABALLES,1197.0,794.0,327.0,30.0,1.0,23.0,0.0,7.0,3.0,2021-01-01,1,0
2021,2,A3928,ARTEA - ZEBERIO - UGAO MIRABALLES,1230.0,826.0,272.0,3.0,32.0,66.0,0.0,8.0,14.0,2021-02-01,1,0
2021,3,A3928,ARTEA - ZEBERIO - UGAO MIRABALLES,1461.0,1027.0,344.0,16.0,2.0,49.0,0.0,5.0,6.0,2021-03-01,1,0
2021,4,A3928,ARTEA - ZEBERIO - UGAO MIRABALLES,1530.0,1025.0,349.0,17.0,37.0,79.0,0.0,11.0,4.0,2021-04-01,1,0
2021,5,A3928,ARTEA - ZEBERIO - UGAO MIRABALLES,1631.0,1009.0,415.0,17.0,56.0,99.0,0.0,10.0,2.0,2021-05-01,1,0
2021,6,A3928,ARTEA - ZEBERIO - UGAO MIRABALLES,1886.0,1183.0,488.0,5.0,61.0,120.0,0.0,8.0,9.0,2021-06-01,1,0
2021,7,A3928,ARTEA - ZEBERIO - UGAO MIRABALLES,1629.0,1020.0,442.0,1.0,33.0,107.0,0.0,6.0,6.0,2021-07-01,1,0
2021,8,A3928,ARTEA - ZEBERIO - UGAO MIRABALLES,1251.0,732.0,387.0,0.0,20.0,86.0,0.0,7.0,15.0,2021-08-01,1,0
2021,9,A3928,ARTEA - ZEBERIO - UGAO MIRABALLES,1631.0,945.0,457.0,24.0,56.0,127.0,0.0,4.0,5.0,2021-09-01,1,0
2021,10,A3928,ARTEA - ZEBERIO - UGAO MIRABALLES,1795.0,990.0,544.0,26.0,54.0,119.0,0.0,15.0,16.0,2021-10-01,1,0
2021,11,A3928,ARTEA - ZEBERIO - UGAO MIRABALLES,1602.0,896.0,466.0,1.0,92.0,107.0,0.0,12.0,6.0,2021-11-01,1,0
2021,12,A3928,ARTEA - ZEBERIO - UGAO MIRABALLES,1408.0,750.0,427.0,6.0,83.0,121.0,0.0,6.0,8.0,2021-12-01,1,0
2022,1,A3928,ARTEA - ZEBERIO - UGAO MIRABALLES,1162.0,652.0,343.0,2.0,66.0,74.0,0.0,10.0,5.0,2022-01-01,0,0
2022,2,A3928,ARTEA - ZEBERIO - UGAO MIRABALLES,1552.0,823.0,444.0,4.0,109.0,105.0,0.0,31.0,13.0,2022-02-01,0,0
2022,3,A3928,ARTEA - ZEBERIO - UGAO MIRABALLES,1600.0,823.0,459.0,3.0,114.0,159.0,0.0,4.0,8.0,2022-03-01,0,0
2022,4,A3928,ARTEA - ZEBERIO - UGAO MIRABALLES,1320.0,685.0,372.0,1.0,89.0,114.0,0.0,9.0,9.0,2022-04-01,0,0
2022,5,A3928,ARTEA - ZEBERIO - UGAO MIRABALLES,1687.0,918.0,463.0,4.0,104.0,124.0,0.0,25.0,13.0,2022-05-01,0,0
2022,6,A3928,ARTEA - ZEBERIO - UGAO MIRABALLES,1958.0,1127.0,595.0,0.0,39.0,148.0,0.0,11.0,5.0,2022-06-01,0,0
2022,7,A3928,ARTEA - ZEBERIO - UGAO MIRABALLES,1728.0,920.0,520.0,2.0,57.0,153.0,0.0,27.0,3.0,2022-07-01,0,0
2022,8,A3928,ARTEA - ZEBERIO - UGAO MIRABALLES,1498.0,731.0,564.0,3.0,55.0,97.0,0.0,26.0,11.0,2022-08-01,0,0
2022,9,A3928,ARTEA - ZEBERIO - UGAO MIRABALLES,1991.0,1129.0,655.0,6.0,73.0,74.0,0.0,11.0,11.0,2022-09-01,0,1
2022,10,A3928,ARTEA - ZEBERIO - UGAO MIRABALLES,2006.0,1124.0,678.0,14.0,41.0,102.0,0.0,13.0,13.0,2022-10-01,0,1
2022,11,A3928,ARTEA - ZEBERIO - UGAO MIRABALLES,1748.0,1047.0,538.0,1.0,25.0,102.0,0.0,13.0,13.0,2022-11-01,0,1
2022,12,A3928,ARTEA - ZEBERIO - UGAO MIRABALLES,1813.0,1053.0,572.0,0.0,24.0,124.0,0.0,13.0,19.0,2022-12-01,0,1
2023,1,A3928,ARTEA - ZEBERIO - UGAO MIRABALLES,1986.0,1112.0,702.0,3.0,25.0,117.0,0.0,0.0,7.0,2023-01-01,0,1
2023,2,A3928,ARTEA - ZEBERIO - UGAO MIRABALLES,2066.0,1172.0,674.0,11.0,24.0,139.0,0.0,8.0,15.0,2023-02-01,0,1
2023,3,A3928,ARTEA - ZEBERIO - UGAO MIRABALLES,2463.0,1529.0,735.0,7.0,13.0,140.0,0.0,8.0,21.0,2023-03-01,0,1
2023,4,A3928,ARTEA - ZEBERIO - UGAO MIRABALLES,1976.0,1175.0,648.0,1.0,24.0,85.0,0.0,15.0,16.0,2023-04-01,0,1
2023,5,A3928,ARTEA - ZEBERIO - UGAO MIRABALLES,2271.0,1413.0,707.0,0.0,22.0,90.0,0.0,3.0,5.0,2023-05-01,0,1
2023,6,A3928,ARTEA - ZEBERIO - UGAO MIRABALLES,2437.0,1541.0,678.0,7.0,34.0,112.0,0.0,21.0,20.0,2023-06-01,0,1
2023,7,A3928,ARTEA - ZEBERIO - UGAO MIRABALLES,2249.0,1309.0,729.0,0.0,51.0,114.0,0.0,26.0,8.0,2023-07-01,0,1
2023,8,A3928,ARTEA - ZEBERIO - UGAO MIRABALLES,1991.0,1112.0,688.0,2.0,46.0,107.0,0.0,9.0,12.0,2023-08-01,0,1
2023,9,A3928,ARTEA - ZEBERIO - UGAO MIRABALLES,2480.0,1495.0,748.0,0.0,67.0,130.0,0.0,10.0,7.0,2023-09-01,0,1
2023,10,A3928,ARTEA - ZEBERIO - UGAO MIRABALLES,2414.0,1474.0,758.0,1.0,36.0,108.0,0.0,13.0,2.0,2023-10-01,0,1
2023,11,A3928,ARTEA - ZEBERIO - UGAO MIRABALLES,2256.0,1375.0,716.0,2.0,44.0,96.0,0.0,9.0,6.0,2023-11-01,0,1
2023,12,A3928,ARTEA - ZEBERIO - UGAO MIRABALLES,2100.0,1222.0,682.0,0.0,58.0,99.0,0.0,15.0,12.0,2023-12-01,0,1
2024,1,A3928,ARTEA - ZEBERIO - UGAO MIRABALLES,2.376,1431.0,767.0,0.0,47.0,89.0,0.0,16.0,8.0,2024-01-01,0,1
2024,2,A3928,ARTEA - ZEBERIO - UGAO MIRABALLES,2373.0,1468.0,724.0,2.0,35.0,78.0,0.0,13.0,6.0,2024-02-01,0,1
2024,3,A3928,ARTEA - ZEBERIO - UGAO MIRABALLES,2378.0,1394.0,738.0,1.0,30.0,111.0,0.0,14.0,16.0,2024-03-01,0,1
2024,4,A3928,ARTEA - ZEBERIO - UGAO MIRABALLES,2438.0,1474.0,752.0,1.0,69.0,90.0,0.0,19.0,3.0,2024-04-01,0,1
2024,5,A3928,ARTEA - ZEBERIO - UGAO MIRABALLES,2417.0,1432.0,694.0,1.0,22.0,114.0,0.0,32.0,8.0,2024-05-01,0,1
2024,6,A3928,ARTEA - ZEBERIO - UGAO MIRABALLES,2790.0,1665.0,812.0,4.0,17.0,97.0,0.0,20.0,4.0,2024-06-01,0,1
2024,7,A3928,ARTEA - ZEBERIO - UGAO MIRABALLES,2325.0,1230.0,777.0,17.0,30.0,116.0,0.0,17.0,5.0,2024-07-01,0,1
2024,8,A3928,ARTEA - ZEBERIO - UGAO MIRABALLES,2104.0,1053.0,771.0,17.0,21.0,123.0,0.0,24.0,15.0,2024-08-01,0,1
2024,9,A3928,ARTEA - ZEBERIO - UGAO MIRABALLES,2526.0,1371.0,820.0,1.0,56.0,143.0,0.0,41.0,7.0,2024-09-01,0,1
2024,10,A3928,ARTEA - ZEBERIO - UGAO MIRABALLES,2639.0,1521.0,879.0,0.0,38.0,123.0,0.0,15.0,5.0,2024-10-01,0,1
2024,11,A3928,ARTEA - ZEBERIO - UGAO MIRABALLES,2483.0,1466.0,831.0,2.0,15.0,110.0,0.0,13.0,6.0,2024-11-01,0,1
2024,12,A3928,ARTEA - ZEBERIO - UGAO MIRABALLES,2053.0,1194.0,686.0,1.0,17.0,92.0,0.0,18.0,6.0,2024-12-01,0,1
2025,1,A3928,ARTEA - ZEBERIO - UGAO MIRABALLES,2114.0,1146.0,743.0,4.0,48.0,95.0,0.0,15.0,7.0,2025-01-01,0,1
2025,2,A3928,ARTEA - ZEBERIO - UGAO MIRABALLES,2179.0,1229.0,696.0,7.0,72.0,71.0,0.0,6.0,9.0,2025-02-01,0,1
2025,3,A3928,ARTEA - ZEBERIO - UGAO MIRABALLES,2451.0,1348.0,815.0,2.0,81.0,105.0,0.0,12.0,11.0,2025-03-01,0,1
2025,4,A3928,ARTEA - ZEBERIO - UGAO MIRABALLES,2122.0,1143.0,726.0,4.0,52.0,70.0,0.0,39.0,8.0,2025-04-01,0,1
2025,5,A3928,ARTEA - ZEBERIO - UGAO MIRABALLES,2369.0,1244.0,769.0,1.0,110.0,95.0,0.0,41.0,18.0,2025-05-01,0,1
2025,6,A3928,ARTEA - ZEBERIO - UGAO MIRABALLES,2181.0,1080.0,808.0,0.0,70.0,76.0,0.0,46.0,10.0,2025-06-01,0,1
2025,7,A3928,ARTEA - ZEBERIO - UGAO MIRABALLES,2184.0,1071.0,748.0,1.0,47.0,96.0,0.0,55.0,21.0,2025-07-01,0,1
2025,8,A3928,ARTEA - ZEBERIO - UGAO MIRABALLES,1810.0,946.0,691.0,4.0,21.0,58.0,0.0,35.0,4.0,2025-08-01,0,1
2025,9,A3928,ARTEA - ZEBERIO - UGAO MIRABALLES,2197.0,1252.0,724.0,17.0,39.0,71.0,0.0,33.0,4.0,2025-09-01,0,1
2025,10,A3928,ARTEA - ZEBERIO - UGAO MIRABALLES,2502.0,1489.0,746.0,39.0,42.0,62.0,0.0,52.0,11.0,2025-10-01,0,1
2025,11,A3928,ARTEA - ZEBERIO - UGAO MIRABALLES,2180.0,1272.0,628.0,44.0,33.0,63.0,0.0,78.0,13.0,2025-11-01,0,1
2025,12,A3928,ARTEA - ZEBERIO - UGAO MIRABALLES,2251.0,1414.0,598.0,57.0,26.0,51.0,0.0,49.0,11.0,2025-12-01,0,1
2020,1,A2162,Andra Mari/Santa Maria Getxo-UPV/EHU (Algorta),5671.0,3475.0,335.0,758.0,235.0,343.0,0.0,14.0,74.0,2020-01-01,1,0
2020,2,A2162,Andra Mari/Santa Maria Getxo-UPV/EHU (Algorta),9436.0,4867.0,354.0,2260.0,433.0,479.0,0.0,23.0,70.0,2020-02-01,1,0
2020,3,A2162,Andra Mari/Santa Maria Getxo-UPV/EHU (Algorta),4007.0,2013.0,140.0,1033.0,177.0,174.0,1.0,14.0,42.0,2020-03-01,1,0
2020,4,A2162,Andra Mari/Santa Maria Getxo-UPV/EHU (Algorta),0.0,,,,,,,,,2020-04-01,1,0
2020,5,A2162,Andra Mari/Santa Maria Getxo-UPV/EHU (Algorta),0.0,,,,,,,,,2020-05-01,1,0
2020,6,A2162,Andra Mari/Santa Maria Getxo-UPV/EHU (Algorta),0.0,,,,,,,,,2020-06-01,1,0
2020,7,A2162,Andra Mari/Santa Maria Getxo-UPV/EHU (Algorta),0.0,,,,,,,,,2020-07-01,1,0
2020,8,A2162,Andra Mari/Santa Maria Getxo-UPV/EHU (Algorta),0.0,,,,,,,,,2020-08-01,1,0
2020,9,A2162,Andra Mari/Santa Maria Getxo-UPV/EHU (Algorta),5045.0,3492.0,225.0,611.0,127.0,,,8.0,24.0,2020-09-01,1,0
2020,10,A2162,Andra Mari/Santa Maria Getxo-UPV/EHU (Algorta),7222.0,4619.0,285.0,1201.0,282.0,,,6.0,41.0,2020-10-01,1,0
2020,11,A2162,Andra Mari/Santa Maria Getxo-UPV/EHU (Algorta),5467.0,3544.0,218.0,877.0,204.0,,,9.0,28.0,2020-11-01,1,0
2020,12,A2162,Andra Mari/Santa Maria Getxo-UPV/EHU (Algorta),3349.0,2478.0,128.0,308.0,87.0,0.0,0.0,2.0,20.0,2020-12-01,1,0
2021,1,A2162,Andra Mari/Santa Maria Getxo-UPV/EHU (Algorta),3452.0,2581.0,121.0,227.0,93.0,62.0,0.0,4.0,22.0,2021-01-01,1,0
2021,2,A2162,Andra Mari/Santa Maria Getxo-UPV/EHU (Algorta),6113.0,4125.0,213.0,830.0,189.0,85.0,1.0,10.0,42.0,2021-02-01,1,0
2021,3,A2162,Andra Mari/Santa Maria Getxo-UPV/EHU (Algorta),6055.0,4102.0,236.0,715.0,188.0,86.0,0.0,12.0,63.0,2021-03-01,1,0
2021,4,A2162,Andra Mari/Santa Maria Getxo-UPV/EHU (Algorta),4517.0,3108.0,172.0,561.0,78.0,84.0,,15.0,49.0,2021-04-01,1,0
2021,5,A2162,Andra Mari/Santa Maria Getxo-UPV/EHU (Algorta),5439.0,3892.0,336.0,448.0,55.0,157.0,0.0,11.0,27.0,2021-05-01,1,0
2021,6,A2162,Andra Mari/Santa Maria Getxo-UPV/EHU (Algorta),3882.0,2984.0,278.0,117.0,31.0,127.0,0.0,9.0,26.0,2021-06-01,1,0
2021,7,A2162,Andra Mari/Santa Maria Getxo-UPV/EHU (Algorta),698.0,547.0,65.0,20.0,6.0,26.0,,2.0,7.0,2021-07-01,1,0
2021,8,A2162,Andra Mari/Santa Maria Getxo-UPV/EHU (Algorta),0.0,,,,,,,,,2021-08-01,1,0
2021,9,A2162,Andra Mari/Santa Maria Getxo-UPV/EHU (Algorta),5887.0,4001.0,279.0,544.0,197.0,204.0,,22.0,67.0,2021-09-01,1,0
2021,10,A2162,Andra Mari/Santa Maria Getxo-UPV/EHU (Algorta),8298.0,4975.0,357.0,1264.0,386.0,276.0,,14.0,74.0,2021-10-01,1,0
2021,11,A2162,Andra Mari/Santa Maria Getxo-UPV/EHU (Algorta),9528.0,5436.0,381.0,1638.0,527.0,282.0,0.0,43.0,72.0,2021-11-01,1,0
2021,12,A2162,Andra Mari/Santa Maria Getxo-UPV/EHU (Algorta),5357.0,3305.0,242.0,691.0,217.0,240.0,,33.0,36.0,2021-12-01,1,0
2022,1,A2162,Andra Mari/Santa Maria Getxo-UPV/EHU (Algorta),4941.0,3281.0,279.0,434.0,214.0,190.0,,46.0,24.0,2022-01-01,0,0
2022,2,A2162,Andra Mari/Santa Maria Getxo-UPV/EHU (Algorta),9179.0,5374.0,406.0,1534.0,468.0,329.0,,50.0,40.0,2022-02-01,0,0
2022,3,A2162,Andra Mari/Santa Maria Getxo-UPV/EHU (Algorta),10044.0,5752.0,457.0,1794.0,434.0,341.0,0.0,47.0,63.0,2022-03-01,0,0
2022,4,A2162,Andra Mari/Santa Maria Getxo-UPV/EHU (Algorta),5528.0,3448.0,245.0,799.0,196.0,178.0,,42.0,30.0,2022-04-01,0,0
2022,5,A2162,Andra Mari/Santa Maria Getxo-UPV/EHU (Algorta),7545.0,4644.0,421.0,1018.0,276.0,273.0,,72.0,72.0,2022-05-01,0,0
2022,6,A2162,Andra Mari/Santa Maria Getxo-UPV/EHU (Algorta),4524.0,3261.0,348.0,203.0,62.0,209.0,1.0,44.0,32.0,2022-06-01,0,0
2022,7,A2162,Andra Mari/Santa Maria Getxo-UPV/EHU (Algorta),727.0,566.0,68.0,12.0,5.0,35.0,,6.0,2.0,2022-07-01,0,0
2022,8,A2162,Andra Mari/Santa Maria Getxo-UPV/EHU (Algorta),2.0,,,,,,,,2.0,2022-08-01,0,0
2022,9,A2162,Andra Mari/Santa Maria Getxo-UPV/EHU (Algorta),7842.0,4651.0,273.0,1566.0,383.0,179.0,,19.0,58.0,2022-09-01,0,1
2022,10,A2162,Andra Mari/Santa Maria Getxo-UPV/EHU (Algorta),9751.0,5329.0,375.0,2124.0,563.0,140.0,,30.0,97.0,2022-10-01,0,1
2022,11,A2162,Andra Mari/Santa Maria Getxo-UPV/EHU (Algorta),11140.0,6230.0,461.0,2450.0,565.0,154.0,,14.0,113.0,2022-11-01,0,1
2022,12,A2162,Andra Mari/Santa Maria Getxo-UPV/EHU (Algorta),5813.0,3559.0,262.0,976.0,257.0,94.0,,9.0,73.0,2022-12-01,0,1
2023,1,A2162,Andra Mari/Santa Maria Getxo-UPV/EHU (Algorta),5643.0,3724.0,248.0,715.0,225.0,105.0,,10.0,58.0,2023-01-01,0,1
2023,2,A2162,Andra Mari/Santa Maria Getxo-UPV/EHU (Algorta),7909.0,4558.0,289.0,1559.0,372.0,138.0,,21.0,88.0,2023-02-01,0,1
2023,3,A2162,Andra Mari/Santa Maria Getxo-UPV/EHU (Algorta),8776.0,5161.0,322.0,1706.0,417.0,146.0,,50.0,57.0,2023-03-01,0,1
2023,4,A2162,Andra Mari/Santa Maria Getxo-UPV/EHU (Algorta),4214.0,2707.0,175.0,636.0,147.0,68.0,,23.0,39.0,2023-04-01,0,1
2023,5,A2162,Andra Mari/Santa Maria Getxo-UPV/EHU (Algorta),7533.0,4926.0,401.0,940.0,261.0,127.0,,54.0,46.0,2023-05-01,0,1
2023,6,A2162,Andra Mari/Santa Maria Getxo-UPV/EHU (Algorta),5107.0,3685.0,417.0,292.0,124.0,90.0,,46.0,21.0,2023-06-01,0,1
2023,7,A2162,Andra Mari/Santa Maria Getxo-UPV/EHU (Algorta),638.0,473.0,66.0,22.0,13.0,9.0,,5.0,2.0,2023-07-01,0,1
2023,8,A2162,Andra Mari/Santa Maria Getxo-UPV/EHU (Algorta),0.0,,,,,,,,,2023-08-01,0,1
2023,9,A2162,Andra Mari/Santa Maria Getxo-UPV/EHU (Algorta),7700.0,4815.0,231.0,1408.0,384.0,157.0,2.0,16.0,52.0,2023-09-01,0,1
2023,10,A2162,Andra Mari/Santa Maria Getxo-UPV/EHU (Algorta),10746.0,6468.0,415.0,2135.0,544.0,186.0,0.0,24.0,58.0,2023-10-01,0,1
2023,11,A2162,Andra Mari/Santa Maria Getxo-UPV/EHU (Algorta),11231.0,6870.0,321.0,2196.0,597.0,196.0,0.0,19.0,77.0,2023-11-01,0,1
2023,12,A2162,Andra Mari/Santa Maria Getxo-UPV/EHU (Algorta),6275.0,4114.0,202.0,956.0,319.0,124.0,0.0,22.0,43.0,2023-12-01,0,1
2024,1,A2162,Andra Mari/Santa Maria Getxo-UPV/EHU (Algorta),7338.0,4870.0,339.0,913.0,232.0,155.0,,21.0,43.0,2024-01-01,0,1
2024,2,A2162,Andra Mari/Santa Maria Getxo-UPV/EHU (Algorta),10560.0,6557.0,347.0,1758.0,313.0,180.0,,22.0,44.0,2024-02-01,0,1
2024,3,A2162,Andra Mari/Santa Maria Getxo-UPV/EHU (Algorta),8155.0,4681.0,307.0,1458.0,343.0,128.0,,24.0,35.0,2024-03-01,0,1
2024,4,A2162,Andra Mari/Santa Maria Getxo-UPV/EHU (Algorta),8197.0,4778.0,291.0,1495.0,311.0,144.0,0.0,24.0,47.0,2024-04-01,0,1
2024,5,A2162,Andra Mari/Santa Maria Getxo-UPV/EHU (Algorta),8668.0,5286.0,399.0,1257.0,403.0,168.0,0.0,29.0,38.0,2024-05-01,0,1
2024,6,A2162,Andra Mari/Santa Maria Getxo-UPV/EHU (Algorta),8805.0,3894.0,291.0,813.0,1116.0,150.0,0.0,29.0,48.0,2024-06-01,0,1
2024,7,A2162,Andra Mari/Santa Maria Getxo-UPV/EHU (Algorta),781.0,554.0,56.0,30.0,35.0,17.0,0.0,1.0,2.0,2024-07-01,0,1
2024,8,A2162,Andra Mari/Santa Maria Getxo-UPV/EHU (Algorta),0.0,0.0,0.0,0.0,0.0,0.0,0.0,0.0,0.0,2024-08-01,0,1
2024,9,A2162,Andra Mari/Santa Maria Getxo-UPV/EHU (Algorta),9467.0,5437.0,249.0,1573.0,636.0,120.0,0.0,20.0,43.0,2024-09-01,0,1
2024,10,A2162,Andra Mari/Santa Maria Getxo-UPV/EHU (Algorta),9898.0,5171.0,276.0,1812.0,679.0,144.0,0.0,46.0,36.0,2024-10-01,0,1
2024,11,A2162,Andra Mari/Santa Maria Getxo-UPV/EHU (Algorta),11907.0,6082.0,327.0,2363.0,802.0,163.0,0.0,72.0,58.0,2024-11-01,0,1
2024,12,A2162,Andra Mari/Santa Maria Getxo-UPV/EHU (Algorta),7889.0,4260.0,226.0,1262.0,556.0,125.0,0.0,21.0,14.0,2024-12-01,0,1
2025,1,A2162,Andra Mari/Santa Maria Getxo-UPV/EHU (Algorta),8444.0,4753.0,283.0,1143.0,564.0,177.0,2.0,30.0,18.0,2025-01-01,0,1
2025,2,A2162,Andra Mari/Santa Maria Getxo-UPV/EHU (Algorta),12217.0,6166.0,383.0,2197.0,856.0,114.0,0.0,33.0,67.0,2025-02-01,0,1
2025,3,A2162,Andra Mari/Santa Maria Getxo-UPV/EHU (Algorta),11652.0,5869.0,358.0,1987.0,872.0,144.0,0.0,40.0,45.0,2025-03-01,0,1
2025,4,A2162,Andra Mari/Santa Maria Getxo-UPV/EHU (Algorta),7960.0,4255.0,271.0,1229.0,566.0,79.0,0.0,31.0,32.0,2025-04-01,0,1
2025,5,A2162,Andra Mari/Santa Maria Getxo-UPV/EHU (Algorta),9852.0,5619.0,380.0,1367.0,571.0,138.0,0.0,50.0,38.0,2025-05-01,0,1
2025,6,A2162,Andra Mari/Santa Maria Getxo-UPV/EHU (Algorta),6356.0,4090.0,362.0,415.0,225.0,84.0,0.0,58.0,32.0,2025-06-01,0,1
2025,7,A2162,Andra Mari/Santa Maria Getxo-UPV/EHU (Algorta),1633.0,1082.0,124.0,64.0,23.0,30.0,0.0,38.0,8.0,2025-07-01,0,1
2025,8,A2162,Andra Mari/Santa Maria Getxo-UPV/EHU (Algorta),0.0,0.0,0.0,0.0,0.0,0.0,0.0,0.0,0.0,2025-08-01,0,1
2025,9,A2162,Andra Mari/Santa Maria Getxo-UPV/EHU (Algorta),10864.0,5837.0,301.0,2098.0,697.0,113.0,0.0,50.0,16.0,2025-09-01,0,1
2025,10,A2162,Andra Mari/Santa Maria Getxo-UPV/EHU (Algorta),14680.0,7317.0,467.0,3127.0,1029.0,154.0,0.0,87.0,50.0,2025-10-01,0,1
2025,11,A2162,Andra Mari/Santa Maria Getxo-UPV/EHU (Algorta),12810.0,6235.0,434.0,2700.0,884.0,116.0,0.0,53.0,29.0,2025-11-01,0,1
2025,12,A2162,Andra Mari/Santa Maria Getxo-UPV/EHU (Algorta),8282.0,4415.0,289.0,1554.0,492.0,64.0,0.0,37.0,30.0,2025-12-01,0,1
2020,1,A2164,Andra Mari/Santa Maria Getxo-UPV/EHU (Fadura),1367.0,885.0,34.0,185.0,48.0,53.0,0.0,14.0,14.0,2020-01-01,1,0
2020,2,A2164,Andra Mari/Santa Maria Getxo-UPV/EHU (Fadura),2635.0,1193.0,60.0,791.0,131.0,56.0,0.0,15.0,35.0,2020-02-01,1,0
2020,3,A2164,Andra Mari/Santa Maria Getxo-UPV/EHU (Fadura),1113.0,535.0,18.0,336.0,51.0,28.0,0.0,7.0,9.0,2020-03-01,1,0
2020,4,A2164,Andra Mari/Santa Maria Getxo-UPV/EHU (Fadura),0.0,,,,,,,,,2020-04-01,1,0
2020,5,A2164,Andra Mari/Santa Maria Getxo-UPV/EHU (Fadura),0.0,,,,,,,,,2020-05-01,1,0
2020,6,A2164,Andra Mari/Santa Maria Getxo-UPV/EHU (Fadura),0.0,,,,,,,,,2020-06-01,1,0
2020,7,A2164,Andra Mari/Santa Maria Getxo-UPV/EHU (Fadura),0.0,,,,,,,,,2020-07-01,1,0
2020,8,A2164,Andra Mari/Santa Maria Getxo-UPV/EHU (Fadura),0.0,,,,,,,,,2020-08-01,1,0
2020,9,A2164,Andra Mari/Santa Maria Getxo-UPV/EHU (Fadura),1409.0,974.0,21.0,190.0,25.0,,,2.0,10.0,2020-09-01,1,0
2020,10,A2164,Andra Mari/Santa Maria Getxo-UPV/EHU (Fadura),1850.0,1133.0,16.0,337.0,82.0,,,,6.0,2020-10-01,1,0
2020,11,A2164,Andra Mari/Santa Maria Getxo-UPV/EHU (Fadura),1388.0,835.0,6.0,299.0,41.0,,,2.0,6.0,2020-11-01,1,0
2020,12,A2164,Andra Mari/Santa Maria Getxo-UPV/EHU (Fadura),707.0,460.0,15.0,110.0,20.0,0.0,0.0,0.0,0.0,2020-12-01,1,0
2021,1,A2164,Andra Mari/Santa Maria Getxo-UPV/EHU (Fadura),695.0,527.0,12.0,73.0,7.0,10.0,0.0,2.0,3.0,2021-01-01,1,0
2021,2,A2164,Andra Mari/Santa Maria Getxo-UPV/EHU (Fadura),1547.0,970.0,5.0,305.0,25.0,12.0,0.0,1.0,9.0,2021-02-01,1,0
2021,3,A2164,Andra Mari/Santa Maria Getxo-UPV/EHU (Fadura),1376.0,896.0,10.0,227.0,35.0,15.0,0.0,2.0,12.0,2021-03-01,1,0
2021,4,A2164,Andra Mari/Santa Maria Getxo-UPV/EHU (Fadura),962.0,579.0,21.0,188.0,25.0,14.0,,1.0,9.0,2021-04-01,1,0
2021,5,A2164,Andra Mari/Santa Maria Getxo-UPV/EHU (Fadura),1119.0,773.0,33.0,132.0,8.0,26.0,0.0,5.0,5.0,2021-05-01,1,0
2021,6,A2164,Andra Mari/Santa Maria Getxo-UPV/EHU (Fadura),144.0,102.0,3.0,8.0,1.0,3.0,0.0,1.0,1.0,2021-06-01,1,0
2021,7,A2164,Andra Mari/Santa Maria Getxo-UPV/EHU (Fadura),0.0,,,,,,,,,2021-07-01,1,0
2021,8,A2164,Andra Mari/Santa Maria Getxo-UPV/EHU (Fadura),0.0,,,,,,,,,2021-08-01,1,0
2021,9,A2164,Andra Mari/Santa Maria Getxo-UPV/EHU (Fadura),1188.0,721.0,21.0,154.0,41.0,30.0,,8.0,20.0,2021-09-01,1,0
2021,10,A2164,Andra Mari/Santa Maria Getxo-UPV/EHU (Fadura),1962.0,1099.0,24.0,369.0,97.0,52.0,,5.0,9.0,2021-10-01,1,0
2021,11,A2164,Andra Mari/Santa Maria Getxo-UPV/EHU (Fadura),2410.0,1225.0,32.0,532.0,151.0,54.0,0.0,3.0,5.0,2021-11-01,1,0
2021,12,A2164,Andra Mari/Santa Maria Getxo-UPV/EHU (Fadura),1268.0,713.0,17.0,239.0,42.0,30.0,,7.0,7.0,2021-12-01,1,0
2022,1,A2164,Andra Mari/Santa Maria Getxo-UPV/EHU (Fadura),1032.0,627.0,17.0,129.0,46.0,47.0,,5.0,5.0,2022-01-01,0,0
2022,2,A2164,Andra Mari/Santa Maria Getxo-UPV/EHU (Fadura),2024.0,1062.0,26.0,511.0,95.0,33.0,,9.0,8.0,2022-02-01,0,0
2022,3,A2164,Andra Mari/Santa Maria Getxo-UPV/EHU (Fadura),2340.0,1153.0,47.0,621.0,109.0,59.0,0.0,16.0,12.0,2022-03-01,0,0
2022,4,A2164,Andra Mari/Santa Maria Getxo-UPV/EHU (Fadura),1310.0,752.0,27.0,260.0,59.0,24.0,,6.0,2.0,2022-04-01,0,0
2022,5,A2164,Andra Mari/Santa Maria Getxo-UPV/EHU (Fadura),1625.0,995.0,46.0,261.0,60.0,46.0,,17.0,3.0,2022-05-01,0,0
2022,6,A2164,Andra Mari/Santa Maria Getxo-UPV/EHU (Fadura),168.0,131.0,3.0,4.0,,5.0,,1.0,0.0,2022-06-01,0,0
2022,7,A2164,Andra Mari/Santa Maria Getxo-UPV/EHU (Fadura),0.0,,,,,,,,,2022-07-01,0,0
2022,8,A2164,Andra Mari/Santa Maria Getxo-UPV/EHU (Fadura),0.0,,,,,,,,,2022-08-01,0,0
2022,9,A2164,Andra Mari/Santa Maria Getxo-UPV/EHU (Fadura),1974.0,1020.0,19.0,528.0,99.0,27.0,,4.0,10.0,2022-09-01,0,1
2022,10,A2164,Andra Mari/Santa Maria Getxo-UPV/EHU (Fadura),2564.0,1239.0,63.0,715.0,135.0,17.0,,3.0,16.0,2022-10-01,0,1
2022,11,A2164,Andra Mari/Santa Maria Getxo-UPV/EHU (Fadura),2737.0,1335.0,76.0,740.0,120.0,28.0,,2.0,21.0,2022-11-01,0,1
2022,12,A2164,Andra Mari/Santa Maria Getxo-UPV/EHU (Fadura),1366.0,756.0,46.0,281.0,54.0,24.0,,4.0,9.0,2022-12-01,0,1
2023,1,A2164,Andra Mari/Santa Maria Getxo-UPV/EHU (Fadura),823.0,512.0,39.0,110.0,35.0,14.0,,3.0,8.0,2023-01-01,0,1
2023,2,A2164,Andra Mari/Santa Maria Getxo-UPV/EHU (Fadura),1443.0,759.0,26.0,370.0,60.0,16.0,,1.0,3.0,2023-02-01,0,1
2023,3,A2164,Andra Mari/Santa Maria Getxo-UPV/EHU (Fadura),1365.0,759.0,28.0,341.0,48.0,12.0,,10.0,7.0,2023-03-01,0,1
2023,4,A2164,Andra Mari/Santa Maria Getxo-UPV/EHU (Fadura),750.0,473.0,22.0,156.0,18.0,8.0,,7.0,3.0,2023-04-01,0,1
2023,5,A2164,Andra Mari/Santa Maria Getxo-UPV/EHU (Fadura),1201.0,790.0,51.0,175.0,37.0,12.0,,19.0,5.0,2023-05-01,0,1
2023,6,A2164,Andra Mari/Santa Maria Getxo-UPV/EHU (Fadura),86.0,57.0,4.0,7.0,6.0,0.0,,3.0,0.0,2023-06-01,0,1
2023,7,A2164,Andra Mari/Santa Maria Getxo-UPV/EHU (Fadura),8.0,5.0,,1.0,1.0,,,,,2023-07-01,0,1
2023,8,A2164,Andra Mari/Santa Maria Getxo-UPV/EHU (Fadura),0.0,,,,,,,,,2023-08-01,0,1
2023,9,A2164,Andra Mari/Santa Maria Getxo-UPV/EHU (Fadura),1684.0,918.0,21.0,447.0,77.0,34.0,0.0,4.0,9.0,2023-09-01,0,1
2023,10,A2164,Andra Mari/Santa Maria Getxo-UPV/EHU (Fadura),2302.0,1173.0,43.0,637.0,125.0,21.0,0.0,1.0,8.0,2023-10-01,0,1
2023,11,A2164,Andra Mari/Santa Maria Getxo-UPV/EHU (Fadura),2275.0,1175.0,35.0,620.0,143.0,27.0,0.0,1.0,17.0,2023-11-01,0,1
2023,12,A2164,Andra Mari/Santa Maria Getxo-UPV/EHU (Fadura),1122.0,625.0,17.0,242.0,72.0,23.0,0.0,3.0,7.0,2023-12-01,0,1
2024,1,A2164,Andra Mari/Santa Maria Getxo-UPV/EHU (Fadura),1263.0,777.0,29.0,198.0,46.0,18.0,,11.0,8.0,2024-01-01,0,1
2024,2,A2164,Andra Mari/Santa Maria Getxo-UPV/EHU (Fadura),2111.0,1228.0,44.0,474.0,83.0,24.0,,4.0,11.0,2024-02-01,0,1
2024,3,A2164,Andra Mari/Santa Maria Getxo-UPV/EHU (Fadura),1636.0,891.0,50.0,362.0,65.0,17.0,,10.0,10.0,2024-03-01,0,1
2024,4,A2164,Andra Mari/Santa Maria Getxo-UPV/EHU (Fadura),1610.0,841.0,39.0,399.0,66.0,16.0,0.0,8.0,4.0,2024-04-01,0,1
2024,5,A2164,Andra Mari/Santa Maria Getxo-UPV/EHU (Fadura),1535.0,858.0,36.0,308.0,56.0,19.0,0.0,12.0,2.0,2024-05-01,0,1
2024,6,A2164,Andra Mari/Santa Maria Getxo-UPV/EHU (Fadura),0.0,0.0,0.0,0.0,0.0,0.0,0.0,0.0,0.0,2024-06-01,0,1
2024,7,A2164,Andra Mari/Santa Maria Getxo-UPV/EHU (Fadura),0.0,0.0,0.0,0.0,0.0,0.0,0.0,0.0,0.0,2024-07-01,0,1
2024,8,A2164,Andra Mari/Santa Maria Getxo-UPV/EHU (Fadura),0.0,0.0,0.0,0.0,0.0,0.0,0.0,0.0,0.0,2024-08-01,0,1
2024,9,A2164,Andra Mari/Santa Maria Getxo-UPV/EHU (Fadura),1912.0,991.0,33.0,318.0,163.0,12.0,0.0,5.0,7.0,2024-09-01,0,1
2024,10,A2164,Andra Mari/Santa Maria Getxo-UPV/EHU (Fadura),1670.0,828.0,22.0,330.0,132.0,24.0,0.0,6.0,2.0,2024-10-01,0,1
2024,11,A2164,Andra Mari/Santa Maria Getxo-UPV/EHU (Fadura),2116.0,972.0,26.0,449.0,173.0,31.0,0.0,9.0,4.0,2024-11-01,0,1
2024,12,A2164,Andra Mari/Santa Maria Getxo-UPV/EHU (Fadura),1225.0,683.0,19.0,210.0,92.0,18.0,0.0,4.0,0.0,2024-12-01,0,1
2025,1,A2164,Andra Mari/Santa Maria Getxo-UPV/EHU (Fadura),1291.0,752.0,28.0,156.0,99.0,12.0,0.0,4.0,1.0,2025-01-01,0,1
2025,2,A2164,Andra Mari/Santa Maria Getxo-UPV/EHU (Fadura),2206.0,1033.0,34.0,469.0,169.0,17.0,0.0,0.0,6.0,2025-02-01,0,1
2025,3,A2164,Andra Mari/Santa Maria Getxo-UPV/EHU (Fadura),2015.0,965.0,33.0,407.0,149.0,12.0,0.0,4.0,22.0,2025-03-01,0,1
2025,4,A2164,Andra Mari/Santa Maria Getxo-UPV/EHU (Fadura),1377.0,686.0,21.0,240.0,104.0,4.0,0.0,5.0,7.0,2025-04-01,0,1
2025,5,A2164,Andra Mari/Santa Maria Getxo-UPV/EHU (Fadura),1562.0,831.0,40.0,201.0,130.0,12.0,0.0,2.0,10.0,2025-05-01,0,1
2025,6,A2164,Andra Mari/Santa Maria Getxo-UPV/EHU (Fadura),255.0,153.0,7.0,19.0,14.0,4.0,0.0,1.0,3.0,2025-06-01,0,1
2025,7,A2164,Andra Mari/Santa Maria Getxo-UPV/EHU (Fadura),0.0,0.0,0.0,0.0,0.0,0.0,0.0,0.0,0.0,2025-07-01,0,1
2025,8,A2164,Andra Mari/Santa Maria Getxo-UPV/EHU (Fadura),0.0,0.0,0.0,0.0,0.0,0.0,0.0,0.0,0.0,2025-08-01,0,1
2025,9,A2164,Andra Mari/Santa Maria Getxo-UPV/EHU (Fadura),2097.0,1082.0,31.0,424.0,150.0,14.0,0.0,0.0,13.0,2025-09-01,0,1
2025,10,A2164,Andra Mari/Santa Maria Getxo-UPV/EHU (Fadura),2532.0,1111.0,26.0,620.0,196.0,7.0,0.0,2.0,1.0,2025-10-01,0,1
2025,11,A2164,Andra Mari/Santa Maria Getxo-UPV/EHU (Fadura),2188.0,923.0,24.0,552.0,191.0,11.0,0.0,3.0,2.0,2025-11-01,0,1
2025,12,A2164,Andra Mari/Santa Maria Getxo-UPV/EHU (Fadura),1319.0,632.0,21.0,265.0,120.0,8.0,0.0,2.0,1.0,2025-12-01,0,1
2020,1,A2151,Areeta/Las Arenas-LARRABETZU,14284.0,8830.0,2083.0,1322.0,488.0,797.0,2.0,82.0,41.0,2020-01-01,1,0
2020,2,A2151,Areeta/Las Arenas-LARRABETZU,14832.0,9108.0,2192.0,1342.0,558.0,761.0,3.0,112.0,66.0,2020-02-01,1,0
2020,3,A2151,Areeta/Las Arenas-LARRABETZU,7761.0,4994.0,922.0,748.0,302.0,377.0,3.0,44.0,21.0,2020-03-01,1,0
2020,4,A2151,Areeta/Las Arenas-LARRABETZU,1633.0,1382.0,156.0,35.0,27.0,,,3.0,6.0,2020-04-01,1,0
2020,5,A2151,Areeta/Las Arenas-LARRABETZU,4346.0,3554.0,490.0,72.0,50.0,0.0,0.0,4.0,23.0,2020-05-01,1,0
2020,6,A2151,Areeta/Las Arenas-LARRABETZU,9218.0,7064.0,1234.0,267.0,150.0,0.0,0.0,60.0,57.0,2020-06-01,1,0
2020,7,A2151,Areeta/Las Arenas-LARRABETZU,10463.0,7855.0,1500.0,206.0,283.0,0.0,0.0,57.0,38.0,2020-07-01,1,0
2020,8,A2151,Areeta/Las Arenas-LARRABETZU,7241.0,5359.0,1176.0,181.0,146.0,0.0,0.0,63.0,42.0,2020-08-01,1,0
2020,9,A2151,Areeta/Las Arenas-LARRABETZU,11365.0,8021.0,1660.0,578.0,471.0,,,47.0,65.0,2020-09-01,1,0
2020,10,A2151,Areeta/Las Arenas-LARRABETZU,11074.0,7659.0,1340.0,896.0,603.0,,,38.0,23.0,2020-10-01,1,0
2020,11,A2151,Areeta/Las Arenas-LARRABETZU,9337.0,6674.0,977.0,748.0,409.0,,,25.0,42.0,2020-11-01,1,0
2020,12,A2151,Areeta/Las Arenas-LARRABETZU,7911.0,5654.0,1012.0,425.0,324.0,37.0,0.0,47.0,27.0,2020-12-01,1,0
2021,1,A2151,Areeta/Las Arenas-LARRABETZU,8172.0,5837.0,933.0,545.0,311.0,138.0,0.0,56.0,37.0,2021-01-01,1,0
2021,2,A2151,Areeta/Las Arenas-LARRABETZU,9691.0,6803.0,1001.0,697.0,414.0,239.0,0.0,52.0,60.0,2021-02-01,1,0
2021,3,A2151,Areeta/Las Arenas-LARRABETZU,11655.0,7951.0,1379.0,1018.0,439.0,269.0,2.0,60.0,60.0,2021-03-01,1,0
2021,4,A2151,Areeta/Las Arenas-LARRABETZU,10719.0,7381.0,1213.0,814.0,372.0,327.0,,67.0,81.0,2021-04-01,1,0
2021,5,A2151,Areeta/Las Arenas-LARRABETZU,12373.0,8397.0,1520.0,884.0,474.0,371.0,1.0,89.0,62.0,2021-05-01,1,0
2021,6,A2151,Areeta/Las Arenas-LARRABETZU,12003.0,8147.0,1866.0,433.0,410.0,485.0,0.0,113.0,71.0,2021-06-01,1,0
2021,7,A2151,Areeta/Las Arenas-LARRABETZU,11679.0,7880.0,1844.0,245.0,397.0,574.0,1.0,191.0,99.0,2021-07-01,1,0
2021,8,A2151,Areeta/Las Arenas-LARRABETZU,9267.0,6054.0,1665.0,197.0,230.0,530.0,2.0,151.0,132.0,2021-08-01,1,0
2021,9,A2151,Areeta/Las Arenas-LARRABETZU,13135.0,8622.0,1807.0,750.0,501.0,622.0,8.0,122.0,116.0,2021-09-01,1,0
2021,10,A2151,Areeta/Las Arenas-LARRABETZU,13515.0,8356.0,1970.0,1003.0,577.0,642.0,13.0,101.0,115.0,2021-10-01,1,0
2021,11,A2151,Areeta/Las Arenas-LARRABETZU,13458.0,8574.0,1898.0,1023.0,489.0,611.0,3.0,74.0,148.0,2021-11-01,1,0
2021,12,A2151,Areeta/Las Arenas-LARRABETZU,11058.0,7070.0,1632.0,579.0,398.0,591.0,3.0,111.0,122.0,2021-12-01,1,0
2022,1,A2151,Areeta/Las Arenas-LARRABETZU,11108.0,6937.0,1644.0,798.0,375.0,564.0,,103.0,140.0,2022-01-01,0,0
2022,2,A2151,Areeta/Las Arenas-LARRABETZU,12688.0,8008.0,1861.0,923.0,522.0,606.0,,117.0,148.0,2022-02-01,0,0
2022,3,A2151,Areeta/Las Arenas-LARRABETZU,16140.0,10206.0,2068.0,1362.0,702.0,793.0,0.0,143.0,166.0,2022-03-01,0,0
2022,4,A2151,Areeta/Las Arenas-LARRABETZU,11972.0,7852.0,1589.0,728.0,433.0,654.0,,119.0,145.0,2022-04-01,0,0
2022,5,A2151,Areeta/Las Arenas-LARRABETZU,16023.0,10624.0,2097.0,1016.0,571.0,890.0,,129.0,180.0,2022-05-01,0,0
2022,6,A2151,Areeta/Las Arenas-LARRABETZU,15228.0,10509.0,2086.0,444.0,393.0,839.0,2.0,206.0,209.0,2022-06-01,0,0
2022,7,A2151,Areeta/Las Arenas-LARRABETZU,13644.0,9347.0,1990.0,301.0,353.0,823.0,4.0,229.0,148.0,2022-07-01,0,0
2022,8,A2151,Areeta/Las Arenas-LARRABETZU,10480.0,6914.0,1731.0,159.0,212.0,793.0,0.0,161.0,117.0,2022-08-01,0,0
2022,9,A2151,Areeta/Las Arenas-LARRABETZU,15664.0,10653.0,2080.0,848.0,542.0,546.0,1.0,180.0,175.0,2022-09-01,0,1
2022,10,A2151,Areeta/Las Arenas-LARRABETZU,16207.0,11098.0,1978.0,1187.0,693.0,429.0,,146.0,161.0,2022-10-01,0,1
2022,11,A2151,Areeta/Las Arenas-LARRABETZU,16350.0,11131.0,1992.0,1106.0,872.0,456.0,1.0,95.0,163.0,2022-11-01,0,1
2022,12,A2151,Areeta/Las Arenas-LARRABETZU,12662.0,8606.0,1624.0,722.0,654.0,387.0,,85.0,124.0,2022-12-01,0,1
2023,1,A2151,Areeta/Las Arenas-LARRABETZU,12571.0,8602.0,1736.0,705.0,657.0,351.0,3.0,55.0,104.0,2023-01-01,0,1
2023,2,A2151,Areeta/Las Arenas-LARRABETZU,12352.0,8389.0,1634.0,802.0,741.0,253.0,5.0,49.0,111.0,2023-02-01,0,1
2023,3,A2151,Areeta/Las Arenas-LARRABETZU,13579.0,9028.0,1857.0,865.0,936.0,292.0,,59.0,108.0,2023-03-01,0,1
2023,4,A2151,Areeta/Las Arenas-LARRABETZU,9119.0,6026.0,1331.0,529.0,532.0,226.0,,63.0,84.0,2023-04-01,0,1
2023,5,A2151,Areeta/Las Arenas-LARRABETZU,14521.0,9769.0,2009.0,823.0,746.0,360.0,,101.0,154.0,2023-05-01,0,1
2023,6,A2151,Areeta/Las Arenas-LARRABETZU,14880.0,10186.0,2078.0,553.0,843.0,442.0,2.0,102.0,134.0,2023-06-01,0,1
2023,7,A2151,Areeta/Las Arenas-LARRABETZU,13367.0,9183.0,2113.0,368.0,579.0,474.0,1.0,163.0,103.0,2023-07-01,0,1
2023,8,A2151,Areeta/Las Arenas-LARRABETZU,10864.0,7753.0,1606.0,189.0,369.0,445.0,0.0,157.0,86.0,2023-08-01,0,1
2023,9,A2151,Areeta/Las Arenas-LARRABETZU,16630.0,11336.0,2066.0,940.0,810.0,557.0,0.0,135.0,170.0,2023-09-01,0,1
2023,10,A2151,Areeta/Las Arenas-LARRABETZU,17726.0,11726.0,2141.0,1151.0,1206.0,530.0,0.0,139.0,218.0,2023-10-01,0,1
2023,11,A2151,Areeta/Las Arenas-LARRABETZU,16721.0,11006.0,2094.0,1138.0,1274.0,423.0,0.0,77.0,179.0,2023-11-01,0,1
2023,12,A2151,Areeta/Las Arenas-LARRABETZU,12632.0,8505.0,1718.0,700.0,747.0,376.0,1.0,88.0,146.0,2023-12-01,0,1
2024,1,A2151,Areeta/Las Arenas-LARRABETZU,14884.0,9137.0,1875.0,880.0,894.0,442.0,,82.0,149.0,2024-01-01,0,1
2024,2,A2151,Areeta/Las Arenas-LARRABETZU,16035.0,9961.0,1860.0,1062.0,974.0,407.0,0.0,78.0,152.0,2024-02-01,0,1
2024,3,A2151,Areeta/Las Arenas-LARRABETZU,15074.0,9047.0,1814.0,964.0,980.0,367.0,,87.0,133.0,2024-03-01,0,1
2024,4,A2151,Areeta/Las Arenas-LARRABETZU,17163.0,10418.0,2045.0,994.0,1071.0,423.0,0.0,79.0,170.0,2024-04-01,0,1
2024,5,A2151,Areeta/Las Arenas-LARRABETZU,18356.0,10966.0,2270.0,969.0,1092.0,428.0,3.0,88.0,139.0,2024-05-01,0,1
2024,6,A2151,Areeta/Las Arenas-LARRABETZU,13486.0,10348.0,2114.0,0.0,3.0,440.0,0.0,120.0,114.0,2024-06-01,0,1
2024,7,A2151,Areeta/Las Arenas-LARRABETZU,15950.0,9939.0,2355.0,340.0,512.0,592.0,0.0,208.0,78.0,2024-07-01,0,1
2024,8,A2151,Areeta/Las Arenas-LARRABETZU,12554.0,7773.0,1862.0,291.0,464.0,582.0,0.0,137.0,75.0,2024-08-01,0,1
2024,9,A2151,Areeta/Las Arenas-LARRABETZU,18387.0,10669.0,2246.0,1219.0,991.0,521.0,0.0,125.0,140.0,2024-09-01,0,1
2024,10,A2151,Areeta/Las Arenas-LARRABETZU,16360.0,8980.0,2157.0,1182.0,1038.0,366.0,0.0,88.0,138.0,2024-10-01,0,1
2024,11,A2151,Areeta/Las Arenas-LARRABETZU,17926.0,9811.0,2348.0,1377.0,1198.0,386.0,1.0,86.0,123.0,2024-11-01,0,1
2024,12,A2151,Areeta/Las Arenas-LARRABETZU,14795.0,8148.0,1966.0,987.0,877.0,346.0,0.0,90.0,152.0,2024-12-01,0,1
2025,1,A2151,Areeta/Las Arenas-LARRABETZU,17041.0,9704.0,2127.0,1037.0,1028.0,313.0,1.0,102.0,171.0,2025-01-01,0,1
2025,2,A2151,Areeta/Las Arenas-LARRABETZU,18266.0,10112.0,2195.0,1364.0,1154.0,282.0,0.0,78.0,156.0,2025-02-01,0,1
2025,3,A2151,Areeta/Las Arenas-LARRABETZU,20143.0,11137.0,2454.0,1232.0,1314.0,359.0,1.0,112.0,179.0,2025-03-01,0,1
2025,4,A2151,Areeta/Las Arenas-LARRABETZU,17680.0,9951.0,2270.0,993.0,1096.0,323.0,1.0,113.0,175.0,2025-04-01,0,1
2025,5,A2151,Areeta/Las Arenas-LARRABETZU,20567.0,11767.0,2485.0,1110.0,1290.0,371.0,1.0,104.0,184.0,2025-05-01,0,1
2025,6,A2151,Areeta/Las Arenas-LARRABETZU,19329.0,11527.0,2409.0,673.0,1010.0,360.0,0.0,179.0,197.0,2025-06-01,0,1
2025,7,A2151,Areeta/Las Arenas-LARRABETZU,16951.0,10338.0,2444.0,387.0,732.0,323.0,0.0,168.0,81.0,2025-07-01,0,1
2025,8,A2151,Areeta/Las Arenas-LARRABETZU,12956.0,7827.0,1854.0,268.0,518.0,446.0,0.0,134.0,80.0,2025-08-01,0,1
2025,9,A2151,Areeta/Las Arenas-LARRABETZU,20605.0,11767.0,2444.0,1319.0,1258.0,357.0,3.0,109.0,96.0,2025-09-01,0,1
2025,10,A2151,Areeta/Las Arenas-LARRABETZU,22044.0,12273.0,2591.0,1633.0,1479.0,276.0,2.0,88.0,118.0,2025-10-01,0,1
2025,11,A2151,Areeta/Las Arenas-LARRABETZU,19065.0,10541.0,2183.0,1243.0,1422.0,263.0,0.0,78.0,95.0,2025-11-01,0,1
2025,12,A2151,Areeta/Las Arenas-LARRABETZU,17482.0,9829.0,2196.0,903.0,1213.0,240.0,1.0,95.0,114.0,2025-12-01,0,1
2020,1,A3913,Arrazola - DURANGO,9336.0,4179.0,2466.0,774.0,236.0,902.0,4.0,158.0,36.0,2020-01-01,1,0
2020,2,A3913,Arrazola - DURANGO,10064.0,4462.0,2634.0,901.0,236.0,986.0,1.0,171.0,36.0,2020-02-01,1,0
2020,3,A3913,Arrazola - DURANGO,4794.0,2403.0,1043.0,420.0,122.0,369.0,0.0,87.0,29.0,2020-03-01,1,0
2020,4,A3913,Arrazola - DURANGO,754.0,547.0,186.0,4.0,0.0,0.0,0.0,0.0,0.0,2020-04-01,1,0
2020,5,A3913,Arrazola - DURANGO,2163.0,1406.0,651.0,10.0,0.0,0.0,0.0,3.0,12.0,2020-05-01,1,0
2020,6,A3913,Arrazola - DURANGO,5282.0,3415.0,1470.0,28.0,24.0,0.0,0.0,32.0,10.0,2020-06-01,1,0
2020,7,A3913,Arrazola - DURANGO,6440.0,4136.0,1833.0,31.0,36.0,0.0,0.0,96.0,9.0,2020-07-01,1,0
2020,8,A3913,Arrazola - DURANGO,4651.0,3164.0,1161.0,9.0,29.0,0.0,0.0,64.0,7.0,2020-08-01,1,0
2020,9,A3913,Arrazola - DURANGO,7090.0,4299.0,1755.0,391.0,179.0,0.0,0.0,52.0,12.0,2020-09-01,1,0
2020,10,A3913,Arrazola - DURANGO,7525.0,4403.0,1620.0,812.0,207.0,0.0,0.0,52.0,11.0,2020-10-01,1,0
2020,11,A3913,Arrazola - DURANGO,6353.0,3529.0,1341.0,847.0,175.0,0.0,0.0,44.0,24.0,2020-11-01,1,0
2020,12,A3913,Arrazola - DURANGO,6650.0,3915.0,1415.0,615.0,150.0,31.0,0.0,62.0,15.0,2020-12-01,1,0
2021,1,A3913,Arrazola - DURANGO,6670.0,3916.0,1179.0,678.0,143.0,161.0,0.0,73.0,27.0,2021-01-01,1,0
2021,2,A3913,Arrazola - DURANGO,6351.0,3656.0,1042.0,797.0,134.0,188.0,0.0,83.0,40.0,2021-02-01,1,0
2021,3,A3913,Arrazola - DURANGO,8082.0,4473.0,1560.0,831.0,157.0,444.0,1.0,128.0,39.0,2021-03-01,1,0
2021,4,A3913,Arrazola - DURANGO,7612.0,4163.0,1540.0,734.0,153.0,477.0,0.0,134.0,20.0,2021-04-01,1,0
2021,5,A3913,Arrazola - DURANGO,8149.0,4312.0,1933.0,680.0,122.0,511.0,0.0,148.0,38.0,2021-05-01,1,0
2021,6,A3913,Arrazola - DURANGO,8666.0,5029.0,2058.0,417.0,79.0,587.0,0.0,136.0,27.0,2021-06-01,1,0
2021,7,A3913,Arrazola - DURANGO,7426.0,4483.0,1697.0,116.0,75.0,634.0,0.0,171.0,10.0,2021-07-01,1,0
2021,8,A3913,Arrazola - DURANGO,4884.0,2831.0,1205.0,19.0,34.0,513.0,1.0,116.0,8.0,2021-08-01,1,0
2021,9,A3913,Arrazola - DURANGO,8800.0,4871.0,1888.0,735.0,146.0,619.0,0.0,106.0,24.0,2021-09-01,1,0
2021,10,A3913,Arrazola - DURANGO,9276.0,4551.0,1988.0,1012.0,290.0,703.0,0.0,159.0,29.0,2021-10-01,1,0
2021,11,A3913,Arrazola - DURANGO,9006.0,4585.0,1837.0,1050.0,282.0,550.0,0.0,109.0,46.0,2021-11-01,1,0
2021,12,A3913,Arrazola - DURANGO,8378.0,4448.0,1642.0,759.0,220.0,676.0,0.0,120.0,28.0,2021-12-01,1,0
2022,1,A3913,Arrazola - DURANGO,7705.0,4083.0,1519.0,784.0,233.0,505.0,0.0,101.0,39.0,2022-01-01,0,0
2022,2,A3913,Arrazola - DURANGO,8278.0,4236.0,1697.0,876.0,278.0,579.0,1.0,64.0,31.0,2022-02-01,0,0
2022,3,A3913,Arrazola - DURANGO,9356.0,4783.0,1985.0,971.0,297.0,577.0,0.0,127.0,60.0,2022-03-01,0,0
2022,4,A3913,Arrazola - DURANGO,7477.0,4037.0,1643.0,602.0,134.0,578.0,0.0,88.0,18.0,2022-04-01,0,0
2022,5,A3913,Arrazola - DURANGO,8903.0,4663.0,2052.0,799.0,122.0,628.0,0.0,134.0,33.0,2022-05-01,0,0
2022,6,A3913,Arrazola - DURANGO,7787.0,4106.0,2033.0,399.0,40.0,622.0,0.0,140.0,38.0,2022-06-01,0,0
2022,7,A3913,Arrazola - DURANGO,7394.0,4020.0,2061.0,175.0,26.0,675.0,1.0,173.0,15.0,2022-07-01,0,0
2022,8,A3913,Arrazola - DURANGO,5452.0,3190.0,1353.0,53.0,21.0,471.0,2.0,112.0,17.0,2022-08-01,0,0
2022,9,A3913,Arrazola - DURANGO,9547.0,5216.0,2190.0,819.0,280.0,464.0,0.0,149.0,19.0,2022-09-01,0,1
2022,10,A3913,Arrazola - DURANGO,11002.0,6092.0,2422.0,1092.0,344.0,378.0,1.0,138.0,27.0,2022-10-01,0,1
2022,11,A3913,Arrazola - DURANGO,10301.0,5634.0,2162.0,1114.0,380.0,378.0,1.0,138.0,27.0,2022-11-01,0,1
2022,12,A3913,Arrazola - DURANGO,9980.0,5667.0,2165.0,879.0,188.0,411.0,0.0,163.0,36.0,2022-12-01,0,1
2023,1,A3913,Arrazola - DURANGO,9848.0,5660.0,2024.0,881.0,310.0,330.0,0.0,107.0,33.0,2023-01-01,0,1
2023,2,A3913,Arrazola - DURANGO,10550.0,6008.0,2205.0,937.0,350.0,339.0,0.0,144.0,37.0,2023-02-01,0,1
2023,3,A3913,Arrazola - DURANGO,11767.0,6754.0,2375.0,1089.0,384.0,336.0,0.0,153.0,61.0,2023-03-01,0,1
2023,4,A3913,Arrazola - DURANGO,9739.0,5875.0,2004.0,585.0,185.0,437.0,9.0,148.0,37.0,2023-04-01,0,1
2023,5,A3913,Arrazola - DURANGO,11536.0,6785.0,2476.0,728.0,319.0,443.0,0.0,177.0,48.0,2023-05-01,0,1
2023,6,A3913,Arrazola - DURANGO,11437.0,7092.0,2472.0,443.0,174.0,479.0,0.0,198.0,42.0,2023-06-01,0,1
2023,7,A3913,Arrazola - DURANGO,9665.0,6246.0,2214.0,142.0,57.0,434.0,0.0,199.0,22.0,2023-07-01,0,1
2023,8,A3913,Arrazola - DURANGO,7035.0,4494.0,1554.0,56.0,25.0,395.0,9.0,243.0,15.0,2023-08-01,0,1
2023,9,A3913,Arrazola - DURANGO,12848.0,7768.0,2319.0,1046.0,353.0,448.0,1.0,202.0,24.0,2023-09-01,0,1
2023,10,A3913,Arrazola - DURANGO,14245.0,8151.0,2633.0,1266.0,687.0,475.0,0.0,220.0,30.0,2023-10-01,0,1
2023,11,A3913,Arrazola - DURANGO,13377.0,7463.0,2592.0,1199.0,723.0,441.0,0.0,177.0,34.0,2023-11-01,0,1
2023,12,A3913,Arrazola - DURANGO,12509.0,7242.0,2546.0,905.0,510.0,407.0,0.0,188.0,26.0,2023-12-01,0,1
2024,1,A3913,Arrazola - DURANGO,12.383,6823.0,2451.0,1115.0,480.0,450.0,0.0,119.0,29.0,2024-01-01,0,1
2024,2,A3913,Arrazola - DURANGO,14035.0,8349.0,2739.0,975.0,460.0,444.0,0.0,143.0,39.0,2024-02-01,0,1
2024,3,A3913,Arrazola - DURANGO,12589.0,7400.0,2465.0,879.0,431.0,350.0,0.0,210.0,33.0,2024-03-01,0,1
2024,4,A3913,Arrazola - DURANGO,12439.0,7167.0,2496.0,870.0,435.0,378.0,0.0,143.0,32.0,2024-04-01,0,1
2024,5,A3913,Arrazola - DURANGO,13544.0,7755.0,2610.0,1020.0,447.0,410.0,0.0,185.0,42.0,2024-05-01,0,1
2024,6,A3913,Arrazola - DURANGO,13241.0,8078.0,2673.0,534.0,318.0,427.0,0.0,168.0,55.0,2024-06-01,0,1
2024,7,A3913,Arrazola - DURANGO,11676.0,7620.0,2450.0,193.0,179.0,390.0,0.0,245.0,38.0,2024-07-01,0,1
2024,8,A3913,Arrazola - DURANGO,8013.0,4987.0,1922.0,73.0,125.0,317.0,0.0,138.0,15.0,2024-08-01,0,1
2024,9,A3913,Arrazola - DURANGO,13685.0,7760.0,2490.0,961.0,665.0,398.0,0.0,148.0,42.0,2024-09-01,0,1
2024,10,A3913,Arrazola - DURANGO,15528.0,8377.0,2786.0,1394.0,828.0,454.0,0.0,236.0,41.0,2024-10-01,0,1
2024,11,A3913,Arrazola - DURANGO,13898.0,7525.0,2727.0,1163.0,709.0,352.0,0.0,108.0,18.0,2024-11-01,0,1
2024,12,A3913,Arrazola - DURANGO,13232.0,7491.0,2551.0,952.0,470.0,446.0,0.0,148.0,34.0,2024-12-01,0,1
2025,1,A3913,Arrazola - DURANGO,13496.0,7574.0,2499.0,1111.0,413.0,389.0,0.0,121.0,20.0,2025-01-01,0,1
2025,2,A3913,Arrazola - DURANGO,14379.0,7588.0,2845.0,1131.0,562.0,399.0,0.0,172.0,60.0,2025-02-01,0,1
2025,3,A3913,Arrazola - DURANGO,15132.0,8264.0,2868.0,1027.0,564.0,412.0,0.0,238.0,38.0,2025-03-01,0,1
2025,4,A3913,Arrazola - DURANGO,12896.0,7150.0,2578.0,779.0,424.0,297.0,0.0,225.0,34.0,2025-04-01,0,1
2025,5,A3913,Arrazola - DURANGO,14574.0,7990.0,2925.0,894.0,483.0,340.0,0.0,250.0,44.0,2025-05-01,0,1
2025,6,A3913,Arrazola - DURANGO,12900.0,7531.0,2703.0,407.0,364.0,349.0,0.0,213.0,43.0,2025-06-01,0,1
2025,7,A3913,Arrazola - DURANGO,12261.0,7602.0,2751.0,240.0,184.0,333.0,0.0,265.0,28.0,2025-07-01,0,1
2025,8,A3913,Arrazola - DURANGO,8793.0,5646.0,2021.0,115.0,84.0,262.0,0.0,204.0,27.0,2025-08-01,0,1
2025,9,A3913,Arrazola - DURANGO,14550.0,8448.0,2944.0,953.0,377.0,334.0,0.0,239.0,42.0,2025-09-01,0,1
2025,10,A3913,Arrazola - DURANGO,15240.0,8379.0,3069.0,1125.0,637.0,299.0,0.0,298.0,34.0,2025-10-01,0,1
2025,11,A3913,Arrazola - DURANGO,14119.0,7660.0,2907.0,1021.0,554.0,313.0,1.0,279.0,44.0,2025-11-01,0,1
2025,12,A3913,Arrazola - DURANGO,19772.0,13657.0,2720.0,737.0,469.0,337.0,0.0,303.0,53.0,2025-12-01,0,1
2020,1,A3248,Astrabudua-erandiogoikoa-SONDIKA,1125.0,694.0,255.0,23.0,10.0,54.0,0.0,8.0,61.0,2020-01-01,1,0
2020,2,A3248,Astrabudua-erandiogoikoa-SONDIKA,1188.0,730.0,252.0,35.0,18.0,48.0,0.0,13.0,54.0,2020-02-01,1,0
2020,3,A3248,Astrabudua-erandiogoikoa-SONDIKA,579.0,355.0,104.0,33.0,22.0,31.0,0.0,7.0,13.0,2020-03-01,1,0
2020,4,A3248,Astrabudua-erandiogoikoa-SONDIKA,1.0,,,,1.0,,,,,2020-04-01,1,0
2020,5,A3248,Astrabudua-erandiogoikoa-SONDIKA,292.0,228.0,53.0,,1.0,0.0,0.0,1.0,2.0,2020-05-01,1,0
2020,6,A3248,Astrabudua-erandiogoikoa-SONDIKA,748.0,524.0,174.0,2.0,10.0,0.0,0.0,3.0,15.0,2020-06-01,1,0
2020,7,A3248,Astrabudua-erandiogoikoa-SONDIKA,895.0,592.0,266.0,,10.0,0.0,0.0,6.0,19.0,2020-07-01,1,0
2020,8,A3248,Astrabudua-erandiogoikoa-SONDIKA,833.0,515.0,282.0,1.0,2.0,0.0,0.0,4.0,9.0,2020-08-01,1,0
2020,9,A3248,Astrabudua-erandiogoikoa-SONDIKA,937.0,567.0,294.0,13.0,10.0,,,12.0,28.0,2020-09-01,1,0
2020,10,A3248,Astrabudua-erandiogoikoa-SONDIKA,907.0,583.0,271.0,11.0,7.0,,,,10.0,2020-10-01,1,0
2020,11,A3248,Astrabudua-erandiogoikoa-SONDIKA,643.0,397.0,189.0,8.0,6.0,,,1.0,12.0,2020-11-01,1,0
2020,12,A3248,Astrabudua-erandiogoikoa-SONDIKA,747.0,479.0,219.0,9.0,13.0,0.0,0.0,1.0,11.0,2020-12-01,1,0
2020,1,A0654,BALMASEDA - Gurutzeta/Cruces - UPV/EHU,7406.0,3840.0,1937.0,309.0,293.0,607.0,10.0,119.0,36.0,2020-01-01,1,0
2020,2,A0654,BALMASEDA - Gurutzeta/Cruces - UPV/EHU,8217.0,3854.0,1968.0,760.0,550.0,563.0,4.0,93.0,64.0,2020-02-01,1,0
2020,3,A0654,BALMASEDA - Gurutzeta/Cruces - UPV/EHU,4015.0,2190.0,878.0,322.0,205.0,220.0,0.0,36.0,26.0,2020-03-01,1,0
2020,4,A0654,BALMASEDA - Gurutzeta/Cruces - UPV/EHU,744.0,620.0,116.0,0.0,2.0,0.0,0.0,2.0,1.0,2020-04-01,1,0
2020,5,A0654,BALMASEDA - Gurutzeta/Cruces - UPV/EHU,1864.0,1330.0,495.0,4.0,5.0,0.0,0.0,4.0,7.0,2020-05-01,1,0
2020,6,A0654,BALMASEDA - Gurutzeta/Cruces - UPV/EHU,3772.0,2556.0,1044.0,16.0,25.0,0.0,0.0,37.0,29.0,2020-06-01,1,0
2020,7,A0654,BALMASEDA - Gurutzeta/Cruces - UPV/EHU,3904.0,2612.0,1087.0,47.0,25.0,0.0,0.0,26.0,15.0,2020-07-01,1,0
2020,8,A0654,BALMASEDA - Gurutzeta/Cruces - UPV/EHU,2875.0,1965.0,757.0,45.0,14.0,0.0,0.0,37.0,18.0,2020-08-01,1,0
2020,9,A0654,BALMASEDA - Gurutzeta/Cruces - UPV/EHU,5420.0,3357.0,1190.0,388.0,195.0,0.0,0.0,42.0,26.0,2020-09-01,1,0
2020,10,A0654,BALMASEDA - Gurutzeta/Cruces - UPV/EHU,6078.0,3724.0,1069.0,533.0,474.0,0.0,0.0,24.0,35.0,2020-10-01,1,0
2020,11,A0654,BALMASEDA - Gurutzeta/Cruces - UPV/EHU,5305.0,3408.0,843.0,351.0,418.0,0.0,0.0,28.0,25.0,2020-11-01,1,0
2020,12,A0654,BALMASEDA - Gurutzeta/Cruces - UPV/EHU,4445.0,2964.0,923.0,190.0,165.0,13.0,0.0,22.0,20.0,2020-12-01,1,0
2021,1,A0654,BALMASEDA - Gurutzeta/Cruces - UPV/EHU,4344.0,2805.0,899.0,154.0,174.0,73.0,1.0,73.0,46.0,2021-01-01,1,0
2021,2,A0654,BALMASEDA - Gurutzeta/Cruces - UPV/EHU,5346.0,3330.0,955.0,319.0,300.0,114.0,0.0,65.0,45.0,2021-02-01,1,0
2021,3,A0654,BALMASEDA - Gurutzeta/Cruces - UPV/EHU,6425.0,3966.0,1283.0,302.0,358.0,165.0,2.0,88.0,35.0,2021-03-01,1,0
2021,4,A0654,BALMASEDA - Gurutzeta/Cruces - UPV/EHU,5153.0,3206.0,1207.0,189.0,188.0,129.0,3.0,44.0,31.0,2021-04-01,1,0
2021,5,A0654,BALMASEDA - Gurutzeta/Cruces - UPV/EHU,6207.0,3813.0,1521.0,206.0,228.0,194.0,2.0,51.0,29.0,2021-05-01,1,0
2021,6,A0654,BALMASEDA - Gurutzeta/Cruces - UPV/EHU,5560.0,3531.0,1464.0,42.0,85.0,218.0,1.0,71.0,26.0,2021-06-01,1,0
2021,7,A0654,BALMASEDA - Gurutzeta/Cruces - UPV/EHU,4657.0,2946.0,1227.0,16.0,36.0,225.0,2.0,89.0,37.0,2021-07-01,1,0
2021,8,A0654,BALMASEDA - Gurutzeta/Cruces - UPV/EHU,3525.0,2270.0,935.0,5.0,22.0,150.0,0.0,58.0,26.0,2021-08-01,1,0
2021,9,A0654,BALMASEDA - Gurutzeta/Cruces - UPV/EHU,6075.0,3631.0,1293.0,238.0,296.0,268.0,0.0,96.0,35.0,2021-09-01,1,0
2021,10,A0654,BALMASEDA - Gurutzeta/Cruces - UPV/EHU,7127.0,4016.0,1352.0,552.0,477.0,234.0,1.0,70.0,42.0,2021-10-01,1,0
2021,11,A0654,BALMASEDA - Gurutzeta/Cruces - UPV/EHU,7827.0,4308.0,1481.0,745.0,532.0,262.0,1.0,61.0,53.0,2021-11-01,1,0
2021,12,A0654,BALMASEDA - Gurutzeta/Cruces - UPV/EHU,6625.0,3906.0,1468.0,355.0,229.0,252.0,0.0,77.0,51.0,2021-12-01,1,0
2022,1,A0654,BALMASEDA - Gurutzeta/Cruces - UPV/EHU,5958.0,3544.0,1262.0,340.0,273.0,218.0,0.0,54.0,36.0,2022-01-01,0,0
2022,2,A0654,BALMASEDA - Gurutzeta/Cruces - UPV/EHU,7659.0,4196.0,1439.0,827.0,429.0,285.0,0.0,65.0,47.0,2022-02-01,0,0
2022,3,A0654,BALMASEDA - Gurutzeta/Cruces - UPV/EHU,9335.0,5055.0,1803.0,951.0,540.0,361.0,0.0,82.0,74.0,2022-03-01,0,0
2022,4,A0654,BALMASEDA - Gurutzeta/Cruces - UPV/EHU,6692.0,3994.0,1438.0,321.0,306.0,284.0,1.0,100.0,47.0,2022-04-01,0,0
2022,5,A0654,BALMASEDA - Gurutzeta/Cruces - UPV/EHU,8758.0,5097.0,1941.0,470.0,372.0,396.0,0.0,107.0,83.0,2022-05-01,0,0
2022,6,A0654,BALMASEDA - Gurutzeta/Cruces - UPV/EHU,7522.0,4616.0,1895.0,95.0,156.0,391.0,0.0,143.0,70.0,2022-06-01,0,0
2022,7,A0654,BALMASEDA - Gurutzeta/Cruces - UPV/EHU,5442.0,3441.0,1364.0,26.0,102.0,256.0,2.0,102.0,60.0,2022-07-01,0,0
2022,8,A0654,BALMASEDA - Gurutzeta/Cruces - UPV/EHU,4648.0,2865.0,1239.0,23.0,31.0,301.0,2.0,97.0,34.0,2022-08-01,0,0
2022,9,A0654,BALMASEDA - Gurutzeta/Cruces - UPV/EHU,8470.0,4878.0,1757.0,570.0,539.0,277.0,0.0,120.0,107.0,2022-09-01,0,1
2022,10,A0654,BALMASEDA - Gurutzeta/Cruces - UPV/EHU,8984.0,4916.0,1888.0,723.0,741.0,245.0,0.0,105.0,117.0,2022-10-01,0,1
2022,11,A0654,BALMASEDA - Gurutzeta/Cruces - UPV/EHU,8917.0,5031.0,1633.0,749.0,792.0,230.0,5.0,114.0,99.0,2022-11-01,0,1
2022,12,A0654,BALMASEDA - Gurutzeta/Cruces - UPV/EHU,6877.0,4037.0,1500.0,308.0,404.0,229.0,0.0,104.0,80.0,2022-12-01,0,1
2023,1,A0654,BALMASEDA - Gurutzeta/Cruces - UPV/EHU,7126.0,4378.0,1519.0,303.0,392.0,194.0,2.0,104.0,65.0,2023-01-01,0,1
2023,2,A0654,BALMASEDA - Gurutzeta/Cruces - UPV/EHU,7875.0,4599.0,1469.0,622.0,546.0,202.0,1.0,91.0,59.0,2023-02-01,0,1
2023,3,A0654,BALMASEDA - Gurutzeta/Cruces - UPV/EHU,9349.0,5425.0,1810.0,751.0,616.0,240.0,1.0,93.0,80.0,2023-03-01,0,1
2023,4,A0654,BALMASEDA - Gurutzeta/Cruces - UPV/EHU,6750.0,3951.0,1435.0,418.0,426.0,232.0,1.0,92.0,53.0,2023-04-01,0,1
2023,5,A0654,BALMASEDA - Gurutzeta/Cruces - UPV/EHU,8843.0,5207.0,2086.0,447.0,428.0,254.0,1.0,103.0,79.0,2023-05-01,0,1
2023,6,A0654,BALMASEDA - Gurutzeta/Cruces - UPV/EHU,7073.0,4431.0,1863.0,50.0,160.0,250.0,1.0,153.0,69.0,2023-06-01,0,1
2023,7,A0654,BALMASEDA - Gurutzeta/Cruces - UPV/EHU,5124.0,3280.0,1357.0,7.0,84.0,185.0,8.0,103.0,27.0,2023-07-01,0,1
2023,8,A0654,BALMASEDA - Gurutzeta/Cruces - UPV/EHU,4641.0,2865.0,1293.0,7.0,61.0,215.0,4.0,85.0,44.0,2023-08-01,0,1
2023,9,A0654,BALMASEDA - Gurutzeta/Cruces - UPV/EHU,8643.0,4902.0,1834.0,523.0,534.0,341.0,0.0,118.0,106.0,2023-09-01,0,1
2023,10,A0654,BALMASEDA - Gurutzeta/Cruces - UPV/EHU,9735.0,5520.0,1965.0,744.0,715.0,290.0,2.0,115.0,106.0,2023-10-01,0,1
2023,11,A0654,BALMASEDA - Gurutzeta/Cruces - UPV/EHU,10207.0,5457.0,2154.0,891.0,833.0,311.0,0.0,106.0,106.0,2023-11-01,0,1
2023,12,A0654,BALMASEDA - Gurutzeta/Cruces - UPV/EHU,7208.0,4175.0,1560.0,355.0,445.0,254.0,1.0,93.0,70.0,2023-12-01,0,1
2024,1,A0654,BALMASEDA - Gurutzeta/Cruces - UPV/EHU,8371.0,5004.0,1731.0,354.0,327.0,355.0,0.0,77.0,105.0,2024-01-01,0,1
2024,2,A0654,BALMASEDA - Gurutzeta/Cruces - UPV/EHU,9900.0,5726.0,1884.0,577.0,619.0,252.0,0.0,84.0,130.0,2024-02-01,0,1
2024,3,A0654,BALMASEDA - Gurutzeta/Cruces - UPV/EHU,8316.0,4547.0,1762.0,532.0,520.0,206.0,0.0,95.0,94.0,2024-03-01,0,1
2024,4,A0654,BALMASEDA - Gurutzeta/Cruces - UPV/EHU,9277.0,5124.0,1964.0,509.0,612.0,326.0,0.0,92.0,101.0,2024-04-01,0,1
2024,5,A0654,BALMASEDA - Gurutzeta/Cruces - UPV/EHU,9795.0,5650.0,2206.0,416.0,434.0,292.0,1.0,109.0,69.0,2024-05-01,0,1
2024,6,A0654,BALMASEDA - Gurutzeta/Cruces - UPV/EHU,7677.0,4777.0,1943.0,79.0,121.0,229.0,2.0,124.0,64.0,2024-06-01,0,1
2024,7,A0654,BALMASEDA - Gurutzeta/Cruces - UPV/EHU,6514.0,3868.0,1790.0,50.0,94.0,219.0,0.0,130.0,53.0,2024-07-01,0,1
2024,8,A0654,BALMASEDA - Gurutzeta/Cruces - UPV/EHU,4862.0,2971.0,1278.0,26.0,51.0,224.0,2.0,101.0,39.0,2024-08-01,0,1
2024,9,A0654,BALMASEDA - Gurutzeta/Cruces - UPV/EHU,9326.0,5183.0,2026.0,503.0,430.0,260.0,0.0,119.0,132.0,2024-09-01,0,1
2024,10,A0654,BALMASEDA - Gurutzeta/Cruces - UPV/EHU,10880.0,5636.0,2309.0,876.0,706.0,306.0,0.0,108.0,146.0,2024-10-01,0,1
2024,11,A0654,BALMASEDA - Gurutzeta/Cruces - UPV/EHU,9374.0,4968.0,1984.0,698.0,583.0,288.0,0.0,76.0,116.0,2024-11-01,0,1
2024,12,A0654,BALMASEDA - Gurutzeta/Cruces - UPV/EHU,7900.0,4439.0,1879.0,411.0,354.0,204.0,1.0,75.0,88.0,2024-12-01,0,1
2025,1,A0654,BALMASEDA - Gurutzeta/Cruces - UPV/EHU,8723.0,5054.0,2040.0,318.0,388.0,235.0,0.0,84.0,90.0,2025-01-01,0,1
2025,2,A0654,BALMASEDA - Gurutzeta/Cruces - UPV/EHU,10040.0,5300.0,2087.0,664.0,753.0,252.0,1.0,73.0,114.0,2025-02-01,0,1
2025,3,A0654,BALMASEDA - Gurutzeta/Cruces - UPV/EHU,10274.0,5606.0,2161.0,505.0,711.0,280.0,0.0,102.0,114.0,2025-03-01,0,1
2025,4,A0654,BALMASEDA - Gurutzeta/Cruces - UPV/EHU,8127.0,4687.0,1816.0,278.0,441.0,206.0,0.0,108.0,79.0,2025-04-01,0,1
2025,5,A0654,BALMASEDA - Gurutzeta/Cruces - UPV/EHU,9824.0,5749.0,2288.0,325.0,396.0,197.0,0.0,90.0,66.0,2025-05-01,0,1
2025,6,A0654,BALMASEDA - Gurutzeta/Cruces - UPV/EHU,8085.0,4797.0,2082.0,24.0,153.0,157.0,1.0,105.0,51.0,2025-06-01,0,1
2025,7,A0654,BALMASEDA - Gurutzeta/Cruces - UPV/EHU,7299.0,4440.0,1948.0,10.0,96.0,159.0,1.0,158.0,34.0,2025-07-01,0,1
2025,8,A0654,BALMASEDA - Gurutzeta/Cruces - UPV/EHU,4882.0,3057.0,1203.0,11.0,45.0,145.0,0.0,97.0,34.0,2025-08-01,0,1
2025,9,A0654,BALMASEDA - Gurutzeta/Cruces - UPV/EHU,10282.0,5557.0,2027.0,634.0,602.0,192.0,0.0,169.0,114.0,2025-09-01,0,1
2025,10,A0654,BALMASEDA - Gurutzeta/Cruces - UPV/EHU,11937.0,6096.0,2628.0,754.0,791.0,230.0,0.0,172.0,135.0,2025-10-01,0,1
2025,11,A0654,BALMASEDA - Gurutzeta/Cruces - UPV/EHU,10136.0,5236.0,2119.0,665.0,743.0,209.0,0.0,101.0,84.0,2025-11-01,0,1
2025,12,A0654,BALMASEDA - Gurutzeta/Cruces - UPV/EHU,8884.0,4837.0,2021.0,464.0,452.0,168.0,0.0,115.0,43.0,2025-12-01,0,1
2020,1,A3642,BASAURI - Hospital Galdakao Ospitalea (Bengoetxe),20027.0,11343.0,6045.0,413.0,248.0,1005.0,0.0,277.0,217.0,2020-01-01,1,0
2020,2,A3642,BASAURI - Hospital Galdakao Ospitalea (Bengoetxe),20470.0,11515.0,6335.0,376.0,240.0,973.0,1.0,325.0,229.0,2020-02-01,1,0
2020,3,A3642,BASAURI - Hospital Galdakao Ospitalea (Bengoetxe),9902.0,6081.0,2618.0,157.0,147.0,451.0,0.0,137.0,90.0,2020-03-01,1,0
2020,4,A3642,BASAURI - Hospital Galdakao Ospitalea (Bengoetxe),3244.0,2739.0,368.0,33.0,14.0,0.0,0.0,1.0,7.0,2020-04-01,1,0
2020,5,A3642,BASAURI - Hospital Galdakao Ospitalea (Bengoetxe),6272.0,4683.0,1338.0,34.0,80.0,0.0,0.0,3.0,11.0,2020-05-01,1,0
2020,6,A3642,BASAURI - Hospital Galdakao Ospitalea (Bengoetxe),11828.0,7918.0,3292.0,109.0,131.0,0.0,0.0,61.0,61.0,2020-06-01,1,0
2020,7,A3642,BASAURI - Hospital Galdakao Ospitalea (Bengoetxe),11428.0,7650.0,3026.0,162.0,154.0,0.0,0.0,88.0,67.0,2020-07-01,1,0
2020,8,A3642,BASAURI - Hospital Galdakao Ospitalea (Bengoetxe),4611.0,3302.0,1092.0,43.0,22.0,0.0,0.0,23.0,41.0,2020-08-01,1,0
2020,9,A3642,BASAURI - Hospital Galdakao Ospitalea (Bengoetxe),12275.0,8259.0,3105.0,280.0,170.0,0.0,0.0,95.0,86.0,2020-09-01,1,0
2020,10,A3642,BASAURI - Hospital Galdakao Ospitalea (Bengoetxe),14478.0,9715.0,3412.0,500.0,247.0,0.0,0.0,105.0,134.0,2020-10-01,1,0
2020,11,A3642,BASAURI - Hospital Galdakao Ospitalea (Bengoetxe),13536.0,9070.0,3235.0,469.0,231.0,0.0,0.0,84.0,86.0,2020-11-01,1,0
2020,12,A3642,BASAURI - Hospital Galdakao Ospitalea (Bengoetxe),12459.0,8613.0,2855.0,305.0,151.0,33.0,0.0,140.0,89.0,2020-12-01,1,0
2021,1,A3642,BASAURI - Hospital Galdakao Ospitalea (Bengoetxe),12468.0,8550.0,2631.0,459.0,143.0,165.0,0.0,139.0,103.0,2021-01-01,1,0
2021,2,A3642,BASAURI - Hospital Galdakao Ospitalea (Bengoetxe),12808.0,8564.0,2726.0,481.0,163.0,253.0,0.0,128.0,121.0,2021-02-01,1,0
2021,3,A3642,BASAURI - Hospital Galdakao Ospitalea (Bengoetxe),14546.0,9544.0,3303.0,477.0,159.0,324.0,0.0,184.0,196.0,2021-03-01,1,0
2021,4,A3642,BASAURI - Hospital Galdakao Ospitalea (Bengoetxe),13585.0,8417.0,3502.0,463.0,164.0,401.0,0.0,179.0,165.0,2021-04-01,1,0
2021,5,A3642,BASAURI - Hospital Galdakao Ospitalea (Bengoetxe),15574.0,9834.0,4076.0,379.0,198.0,440.0,1.0,189.0,165.0,2021-05-01,1,0
2021,6,A3642,BASAURI - Hospital Galdakao Ospitalea (Bengoetxe),18141.0,11685.0,4712.0,278.0,194.0,497.0,0.0,229.0,198.0,2021-06-01,1,0
2021,7,A3642,BASAURI - Hospital Galdakao Ospitalea (Bengoetxe),15304.0,10301.0,3443.0,195.0,162.0,646.0,0.0,165.0,107.0,2021-07-01,1,0
2021,8,A3642,BASAURI - Hospital Galdakao Ospitalea (Bengoetxe),6258.0,4393.0,1126.0,79.0,30.0,319.0,4.0,102.0,38.0,2021-08-01,1,0
2021,9,A3642,BASAURI - Hospital Galdakao Ospitalea (Bengoetxe),16096.0,10558.0,3471.0,459.0,227.0,614.0,2.0,209.0,188.0,2021-09-01,1,0
2021,10,A3642,BASAURI - Hospital Galdakao Ospitalea (Bengoetxe),15725.0,9589.0,4020.0,568.0,341.0,551.0,0.0,199.0,143.0,2021-10-01,1,0
2021,11,A3642,BASAURI - Hospital Galdakao Ospitalea (Bengoetxe),17674.0,10802.0,4558.0,622.0,362.0,650.0,0.0,232.0,148.0,2021-11-01,1,0
2021,12,A3642,BASAURI - Hospital Galdakao Ospitalea (Bengoetxe),15557.0,9629.0,4184.0,353.0,224.0,608.0,2.0,191.0,136.0,2021-12-01,1,0
2022,1,A3642,BASAURI - Hospital Galdakao Ospitalea (Bengoetxe),15892.0,10059.0,3889.0,490.0,227.0,614.0,1.0,216.0,105.0,2022-01-01,0,0
2022,2,A3642,BASAURI - Hospital Galdakao Ospitalea (Bengoetxe),15817.0,9983.0,3883.0,497.0,274.0,514.0,3.0,199.0,136.0,2022-02-01,0,0
2022,3,A3642,BASAURI - Hospital Galdakao Ospitalea (Bengoetxe),17578.0,10634.0,4582.0,610.0,292.0,676.0,0.0,267.0,145.0,2022-03-01,0,0
2022,4,A3642,BASAURI - Hospital Galdakao Ospitalea (Bengoetxe),12611.0,7646.0,3362.0,357.0,190.0,470.0,0.0,188.0,119.0,2022-04-01,0,0
2022,5,A3642,BASAURI - Hospital Galdakao Ospitalea (Bengoetxe),16826.0,10040.0,4684.0,521.0,243.0,649.0,1.0,206.0,155.0,2022-05-01,0,0
2022,6,A3642,BASAURI - Hospital Galdakao Ospitalea (Bengoetxe),17181.0,10448.0,4665.0,397.0,277.0,669.0,1.0,239.0,140.0,2022-06-01,0,0
2022,7,A3642,BASAURI - Hospital Galdakao Ospitalea (Bengoetxe),12495.0,7927.0,3140.0,249.0,155.0,548.0,0.0,165.0,122.0,2022-07-01,0,0
2022,8,A3642,BASAURI - Hospital Galdakao Ospitalea (Bengoetxe),5597.0,3574.0,1319.0,140.0,77.0,237.0,0.0,103.0,67.0,2022-08-01,0,0
2022,9,A3642,BASAURI - Hospital Galdakao Ospitalea (Bengoetxe),17052.0,10840.0,3971.0,635.0,409.0,470.0,0.0,259.0,160.0,2022-09-01,0,1
2022,10,A3642,BASAURI - Hospital Galdakao Ospitalea (Bengoetxe),18604.0,11413.0,4787.0,637.0,469.0,468.0,0.0,349.0,161.0,2022-10-01,0,1
2022,11,A3642,BASAURI - Hospital Galdakao Ospitalea (Bengoetxe),19711.0,11914.0,5358.0,679.0,425.0,468.0,0.0,349.0,161.0,2022-11-01,0,1
2022,12,A3642,BASAURI - Hospital Galdakao Ospitalea (Bengoetxe),16352.0,10188.0,4341.0,505.0,289.0,359.0,0.0,253.0,150.0,2022-12-01,0,1
2023,1,A3642,BASAURI - Hospital Galdakao Ospitalea (Bengoetxe),18178.0,11557.0,4738.0,543.0,321.0,423.0,0.0,216.0,111.0,2023-01-01,0,1
2023,2,A3642,BASAURI - Hospital Galdakao Ospitalea (Bengoetxe),19140.0,11965.0,4984.0,669.0,386.0,399.0,5.0,320.0,126.0,2023-02-01,0,1
2023,3,A3642,BASAURI - Hospital Galdakao Ospitalea (Bengoetxe),21676.0,13437.0,5929.0,631.0,392.0,475.0,0.0,349.0,183.0,2023-03-01,0,1
2023,4,A3642,BASAURI - Hospital Galdakao Ospitalea (Bengoetxe),15451.0,9450.0,4278.0,457.0,312.0,335.0,1.0,282.0,119.0,2023-04-01,0,1
2023,5,A3642,BASAURI - Hospital Galdakao Ospitalea (Bengoetxe),21585.0,12992.0,6155.0,576.0,454.0,452.0,0.0,407.0,138.0,2023-05-01,0,1
2023,6,A3642,BASAURI - Hospital Galdakao Ospitalea (Bengoetxe),20875.0,12725.0,6080.0,403.0,303.0,459.0,0.0,377.0,151.0,2023-06-01,0,1
2023,7,A3642,BASAURI - Hospital Galdakao Ospitalea (Bengoetxe),14619.0,9259.0,4060.0,220.0,173.0,377.0,0.0,224.0,96.0,2023-07-01,0,1
2023,8,A3642,BASAURI - Hospital Galdakao Ospitalea (Bengoetxe),6472.0,4332.0,1546.0,104.0,105.0,170.0,0.0,81.0,56.0,2023-08-01,0,1
2023,9,A3642,BASAURI - Hospital Galdakao Ospitalea (Bengoetxe),19095.0,11936.0,4884.0,503.0,345.0,415.0,0.0,334.0,166.0,2023-09-01,0,1
2023,10,A3642,BASAURI - Hospital Galdakao Ospitalea (Bengoetxe),20373.0,12463.0,5618.0,535.0,264.0,462.0,0.0,301.0,192.0,2023-10-01,0,1
2023,11,A3642,BASAURI - Hospital Galdakao Ospitalea (Bengoetxe),20719.0,12426.0,5962.0,540.0,322.0,424.0,0.0,290.0,167.0,2023-11-01,0,1
2023,12,A3642,BASAURI - Hospital Galdakao Ospitalea (Bengoetxe),16958.0,10221.0,4844.0,366.0,258.0,405.0,0.0,271.0,188.0,2023-12-01,0,1
2024,1,A3642,BASAURI - Hospital Galdakao Ospitalea (Bengoetxe),20.307,11588.0,5580.0,454.0,315.0,468.0,0.0,334.0,198.0,2024-01-01,0,1
2024,2,A3642,BASAURI - Hospital Galdakao Ospitalea (Bengoetxe),21337.0,12114.0,5962.0,471.0,333.0,442.0,0.0,346.0,196.0,2024-02-01,0,1
2024,3,A3642,BASAURI - Hospital Galdakao Ospitalea (Bengoetxe),19167.0,10574.0,5465.0,472.0,289.0,372.0,0.0,296.0,169.0,2024-03-01,0,1
2024,4,A3642,BASAURI - Hospital Galdakao Ospitalea (Bengoetxe),21873.0,12110.0,6112.0,439.0,310.0,419.0,0.0,407.0,252.0,2024-04-01,0,1
2024,5,A3642,BASAURI - Hospital Galdakao Ospitalea (Bengoetxe),21887.0,11944.0,6138.0,421.0,369.0,426.0,2.0,469.0,200.0,2024-05-01,0,1
2024,6,A3642,BASAURI - Hospital Galdakao Ospitalea (Bengoetxe),23494.0,12959.0,6700.0,377.0,325.0,393.0,0.0,404.0,179.0,2024-06-01,0,1
2024,7,A3642,BASAURI - Hospital Galdakao Ospitalea (Bengoetxe),17951.0,10218.0,4655.0,250.0,273.0,371.0,0.0,334.0,168.0,2024-07-01,0,1
2024,8,A3642,BASAURI - Hospital Galdakao Ospitalea (Bengoetxe),7436.0,4390.0,1841.0,57.0,75.0,180.0,0.0,96.0,56.0,2024-08-01,0,1
2024,9,A3642,BASAURI - Hospital Galdakao Ospitalea (Bengoetxe),22514.0,12690.0,5628.0,476.0,521.0,463.0,1.0,450.0,245.0,2024-09-01,0,1
2024,10,A3642,BASAURI - Hospital Galdakao Ospitalea (Bengoetxe),25746.0,13964.0,6677.0,675.0,747.0,501.0,0.0,444.0,239.0,2024-10-01,0,1
2024,11,A3642,BASAURI - Hospital Galdakao Ospitalea (Bengoetxe),24093.0,12692.0,6555.0,611.0,718.0,434.0,2.0,402.0,211.0,2024-11-01,0,1
2024,12,A3642,BASAURI - Hospital Galdakao Ospitalea (Bengoetxe),20920.0,11106.0,5928.0,386.0,466.0,464.0,0.0,355.0,158.0,2024-12-01,0,1
2025,1,A3642,BASAURI - Hospital Galdakao Ospitalea (Bengoetxe),24333.0,12883.0,6594.0,473.0,738.0,414.0,4.0,411.0,193.0,2025-01-01,0,1
2025,2,A3642,BASAURI - Hospital Galdakao Ospitalea (Bengoetxe),23947.0,12851.0,6606.0,418.0,624.0,331.0,0.0,377.0,206.0,2025-02-01,0,1
2025,3,A3642,BASAURI - Hospital Galdakao Ospitalea (Bengoetxe),25782.0,13899.0,7099.0,491.0,568.0,340.0,1.0,367.0,270.0,2025-03-01,0,1
2025,4,A3642,BASAURI - Hospital Galdakao Ospitalea (Bengoetxe),20803.0,10943.0,5995.0,406.0,422.0,299.0,2.0,327.0,150.0,2025-04-01,0,1
2025,5,A3642,BASAURI - Hospital Galdakao Ospitalea (Bengoetxe),25271.0,13144.0,7291.0,398.0,487.0,350.0,0.0,384.0,204.0,2025-05-01,0,1
2025,6,A3642,BASAURI - Hospital Galdakao Ospitalea (Bengoetxe),22562.0,11623.0,6558.0,349.0,428.0,370.0,1.0,391.0,226.0,2025-06-01,0,1
2025,7,A3642,BASAURI - Hospital Galdakao Ospitalea (Bengoetxe),19162.0,10402.0,5288.0,256.0,316.0,335.0,0.0,295.0,198.0,2025-07-01,0,1
2025,8,A3642,BASAURI - Hospital Galdakao Ospitalea (Bengoetxe),7765.0,4072.0,2049.0,140.0,117.0,163.0,0.0,130.0,84.0,2025-08-01,0,1
2025,9,A3642,BASAURI - Hospital Galdakao Ospitalea (Bengoetxe),23879.0,12484.0,6263.0,712.0,581.0,360.0,1.0,481.0,199.0,2025-09-01,0,1
2025,10,A3642,BASAURI - Hospital Galdakao Ospitalea (Bengoetxe),26432.0,13491.0,7449.0,716.0,639.0,420.0,0.0,457.0,250.0,2025-10-01,0,1
2025,11,A3642,BASAURI - Hospital Galdakao Ospitalea (Bengoetxe),23628.0,11804.0,6668.0,704.0,581.0,282.0,0.0,407.0,227.0,2025-11-01,0,1
2025,12,A3642,BASAURI - Hospital Galdakao Ospitalea (Bengoetxe),29856.0,18545.0,6460.0,616.0,549.0,282.0,0.0,364.0,183.0,2025-12-01,0,1
2020,1,A3524,BERMEO - BAKIO,814.0,,,,,814.0,0.0,0.0,0.0,2020-01-01,1,0
2020,2,A3524,BERMEO - BAKIO,864.0,,,,,864.0,0.0,0.0,0.0,2020-02-01,1,0
2020,3,A3524,BERMEO - BAKIO,199.0,,,,,199.0,0.0,0.0,0.0,2020-03-01,1,0
2020,4,A3524,BERMEO - BAKIO,0.0,,,,,,,,,2020-04-01,1,0
2020,5,A3524,BERMEO - BAKIO,174.0,,,,,174.0,0.0,0.0,0.0,2020-05-01,1,0
2020,6,A3524,BERMEO - BAKIO,11.0,7.0,4.0,,,,,,,2020-06-01,1,0
2020,7,A3524,BERMEO - BAKIO,0.0,,,,,,,,,2020-07-01,1,0
2020,8,A3524,BERMEO - BAKIO,0.0,,,,,,,,,2020-08-01,1,0
2020,9,A3524,BERMEO - BAKIO,932.0,,,,,932.0,,,,2020-09-01,1,0
2020,10,A3524,BERMEO - BAKIO,478.0,,,,,478.0,,,0.0,2020-10-01,1,0
2020,11,A3524,BERMEO - BAKIO,397.0,,,,,397.0,,,0.0,2020-11-01,1,0
2020,12,A3524,BERMEO - BAKIO,378.0,,,,,378.0,0.0,0.0,0.0,2020-12-01,1,0
2021,1,A3524,BERMEO - BAKIO,341.0,,,,,341.0,0.0,0.0,0.0,2021-01-01,1,0
2021,2,A3524,BERMEO - BAKIO,317.0,,,,,317.0,0.0,0.0,0.0,2021-02-01,1,0
2021,3,A3524,BERMEO - BAKIO,451.0,,,,,451.0,0.0,0.0,0.0,2021-03-01,1,0
2021,4,A3524,BERMEO - BAKIO,481.0,,,,,481.0,,,0.0,2021-04-01,1,0
2021,5,A3524,BERMEO - BAKIO,487.0,,,,,487.0,0.0,0.0,0.0,2021-05-01,1,0
2021,6,A3524,BERMEO - BAKIO,95.0,,,,,95.0,0.0,0.0,0.0,2021-06-01,1,0
2021,7,A3524,BERMEO - BAKIO,0.0,,,,,,,,,2021-07-01,1,0
2021,8,A3524,BERMEO - BAKIO,0.0,,,,,,,,,2021-08-01,1,0
2021,9,A3524,BERMEO - BAKIO,1042.0,,,,,1042.0,,0.0,0.0,2021-09-01,1,0
2021,10,A3524,BERMEO - BAKIO,735.0,,,,,735.0,,,0.0,2021-10-01,1,0
2021,11,A3524,BERMEO - BAKIO,589.0,,,,,589.0,0.0,0.0,0.0,2021-11-01,1,0
2021,12,A3524,BERMEO - BAKIO,650.0,,,,,650.0,,,,2021-12-01,1,0
2022,1,A3524,BERMEO - BAKIO,520.0,,,,,520.0,,,0.0,2022-01-01,0,0
2022,2,A3524,BERMEO - BAKIO,581.0,,,,,581.0,,,0.0,2022-02-01,0,0
2022,3,A3524,BERMEO - BAKIO,670.0,,,,,670.0,0.0,0.0,0.0,2022-03-01,0,0
2022,4,A3524,BERMEO - BAKIO,2134.0,927.0,132.0,3.0,4.0,1003.0,,27.0,10.0,2022-04-01,0,0
2022,5,A3524,BERMEO - BAKIO,1016.0,,,,,1016.0,,,,2022-05-01,0,0
2022,6,A3524,BERMEO - BAKIO,139.0,,,,,139.0,,0.0,0.0,2022-06-01,0,0
2022,7,A3524,BERMEO - BAKIO,0.0,,,,,,,,,2022-07-01,0,0
2022,8,A3524,BERMEO - BAKIO,0.0,,,,,,,,,2022-08-01,0,0
2022,9,A3524,BERMEO - BAKIO,1866.0,560.0,97.0,2.0,,1180.0,,9.0,1.0,2022-09-01,0,1
2022,10,A3524,BERMEO - BAKIO,898.0,,,,,898.0,,,0.0,2022-10-01,0,1
2022,11,A3524,BERMEO - BAKIO,630.0,,,,,630.0,,,0.0,2022-11-01,0,1
2022,12,A3524,BERMEO - BAKIO,816.0,,,,,816.0,,,,2022-12-01,0,1
2023,1,A3524,BERMEO - BAKIO,743.0,,,,,743.0,,,,2023-01-01,0,1
2023,2,A3524,BERMEO - BAKIO,664.0,,,,,664.0,,,0.0,2023-02-01,0,1
2023,3,A3524,BERMEO - BAKIO,912.0,,,,,912.0,,,0.0,2023-03-01,0,1
2023,4,A3524,BERMEO - BAKIO,3112.0,1473.0,113.0,2.0,4.0,1439.0,,40.0,2.0,2023-04-01,0,1
2023,5,A3524,BERMEO - BAKIO,953.0,0.0,,,,953.0,,0.0,0.0,2023-05-01,0,1
2023,6,A3524,BERMEO - BAKIO,457.0,,,,,457.0,,,0.0,2023-06-01,0,1
2023,7,A3524,BERMEO - BAKIO,0.0,,,,,,,,,2023-07-01,0,1
2023,8,A3524,BERMEO - BAKIO,51336.0,43597.0,6060.0,,,,,,,2023-08-01,0,1
2023,9,A3524,BERMEO - BAKIO,1378.0,0.0,0.0,0.0,0.0,1378.0,0.0,0.0,0.0,2023-09-01,0,1
2023,10,A3524,BERMEO - BAKIO,1086.0,0.0,0.0,0.0,0.0,1086.0,0.0,0.0,0.0,2023-10-01,0,1
2023,11,A3524,BERMEO - BAKIO,581.0,,,,,581.0,0.0,0.0,0.0,2023-11-01,0,1
2023,12,A3524,BERMEO - BAKIO,513.0,,,,,513.0,0.0,0.0,0.0,2023-12-01,0,1
2024,1,A3524,BERMEO - BAKIO,564.0,,,,,564.0,,,0.0,2024-01-01,0,1
2024,2,A3524,BERMEO - BAKIO,608.0,,,,,608.0,,0.0,0.0,2024-02-01,0,1
2024,3,A3524,BERMEO - BAKIO,2320.0,1133.0,66.0,19.0,,1036.0,,24.0,0.0,2024-03-01,0,1
2024,4,A3524,BERMEO - BAKIO,2473.0,1193.0,73.0,5.0,2.0,1103.0,0.0,35.0,1.0,2024-04-01,0,1
2024,5,A3524,BERMEO - BAKIO,1121.0,1.0,0.0,0.0,0.0,1120.0,0.0,0.0,0.0,2024-05-01,0,1
2024,6,A3524,BERMEO - BAKIO,281.0,0.0,0.0,0.0,0.0,281.0,0.0,0.0,0.0,2024-06-01,0,1
2024,7,A3524,BERMEO - BAKIO,0.0,0.0,0.0,0.0,0.0,0.0,0.0,0.0,0.0,2024-07-01,0,1
2024,8,A3524,BERMEO - BAKIO,1416.0,0.0,0.0,113.0,359.0,0.0,0.0,0.0,0.0,2024-08-01,0,1
2024,9,A3524,BERMEO - BAKIO,1334.0,0.0,0.0,0.0,0.0,1334.0,0.0,0.0,0.0,2024-09-01,0,1
2024,10,A3524,BERMEO - BAKIO,566.0,0.0,0.0,0.0,0.0,566.0,0.0,0.0,0.0,2024-10-01,0,1
2024,11,A3524,BERMEO - BAKIO,710.0,0.0,0.0,0.0,0.0,710.0,0.0,0.0,0.0,2024-11-01,0,1
2024,12,A3524,BERMEO - BAKIO,422.0,0.0,0.0,0.0,0.0,422.0,0.0,0.0,0.0,2024-12-01,0,1
2025,1,A3524,BERMEO - BAKIO,763.0,0.0,0.0,0.0,0.0,763.0,0.0,0.0,0.0,2025-01-01,0,1
2025,2,A3524,BERMEO - BAKIO,812.0,0.0,0.0,0.0,0.0,812.0,0.0,0.0,0.0,2025-02-01,0,1
2025,3,A3524,BERMEO - BAKIO,986.0,0.0,0.0,0.0,0.0,986.0,0.0,0.0,0.0,2025-03-01,0,1
2025,4,A3524,BERMEO - BAKIO,3486.0,1776.0,103.0,9.0,16.0,1424.0,0.0,21.0,5.0,2025-04-01,0,1
2025,5,A3524,BERMEO - BAKIO,1406.0,277.0,0.0,0.0,0.0,1122.0,0.0,0.0,0.0,2025-05-01,0,1
2025,6,A3524,BERMEO - BAKIO,265.0,0.0,0.0,0.0,0.0,265.0,0.0,0.0,0.0,2025-06-01,0,1
2025,7,A3524,BERMEO - BAKIO,0.0,0.0,0.0,0.0,0.0,0.0,0.0,0.0,0.0,2025-07-01,0,1
2025,8,A3524,BERMEO - BAKIO,0.0,0.0,0.0,0.0,0.0,0.0,0.0,0.0,0.0,2025-08-01,0,1
2025,9,A3524,BERMEO - BAKIO,1431.0,0.0,0.0,0.0,0.0,1431.0,0.0,0.0,0.0,2025-09-01,0,1
2025,10,A3524,BERMEO - BAKIO,1260.0,0.0,0.0,0.0,0.0,1260.0,0.0,0.0,0.0,2025-10-01,0,1
2025,11,A3524,BERMEO - BAKIO,861.0,0.0,0.0,0.0,0.0,861.0,0.0,0.0,0.0,2025-11-01,0,1
2025,12,A3524,BERMEO - BAKIO,859.0,0.0,0.0,0.0,0.0,859.0,0.0,0.0,0.0,2025-12-01,0,1
2020,1,A3528,BERMEO - MUNGIA - DERIO - UPV/EHU,4929.0,2912.0,219.0,737.0,258.0,307.0,0.0,3.0,12.0,2020-01-01,1,0
2020,2,A3528,BERMEO - MUNGIA - DERIO - UPV/EHU,7354.0,3481.0,266.0,1832.0,550.0,394.0,0.0,5.0,19.0,2020-02-01,1,0
2020,3,A3528,BERMEO - MUNGIA - DERIO - UPV/EHU,3307.0,1497.0,113.0,851.0,286.0,186.0,0.0,2.0,12.0,2020-03-01,1,0
2020,4,A3528,BERMEO - MUNGIA - DERIO - UPV/EHU,0.0,,,,,,,,,2020-04-01,1,0
2020,5,A3528,BERMEO - MUNGIA - DERIO - UPV/EHU,0.0,,,,,,,,,2020-05-01,1,0
2020,6,A3528,BERMEO - MUNGIA - DERIO - UPV/EHU,0.0,,,,,,,,,2020-06-01,1,0
2020,7,A3528,BERMEO - MUNGIA - DERIO - UPV/EHU,0.0,,,,,,,,,2020-07-01,1,0
2020,8,A3528,BERMEO - MUNGIA - DERIO - UPV/EHU,0.0,,,,,,,,,2020-08-01,1,0
2020,9,A3528,BERMEO - MUNGIA - DERIO - UPV/EHU,4494.0,3024.0,121.0,728.0,226.0,,,4.0,6.0,2020-09-01,1,0
2020,10,A3528,BERMEO - MUNGIA - DERIO - UPV/EHU,6307.0,3898.0,168.0,1147.0,516.0,,,3.0,10.0,2020-10-01,1,0
2020,11,A3528,BERMEO - MUNGIA - DERIO - UPV/EHU,5630.0,3575.0,152.0,1016.0,363.0,,,2.0,12.0,2020-11-01,1,0
2020,12,A3528,BERMEO - MUNGIA - DERIO - UPV/EHU,2746.0,1910.0,81.0,351.0,170.0,0.0,0.0,1.0,8.0,2020-12-01,1,0
2021,1,A3528,BERMEO - MUNGIA - DERIO - UPV/EHU,2687.0,1882.0,59.0,294.0,156.0,27.0,0.0,0.0,9.0,2021-01-01,1,0
2021,2,A3528,BERMEO - MUNGIA - DERIO - UPV/EHU,4818.0,3039.0,110.0,815.0,336.0,63.0,0.0,0.0,14.0,2021-02-01,1,0
2021,3,A3528,BERMEO - MUNGIA - DERIO - UPV/EHU,4568.0,2899.0,154.0,773.0,286.0,97.0,0.0,1.0,4.0,2021-03-01,1,0
2021,4,A3528,BERMEO - MUNGIA - DERIO - UPV/EHU,3317.0,2122.0,132.0,488.0,168.0,89.0,,1.0,8.0,2021-04-01,1,0
2021,5,A3528,BERMEO - MUNGIA - DERIO - UPV/EHU,3795.0,2582.0,170.0,429.0,191.0,113.0,0.0,1.0,6.0,2021-05-01,1,0
2021,6,A3528,BERMEO - MUNGIA - DERIO - UPV/EHU,973.0,713.0,44.0,55.0,47.0,39.0,0.0,0.0,4.0,2021-06-01,1,0
2021,7,A3528,BERMEO - MUNGIA - DERIO - UPV/EHU,0.0,,,,,,,,,2021-07-01,1,0
2021,8,A3528,BERMEO - MUNGIA - DERIO - UPV/EHU,0.0,,,,,,,,,2021-08-01,1,0
2021,9,A3528,BERMEO - MUNGIA - DERIO - UPV/EHU,4693.0,2965.0,140.0,619.0,158.0,158.0,,1.0,52.0,2021-09-01,1,0
2021,10,A3528,BERMEO - MUNGIA - DERIO - UPV/EHU,6630.0,3387.0,141.0,1610.0,325.0,243.0,,1.0,65.0,2021-10-01,1,0
2021,11,A3528,BERMEO - MUNGIA - DERIO - UPV/EHU,7529.0,3659.0,150.0,2156.0,344.0,261.0,0.0,5.0,71.0,2021-11-01,1,0
2021,12,A3528,BERMEO - MUNGIA - DERIO - UPV/EHU,4275.0,2482.0,125.0,860.0,127.0,133.0,,7.0,34.0,2021-12-01,1,0
2022,1,A3528,BERMEO - MUNGIA - DERIO - UPV/EHU,3712.0,2149.0,119.0,686.0,126.0,179.0,,2.0,25.0,2022-01-01,0,0
2022,2,A3528,BERMEO - MUNGIA - DERIO - UPV/EHU,6578.0,3198.0,192.0,1762.0,247.0,269.0,,2.0,52.0,2022-02-01,0,0
2022,3,A3528,BERMEO - MUNGIA - DERIO - UPV/EHU,7071.0,3604.0,250.0,1682.0,268.0,282.0,0.0,3.0,42.0,2022-03-01,0,0
2022,4,A3528,BERMEO - MUNGIA - DERIO - UPV/EHU,4139.0,2234.0,144.0,794.0,206.0,169.0,,5.0,40.0,2022-04-01,0,0
2022,5,A3528,BERMEO - MUNGIA - DERIO - UPV/EHU,5337.0,3042.0,264.0,872.0,253.0,203.0,1.0,4.0,41.0,2022-05-01,0,0
2022,6,A3528,BERMEO - MUNGIA - DERIO - UPV/EHU,1051.0,693.0,79.0,60.0,45.0,47.0,2.0,,9.0,2022-06-01,0,0
2022,7,A3528,BERMEO - MUNGIA - DERIO - UPV/EHU,0.0,0.0,,,,,,,,2022-07-01,0,0
2022,8,A3528,BERMEO - MUNGIA - DERIO - UPV/EHU,0.0,,,,,,,,,2022-08-01,0,0
2022,9,A3528,BERMEO - MUNGIA - DERIO - UPV/EHU,6733.0,3666.0,196.0,1317.0,423.0,147.0,,8.0,79.0,2022-09-01,0,1
2022,10,A3528,BERMEO - MUNGIA - DERIO - UPV/EHU,8069.0,4127.0,194.0,1957.0,580.0,113.0,,4.0,96.0,2022-10-01,0,1
2022,11,A3528,BERMEO - MUNGIA - DERIO - UPV/EHU,9258.0,4880.0,246.0,2067.0,649.0,182.0,,2.0,139.0,2022-11-01,0,1
2022,12,A3528,BERMEO - MUNGIA - DERIO - UPV/EHU,4919.0,2885.0,182.0,855.0,289.0,69.0,,8.0,74.0,2022-12-01,0,1
2023,1,A3528,BERMEO - MUNGIA - DERIO - UPV/EHU,4204.0,2735.0,153.0,542.0,256.0,69.0,,2.0,43.0,2023-01-01,0,1
2023,2,A3528,BERMEO - MUNGIA - DERIO - UPV/EHU,6291.0,3695.0,161.0,1337.0,329.0,91.0,,8.0,48.0,2023-02-01,0,1
2023,3,A3528,BERMEO - MUNGIA - DERIO - UPV/EHU,6573.0,3932.0,203.0,1165.0,444.0,137.0,,5.0,39.0,2023-03-01,0,1
2023,4,A3528,BERMEO - MUNGIA - DERIO - UPV/EHU,2908.0,1808.0,93.0,430.0,203.0,63.0,,4.0,27.0,2023-04-01,0,1
2023,5,A3528,BERMEO - MUNGIA - DERIO - UPV/EHU,5244.0,3461.0,227.0,608.0,324.0,94.0,,8.0,48.0,2023-05-01,0,1
2023,6,A3528,BERMEO - MUNGIA - DERIO - UPV/EHU,902.0,705.0,55.0,27.0,29.0,19.0,,1.0,3.0,2023-06-01,0,1
2023,7,A3528,BERMEO - MUNGIA - DERIO - UPV/EHU,17.0,7.0,1.0,6.0,1.0,,,,,2023-07-01,0,1
2023,8,A3528,BERMEO - MUNGIA - DERIO - UPV/EHU,0.0,0.0,,0.0,,,,,,2023-08-01,0,1
2023,9,A3528,BERMEO - MUNGIA - DERIO - UPV/EHU,6919.0,4013.0,141.0,1291.0,559.0,118.0,0.0,8.0,50.0,2023-09-01,0,1
2023,10,A3528,BERMEO - MUNGIA - DERIO - UPV/EHU,8898.0,4775.0,247.0,2022.0,683.0,141.0,0.0,7.0,50.0,2023-10-01,0,1
2023,11,A3528,BERMEO - MUNGIA - DERIO - UPV/EHU,9292.0,5055.0,260.0,2083.0,695.0,123.0,0.0,3.0,63.0,2023-11-01,0,1
2023,12,A3528,BERMEO - MUNGIA - DERIO - UPV/EHU,5165.0,3165.0,159.0,882.0,295.0,72.0,0.0,5.0,24.0,2023-12-01,0,1
2024,1,A3528,BERMEO - MUNGIA - DERIO - UPV/EHU,5587.0,3565.0,202.0,676.0,283.0,126.0,,10.0,34.0,2024-01-01,0,1
2024,2,A3528,BERMEO - MUNGIA - DERIO - UPV/EHU,8607.0,5401.0,256.0,1372.0,380.0,118.0,,8.0,52.0,2024-02-01,0,1
2024,3,A3528,BERMEO - MUNGIA - DERIO - UPV/EHU,6431.0,3863.0,233.0,1107.0,351.0,69.0,,11.0,46.0,2024-03-01,0,1
2024,4,A3528,BERMEO - MUNGIA - DERIO - UPV/EHU,6675.0,3967.0,263.0,1061.0,383.0,110.0,0.0,9.0,48.0,2024-04-01,0,1
2024,5,A3528,BERMEO - MUNGIA - DERIO - UPV/EHU,6294.0,4046.0,323.0,667.0,308.0,112.0,0.0,5.0,38.0,2024-05-01,0,1
2024,6,A3528,BERMEO - MUNGIA - DERIO - UPV/EHU,737.0,526.0,80.0,36.0,16.0,8.0,0.0,2.0,1.0,2024-06-01,0,1
2024,7,A3528,BERMEO - MUNGIA - DERIO - UPV/EHU,0.0,0.0,0.0,0.0,0.0,0.0,0.0,0.0,0.0,2024-07-01,0,1
2024,8,A3528,BERMEO - MUNGIA - DERIO - UPV/EHU,6288.0,0.0,0.0,674.0,1738.0,0.0,0.0,0.0,0.0,2024-08-01,0,1
2024,9,A3528,BERMEO - MUNGIA - DERIO - UPV/EHU,7453.0,4235.0,277.0,1193.0,621.0,106.0,0.0,3.0,35.0,2024-09-01,0,1
2024,10,A3528,BERMEO - MUNGIA - DERIO - UPV/EHU,7302.0,3754.0,228.0,1302.0,694.0,89.0,0.0,6.0,34.0,2024-10-01,0,1
2024,11,A3528,BERMEO - MUNGIA - DERIO - UPV/EHU,8652.0,4336.0,254.0,1682.0,854.0,70.0,0.0,4.0,33.0,2024-11-01,0,1
2024,12,A3528,BERMEO - MUNGIA - DERIO - UPV/EHU,5953.0,3172.0,203.0,921.0,535.0,108.0,0.0,8.0,34.0,2024-12-01,0,1
2025,1,A3528,BERMEO - MUNGIA - DERIO - UPV/EHU,5929.0,3491.0,330.0,703.0,501.0,73.0,0.0,5.0,31.0,2025-01-01,0,1
2025,2,A3528,BERMEO - MUNGIA - DERIO - UPV/EHU,9095.0,4552.0,397.0,1830.0,869.0,103.0,1.0,4.0,26.0,2025-02-01,0,1
2025,3,A3528,BERMEO - MUNGIA - DERIO - UPV/EHU,8969.0,4702.0,392.0,1631.0,807.0,96.0,0.0,16.0,24.0,2025-03-01,0,1
2025,4,A3528,BERMEO - MUNGIA - DERIO - UPV/EHU,5960.0,3018.0,297.0,1074.0,570.0,55.0,1.0,6.0,12.0,2025-04-01,0,1
2025,5,A3528,BERMEO - MUNGIA - DERIO - UPV/EHU,6912.0,4242.0,349.0,620.0,597.0,79.0,0.0,11.0,35.0,2025-05-01,0,1
2025,6,A3528,BERMEO - MUNGIA - DERIO - UPV/EHU,1919.0,1342.0,156.0,43.0,102.0,20.0,0.0,1.0,12.0,2025-06-01,0,1
2025,7,A3528,BERMEO - MUNGIA - DERIO - UPV/EHU,0.0,0.0,0.0,0.0,0.0,0.0,0.0,0.0,0.0,2025-07-01,0,1
2025,8,A3528,BERMEO - MUNGIA - DERIO - UPV/EHU,0.0,0.0,0.0,0.0,0.0,0.0,0.0,0.0,0.0,2025-08-01,0,1
2025,9,A3528,BERMEO - MUNGIA - DERIO - UPV/EHU,8672.0,4618.0,267.0,1625.0,853.0,107.0,0.0,6.0,72.0,2025-09-01,0,1
2025,10,A3528,BERMEO - MUNGIA - DERIO - UPV/EHU,11156.0,5508.0,387.0,2409.0,1205.0,117.0,0.0,12.0,83.0,2025-10-01,0,1
2025,11,A3528,BERMEO - MUNGIA - DERIO - UPV/EHU,10164.0,5067.0,386.0,2204.0,1060.0,91.0,0.0,18.0,97.0,2025-11-01,0,1
2025,12,A3528,BERMEO - MUNGIA - DERIO - UPV/EHU,5903.0,3140.0,265.0,1051.0,545.0,51.0,0.0,6.0,44.0,2025-12-01,0,1
2020,1,A3340,BILBAO - ABANTO Y CIERVANA ABANTO ZIERBENA - MUSKIZ (Autopista),19872.0,12008.0,3204.0,1148.0,613.0,1132.0,4.0,160.0,839.0,2020-01-01,1,0
2020,2,A3340,BILBAO - ABANTO Y CIERVANA ABANTO ZIERBENA - MUSKIZ (Autopista),20362.0,11989.0,3322.0,1358.0,660.0,1026.0,6.0,178.0,872.0,2020-02-01,1,0
2020,3,A3340,BILBAO - ABANTO Y CIERVANA ABANTO ZIERBENA - MUSKIZ (Autopista),8393.0,5584.0,1201.0,,314.0,453.0,0.0,56.0,435.0,2020-03-01,1,0
2020,4,A3340,BILBAO - ABANTO Y CIERVANA ABANTO ZIERBENA - MUSKIZ (Autopista),756.0,626.0,,2.0,,0.0,0.0,0.0,19.0,2020-04-01,1,0
2020,5,A3340,BILBAO - ABANTO Y CIERVANA ABANTO ZIERBENA - MUSKIZ (Autopista),3812.0,2857.0,492.0,28.0,15.0,0.0,0.0,14.0,146.0,2020-05-01,1,0
2020,6,A3340,BILBAO - ABANTO Y CIERVANA ABANTO ZIERBENA - MUSKIZ (Autopista),10148.0,7328.0,1546.0,151.0,123.0,0.0,0.0,50.0,428.0,2020-06-01,1,0
2020,7,A3340,BILBAO - ABANTO Y CIERVANA ABANTO ZIERBENA - MUSKIZ (Autopista),11114.0,7956.0,1761.0,225.0,215.0,0.0,0.0,66.0,348.0,2020-07-01,1,0
2020,8,A3340,BILBAO - ABANTO Y CIERVANA ABANTO ZIERBENA - MUSKIZ (Autopista),8174.0,6015.0,1197.0,204.0,124.0,0.0,0.0,74.0,259.0,2020-08-01,1,0
2020,9,A3340,BILBAO - ABANTO Y CIERVANA ABANTO ZIERBENA - MUSKIZ (Autopista),12924.0,9334.0,1732.0,621.0,335.0,0.0,0.0,50.0,482.0,2020-09-01,1,0
2020,10,A3340,BILBAO - ABANTO Y CIERVANA ABANTO ZIERBENA - MUSKIZ (Autopista),14923.0,10140.0,1635.0,1340.0,490.0,0.0,0.0,87.0,603.0,2020-10-01,1,0
2020,11,A3340,BILBAO - ABANTO Y CIERVANA ABANTO ZIERBENA - MUSKIZ (Autopista),12793.0,8931.0,926.0,1154.0,404.0,0.0,0.0,73.0,602.0,2020-11-01,1,0
2020,12,A3340,BILBAO - ABANTO Y CIERVANA ABANTO ZIERBENA - MUSKIZ (Autopista),13306.0,9531.0,1354.0,780.0,265.0,40.0,0.0,63.0,593.0,2020-12-01,1,0
2021,1,A3340,BILBAO - ABANTO Y CIERVANA ABANTO ZIERBENA - MUSKIZ (Autopista),15212.0,10784.0,1329.0,1079.0,437.0,277.0,1.0,78.0,579.0,2021-01-01,1,0
2021,2,A3340,BILBAO - ABANTO Y CIERVANA ABANTO ZIERBENA - MUSKIZ (Autopista),14047.0,9936.0,857.0,1198.0,625.0,272.0,0.0,51.0,469.0,2021-02-01,1,0
2021,3,A3340,BILBAO - ABANTO Y CIERVANA ABANTO ZIERBENA - MUSKIZ (Autopista),17526.0,11862.0,1793.0,1222.0,648.0,476.0,0.0,70.0,636.0,2021-03-01,1,0
2021,4,A3340,BILBAO - ABANTO Y CIERVANA ABANTO ZIERBENA - MUSKIZ (Autopista),13307.0,9427.0,1040.0,874.0,412.0,370.0,0.0,80.0,476.0,2021-04-01,1,0
2021,5,A3340,BILBAO - ABANTO Y CIERVANA ABANTO ZIERBENA - MUSKIZ (Autopista),17311.0,11720.0,1818.0,1218.0,571.0,530.0,0.0,118.0,621.0,2021-05-01,1,0
2021,6,A3340,BILBAO - ABANTO Y CIERVANA ABANTO ZIERBENA - MUSKIZ (Autopista),17468.0,12431.0,2139.0,390.0,309.0,748.0,7.0,167.0,610.0,2021-06-01,1,0
2021,7,A3340,BILBAO - ABANTO Y CIERVANA ABANTO ZIERBENA - MUSKIZ (Autopista),15192.0,10555.0,2120.0,264.0,227.0,720.0,5.0,205.0,518.0,2021-07-01,1,0
2021,8,A3340,BILBAO - ABANTO Y CIERVANA ABANTO ZIERBENA - MUSKIZ (Autopista),11756.0,8254.0,1574.0,145.0,148.0,558.0,11.0,134.0,466.0,2021-08-01,1,0
2021,9,A3340,BILBAO - ABANTO Y CIERVANA ABANTO ZIERBENA - MUSKIZ (Autopista),18135.0,12333.0,2098.0,614.0,528.0,831.0,8.0,125.0,661.0,2021-09-01,1,0
2021,10,A3340,BILBAO - ABANTO Y CIERVANA ABANTO ZIERBENA - MUSKIZ (Autopista),20137.0,13006.0,2532.0,1109.0,707.0,920.0,5.0,122.0,692.0,2021-10-01,1,0
2021,11,A3340,BILBAO - ABANTO Y CIERVANA ABANTO ZIERBENA - MUSKIZ (Autopista),19251.0,12290.0,2246.0,1263.0,770.0,843.0,4.0,73.0,745.0,2021-11-01,1,0
2021,12,A3340,BILBAO - ABANTO Y CIERVANA ABANTO ZIERBENA - MUSKIZ (Autopista),18625.0,12669.0,2232.0,589.0,463.0,932.0,4.0,163.0,684.0,2021-12-01,1,0
2022,1,A3340,BILBAO - ABANTO Y CIERVANA ABANTO ZIERBENA - MUSKIZ (Autopista),16571.0,10967.0,2264.0,730.0,423.0,679.0,2.0,57.0,595.0,2022-01-01,0,0
2022,2,A3340,BILBAO - ABANTO Y CIERVANA ABANTO ZIERBENA - MUSKIZ (Autopista),17923.0,11429.0,2461.0,914.0,604.0,752.0,6.0,85.0,723.0,2022-02-01,0,0
2022,3,A3340,BILBAO - ABANTO Y CIERVANA ABANTO ZIERBENA - MUSKIZ (Autopista),20337.0,13146.0,2619.0,1132.0,787.0,826.0,5.0,99.0,838.0,2022-03-01,0,0
2022,4,A3340,BILBAO - ABANTO Y CIERVANA ABANTO ZIERBENA - MUSKIZ (Autopista),15944.0,10154.0,2192.0,737.0,608.0,747.0,2.0,118.0,676.0,2022-04-01,0,0
2022,5,A3340,BILBAO - ABANTO Y CIERVANA ABANTO ZIERBENA - MUSKIZ (Autopista),19375.0,12553.0,2602.0,878.0,802.0,858.0,3.0,93.0,773.0,2022-05-01,0,0
2022,6,A3340,BILBAO - ABANTO Y CIERVANA ABANTO ZIERBENA - MUSKIZ (Autopista),18201.0,11946.0,2741.0,478.0,434.0,914.0,22.0,152.0,710.0,2022-06-01,0,0
2022,7,A3340,BILBAO - ABANTO Y CIERVANA ABANTO ZIERBENA - MUSKIZ (Autopista),13955.0,9215.0,2317.0,277.0,196.0,769.0,10.0,113.0,504.0,2022-07-01,0,0
2022,8,A3340,BILBAO - ABANTO Y CIERVANA ABANTO ZIERBENA - MUSKIZ (Autopista),13737.0,8886.0,2591.0,202.0,114.0,720.0,24.0,156.0,556.0,2022-08-01,0,0
2022,9,A3340,BILBAO - ABANTO Y CIERVANA ABANTO ZIERBENA - MUSKIZ (Autopista),17984.0,11541.0,2909.0,706.0,438.0,587.0,8.0,98.0,705.0,2022-09-01,0,1
2022,10,A3340,BILBAO - ABANTO Y CIERVANA ABANTO ZIERBENA - MUSKIZ (Autopista),18754.0,12047.0,2907.0,779.0,596.0,490.0,2.0,123.0,854.0,2022-10-01,0,1
2022,11,A3340,BILBAO - ABANTO Y CIERVANA ABANTO ZIERBENA - MUSKIZ (Autopista),16837.0,11046.0,2615.0,589.0,569.0,436.0,6.0,87.0,617.0,2022-11-01,0,1
2022,12,A3340,BILBAO - ABANTO Y CIERVANA ABANTO ZIERBENA - MUSKIZ (Autopista),15151.0,9941.0,2528.0,333.0,388.0,560.0,4.0,146.0,600.0,2022-12-01,0,1
2023,1,A3340,BILBAO - ABANTO Y CIERVANA ABANTO ZIERBENA - MUSKIZ (Autopista),15.004,9837.0,2427.0,443.0,342.0,475.0,1.0,122.0,641.0,2023-01-01,0,1
2023,2,A3340,BILBAO - ABANTO Y CIERVANA ABANTO ZIERBENA - MUSKIZ (Autopista),14489.0,9380.0,2367.0,523.0,374.0,440.0,1.0,96.0,555.0,2023-02-01,0,1
2023,3,A3340,BILBAO - ABANTO Y CIERVANA ABANTO ZIERBENA - MUSKIZ (Autopista),16342.0,10680.0,2557.0,513.0,453.0,410.0,2.0,165.0,693.0,2023-03-01,0,1
2023,4,A3340,BILBAO - ABANTO Y CIERVANA ABANTO ZIERBENA - MUSKIZ (Autopista),14229.0,9081.0,2471.0,387.0,366.0,441.0,4.0,161.0,659.0,2023-04-01,0,1
2023,5,A3340,BILBAO - ABANTO Y CIERVANA ABANTO ZIERBENA - MUSKIZ (Autopista),18101.0,11813.0,2903.0,571.0,503.0,505.0,0.0,208.0,719.0,2023-05-01,0,1
2023,6,A3340,BILBAO - ABANTO Y CIERVANA ABANTO ZIERBENA - MUSKIZ (Autopista),16890.0,11390.0,2719.0,305.0,310.0,555.0,5.0,238.0,662.0,2023-06-01,0,1
2023,7,A3340,BILBAO - ABANTO Y CIERVANA ABANTO ZIERBENA - MUSKIZ (Autopista),13944.0,9316.0,2563.0,171.0,178.0,435.0,1.0,266.0,473.0,2023-07-01,0,1
2023,8,A3340,BILBAO - ABANTO Y CIERVANA ABANTO ZIERBENA - MUSKIZ (Autopista),13414.0,8902.0,2486.0,144.0,177.0,426.0,2.0,290.0,497.0,2023-08-01,0,1
2023,9,A3340,BILBAO - ABANTO Y CIERVANA ABANTO ZIERBENA - MUSKIZ (Autopista),18509.0,12570.0,2599.0,582.0,572.0,480.0,1.0,236.0,649.0,2023-09-01,0,1
2023,10,A3340,BILBAO - ABANTO Y CIERVANA ABANTO ZIERBENA - MUSKIZ (Autopista),19509.0,12537.0,2897.0,824.0,835.0,442.0,2.0,189.0,795.0,2023-10-01,0,1
2023,11,A3340,BILBAO - ABANTO Y CIERVANA ABANTO ZIERBENA - MUSKIZ (Autopista),20460.0,13260.0,3079.0,818.0,903.0,464.0,2.0,194.0,777.0,2023-11-01,0,1
2023,12,A3340,BILBAO - ABANTO Y CIERVANA ABANTO ZIERBENA - MUSKIZ (Autopista),19232.0,12463.0,3362.0,459.0,625.0,566.0,1.0,226.0,775.0,2023-12-01,0,1
2024,1,A3340,BILBAO - ABANTO Y CIERVANA ABANTO ZIERBENA - MUSKIZ (Autopista),19569.0,12160.0,3133.0,749.0,696.0,566.0,1.0,160.0,810.0,2024-01-01,0,1
2024,2,A3340,BILBAO - ABANTO Y CIERVANA ABANTO ZIERBENA - MUSKIZ (Autopista),19338.0,12308.0,2887.0,802.0,788.0,409.0,1.0,171.0,747.0,2024-02-01,0,1
2024,3,A3340,BILBAO - ABANTO Y CIERVANA ABANTO ZIERBENA - MUSKIZ (Autopista),17247.0,10591.0,2711.0,757.0,651.0,426.0,1.0,145.0,647.0,2024-03-01,0,1
2024,4,A3340,BILBAO - ABANTO Y CIERVANA ABANTO ZIERBENA - MUSKIZ (Autopista),19025.0,11797.0,2817.0,820.0,733.0,508.0,0.0,168.0,702.0,2024-04-01,0,1
2024,5,A3340,BILBAO - ABANTO Y CIERVANA ABANTO ZIERBENA - MUSKIZ (Autopista),20965.0,13183.0,3323.0,840.0,727.0,526.0,0.0,168.0,697.0,2024-05-01,0,1
2024,6,A3340,BILBAO - ABANTO Y CIERVANA ABANTO ZIERBENA - MUSKIZ (Autopista),19801.0,12614.0,3122.0,583.0,619.0,538.0,2.0,197.0,743.0,2024-06-01,0,1
2024,7,A3340,BILBAO - ABANTO Y CIERVANA ABANTO ZIERBENA - MUSKIZ (Autopista),17543.0,11100.0,2924.0,389.0,585.0,564.0,2.0,257.0,600.0,2024-07-01,0,1
2024,8,A3340,BILBAO - ABANTO Y CIERVANA ABANTO ZIERBENA - MUSKIZ (Autopista),16515.0,10299.0,3208.0,261.0,467.0,498.0,3.0,244.0,565.0,2024-08-01,0,1
2024,9,A3340,BILBAO - ABANTO Y CIERVANA ABANTO ZIERBENA - MUSKIZ (Autopista),22017.0,13725.0,3056.0,873.0,1053.0,547.0,1.0,205.0,858.0,2024-09-01,0,1
2024,10,A3340,BILBAO - ABANTO Y CIERVANA ABANTO ZIERBENA - MUSKIZ (Autopista),24470.0,14837.0,3267.0,1274.0,1453.0,616.0,0.0,155.0,926.0,2024-10-01,0,1
2024,11,A3340,BILBAO - ABANTO Y CIERVANA ABANTO ZIERBENA - MUSKIZ (Autopista),23074.0,14060.0,3369.0,998.0,1261.0,465.0,2.0,139.0,865.0,2024-11-01,0,1
2024,12,A3340,BILBAO - ABANTO Y CIERVANA ABANTO ZIERBENA - MUSKIZ (Autopista),23445.0,14667.0,3632.0,762.0,995.0,596.0,0.0,215.0,887.0,2024-12-01,0,1
2025,1,A3340,BILBAO - ABANTO Y CIERVANA ABANTO ZIERBENA - MUSKIZ (Autopista),24256.0,15080.0,3429.0,1055.0,1256.0,474.0,0.0,176.0,763.0,2025-01-01,0,1
2025,2,A3340,BILBAO - ABANTO Y CIERVANA ABANTO ZIERBENA - MUSKIZ (Autopista),24224.0,14932.0,3489.0,1071.0,1343.0,481.0,2.0,149.0,735.0,2025-02-01,0,1
2025,3,A3340,BILBAO - ABANTO Y CIERVANA ABANTO ZIERBENA - MUSKIZ (Autopista),24274.0,15101.0,3210.0,1044.0,1319.0,492.0,0.0,143.0,773.0,2025-03-01,0,1
2025,4,A3340,BILBAO - ABANTO Y CIERVANA ABANTO ZIERBENA - MUSKIZ (Autopista),21087.0,13608.0,2860.0,662.0,1021.0,461.0,1.0,180.0,607.0,2025-04-01,0,1
2025,5,A3340,BILBAO - ABANTO Y CIERVANA ABANTO ZIERBENA - MUSKIZ (Autopista),23526.0,15092.0,3475.0,709.0,1026.0,468.0,3.0,117.0,595.0,2025-05-01,0,1
2025,6,A3340,BILBAO - ABANTO Y CIERVANA ABANTO ZIERBENA - MUSKIZ (Autopista),21743.0,14401.0,3050.0,459.0,900.0,400.0,0.0,195.0,531.0,2025-06-01,0,1
2025,7,A3340,BILBAO - ABANTO Y CIERVANA ABANTO ZIERBENA - MUSKIZ (Autopista),20403.0,13081.0,3358.0,321.0,860.0,463.0,1.0,260.0,564.0,2025-07-01,0,1
2025,8,A3340,BILBAO - ABANTO Y CIERVANA ABANTO ZIERBENA - MUSKIZ (Autopista),18578.0,11476.0,3556.0,223.0,759.0,545.0,0.0,238.0,495.0,2025-08-01,0,1
2025,9,A3340,BILBAO - ABANTO Y CIERVANA ABANTO ZIERBENA - MUSKIZ (Autopista),27543.0,16973.0,3501.0,1275.0,1803.0,454.0,2.0,195.0,776.0,2025-09-01,0,1
2025,10,A3340,BILBAO - ABANTO Y CIERVANA ABANTO ZIERBENA - MUSKIZ (Autopista),30764.0,18323.0,4265.0,1562.0,2060.0,449.0,2.0,174.0,778.0,2025-10-01,0,1
2025,11,A3340,BILBAO - ABANTO Y CIERVANA ABANTO ZIERBENA - MUSKIZ (Autopista),27854.0,16593.0,3916.0,1395.0,1916.0,376.0,0.0,176.0,634.0,2025-11-01,0,1
2025,12,A3340,BILBAO - ABANTO Y CIERVANA ABANTO ZIERBENA - MUSKIZ (Autopista),27740.0,17132.0,4243.0,933.0,1579.0,442.0,1.0,219.0,768.0,2025-12-01,0,1
2020,1,A3514,BILBAO - AMOREBIETA ETXANO - GERNIKA LUMO,51111.0,35008.0,6500.0,2080.0,1934.0,3035.0,5.0,246.0,269.0,2020-01-01,1,0
2020,2,A3514,BILBAO - AMOREBIETA ETXANO - GERNIKA LUMO,51847.0,34321.0,6124.0,2906.0,2846.0,2924.0,2.0,260.0,262.0,2020-02-01,1,0
2020,3,A3514,BILBAO - AMOREBIETA ETXANO - GERNIKA LUMO,22663.0,15459.0,2156.0,1464.0,1260.0,1138.0,0.0,79.0,116.0,2020-03-01,1,0
2020,4,A3514,BILBAO - AMOREBIETA ETXANO - GERNIKA LUMO,2262.0,2102.0,88.0,18.0,13.0,0.0,0.0,2.0,1.0,2020-04-01,1,0
2020,5,A3514,BILBAO - AMOREBIETA ETXANO - GERNIKA LUMO,9527.0,8326.0,711.0,138.0,154.0,0.0,0.0,8.0,17.0,2020-05-01,1,0
2020,6,A3514,BILBAO - AMOREBIETA ETXANO - GERNIKA LUMO,25472.0,20869.0,2655.0,377.0,624.0,0.0,0.0,49.0,87.0,2020-06-01,1,0
2020,7,A3514,BILBAO - AMOREBIETA ETXANO - GERNIKA LUMO,30542.0,24685.0,3303.0,457.0,865.0,0.0,0.0,107.0,66.0,2020-07-01,1,0
2020,8,A3514,BILBAO - AMOREBIETA ETXANO - GERNIKA LUMO,21686.0,17672.0,2227.0,270.0,763.0,0.0,0.0,99.0,48.0,2020-08-01,1,0
2020,9,A3514,BILBAO - AMOREBIETA ETXANO - GERNIKA LUMO,32778.0,25946.0,3062.0,1118.0,1183.0,0.0,0.0,72.0,64.0,2020-09-01,1,0
2020,10,A3514,BILBAO - AMOREBIETA ETXANO - GERNIKA LUMO,35286.0,27014.0,2866.0,1904.0,1747.0,0.0,0.0,65.0,82.0,2020-10-01,1,0
2020,11,A3514,BILBAO - AMOREBIETA ETXANO - GERNIKA LUMO,27710.0,21363.0,1358.0,1876.0,1623.0,0.0,0.0,24.0,54.0,2020-11-01,1,0
2020,12,A3514,BILBAO - AMOREBIETA ETXANO - GERNIKA LUMO,30375.0,24147.0,2423.0,1182.0,1016.0,94.0,0.0,70.0,92.0,2020-12-01,1,0
2021,1,A3514,BILBAO - AMOREBIETA ETXANO - GERNIKA LUMO,27212.0,21425.0,1606.0,1231.0,1243.0,274.0,0.0,91.0,115.0,2021-01-01,1,0
2021,2,A3514,BILBAO - AMOREBIETA ETXANO - GERNIKA LUMO,26597.0,20528.0,1155.0,1510.0,1656.0,366.0,0.0,101.0,127.0,2021-02-01,1,0
2021,3,A3514,BILBAO - AMOREBIETA ETXANO - GERNIKA LUMO,37040.0,27772.0,2920.0,1887.0,1787.0,758.0,1.0,153.0,235.0,2021-03-01,1,0
2021,4,A3514,BILBAO - AMOREBIETA ETXANO - GERNIKA LUMO,30208.0,22642.0,2150.0,1443.0,1673.0,754.0,0.0,182.0,154.0,2021-04-01,1,0
2021,5,A3514,BILBAO - AMOREBIETA ETXANO - GERNIKA LUMO,35891.0,26407.0,3137.0,1532.0,2097.0,955.0,13.0,230.0,196.0,2021-05-01,1,0
2021,6,A3514,BILBAO - AMOREBIETA ETXANO - GERNIKA LUMO,37476.0,28441.0,3837.0,866.0,1305.0,1233.0,0.0,208.0,218.0,2021-06-01,1,0
2021,7,A3514,BILBAO - AMOREBIETA ETXANO - GERNIKA LUMO,34226.0,26035.0,3623.0,499.0,1233.0,1375.0,1.0,210.0,145.0,2021-07-01,1,0
2021,8,A3514,BILBAO - AMOREBIETA ETXANO - GERNIKA LUMO,26036.0,19354.0,3032.0,248.0,894.0,1421.0,5.0,239.0,135.0,2021-08-01,1,0
2021,9,A3514,BILBAO - AMOREBIETA ETXANO - GERNIKA LUMO,39166.0,28634.0,3695.0,1660.0,1829.0,1403.0,1.0,195.0,205.0,2021-09-01,1,0
2021,10,A3514,BILBAO - AMOREBIETA ETXANO - GERNIKA LUMO,45136.0,30917.0,4684.0,2652.0,2882.0,1642.0,1.0,195.0,249.0,2021-10-01,1,0
2021,11,A3514,BILBAO - AMOREBIETA ETXANO - GERNIKA LUMO,44649.0,30274.0,4480.0,2827.0,3048.0,1634.0,5.0,134.0,220.0,2021-11-01,1,0
2021,12,A3514,BILBAO - AMOREBIETA ETXANO - GERNIKA LUMO,38692.0,27775.0,4159.0,1576.0,1567.0,1633.0,22.0,178.0,186.0,2021-12-01,1,0
2022,1,A3514,BILBAO - AMOREBIETA ETXANO - GERNIKA LUMO,36098.0,26059.0,3915.0,1596.0,1339.0,1319.0,10.0,189.0,210.0,2022-01-01,0,0
2022,2,A3514,BILBAO - AMOREBIETA ETXANO - GERNIKA LUMO,40693.0,28083.0,4370.0,2515.0,2237.0,1365.0,1.0,146.0,225.0,2022-02-01,0,0
2022,3,A3514,BILBAO - AMOREBIETA ETXANO - GERNIKA LUMO,48585.0,33359.0,5059.0,2768.0,2977.0,1714.0,1.0,196.0,335.0,2022-03-01,0,0
2022,4,A3514,BILBAO - AMOREBIETA ETXANO - GERNIKA LUMO,39838.0,28083.0,4319.0,1634.0,1841.0,1808.0,2.0,216.0,280.0,2022-04-01,0,0
2022,5,A3514,BILBAO - AMOREBIETA ETXANO - GERNIKA LUMO,46796.0,32629.0,5217.0,2280.0,2236.0,1964.0,2.0,174.0,294.0,2022-05-01,0,0
2022,6,A3514,BILBAO - AMOREBIETA ETXANO - GERNIKA LUMO,43337.0,31987.0,4908.0,1188.0,1221.0,1996.0,0.0,225.0,247.0,2022-06-01,0,0
2022,7,A3514,BILBAO - AMOREBIETA ETXANO - GERNIKA LUMO,35787.0,26481.0,4294.0,658.0,820.0,1940.0,3.0,281.0,223.0,2022-07-01,0,0
2022,8,A3514,BILBAO - AMOREBIETA ETXANO - GERNIKA LUMO,33371.0,24731.0,4037.0,332.0,736.0,2070.0,1.0,292.0,224.0,2022-08-01,0,0
2022,9,A3514,BILBAO - AMOREBIETA ETXANO - GERNIKA LUMO,44346.0,31798.0,4694.0,1843.0,2491.0,1352.0,3.0,188.0,218.0,2022-09-01,0,1
2022,10,A3514,BILBAO - AMOREBIETA ETXANO - GERNIKA LUMO,49490.0,34410.0,5548.0,2679.0,3162.0,1262.0,3.0,183.0,360.0,2022-10-01,0,1
2022,11,A3514,BILBAO - AMOREBIETA ETXANO - GERNIKA LUMO,42264.0,29261.0,5031.0,2291.0,2689.0,1026.0,0.0,171.0,214.0,2022-11-01,0,1
2022,12,A3514,BILBAO - AMOREBIETA ETXANO - GERNIKA LUMO,40442.0,29860.0,4681.0,1361.0,1448.0,1136.0,2.0,349.0,215.0,2022-12-01,0,1
2023,1,A3514,BILBAO - AMOREBIETA ETXANO - GERNIKA LUMO,33170.0,24570.0,4042.0,1007.0,1334.0,692.0,0.0,180.0,169.0,2023-01-01,0,1
2023,2,A3514,BILBAO - AMOREBIETA ETXANO - GERNIKA LUMO,32680.0,23438.0,3739.0,1448.0,1773.0,731.0,0.0,158.0,151.0,2023-02-01,0,1
2023,3,A3514,BILBAO - AMOREBIETA ETXANO - GERNIKA LUMO,37237.0,26231.0,4313.0,1727.0,2400.0,738.0,0.0,188.0,200.0,2023-03-01,0,1
2023,4,A3514,BILBAO - AMOREBIETA ETXANO - GERNIKA LUMO,39374.0,28478.0,4864.0,1244.0,1997.0,1077.0,1.0,202.0,201.0,2023-04-01,0,1
2023,5,A3514,BILBAO - AMOREBIETA ETXANO - GERNIKA LUMO,48927.0,35373.0,5555.0,1988.0,2587.0,1154.0,1.0,202.0,291.0,2023-05-01,0,1
2023,6,A3514,BILBAO - AMOREBIETA ETXANO - GERNIKA LUMO,45898.0,34676.0,5415.0,1043.0,1579.0,1148.0,1.0,201.0,238.0,2023-06-01,0,1
2023,7,A3514,BILBAO - AMOREBIETA ETXANO - GERNIKA LUMO,39425.0,30189.0,4952.0,493.0,907.0,1231.0,4.0,281.0,159.0,2023-07-01,0,1
2023,8,A3514,BILBAO - AMOREBIETA ETXANO - GERNIKA LUMO,36106.0,27641.0,4320.0,422.0,808.0,1329.0,0.0,374.0,158.0,2023-08-01,0,1
2023,9,A3514,BILBAO - AMOREBIETA ETXANO - GERNIKA LUMO,48336.0,35068.0,5017.0,1894.0,2719.0,1280.0,1.0,253.0,249.0,2023-09-01,0,1
2023,10,A3514,BILBAO - AMOREBIETA ETXANO - GERNIKA LUMO,53142.0,36992.0,5893.0,2656.0,3823.0,1128.0,0.0,264.0,212.0,2023-10-01,0,1
2023,11,A3514,BILBAO - AMOREBIETA ETXANO - GERNIKA LUMO,53011.0,36445.0,5903.0,2899.0,4222.0,1009.0,1.0,219.0,195.0,2023-11-01,0,1
2023,12,A3514,BILBAO - AMOREBIETA ETXANO - GERNIKA LUMO,49339.0,35673.0,6067.0,1534.0,2521.0,1204.0,0.0,331.0,219.0,2023-12-01,0,1
2024,1,A3514,BILBAO - AMOREBIETA ETXANO - GERNIKA LUMO,50.17,34.151,5.963,1.62,2.823,1.156,0.0,205.0,224.0,2024-01-01,0,1
2024,2,A3514,BILBAO - AMOREBIETA ETXANO - GERNIKA LUMO,51876.0,35327.0,5693.0,1907.0,3519.0,934.0,0.0,194.0,193.0,2024-02-01,0,1
2024,3,A3514,BILBAO - AMOREBIETA ETXANO - GERNIKA LUMO,49536.0,32812.0,5600.0,1889.0,3347.0,987.0,0.0,233.0,160.0,2024-03-01,0,1
2024,4,A3514,BILBAO - AMOREBIETA ETXANO - GERNIKA LUMO,51666.0,34430.0,5686.0,1854.0,3069.0,1126.0,0.0,290.0,138.0,2024-04-01,0,1
2024,5,A3514,BILBAO - AMOREBIETA ETXANO - GERNIKA LUMO,52875.0,35089.0,5685.0,1710.0,3268.0,1210.0,1.0,256.0,177.0,2024-05-01,0,1
2024,6,A3514,BILBAO - AMOREBIETA ETXANO - GERNIKA LUMO,49265.0,34426.0,5703.0,891.0,1723.0,1163.0,11.0,281.0,175.0,2024-06-01,0,1
2024,7,A3514,BILBAO - AMOREBIETA ETXANO - GERNIKA LUMO,47616.0,33603.0,5861.0,748.0,1316.0,1310.0,0.0,385.0,163.0,2024-07-01,0,1
2024,8,A3514,BILBAO - AMOREBIETA ETXANO - GERNIKA LUMO,40201.0,28895.0,5005.0,457.0,938.0,1489.0,22.0,365.0,120.0,2024-08-01,0,1
2024,9,A3514,BILBAO - AMOREBIETA ETXANO - GERNIKA LUMO,53127.0,34922.0,5492.0,2014.0,3068.0,1338.0,4.0,277.0,230.0,2024-09-01,0,1
2024,10,A3514,BILBAO - AMOREBIETA ETXANO - GERNIKA LUMO,61425.0,38543.0,6516.0,2571.0,4768.0,1205.0,1.0,240.0,206.0,2024-10-01,0,1
2024,11,A3514,BILBAO - AMOREBIETA ETXANO - GERNIKA LUMO,58499.0,36876.0,6892.0,2221.0,4381.0,1019.0,0.0,274.0,202.0,2024-11-01,0,1
2024,12,A3514,BILBAO - AMOREBIETA ETXANO - GERNIKA LUMO,58421.0,39488.0,7047.0,1641.0,2793.0,1190.0,0.0,318.0,218.0,2024-12-01,0,1
2025,1,A3514,BILBAO - AMOREBIETA ETXANO - GERNIKA LUMO,50681.0,33429.0,6095.0,1487.0,2469.0,998.0,1.0,321.0,186.0,2025-01-01,0,1
2025,2,A3514,BILBAO - AMOREBIETA ETXANO - GERNIKA LUMO,61743.0,39181.0,7063.0,2452.0,4136.0,950.0,1.0,221.0,185.0,2025-02-01,0,1
2025,3,A3514,BILBAO - AMOREBIETA ETXANO - GERNIKA LUMO,59279.0,37786.0,6636.0,2130.0,3912.0,1065.0,1.0,256.0,178.0,2025-03-01,0,1
2025,4,A3514,BILBAO - AMOREBIETA ETXANO - GERNIKA LUMO,52825.0,34635.0,6171.0,1597.0,2817.0,1175.0,0.0,255.0,206.0,2025-04-01,0,1
2025,5,A3514,BILBAO - AMOREBIETA ETXANO - GERNIKA LUMO,59125.0,38848.0,6926.0,1632.0,3152.0,1050.0,5.0,305.0,192.0,2025-05-01,0,1
2025,6,A3514,BILBAO - AMOREBIETA ETXANO - GERNIKA LUMO,55238.0,37712.0,6445.0,860.0,2030.0,1080.0,7.0,273.0,168.0,2025-06-01,0,1
2025,7,A3514,BILBAO - AMOREBIETA ETXANO - GERNIKA LUMO,51509.0,36058.0,6401.0,672.0,1594.0,1082.0,0.0,314.0,100.0,2025-07-01,0,1
2025,8,A3514,BILBAO - AMOREBIETA ETXANO - GERNIKA LUMO,39518.0,28193.0,4958.0,454.0,1149.0,947.0,0.0,335.0,137.0,2025-08-01,0,1
2025,9,A3514,BILBAO - AMOREBIETA ETXANO - GERNIKA LUMO,58913.0,37928.0,6451.0,2100.0,3871.0,1044.0,0.0,276.0,220.0,2025-09-01,0,1
2025,10,A3514,BILBAO - AMOREBIETA ETXANO - GERNIKA LUMO,68257.0,42323.0,7606.0,2947.0,5354.0,1116.0,0.0,301.0,295.0,2025-10-01,0,1
2025,11,A3514,BILBAO - AMOREBIETA ETXANO - GERNIKA LUMO,62791.0,38723.0,7158.0,2869.0,5026.0,884.0,0.0,252.0,222.0,2025-11-01,0,1
2025,12,A3514,BILBAO - AMOREBIETA ETXANO - GERNIKA LUMO,61714.0,40834.0,7586.0,1944.0,3303.0,964.0,0.0,394.0,202.0,2025-12-01,0,1
2020,1,A3515,BILBAO - AMOREBIETA ETXANO - GERNIKA LUMO - BERMEO,80020.0,50919.0,12894.0,3598.0,2647.0,6038.0,5.0,570.0,336.0,2020-01-01,1,0
2020,2,A3515,BILBAO - AMOREBIETA ETXANO - GERNIKA LUMO - BERMEO,80202.0,50136.0,12662.0,4075.0,3585.0,5757.0,2.0,553.0,294.0,2020-02-01,1,0
2020,3,A3515,BILBAO - AMOREBIETA ETXANO - GERNIKA LUMO - BERMEO,35862.0,23459.0,4691.0,2176.0,1655.0,2211.0,0.0,158.0,139.0,2020-03-01,1,0
2020,4,A3515,BILBAO - AMOREBIETA ETXANO - GERNIKA LUMO - BERMEO,6834.0,6103.0,430.0,102.0,51.0,0.0,0.0,2.0,2.0,2020-04-01,1,0
2020,5,A3515,BILBAO - AMOREBIETA ETXANO - GERNIKA LUMO - BERMEO,18332.0,15389.0,2003.0,162.0,275.0,0.0,0.0,31.0,24.0,2020-05-01,1,0
2020,6,A3515,BILBAO - AMOREBIETA ETXANO - GERNIKA LUMO - BERMEO,44635.0,35390.0,6154.0,440.0,983.0,0.0,0.0,165.0,72.0,2020-06-01,1,0
2020,7,A3515,BILBAO - AMOREBIETA ETXANO - GERNIKA LUMO - BERMEO,60454.0,47360.0,8500.0,900.0,1257.0,0.0,0.0,281.0,120.0,2020-07-01,1,0
2020,8,A3515,BILBAO - AMOREBIETA ETXANO - GERNIKA LUMO - BERMEO,51087.0,40331.0,7270.0,660.0,963.0,0.0,0.0,240.0,118.0,2020-08-01,1,0
2020,9,A3515,BILBAO - AMOREBIETA ETXANO - GERNIKA LUMO - BERMEO,57510.0,43933.0,7493.0,1791.0,1867.0,0.0,0.0,211.0,108.0,2020-09-01,1,0
2020,10,A3515,BILBAO - AMOREBIETA ETXANO - GERNIKA LUMO - BERMEO,55228.0,40100.0,6170.0,3619.0,2635.0,0.0,0.0,115.0,87.0,2020-10-01,1,0
2020,11,A3515,BILBAO - AMOREBIETA ETXANO - GERNIKA LUMO - BERMEO,43079.0,31529.0,3682.0,3373.0,2229.0,0.0,0.0,82.0,71.0,2020-11-01,1,0
2020,12,A3515,BILBAO - AMOREBIETA ETXANO - GERNIKA LUMO - BERMEO,48015.0,36543.0,5087.0,2282.0,1487.0,191.0,0.0,157.0,95.0,2020-12-01,1,0
2021,1,A3515,BILBAO - AMOREBIETA ETXANO - GERNIKA LUMO - BERMEO,41061.0,30555.0,3613.0,2503.0,1562.0,652.0,0.0,112.0,117.0,2021-01-01,1,0
2021,2,A3515,BILBAO - AMOREBIETA ETXANO - GERNIKA LUMO - BERMEO,40036.0,29046.0,3077.0,2838.0,1956.0,876.0,1.0,123.0,155.0,2021-02-01,1,0
2021,3,A3515,BILBAO - AMOREBIETA ETXANO - GERNIKA LUMO - BERMEO,57613.0,40802.0,6270.0,3491.0,2360.0,1600.0,0.0,313.0,187.0,2021-03-01,1,0
2021,4,A3515,BILBAO - AMOREBIETA ETXANO - GERNIKA LUMO - BERMEO,50866.0,35612.0,5811.0,2884.0,2066.0,1800.0,2.0,312.0,216.0,2021-04-01,1,0
2021,5,A3515,BILBAO - AMOREBIETA ETXANO - GERNIKA LUMO - BERMEO,58008.0,39969.0,7399.0,3247.0,2427.0,2074.0,8.0,346.0,235.0,2021-05-01,1,0
2021,6,A3515,BILBAO - AMOREBIETA ETXANO - GERNIKA LUMO - BERMEO,63998.0,45812.0,8657.0,1884.0,1584.0,2904.0,0.0,454.0,252.0,2021-06-01,1,0
2021,7,A3515,BILBAO - AMOREBIETA ETXANO - GERNIKA LUMO - BERMEO,68111.0,48724.0,10043.0,924.0,1375.0,3838.0,7.0,736.0,219.0,2021-07-01,1,0
2021,8,A3515,BILBAO - AMOREBIETA ETXANO - GERNIKA LUMO - BERMEO,61555.0,42856.0,10012.0,545.0,1097.0,4220.0,5.0,809.0,236.0,2021-08-01,1,0
2021,9,A3515,BILBAO - AMOREBIETA ETXANO - GERNIKA LUMO - BERMEO,68193.0,46487.0,9785.0,3021.0,2058.0,3689.0,5.0,485.0,243.0,2021-09-01,1,0
2021,10,A3515,BILBAO - AMOREBIETA ETXANO - GERNIKA LUMO - BERMEO,71419.0,46467.0,9764.0,4663.0,3275.0,3759.0,0.0,406.0,231.0,2021-10-01,1,0
2021,11,A3515,BILBAO - AMOREBIETA ETXANO - GERNIKA LUMO - BERMEO,68213.0,43613.0,9305.0,5039.0,3374.0,3449.0,0.0,258.0,250.0,2021-11-01,1,0
2021,12,A3515,BILBAO - AMOREBIETA ETXANO - GERNIKA LUMO - BERMEO,62144.0,42101.0,8335.0,3134.0,2035.0,3512.0,6.0,355.0,240.0,2021-12-01,1,0
2022,1,A3515,BILBAO - AMOREBIETA ETXANO - GERNIKA LUMO - BERMEO,57967.0,39342.0,7728.0,3340.0,1793.0,2971.0,6.0,319.0,224.0,2022-01-01,0,0
2022,2,A3515,BILBAO - AMOREBIETA ETXANO - GERNIKA LUMO - BERMEO,64242.0,42300.0,8845.0,4272.0,2554.0,2917.0,2.0,333.0,213.0,2022-02-01,0,0
2022,3,A3515,BILBAO - AMOREBIETA ETXANO - GERNIKA LUMO - BERMEO,75760.0,49522.0,10605.0,4967.0,3100.0,3385.0,1.0,416.0,363.0,2022-03-01,0,0
2022,4,A3515,BILBAO - AMOREBIETA ETXANO - GERNIKA LUMO - BERMEO,65356.0,43931.0,9269.0,2983.0,1983.0,3790.0,0.0,422.0,355.0,2022-04-01,0,0
2022,5,A3515,BILBAO - AMOREBIETA ETXANO - GERNIKA LUMO - BERMEO,77158.0,50925.0,11578.0,4120.0,2486.0,4298.0,1.0,526.0,303.0,2022-05-01,0,0
2022,6,A3515,BILBAO - AMOREBIETA ETXANO - GERNIKA LUMO - BERMEO,77038.0,52950.0,12197.0,2135.0,1541.0,4454.0,0.0,579.0,370.0,2022-06-01,0,0
2022,7,A3515,BILBAO - AMOREBIETA ETXANO - GERNIKA LUMO - BERMEO,79754.0,54876.0,12681.0,1277.0,1259.0,5516.0,6.0,1047.0,334.0,2022-07-01,0,0
2022,8,A3515,BILBAO - AMOREBIETA ETXANO - GERNIKA LUMO - BERMEO,84080.0,59069.0,13131.0,882.0,1186.0,5895.0,2.0,912.0,352.0,2022-08-01,0,0
2022,9,A3515,BILBAO - AMOREBIETA ETXANO - GERNIKA LUMO - BERMEO,80502.0,53799.0,12996.0,3289.0,3336.0,3257.0,0.0,481.0,330.0,2022-09-01,0,1
2022,10,A3515,BILBAO - AMOREBIETA ETXANO - GERNIKA LUMO - BERMEO,79029.0,52775.0,12013.0,4185.0,3715.0,2512.0,1.0,397.0,351.0,2022-10-01,0,1
2022,11,A3515,BILBAO - AMOREBIETA ETXANO - GERNIKA LUMO - BERMEO,69042.0,46274.0,10219.0,3905.0,3407.0,2008.0,0.0,320.0,276.0,2022-11-01,0,1
2022,12,A3515,BILBAO - AMOREBIETA ETXANO - GERNIKA LUMO - BERMEO,67984.0,48005.0,9874.0,2647.0,2024.0,2146.0,2.0,480.0,308.0,2022-12-01,0,1
2023,1,A3515,BILBAO - AMOREBIETA ETXANO - GERNIKA LUMO - BERMEO,56257.0,39603.0,8371.0,2222.0,1745.0,1654.0,0.0,357.0,226.0,2023-01-01,0,1
2023,2,A3515,BILBAO - AMOREBIETA ETXANO - GERNIKA LUMO - BERMEO,57746.0,39725.0,8722.0,2840.0,2335.0,1482.0,0.0,303.0,223.0,2023-02-01,0,1
2023,3,A3515,BILBAO - AMOREBIETA ETXANO - GERNIKA LUMO - BERMEO,64273.0,43717.0,9746.0,3302.0,2864.0,1695.0,3.0,366.0,230.0,2023-03-01,0,1
2023,4,A3515,BILBAO - AMOREBIETA ETXANO - GERNIKA LUMO - BERMEO,69626.0,48398.0,10888.0,2465.0,2529.0,2312.0,0.0,543.0,224.0,2023-04-01,0,1
2023,5,A3515,BILBAO - AMOREBIETA ETXANO - GERNIKA LUMO - BERMEO,79832.0,55023.0,12449.0,3578.0,3096.0,2335.0,0.0,434.0,207.0,2023-05-01,0,1
2023,6,A3515,BILBAO - AMOREBIETA ETXANO - GERNIKA LUMO - BERMEO,82247.0,58807.0,13137.0,2020.0,2159.0,2554.0,5.0,609.0,305.0,2023-06-01,0,1
2023,7,A3515,BILBAO - AMOREBIETA ETXANO - GERNIKA LUMO - BERMEO,83383.0,59674.0,13934.0,923.0,1467.0,3368.0,7.0,1274.0,302.0,2023-07-01,0,1
2023,8,A3515,BILBAO - AMOREBIETA ETXANO - GERNIKA LUMO - BERMEO,89334.0,65623.0,13686.0,840.0,1307.0,3950.0,7.0,982.0,419.0,2023-08-01,0,1
2023,9,A3515,BILBAO - AMOREBIETA ETXANO - GERNIKA LUMO - BERMEO,87928.0,60794.0,13334.0,3310.0,3528.0,2986.0,0.0,659.0,304.0,2023-09-01,0,1
2023,10,A3515,BILBAO - AMOREBIETA ETXANO - GERNIKA LUMO - BERMEO,89059.0,59754.0,13737.0,4074.0,4889.0,2622.0,2.0,542.0,331.0,2023-10-01,0,1
2023,11,A3515,BILBAO - AMOREBIETA ETXANO - GERNIKA LUMO - BERMEO,85142.0,56576.0,12905.0,4397.0,5201.0,2121.0,0.0,544.0,311.0,2023-11-01,0,1
2023,12,A3515,BILBAO - AMOREBIETA ETXANO - GERNIKA LUMO - BERMEO,81300.0,57170.0,12196.0,2707.0,3378.0,2237.0,5.0,699.0,303.0,2023-12-01,0,1
2024,1,A3515,BILBAO - AMOREBIETA ETXANO - GERNIKA LUMO - BERMEO,82.637,54.542,12.647,3.29,3.766,2.489,2.0,525.0,316.0,2024-01-01,0,1
2024,2,A3515,BILBAO - AMOREBIETA ETXANO - GERNIKA LUMO - BERMEO,82952.0,55352.0,11851.0,3441.0,4231.0,2108.0,1.0,438.0,268.0,2024-02-01,0,1
2024,3,A3515,BILBAO - AMOREBIETA ETXANO - GERNIKA LUMO - BERMEO,86911.0,56739.0,12660.0,3387.0,4596.0,2277.0,0.0,637.0,247.0,2024-03-01,0,1
2024,4,A3515,BILBAO - AMOREBIETA ETXANO - GERNIKA LUMO - BERMEO,88130.0,57038.0,13207.0,3183.0,4369.0,2443.0,0.0,619.0,283.0,2024-04-01,0,1
2024,5,A3515,BILBAO - AMOREBIETA ETXANO - GERNIKA LUMO - BERMEO,94585.0,60863.0,14819.0,3391.0,4352.0,2626.0,2.0,645.0,286.0,2024-05-01,0,1
2024,6,A3515,BILBAO - AMOREBIETA ETXANO - GERNIKA LUMO - BERMEO,90515.0,61599.0,13766.0,2021.0,2665.0,2823.0,17.0,754.0,295.0,2024-06-01,0,1
2024,7,A3515,BILBAO - AMOREBIETA ETXANO - GERNIKA LUMO - BERMEO,91041.0,62053.0,14090.0,1340.0,2086.0,3106.0,7.0,1719.0,346.0,2024-07-01,0,1
2024,8,A3515,BILBAO - AMOREBIETA ETXANO - GERNIKA LUMO - BERMEO,93705.0,67146.0,13727.0,890.0,1656.0,3686.0,2.0,1008.0,358.0,2024-08-01,0,1
2024,9,A3515,BILBAO - AMOREBIETA ETXANO - GERNIKA LUMO - BERMEO,94739.0,61193.0,13835.0,3135.0,4619.0,2811.0,4.0,751.0,292.0,2024-09-01,0,1
2024,10,A3515,BILBAO - AMOREBIETA ETXANO - GERNIKA LUMO - BERMEO,97611.0,61005.0,13322.0,4178.0,6490.0,2427.0,0.0,611.0,256.0,2024-10-01,0,1
2024,11,A3515,BILBAO - AMOREBIETA ETXANO - GERNIKA LUMO - BERMEO,93055.0,57927.0,13848.0,3845.0,5908.0,2046.0,0.0,661.0,222.0,2024-11-01,0,1
2024,12,A3515,BILBAO - AMOREBIETA ETXANO - GERNIKA LUMO - BERMEO,87616.0,57477.0,12894.0,2733.0,3814.0,2129.0,0.0,698.0,288.0,2024-12-01,0,1
2025,1,A3515,BILBAO - AMOREBIETA ETXANO - GERNIKA LUMO - BERMEO,78618.0,50806.0,11638.0,2658.0,3346.0,1878.0,0.0,626.0,221.0,2025-01-01,0,1
2025,2,A3515,BILBAO - AMOREBIETA ETXANO - GERNIKA LUMO - BERMEO,98581.0,61901.0,13933.0,4402.0,5665.0,1764.0,0.0,548.0,232.0,2025-02-01,0,1
2025,3,A3515,BILBAO - AMOREBIETA ETXANO - GERNIKA LUMO - BERMEO,94037.0,59291.0,13585.0,3767.0,5493.0,1894.0,1.0,568.0,263.0,2025-03-01,0,1
2025,4,A3515,BILBAO - AMOREBIETA ETXANO - GERNIKA LUMO - BERMEO,90906.0,59609.0,13182.0,2886.0,4217.0,2137.0,0.0,669.0,290.0,2025-04-01,0,1
2025,5,A3515,BILBAO - AMOREBIETA ETXANO - GERNIKA LUMO - BERMEO,98554.0,63681.0,14470.0,3245.0,4614.0,2341.0,2.0,689.0,286.0,2025-05-01,0,1
2025,6,A3515,BILBAO - AMOREBIETA ETXANO - GERNIKA LUMO - BERMEO,94342.0,63474.0,13566.0,1895.0,2982.0,2254.0,0.0,675.0,255.0,2025-06-01,0,1
2025,7,A3515,BILBAO - AMOREBIETA ETXANO - GERNIKA LUMO - BERMEO,98635.0,68081.0,15021.0,1357.0,2333.0,2561.0,2.0,847.0,209.0,2025-07-01,0,1
2025,8,A3515,BILBAO - AMOREBIETA ETXANO - GERNIKA LUMO - BERMEO,100631.0,72320.0,14826.0,895.0,1993.0,2940.0,15.0,918.0,306.0,2025-08-01,0,1
2025,9,A3515,BILBAO - AMOREBIETA ETXANO - GERNIKA LUMO - BERMEO,101165.0,65651.0,14359.0,3293.0,5626.0,1959.0,0.0,607.0,247.0,2025-09-01,0,1
2025,10,A3515,BILBAO - AMOREBIETA ETXANO - GERNIKA LUMO - BERMEO,102349.0,63862.0,14801.0,4355.0,6892.0,1875.0,1.0,572.0,234.0,2025-10-01,0,1
2025,11,A3515,BILBAO - AMOREBIETA ETXANO - GERNIKA LUMO - BERMEO,92768.0,57575.0,13100.0,4060.0,6483.0,1471.0,0.0,563.0,246.0,2025-11-01,0,1
2025,12,A3515,BILBAO - AMOREBIETA ETXANO - GERNIKA LUMO - BERMEO,94328.0,62053.0,13851.0,2943.0,4512.0,1770.0,1.0,658.0,208.0,2025-12-01,0,1
2020,1,A0651,BILBAO - BALMASEDA,68576.0,40791.0,11977.0,3239.0,4497.0,3594.0,31.0,544.0,657.0,2020-01-01,1,0
2020,2,A0651,BILBAO - BALMASEDA,70128.0,40301.0,12034.0,4173.0,5331.0,3324.0,59.0,595.0,722.0,2020-02-01,1,0
2020,3,A0651,BILBAO - BALMASEDA,32012.0,19672.0,4521.0,1861.0,2327.0,1474.0,25.0,270.0,301.0,2020-03-01,1,0
2020,4,A0651,BILBAO - BALMASEDA,5923.0,5307.0,368.0,3.0,64.0,0.0,0.0,3.0,65.0,2020-04-01,1,0
2020,5,A0651,BILBAO - BALMASEDA,14790.0,11959.0,1881.0,35.0,219.0,0.0,0.0,142.0,184.0,2020-05-01,1,0
2020,6,A0651,BILBAO - BALMASEDA,34351.0,26278.0,5170.0,234.0,716.0,0.0,0.0,295.0,241.0,2020-06-01,1,0
2020,7,A0651,BILBAO - BALMASEDA,40155.0,30707.0,6035.0,300.0,914.0,0.0,0.0,377.0,219.0,2020-07-01,1,0
2020,8,A0651,BILBAO - BALMASEDA,29176.0,22561.0,4321.0,288.0,423.0,0.0,0.0,310.0,154.0,2020-08-01,1,0
2020,9,A0651,BILBAO - BALMASEDA,46353.0,32764.0,5906.0,2147.0,2500.0,0.0,0.0,353.0,292.0,2020-09-01,1,0
2020,10,A0651,BILBAO - BALMASEDA,49445.0,32682.0,5953.0,3257.0,4507.0,0.0,0.0,257.0,296.0,2020-10-01,1,0
2020,11,A0651,BILBAO - BALMASEDA,39846.0,26612.0,4035.0,2844.0,3819.0,0.0,0.0,186.0,265.0,2020-11-01,1,0
2020,12,A0651,BILBAO - BALMASEDA,42462.0,29760.0,5256.0,2170.0,2513.0,163.0,0.0,262.0,238.0,2020-12-01,1,0
2021,1,A0651,BILBAO - BALMASEDA,40658.0,28330.0,4513.0,1862.0,2813.0,654.0,2.0,260.0,337.0,2021-01-01,1,0
2021,2,A0651,BILBAO - BALMASEDA,38913.0,26153.0,3827.0,2583.0,3213.0,790.0,0.0,262.0,294.0,2021-02-01,1,0
2021,3,A0651,BILBAO - BALMASEDA,51699.0,34567.0,6344.0,2820.0,3675.0,1168.0,12.0,472.0,418.0,2021-03-01,1,0
2021,4,A0651,BILBAO - BALMASEDA,41825.0,27737.0,5346.0,2082.0,2867.0,1247.0,22.0,423.0,325.0,2021-04-01,1,0
2021,5,A0651,BILBAO - BALMASEDA,52039.0,34371.0,7597.0,2211.0,3258.0,1554.0,17.0,396.0,407.0,2021-05-01,1,0
2021,6,A0651,BILBAO - BALMASEDA,50311.0,34797.0,7728.0,844.0,2218.0,1789.0,15.0,570.0,453.0,2021-06-01,1,0
2021,7,A0651,BILBAO - BALMASEDA,45108.0,31186.0,7215.0,546.0,1744.0,1923.0,20.0,603.0,367.0,2021-07-01,1,0
2021,8,A0651,BILBAO - BALMASEDA,35435.0,24158.0,6064.0,312.0,1447.0,1665.0,12.0,436.0,329.0,2021-08-01,1,0
2021,9,A0651,BILBAO - BALMASEDA,55058.0,34597.0,7418.0,3096.0,4170.0,2097.0,11.0,531.0,566.0,2021-09-01,1,0
2021,10,A0651,BILBAO - BALMASEDA,62236.0,37022.0,8559.0,4053.0,5501.0,2290.0,17.0,556.0,644.0,2021-10-01,1,0
2021,11,A0651,BILBAO - BALMASEDA,62632.0,36892.0,8624.0,4362.0,5950.0,2181.0,14.0,394.0,609.0,2021-11-01,1,0
2021,12,A0651,BILBAO - BALMASEDA,62805.0,41277.0,8271.0,2319.0,3939.0,2547.0,15.0,595.0,547.0,2021-12-01,1,0
2022,1,A0651,BILBAO - BALMASEDA,57547.0,37023.0,7607.0,2612.0,3975.0,2196.0,18.0,511.0,541.0,2022-01-01,0,0
2022,2,A0651,BILBAO - BALMASEDA,65022.0,40015.0,8605.0,3920.0,5327.0,2441.0,15.0,521.0,587.0,2022-02-01,0,0
2022,3,A0651,BILBAO - BALMASEDA,76635.0,47132.0,10550.0,4415.0,6283.0,2873.0,13.0,682.0,776.0,2022-03-01,0,0
2022,4,A0651,BILBAO - BALMASEDA,62503.0,40445.0,8599.0,2604.0,4179.0,2640.0,36.0,618.0,552.0,2022-04-01,0,0
2022,5,A0651,BILBAO - BALMASEDA,75891.0,48433.0,10496.0,3320.0,5327.0,3113.0,17.0,791.0,772.0,2022-05-01,0,0
2022,6,A0651,BILBAO - BALMASEDA,67583.0,45604.0,9956.0,1333.0,3114.0,3078.0,27.0,895.0,721.0,2022-06-01,0,0
2022,7,A0651,BILBAO - BALMASEDA,54430.0,37754.0,7969.0,467.0,2224.0,2582.0,34.0,784.0,582.0,2022-07-01,0,0
2022,8,A0651,BILBAO - BALMASEDA,48854.0,33828.0,7761.0,361.0,1445.0,2755.0,39.0,746.0,473.0,2022-08-01,0,0
2022,9,A0651,BILBAO - BALMASEDA,69430.0,44062.0,9257.0,3672.0,5505.0,2040.0,18.0,745.0,744.0,2022-09-01,0,1
2022,10,A0651,BILBAO - BALMASEDA,73401.0,44591.0,10378.0,4372.0,6655.0,2133.0,3.0,713.0,758.0,2022-10-01,0,1
2022,11,A0651,BILBAO - BALMASEDA,70145.0,42960.0,9987.0,4167.0,6425.0,1869.0,11.0,579.0,770.0,2022-11-01,0,1
2022,12,A0651,BILBAO - BALMASEDA,63226.0,41265.0,9644.0,2289.0,4176.0,1956.0,17.0,608.0,669.0,2022-12-01,0,1
2023,1,A0651,BILBAO - BALMASEDA,61740.0,39752.0,9252.0,2823.0,4209.0,1701.0,31.0,567.0,710.0,2023-01-01,0,1
2023,2,A0651,BILBAO - BALMASEDA,61556.0,38724.0,9131.0,2977.0,5018.0,1581.0,16.0,512.0,666.0,2023-02-01,0,1
2023,3,A0651,BILBAO - BALMASEDA,70977.0,44302.0,10407.0,3734.0,5788.0,1810.0,4.0,583.0,705.0,2023-03-01,0,1
2023,4,A0651,BILBAO - BALMASEDA,59590.0,38285.0,9054.0,2244.0,3966.0,2233.0,13.0,594.0,622.0,2023-04-01,0,1
2023,5,A0651,BILBAO - BALMASEDA,74117.0,47664.0,11177.0,2695.0,5156.0,2291.0,28.0,689.0,842.0,2023-05-01,0,1
2023,6,A0651,BILBAO - BALMASEDA,67324.0,46114.0,10827.0,1077.0,3098.0,2138.0,24.0,676.0,741.0,2023-06-01,0,1
2023,7,A0651,BILBAO - BALMASEDA,56476.0,39235.0,10006.0,460.0,1657.0,2015.0,9.0,677.0,540.0,2023-07-01,0,1
2023,8,A0651,BILBAO - BALMASEDA,49751.0,34702.0,8456.0,353.0,1377.0,2138.0,22.0,684.0,566.0,2023-08-01,0,1
2023,9,A0651,BILBAO - BALMASEDA,72605.0,45954.0,10282.0,3032.0,6064.0,2043.0,13.0,700.0,752.0,2023-09-01,0,1
2023,10,A0651,BILBAO - BALMASEDA,79519.0,48985.0,11675.0,3412.0,7669.0,1989.0,23.0,687.0,869.0,2023-10-01,0,1
2023,11,A0651,BILBAO - BALMASEDA,77792.0,47522.0,11607.0,3678.0,7651.0,1989.0,8.0,488.0,879.0,2023-11-01,0,1
2023,12,A0651,BILBAO - BALMASEDA,69420.0,45334.0,11122.0,2057.0,4429.0,2027.0,8.0,677.0,752.0,2023-12-01,0,1
2024,1,A0651,BILBAO - BALMASEDA,73477.0,43923.0,11321.0,2776.0,5412.0,2294.0,14.0,532.0,815.0,2024-01-01,0,1
2024,2,A0651,BILBAO - BALMASEDA,75936.0,45630.0,11164.0,2623.0,6476.0,1916.0,17.0,533.0,865.0,2024-02-01,0,1
2024,3,A0651,BILBAO - BALMASEDA,73585.0,43865.0,11279.0,2741.0,5629.0,1900.0,8.0,560.0,826.0,2024-03-01,0,1
2024,4,A0651,BILBAO - BALMASEDA,76315.0,45629.0,11367.0,2836.0,5658.0,1999.0,15.0,677.0,881.0,2024-04-01,0,1
2024,5,A0651,BILBAO - BALMASEDA,79949.0,47235.0,12499.0,2541.0,5877.0,1937.0,23.0,734.0,918.0,2024-05-01,0,1
2024,6,A0651,BILBAO - BALMASEDA,69389.0,43227.0,11873.0,1075.0,2845.0,2005.0,22.0,729.0,710.0,2024-06-01,0,1
2024,7,A0651,BILBAO - BALMASEDA,63558.0,41078.0,10774.0,676.0,1668.0,2056.0,13.0,894.0,706.0,2024-07-01,0,1
2024,8,A0651,BILBAO - BALMASEDA,54317.0,35890.0,9266.0,433.0,1405.0,2063.0,13.0,989.0,467.0,2024-08-01,0,1
2024,9,A0651,BILBAO - BALMASEDA,78512.0,46109.0,11398.0,3027.0,6219.0,2136.0,22.0,827.0,861.0,2024-09-01,0,1
2024,10,A0651,BILBAO - BALMASEDA,88470.0,49700.0,13077.0,4119.0,8110.0,2057.0,7.0,626.0,997.0,2024-10-01,0,1
2024,11,A0651,BILBAO - BALMASEDA,80683.0,45617.0,12049.0,3323.0,7334.0,1823.0,3.0,676.0,881.0,2024-11-01,0,1
2024,12,A0651,BILBAO - BALMASEDA,75922.0,46056.0,11549.0,2362.0,4679.0,1998.0,11.0,869.0,761.0,2024-12-01,0,1
2025,1,A0651,BILBAO - BALMASEDA,78881.0,47523.0,11360.0,2419.0,5349.0,2074.0,5.0,746.0,731.0,2025-01-01,0,1
2025,2,A0651,BILBAO - BALMASEDA,80631.0,47088.0,11110.0,3251.0,6609.0,1612.0,7.0,658.0,779.0,2025-02-01,0,1
2025,3,A0651,BILBAO - BALMASEDA,87968.0,51195.0,12738.0,3087.0,6634.0,1943.0,1.0,662.0,938.0,2025-03-01,0,1
2025,4,A0651,BILBAO - BALMASEDA,77736.0,47110.0,11727.0,2156.0,4513.0,1874.0,7.0,790.0,731.0,2025-04-01,0,1
2025,5,A0651,BILBAO - BALMASEDA,85840.0,52413.0,12469.0,2344.0,5088.0,1647.0,8.0,751.0,818.0,2025-05-01,0,1
2025,6,A0651,BILBAO - BALMASEDA,79014.0,50714.0,11861.0,1089.0,3058.0,1517.0,8.0,746.0,663.0,2025-06-01,0,1
2025,7,A0651,BILBAO - BALMASEDA,77481.0,50208.0,11915.0,692.0,2626.0,1805.0,13.0,953.0,576.0,2025-07-01,0,1
2025,8,A0651,BILBAO - BALMASEDA,64759.0,42578.0,10137.0,370.0,1862.0,1738.0,1.0,973.0,576.0,2025-08-01,0,1
2025,9,A0651,BILBAO - BALMASEDA,94610.0,55341.0,12647.0,3576.0,7231.0,1565.0,5.0,1065.0,958.0,2025-09-01,0,1
2025,10,A0651,BILBAO - BALMASEDA,105364.0,57941.0,14788.0,4607.0,9778.0,1635.0,0.0,868.0,1007.0,2025-10-01,0,1
2025,11,A0651,BILBAO - BALMASEDA,103201.0,56569.0,14022.0,4510.0,10064.0,1631.0,3.0,860.0,1061.0,2025-11-01,0,1
2025,12,A0651,BILBAO - BALMASEDA,102257.0,59061.0,14703.0,3289.0,7624.0,1699.0,1.0,983.0,1029.0,2025-12-01,0,1
2020,1,A3137,BILBAO - BARAKALDO,34187.0,20045.0,6738.0,745.0,829.0,2216.0,7.0,1113.0,1719.0,2020-01-01,1,0
2020,2,A3137,BILBAO - BARAKALDO,33493.0,19619.0,6476.0,841.0,945.0,2176.0,2.0,1043.0,1641.0,2020-02-01,1,0
2020,3,A3137,BILBAO - BARAKALDO,15930.0,9882.0,2765.0,356.0,500.0,901.0,1.0,438.0,720.0,2020-03-01,1,0
2020,4,A3137,BILBAO - BARAKALDO,1600.0,1414.0,123.0,6.0,15.0,0.0,0.0,0.0,16.0,2020-04-01,1,0
2020,5,A3137,BILBAO - BARAKALDO,8776.0,7148.0,1115.0,43.0,59.0,0.0,0.0,90.0,206.0,2020-05-01,1,0
2020,6,A3137,BILBAO - BARAKALDO,20163.0,15136.0,3331.0,138.0,258.0,0.0,0.0,315.0,684.0,2020-06-01,1,0
2020,7,A3137,BILBAO - BARAKALDO,22661.0,16619.0,3881.0,194.0,312.0,0.0,0.0,521.0,740.0,2020-07-01,1,0
2020,8,A3137,BILBAO - BARAKALDO,17455.0,12888.0,2795.0,277.0,236.0,0.0,0.0,417.0,527.0,2020-08-01,1,0
2020,9,A3137,BILBAO - BARAKALDO,23503.0,16642.0,3955.0,430.0,488.0,0.0,0.0,584.0,960.0,2020-09-01,1,0
2020,10,A3137,BILBAO - BARAKALDO,24697.0,17349.0,3980.0,596.0,696.0,0.0,0.0,493.0,1044.0,2020-10-01,1,0
2020,11,A3137,BILBAO - BARAKALDO,22524.0,15912.0,3364.0,659.0,681.0,0.0,0.0,449.0,859.0,2020-11-01,1,0
2020,12,A3137,BILBAO - BARAKALDO,23419.0,16503.0,3751.0,538.0,516.0,94.0,0.0,539.0,983.0,2020-12-01,1,0
2021,1,A3137,BILBAO - BARAKALDO,22603.0,15567.0,3379.0,568.0,498.0,472.0,0.0,571.0,1092.0,2021-01-01,1,0
2021,2,A3137,BILBAO - BARAKALDO,22365.0,15160.0,3278.0,760.0,483.0,639.0,0.0,519.0,1078.0,2021-02-01,1,0
2021,3,A3137,BILBAO - BARAKALDO,25543.0,16483.0,4294.0,886.0,601.0,788.0,0.0,699.0,1241.0,2021-03-01,1,0
2021,4,A3137,BILBAO - BARAKALDO,23567.0,15256.0,3872.0,721.0,554.0,845.0,2.0,626.0,1267.0,2021-04-01,1,0
2021,5,A3137,BILBAO - BARAKALDO,27820.0,17847.0,4875.0,985.0,570.0,985.0,7.0,718.0,1232.0,2021-05-01,1,0
2021,6,A3137,BILBAO - BARAKALDO,26525.0,16994.0,4666.0,658.0,526.0,1051.0,3.0,812.0,1125.0,2021-06-01,1,0
2021,7,A3137,BILBAO - BARAKALDO,25519.0,16443.0,4373.0,360.0,596.0,1281.0,0.0,816.0,1081.0,2021-07-01,1,0
2021,8,A3137,BILBAO - BARAKALDO,20467.0,13150.0,3516.0,299.0,425.0,1289.0,2.0,717.0,748.0,2021-08-01,1,0
2021,9,A3137,BILBAO - BARAKALDO,27136.0,17121.0,4491.0,675.0,793.0,1391.0,0.0,831.0,1166.0,2021-09-01,1,0
2021,10,A3137,BILBAO - BARAKALDO,28900.0,17886.0,5097.0,780.0,909.0,1525.0,1.0,773.0,1219.0,2021-10-01,1,0
2021,11,A3137,BILBAO - BARAKALDO,29464.0,18174.0,5251.0,840.0,855.0,1579.0,0.0,694.0,1287.0,2021-11-01,1,0
2021,12,A3137,BILBAO - BARAKALDO,28546.0,17813.0,5119.0,632.0,746.0,1599.0,24.0,694.0,1259.0,2021-12-01,1,0
2022,1,A3137,BILBAO - BARAKALDO,27171.0,17105.0,4720.0,659.0,660.0,1496.0,0.0,606.0,1202.0,2022-01-01,0,0
2022,2,A3137,BILBAO - BARAKALDO,27875.0,17055.0,5052.0,831.0,836.0,1392.0,0.0,684.0,1270.0,2022-02-01,0,0
2022,3,A3137,BILBAO - BARAKALDO,31528.0,19388.0,5826.0,911.0,967.0,1478.0,2.0,728.0,1367.0,2022-03-01,0,0
2022,4,A3137,BILBAO - BARAKALDO,27693.0,17104.0,5038.0,692.0,623.0,1578.0,0.0,705.0,1244.0,2022-04-01,0,0
2022,5,A3137,BILBAO - BARAKALDO,31999.0,20007.0,5589.0,866.0,798.0,1618.0,0.0,949.0,1318.0,2022-05-01,0,0
2022,6,A3137,BILBAO - BARAKALDO,30786.0,19446.0,5537.0,572.0,629.0,1622.0,0.0,864.0,1325.0,2022-06-01,0,0
2022,7,A3137,BILBAO - BARAKALDO,28223.0,18361.0,4998.0,249.0,620.0,1709.0,1.0,797.0,873.0,2022-07-01,0,0
2022,8,A3137,BILBAO - BARAKALDO,26178.0,16853.0,4534.0,227.0,562.0,1789.0,3.0,812.0,883.0,2022-08-01,0,0
2022,9,A3137,BILBAO - BARAKALDO,29337.0,19293.0,5033.0,537.0,856.0,1040.0,0.0,760.0,1050.0,2022-09-01,0,1
2022,10,A3137,BILBAO - BARAKALDO,31859.0,20683.0,5821.0,635.0,848.0,1012.0,0.0,855.0,1184.0,2022-10-01,0,1
2022,11,A3137,BILBAO - BARAKALDO,28689.0,18514.0,5346.0,627.0,737.0,883.0,3.0,750.0,1093.0,2022-11-01,0,1
2022,12,A3137,BILBAO - BARAKALDO,25427.0,16490.0,4732.0,394.0,555.0,836.0,0.0,868.0,1020.0,2022-12-01,0,1
2023,1,A3137,BILBAO - BARAKALDO,23.965,15662.0,4406.0,400.0,540.0,667.0,0.0,714.0,985.0,2023-01-01,0,1
2023,2,A3137,BILBAO - BARAKALDO,22760.0,14283.0,4657.0,450.0,580.0,597.0,0.0,666.0,979.0,2023-02-01,0,1
2023,3,A3137,BILBAO - BARAKALDO,26868.0,17010.0,5447.0,501.0,662.0,704.0,0.0,804.0,981.0,2023-03-01,0,1
2023,4,A3137,BILBAO - BARAKALDO,27417.0,17712.0,5331.0,427.0,595.0,883.0,4.0,869.0,985.0,2023-04-01,0,1
2023,5,A3137,BILBAO - BARAKALDO,33308.0,21256.0,6351.0,582.0,895.0,1021.0,4.0,970.0,1336.0,2023-05-01,0,1
2023,6,A3137,BILBAO - BARAKALDO,31958.0,20702.0,6127.0,428.0,680.0,927.0,2.0,1144.0,1110.0,2023-06-01,0,1
2023,7,A3137,BILBAO - BARAKALDO,28836.0,18974.0,5594.0,252.0,527.0,1117.0,0.0,1072.0,755.0,2023-07-01,0,1
2023,8,A3137,BILBAO - BARAKALDO,26199.0,17489.0,4934.0,158.0,516.0,1069.0,0.0,950.0,662.0,2023-08-01,0,1
2023,9,A3137,BILBAO - BARAKALDO,32572.0,21139.0,5937.0,554.0,757.0,1097.0,0.0,1170.0,1110.0,2023-09-01,0,1
2023,10,A3137,BILBAO - BARAKALDO,34298.0,21822.0,6624.0,641.0,839.0,1030.0,3.0,1192.0,1268.0,2023-10-01,0,1
2023,11,A3137,BILBAO - BARAKALDO,36495.0,22815.0,7264.0,682.0,857.0,1093.0,2.0,1297.0,1472.0,2023-11-01,0,1
2023,12,A3137,BILBAO - BARAKALDO,35991.0,22953.0,7044.0,581.0,674.0,1159.0,1.0,1486.0,1316.0,2023-12-01,0,1
2024,1,A3137,BILBAO - BARAKALDO,36543.0,21093.0,7143.0,743.0,726.0,1205.0,0.0,1335.0,1356.0,2024-01-01,0,1
2024,2,A3137,BILBAO - BARAKALDO,37620.0,21949.0,7384.0,649.0,723.0,1046.0,0.0,1325.0,1179.0,2024-02-01,0,1
2024,3,A3137,BILBAO - BARAKALDO,38096.0,21747.0,7404.0,595.0,906.0,1083.0,0.0,1309.0,1231.0,2024-03-01,0,1
2024,4,A3137,BILBAO - BARAKALDO,45981.0,26172.0,9039.0,798.0,1068.0,1181.0,0.0,1723.0,1232.0,2024-04-01,0,1
2024,5,A3137,BILBAO - BARAKALDO,49180.0,27659.0,9561.0,906.0,1198.0,1174.0,2.0,1794.0,1396.0,2024-05-01,0,1
2024,6,A3137,BILBAO - BARAKALDO,45114.0,25534.0,8917.0,559.0,967.0,1261.0,0.0,1650.0,1199.0,2024-06-01,0,1
2024,7,A3137,BILBAO - BARAKALDO,36533.0,20946.0,6817.0,471.0,809.0,1067.0,0.0,1408.0,880.0,2024-07-01,0,1
2024,8,A3137,BILBAO - BARAKALDO,32167.0,18880.0,5593.0,359.0,631.0,1246.0,0.0,1219.0,893.0,2024-08-01,0,1
2024,9,A3137,BILBAO - BARAKALDO,39076.0,21416.0,7119.0,806.0,1162.0,1147.0,0.0,1423.0,1063.0,2024-09-01,0,1
2024,10,A3137,BILBAO - BARAKALDO,41363.0,22253.0,7381.0,909.0,1265.0,1104.0,0.0,1474.0,1104.0,2024-10-01,0,1
2024,11,A3137,BILBAO - BARAKALDO,40571.0,21733.0,7410.0,869.0,1261.0,977.0,0.0,1409.0,1156.0,2024-11-01,0,1
2024,12,A3137,BILBAO - BARAKALDO,40862.0,22819.0,7177.0,806.0,1097.0,1056.0,0.0,1432.0,1247.0,2024-12-01,0,1
2025,1,A3137,BILBAO - BARAKALDO,42502.0,23343.0,7605.0,795.0,1231.0,1078.0,0.0,1469.0,1216.0,2025-01-01,0,1
2025,2,A3137,BILBAO - BARAKALDO,40992.0,22227.0,7513.0,841.0,1243.0,962.0,2.0,1354.0,1098.0,2025-02-01,0,1
2025,3,A3137,BILBAO - BARAKALDO,44617.0,24175.0,7992.0,806.0,1531.0,969.0,2.0,1431.0,1269.0,2025-03-01,0,1
2025,4,A3137,BILBAO - BARAKALDO,41202.0,22820.0,7067.0,771.0,1267.0,853.0,9.0,1293.0,1029.0,2025-04-01,0,1
2025,5,A3137,BILBAO - BARAKALDO,45577.0,25357.0,7836.0,784.0,1489.0,763.0,13.0,1529.0,1207.0,2025-05-01,0,1
2025,6,A3137,BILBAO - BARAKALDO,43159.0,23853.0,7798.0,509.0,1292.0,716.0,1.0,1457.0,1107.0,2025-06-01,0,1
2025,7,A3137,BILBAO - BARAKALDO,43524.0,24751.0,7798.0,465.0,1092.0,864.0,1.0,1424.0,967.0,2025-07-01,0,1
2025,8,A3137,BILBAO - BARAKALDO,37600.0,21834.0,6307.0,289.0,917.0,916.0,0.0,1177.0,798.0,2025-08-01,0,1
2025,9,A3137,BILBAO - BARAKALDO,47054.0,25824.0,7767.0,659.0,1664.0,877.0,4.0,1488.0,1145.0,2025-09-01,0,1
2025,10,A3137,BILBAO - BARAKALDO,54412.0,28794.0,9099.0,994.0,2107.0,885.0,1.0,1577.0,1377.0,2025-10-01,0,1
2025,11,A3137,BILBAO - BARAKALDO,48330.0,25524.0,7936.0,1004.0,1987.0,767.0,3.0,1265.0,1313.0,2025-11-01,0,1
2025,12,A3137,BILBAO - BARAKALDO,50976.0,27644.0,8659.0,841.0,1851.0,848.0,1.0,1485.0,1383.0,2025-12-01,0,1
2020,1,A3136,BILBAO - BARAKALDO - SANTURTZI,89909.0,50521.0,18083.0,2127.0,2323.0,7359.0,94.0,2899.0,3932.0,2020-01-01,1,0
2020,2,A3136,BILBAO - BARAKALDO - SANTURTZI,87588.0,48955.0,17957.0,2461.0,2434.0,6954.0,34.0,2528.0,3863.0,2020-02-01,1,0
2020,3,A3136,BILBAO - BARAKALDO - SANTURTZI,44239.0,27028.0,7649.0,1266.0,1262.0,2950.0,18.0,1018.0,1728.0,2020-03-01,1,0
2020,4,A3136,BILBAO - BARAKALDO - SANTURTZI,15672.0,13195.0,1473.0,123.0,229.0,0.0,0.0,26.0,267.0,2020-04-01,1,0
2020,5,A3136,BILBAO - BARAKALDO - SANTURTZI,27428.0,21169.0,4491.0,225.0,280.0,0.0,0.0,192.0,523.0,2020-05-01,1,0
2020,6,A3136,BILBAO - BARAKALDO - SANTURTZI,55107.0,39572.0,10357.0,598.0,863.0,0.0,0.0,981.0,1467.0,2020-06-01,1,0
2020,7,A3136,BILBAO - BARAKALDO - SANTURTZI,60257.0,42863.0,11123.0,806.0,1233.0,0.0,0.0,1233.0,1491.0,2020-07-01,1,0
2020,8,A3136,BILBAO - BARAKALDO - SANTURTZI,51893.0,37395.0,9003.0,739.0,1057.0,0.0,0.0,1244.0,1250.0,2020-08-01,1,0
2020,9,A3136,BILBAO - BARAKALDO - SANTURTZI,61489.0,42719.0,11151.0,1110.0,1524.0,0.0,0.0,1348.0,1928.0,2020-09-01,1,0
2020,10,A3136,BILBAO - BARAKALDO - SANTURTZI,66032.0,44713.0,11827.0,1633.0,2193.0,0.0,0.0,1351.0,2296.0,2020-10-01,1,0
2020,11,A3136,BILBAO - BARAKALDO - SANTURTZI,53783.0,36867.0,9347.0,1257.0,1610.0,0.0,0.0,1108.0,2001.0,2020-11-01,1,0
2020,12,A3136,BILBAO - BARAKALDO - SANTURTZI,59896.0,40826.0,10548.0,1164.0,1328.0,435.0,0.0,1395.0,2230.0,2020-12-01,1,0
2021,1,A3136,BILBAO - BARAKALDO - SANTURTZI,56021.0,37035.0,9390.0,1237.0,1230.0,1598.0,4.0,1457.0,2345.0,2021-01-01,1,0
2021,2,A3136,BILBAO - BARAKALDO - SANTURTZI,53834.0,34414.0,9448.0,1356.0,1259.0,1795.0,3.0,1500.0,2371.0,2021-02-01,1,0
2021,3,A3136,BILBAO - BARAKALDO - SANTURTZI,63388.0,39074.0,12261.0,1628.0,1397.0,2561.0,14.0,1834.0,2679.0,2021-03-01,1,0
2021,4,A3136,BILBAO - BARAKALDO - SANTURTZI,60554.0,37311.0,11581.0,1462.0,1308.0,2787.0,17.0,1801.0,2554.0,2021-04-01,1,0
2021,5,A3136,BILBAO - BARAKALDO - SANTURTZI,70420.0,43115.0,13905.0,1691.0,1505.0,3389.0,17.0,2139.0,2590.0,2021-05-01,1,0
2021,6,A3136,BILBAO - BARAKALDO - SANTURTZI,70254.0,43963.0,13189.0,1411.0,1351.0,3824.0,26.0,2308.0,2492.0,2021-06-01,1,0
2021,7,A3136,BILBAO - BARAKALDO - SANTURTZI,69072.0,43468.0,12623.0,1241.0,1121.0,4311.0,24.0,2623.0,2094.0,2021-07-01,1,0
2021,8,A3136,BILBAO - BARAKALDO - SANTURTZI,58811.0,37203.0,10081.0,1002.0,975.0,4632.0,26.0,2005.0,1633.0,2021-08-01,1,0
2021,9,A3136,BILBAO - BARAKALDO - SANTURTZI,72215.0,44474.0,13070.0,1685.0,1453.0,4778.0,23.0,2248.0,2688.0,2021-09-01,1,0
2021,10,A3136,BILBAO - BARAKALDO - SANTURTZI,77575.0,46706.0,14442.0,2271.0,1791.0,5213.0,29.0,2212.0,2773.0,2021-10-01,1,0
2021,11,A3136,BILBAO - BARAKALDO - SANTURTZI,76534.0,46424.0,14121.0,2294.0,1868.0,4835.0,37.0,2041.0,2759.0,2021-11-01,1,0
2021,12,A3136,BILBAO - BARAKALDO - SANTURTZI,75848.0,45981.0,14030.0,1890.0,1626.0,5221.0,44.0,2144.0,2698.0,2021-12-01,1,0
2022,1,A3136,BILBAO - BARAKALDO - SANTURTZI,71562.0,43413.0,12885.0,1876.0,1511.0,5042.0,30.0,1971.0,2592.0,2022-01-01,0,0
2022,2,A3136,BILBAO - BARAKALDO - SANTURTZI,74070.0,44094.0,13601.0,2194.0,1745.0,4740.0,28.0,2259.0,2757.0,2022-02-01,0,0
2022,3,A3136,BILBAO - BARAKALDO - SANTURTZI,84482.0,49828.0,16049.0,2369.0,2192.0,5340.0,26.0,2592.0,3208.0,2022-03-01,0,0
2022,4,A3136,BILBAO - BARAKALDO - SANTURTZI,76804.0,45866.0,13692.0,1936.0,2062.0,5828.0,29.0,2509.0,2500.0,2022-04-01,0,0
2022,5,A3136,BILBAO - BARAKALDO - SANTURTZI,84974.0,49899.0,15945.0,2304.0,2448.0,5979.0,29.0,2924.0,2753.0,2022-05-01,0,0
2022,6,A3136,BILBAO - BARAKALDO - SANTURTZI,85319.0,51461.0,15628.0,1967.0,2096.0,6088.0,36.0,2834.0,2663.0,2022-06-01,0,0
2022,7,A3136,BILBAO - BARAKALDO - SANTURTZI,83701.0,51235.0,14289.0,1526.0,1799.0,7322.0,45.0,3193.0,2180.0,2022-07-01,0,0
2022,8,A3136,BILBAO - BARAKALDO - SANTURTZI,74500.0,45944.0,12568.0,1260.0,1552.0,6788.0,40.0,2596.0,1936.0,2022-08-01,0,0
2022,9,A3136,BILBAO - BARAKALDO - SANTURTZI,86432.0,53882.0,15504.0,2110.0,2836.0,4126.0,30.0,2790.0,2397.0,2022-09-01,0,1
2022,10,A3136,BILBAO - BARAKALDO - SANTURTZI,92936.0,57738.0,17088.0,2294.0,3710.0,3728.0,36.0,2780.0,2589.0,2022-10-01,0,1
2022,11,A3136,BILBAO - BARAKALDO - SANTURTZI,88672.0,55172.0,16403.0,2519.0,3401.0,3342.0,42.0,2740.0,2421.0,2022-11-01,0,1
2022,12,A3136,BILBAO - BARAKALDO - SANTURTZI,87861.0,55986.0,15510.0,2032.0,2945.0,3467.0,10.0,2742.0,2498.0,2022-12-01,0,1
2023,1,A3136,BILBAO - BARAKALDO - SANTURTZI,83.313,53298.0,14649.0,2017.0,2988.0,3088.0,17.0,2381.0,2463.0,2023-01-01,0,1
2023,2,A3136,BILBAO - BARAKALDO - SANTURTZI,78797.0,49106.0,14601.0,2195.0,2952.0,2908.0,8.0,2428.0,2305.0,2023-02-01,0,1
2023,3,A3136,BILBAO - BARAKALDO - SANTURTZI,93860.0,58462.0,17431.0,2697.0,3489.0,3264.0,13.0,2980.0,2601.0,2023-03-01,0,1
2023,4,A3136,BILBAO - BARAKALDO - SANTURTZI,92189.0,57922.0,16847.0,2347.0,3001.0,4162.0,9.0,3101.0,2358.0,2023-04-01,0,1
2023,5,A3136,BILBAO - BARAKALDO - SANTURTZI,107717.0,67333.0,20096.0,2623.0,3573.0,4281.0,18.0,3664.0,2964.0,2023-05-01,0,1
2023,6,A3136,BILBAO - BARAKALDO - SANTURTZI,103056.0,66065.0,18623.0,2151.0,3119.0,4018.0,21.0,3544.0,2667.0,2023-06-01,0,1
2023,7,A3136,BILBAO - BARAKALDO - SANTURTZI,97777.0,64533.0,16651.0,1553.0,2340.0,4607.0,25.0,3436.0,2234.0,2023-07-01,0,1
2023,8,A3136,BILBAO - BARAKALDO - SANTURTZI,91748.0,61481.0,14589.0,1443.0,2442.0,4661.0,6.0,3257.0,1804.0,2023-08-01,0,1
2023,9,A3136,BILBAO - BARAKALDO - SANTURTZI,106644.0,68303.0,17558.0,2473.0,3875.0,4565.0,25.0,4097.0,2751.0,2023-09-01,0,1
2023,10,A3136,BILBAO - BARAKALDO - SANTURTZI,117687.0,74139.0,20593.0,2848.0,4906.0,4729.0,31.0,4145.0,2979.0,2023-10-01,0,1
2023,11,A3136,BILBAO - BARAKALDO - SANTURTZI,117821.0,73413.0,21335.0,2947.0,5014.0,4408.0,10.0,4161.0,3093.0,2023-11-01,0,1
2023,12,A3136,BILBAO - BARAKALDO - SANTURTZI,116848.0,74888.0,20227.0,2475.0,4527.0,4483.0,13.0,4214.0,2878.0,2023-12-01,0,1
2024,1,A3136,BILBAO - BARAKALDO - SANTURTZI,121292.0,68768.0,22723.0,2872.0,4821.0,4917.0,15.0,4406.0,3010.0,2024-01-01,0,1
2024,2,A3136,BILBAO - BARAKALDO - SANTURTZI,122900.0,69546.0,22888.0,3088.0,4484.0,4243.0,16.0,4373.0,2864.0,2024-02-01,0,1
2024,3,A3136,BILBAO - BARAKALDO - SANTURTZI,125372.0,69394.0,22620.0,2872.0,5334.0,4353.0,3.0,4396.0,2803.0,2024-03-01,0,1
2024,4,A3136,BILBAO - BARAKALDO - SANTURTZI,134681.0,74259.0,23923.0,3081.0,5716.0,4772.0,16.0,5073.0,2927.0,2024-04-01,0,1
2024,5,A3136,BILBAO - BARAKALDO - SANTURTZI,144555.0,79201.0,26467.0,3302.0,5819.0,4794.0,3.0,5028.0,3159.0,2024-05-01,0,1
2024,6,A3136,BILBAO - BARAKALDO - SANTURTZI,128122.0,72504.0,21539.0,2494.0,5058.0,4498.0,24.0,4781.0,2842.0,2024-06-01,0,1
2024,7,A3136,BILBAO - BARAKALDO - SANTURTZI,125771.0,72002.0,19969.0,2132.0,4616.0,5155.0,9.0,4846.0,2342.0,2024-07-01,0,1
2024,8,A3136,BILBAO - BARAKALDO - SANTURTZI,116176.0,67425.0,18024.0,1749.0,4130.0,5184.0,3.0,4313.0,1976.0,2024-08-01,0,1
2024,9,A3136,BILBAO - BARAKALDO - SANTURTZI,132390.0,72709.0,20933.0,3177.0,5941.0,4748.0,9.0,4951.0,2780.0,2024-09-01,0,1
2024,10,A3136,BILBAO - BARAKALDO - SANTURTZI,140509.0,75420.0,22477.0,3809.0,7024.0,4592.0,3.0,4845.0,3011.0,2024-10-01,0,1
2024,11,A3136,BILBAO - BARAKALDO - SANTURTZI,135633.0,71837.0,22484.0,3614.0,6860.0,4367.0,3.0,4929.0,2800.0,2024-11-01,0,1
2024,12,A3136,BILBAO - BARAKALDO - SANTURTZI,135527.0,73935.0,21930.0,3231.0,6191.0,4527.0,5.0,4987.0,2760.0,2024-12-01,0,1
2025,1,A3136,BILBAO - BARAKALDO - SANTURTZI,134041.0,71852.0,21240.0,3402.0,6514.0,4177.0,6.0,4785.0,2813.0,2025-01-01,0,1
2025,2,A3136,BILBAO - BARAKALDO - SANTURTZI,132409.0,70258.0,21913.0,3564.0,6238.0,3741.0,1.0,4705.0,2810.0,2025-02-01,0,1
2025,3,A3136,BILBAO - BARAKALDO - SANTURTZI,144288.0,75907.0,23434.0,4139.0,6928.0,4039.0,1.0,4829.0,2974.0,2025-03-01,0,1
2025,4,A3136,BILBAO - BARAKALDO - SANTURTZI,137719.0,74636.0,21966.0,3385.0,6163.0,3471.0,2.0,5040.0,2490.0,2025-04-01,0,1
2025,5,A3136,BILBAO - BARAKALDO - SANTURTZI,149410.0,80602.0,24033.0,3645.0,6711.0,3384.0,1.0,4966.0,2890.0,2025-05-01,0,1
2025,6,A3136,BILBAO - BARAKALDO - SANTURTZI,144084.0,79373.0,22304.0,2735.0,6067.0,3272.0,7.0,5098.0,2677.0,2025-06-01,0,1
2025,7,A3136,BILBAO - BARAKALDO - SANTURTZI,144844.0,82332.0,21929.0,2185.0,5629.0,3819.0,62.0,4916.0,2384.0,2025-07-01,0,1
2025,8,A3136,BILBAO - BARAKALDO - SANTURTZI,131673.0,76542.0,18920.0,1964.0,4719.0,3841.0,4.0,4252.0,2114.0,2025-08-01,0,1
2025,9,A3136,BILBAO - BARAKALDO - SANTURTZI,149772.0,82657.0,21657.0,3431.0,6636.0,3607.0,0.0,5133.0,2818.0,2025-09-01,0,1
2025,10,A3136,BILBAO - BARAKALDO - SANTURTZI,159804.0,85327.0,24515.0,4000.0,7902.0,3273.0,0.0,5135.0,2969.0,2025-10-01,0,1
2025,11,A3136,BILBAO - BARAKALDO - SANTURTZI,152836.0,81056.0,23505.0,3931.0,7801.0,2908.0,1.0,4628.0,3105.0,2025-11-01,0,1
2025,12,A3136,BILBAO - BARAKALDO - SANTURTZI,155847.0,84301.0,23834.0,3490.0,7593.0,3033.0,3.0,4942.0,3222.0,2025-12-01,0,1
2020,1,A3622,BILBAO - BASAURI - Artunduaga - San Miguel -ZARATAMO,10616.0,5963.0,2579.0,191.0,169.0,922.0,1.0,307.0,185.0,2020-01-01,1,0
2020,2,A3622,BILBAO - BASAURI - Artunduaga - San Miguel -ZARATAMO,10504.0,6012.0,2462.0,220.0,259.0,895.0,2.0,240.0,125.0,2020-02-01,1,0
2020,3,A3622,BILBAO - BASAURI - Artunduaga - San Miguel -ZARATAMO,4867.0,3003.0,1016.0,94.0,109.0,360.0,1.0,93.0,65.0,2020-03-01,1,0
2020,4,A3622,BILBAO - BASAURI - Artunduaga - San Miguel -ZARATAMO,1279.0,1110.0,122.0,25.0,0.0,0.0,0.0,2.0,2.0,2020-04-01,1,0
2020,5,A3622,BILBAO - BASAURI - Artunduaga - San Miguel -ZARATAMO,2952.0,2174.0,699.0,30.0,6.0,0.0,0.0,4.0,5.0,2020-05-01,1,0
2020,6,A3622,BILBAO - BASAURI - Artunduaga - San Miguel -ZARATAMO,7001.0,4976.0,1693.0,39.0,38.0,0.0,0.0,87.0,43.0,2020-06-01,1,0
2020,7,A3622,BILBAO - BASAURI - Artunduaga - San Miguel -ZARATAMO,7713.0,5369.0,1757.0,117.0,92.0,0.0,0.0,144.0,56.0,2020-07-01,1,0
2020,8,A3622,BILBAO - BASAURI - Artunduaga - San Miguel -ZARATAMO,6424.0,4594.0,1355.0,78.0,95.0,0.0,0.0,91.0,67.0,2020-08-01,1,0
2020,9,A3622,BILBAO - BASAURI - Artunduaga - San Miguel -ZARATAMO,8372.0,5642.0,1930.0,210.0,104.0,0.0,0.0,139.0,110.0,2020-09-01,1,0
2020,10,A3622,BILBAO - BASAURI - Artunduaga - San Miguel -ZARATAMO,8780.0,5810.0,2058.0,302.0,190.0,0.0,0.0,99.0,90.0,2020-10-01,1,0
2020,11,A3622,BILBAO - BASAURI - Artunduaga - San Miguel -ZARATAMO,8007.0,5373.0,1891.0,182.0,167.0,0.0,0.0,106.0,86.0,2020-11-01,1,0
2020,12,A3622,BILBAO - BASAURI - Artunduaga - San Miguel -ZARATAMO,8464.0,5748.0,1778.0,301.0,163.0,59.0,0.0,94.0,106.0,2020-12-01,1,0
2021,1,A3622,BILBAO - BASAURI - Artunduaga - San Miguel -ZARATAMO,7567.0,5023.0,1523.0,225.0,132.0,205.0,0.0,137.0,91.0,2021-01-01,1,0
2021,2,A3622,BILBAO - BASAURI - Artunduaga - San Miguel -ZARATAMO,7357.0,4656.0,1594.0,200.0,156.0,277.0,0.0,107.0,130.0,2021-02-01,1,0
2021,3,A3622,BILBAO - BASAURI - Artunduaga - San Miguel -ZARATAMO,8427.0,5252.0,2004.0,195.0,187.0,330.0,2.0,153.0,93.0,2021-03-01,1,0
2021,4,A3622,BILBAO - BASAURI - Artunduaga - San Miguel -ZARATAMO,7727.0,4951.0,1666.0,220.0,134.0,336.0,1.0,115.0,103.0,2021-04-01,1,0
2021,5,A3622,BILBAO - BASAURI - Artunduaga - San Miguel -ZARATAMO,8256.0,5245.0,1761.0,217.0,151.0,388.0,1.0,175.0,100.0,2021-05-01,1,0
2021,6,A3622,BILBAO - BASAURI - Artunduaga - San Miguel -ZARATAMO,10027.0,6372.0,2161.0,280.0,167.0,534.0,0.0,203.0,85.0,2021-06-01,1,0
2021,7,A3622,BILBAO - BASAURI - Artunduaga - San Miguel -ZARATAMO,8934.0,5607.0,2017.0,84.0,145.0,539.0,0.0,231.0,100.0,2021-07-01,1,0
2021,8,A3622,BILBAO - BASAURI - Artunduaga - San Miguel -ZARATAMO,7507.0,4857.0,1391.0,91.0,171.0,494.0,1.0,226.0,108.0,2021-08-01,1,0
2021,9,A3622,BILBAO - BASAURI - Artunduaga - San Miguel -ZARATAMO,8837.0,5507.0,1922.0,165.0,175.0,474.0,1.0,223.0,94.0,2021-09-01,1,0
2021,10,A3622,BILBAO - BASAURI - Artunduaga - San Miguel -ZARATAMO,8868.0,5387.0,2033.0,215.0,211.0,519.0,1.0,177.0,113.0,2021-10-01,1,0
2021,11,A3622,BILBAO - BASAURI - Artunduaga - San Miguel -ZARATAMO,8573.0,5352.0,1831.0,201.0,148.0,539.0,2.0,138.0,123.0,2021-11-01,1,0
2021,12,A3622,BILBAO - BASAURI - Artunduaga - San Miguel -ZARATAMO,8517.0,5254.0,1876.0,171.0,140.0,546.0,0.0,177.0,105.0,2021-12-01,1,0
2022,1,A3622,BILBAO - BASAURI - Artunduaga - San Miguel -ZARATAMO,7804.0,4830.0,1713.0,210.0,110.0,448.0,0.0,161.0,94.0,2022-01-01,0,0
2022,2,A3622,BILBAO - BASAURI - Artunduaga - San Miguel -ZARATAMO,7364.0,4442.0,1644.0,195.0,160.0,520.0,0.0,120.0,81.0,2022-02-01,0,0
2022,3,A3622,BILBAO - BASAURI - Artunduaga - San Miguel -ZARATAMO,9692.0,5732.0,2241.0,297.0,266.0,569.0,0.0,169.0,160.0,2022-03-01,0,0
2022,4,A3622,BILBAO - BASAURI - Artunduaga - San Miguel -ZARATAMO,7378.0,4489.0,1582.0,175.0,199.0,495.0,0.0,134.0,116.0,2022-04-01,0,0
2022,5,A3622,BILBAO - BASAURI - Artunduaga - San Miguel -ZARATAMO,8119.0,4879.0,1898.0,157.0,188.0,485.0,0.0,144.0,143.0,2022-05-01,0,0
2022,6,A3622,BILBAO - BASAURI - Artunduaga - San Miguel -ZARATAMO,8540.0,5187.0,1815.0,140.0,150.0,692.0,0.0,196.0,148.0,2022-06-01,0,0
2022,7,A3622,BILBAO - BASAURI - Artunduaga - San Miguel -ZARATAMO,8301.0,5057.0,1728.0,89.0,123.0,675.0,0.0,292.0,97.0,2022-07-01,0,0
2022,8,A3622,BILBAO - BASAURI - Artunduaga - San Miguel -ZARATAMO,7331.0,4568.0,1430.0,61.0,177.0,603.0,0.0,226.0,94.0,2022-08-01,0,0
2022,9,A3622,BILBAO - BASAURI - Artunduaga - San Miguel -ZARATAMO,8094.0,5110.0,1815.0,123.0,155.0,406.0,0.0,184.0,100.0,2022-09-01,0,1
2022,10,A3622,BILBAO - BASAURI - Artunduaga - San Miguel -ZARATAMO,8379.0,5252.0,1937.0,186.0,201.0,344.0,1.0,154.0,114.0,2022-10-01,0,1
2022,11,A3622,BILBAO - BASAURI - Artunduaga - San Miguel -ZARATAMO,9304.0,5972.0,2136.0,205.0,156.0,344.0,1.0,154.0,114.0,2022-11-01,0,1
2022,12,A3622,BILBAO - BASAURI - Artunduaga - San Miguel -ZARATAMO,9862.0,6406.0,2275.0,219.0,96.0,408.0,0.0,157.0,131.0,2022-12-01,0,1
2023,1,A3622,BILBAO - BASAURI - Artunduaga - San Miguel -ZARATAMO,9311.0,6090.0,2091.0,233.0,141.0,370.0,0.0,168.0,83.0,2023-01-01,0,1
2023,2,A3622,BILBAO - BASAURI - Artunduaga - San Miguel -ZARATAMO,9688.0,6224.0,2279.0,175.0,200.0,370.0,0.0,184.0,95.0,2023-02-01,0,1
2023,3,A3622,BILBAO - BASAURI - Artunduaga - San Miguel -ZARATAMO,10671.0,6740.0,2550.0,202.0,234.0,433.0,0.0,225.0,137.0,2023-03-01,0,1
2023,4,A3622,BILBAO - BASAURI - Artunduaga - San Miguel -ZARATAMO,8112.0,5123.0,1985.0,141.0,133.0,326.0,0.0,176.0,111.0,2023-04-01,0,1
2023,5,A3622,BILBAO - BASAURI - Artunduaga - San Miguel -ZARATAMO,10419.0,6749.0,2363.0,222.0,165.0,399.0,0.0,246.0,140.0,2023-05-01,0,1
2023,6,A3622,BILBAO - BASAURI - Artunduaga - San Miguel -ZARATAMO,11560.0,7534.0,2469.0,198.0,266.0,471.0,0.0,305.0,141.0,2023-06-01,0,1
2023,7,A3622,BILBAO - BASAURI - Artunduaga - San Miguel -ZARATAMO,10170.0,6807.0,1933.0,120.0,214.0,485.0,0.0,255.0,111.0,2023-07-01,0,1
2023,8,A3622,BILBAO - BASAURI - Artunduaga - San Miguel -ZARATAMO,9049.0,5939.0,1802.0,165.0,228.0,456.0,2.0,199.0,90.0,2023-08-01,0,1
2023,9,A3622,BILBAO - BASAURI - Artunduaga - San Miguel -ZARATAMO,10942.0,7210.0,2223.0,251.0,209.0,418.0,0.0,239.0,142.0,2023-09-01,0,1
2023,10,A3622,BILBAO - BASAURI - Artunduaga - San Miguel -ZARATAMO,10191.0,6704.0,2130.0,244.0,148.0,402.0,0.0,268.0,124.0,2023-10-01,0,1
2023,11,A3622,BILBAO - BASAURI - Artunduaga - San Miguel -ZARATAMO,11225.0,7244.0,2397.0,306.0,271.0,402.0,1.0,250.0,149.0,2023-11-01,0,1
2023,12,A3622,BILBAO - BASAURI - Artunduaga - San Miguel -ZARATAMO,10457.0,6722.0,2459.0,191.0,241.0,333.0,0.0,189.0,148.0,2023-12-01,0,1
2024,1,A3622,BILBAO - BASAURI - Artunduaga - San Miguel -ZARATAMO,10.917,6469.0,2326.0,216.0,235.0,374.0,0.0,259.0,161.0,2024-01-01,0,1
2024,2,A3622,BILBAO - BASAURI - Artunduaga - San Miguel -ZARATAMO,11097.0,6683.0,2197.0,203.0,296.0,336.0,0.0,277.0,160.0,2024-02-01,0,1
2024,3,A3622,BILBAO - BASAURI - Artunduaga - San Miguel -ZARATAMO,10484.0,6082.0,2101.0,267.0,357.0,328.0,0.0,215.0,154.0,2024-03-01,0,1
2024,4,A3622,BILBAO - BASAURI - Artunduaga - San Miguel -ZARATAMO,11191.0,6387.0,2261.0,278.0,392.0,276.0,0.0,258.0,124.0,2024-04-01,0,1
2024,5,A3622,BILBAO - BASAURI - Artunduaga - San Miguel -ZARATAMO,11694.0,6818.0,2121.0,272.0,409.0,312.0,0.0,229.0,163.0,2024-05-01,0,1
2024,6,A3622,BILBAO - BASAURI - Artunduaga - San Miguel -ZARATAMO,11711.0,6900.0,2054.0,204.0,317.0,341.0,0.0,298.0,131.0,2024-06-01,0,1
2024,7,A3622,BILBAO - BASAURI - Artunduaga - San Miguel -ZARATAMO,12053.0,6925.0,2159.0,211.0,272.0,399.0,0.0,322.0,154.0,2024-07-01,0,1
2024,8,A3622,BILBAO - BASAURI - Artunduaga - San Miguel -ZARATAMO,11031.0,6285.0,2036.0,216.0,314.0,404.0,1.0,258.0,143.0,2024-08-01,0,1
2024,9,A3622,BILBAO - BASAURI - Artunduaga - San Miguel -ZARATAMO,13358.0,7679.0,2180.0,228.0,361.0,371.0,0.0,276.0,93.0,2024-09-01,0,1
2024,10,A3622,BILBAO - BASAURI - Artunduaga - San Miguel -ZARATAMO,11852.0,6559.0,2126.0,288.0,420.0,261.0,0.0,206.0,113.0,2024-10-01,0,1
2024,11,A3622,BILBAO - BASAURI - Artunduaga - San Miguel -ZARATAMO,12194.0,6464.0,2470.0,252.0,483.0,303.0,0.0,187.0,149.0,2024-11-01,0,1
2024,12,A3622,BILBAO - BASAURI - Artunduaga - San Miguel -ZARATAMO,12521.0,7015.0,2318.0,286.0,429.0,329.0,0.0,162.0,110.0,2024-12-01,0,1
2025,1,A3622,BILBAO - BASAURI - Artunduaga - San Miguel -ZARATAMO,12769.0,7079.0,2092.0,306.0,488.0,330.0,1.0,224.0,145.0,2025-01-01,0,1
2025,2,A3622,BILBAO - BASAURI - Artunduaga - San Miguel -ZARATAMO,12552.0,6709.0,2278.0,341.0,482.0,311.0,1.0,170.0,114.0,2025-02-01,0,1
2025,3,A3622,BILBAO - BASAURI - Artunduaga - San Miguel -ZARATAMO,13487.0,7145.0,2369.0,351.0,748.0,263.0,0.0,221.0,138.0,2025-03-01,0,1
2025,4,A3622,BILBAO - BASAURI - Artunduaga - San Miguel -ZARATAMO,12595.0,6684.0,2201.0,286.0,445.0,270.0,1.0,306.0,166.0,2025-04-01,0,1
2025,5,A3622,BILBAO - BASAURI - Artunduaga - San Miguel -ZARATAMO,13807.0,7542.0,2542.0,176.0,510.0,208.0,0.0,220.0,183.0,2025-05-01,0,1
2025,6,A3622,BILBAO - BASAURI - Artunduaga - San Miguel -ZARATAMO,14230.0,8314.0,2308.0,169.0,315.0,243.0,0.0,365.0,208.0,2025-06-01,0,1
2025,7,A3622,BILBAO - BASAURI - Artunduaga - San Miguel -ZARATAMO,14350.0,8423.0,2330.0,155.0,362.0,305.0,0.0,325.0,155.0,2025-07-01,0,1
2025,8,A3622,BILBAO - BASAURI - Artunduaga - San Miguel -ZARATAMO,12009.0,6852.0,2026.0,158.0,324.0,251.0,0.0,272.0,159.0,2025-08-01,0,1
2025,9,A3622,BILBAO - BASAURI - Artunduaga - San Miguel -ZARATAMO,14578.0,7793.0,2498.0,227.0,612.0,223.0,0.0,279.0,217.0,2025-09-01,0,1
2025,10,A3622,BILBAO - BASAURI - Artunduaga - San Miguel -ZARATAMO,14285.0,7510.0,2544.0,318.0,640.0,212.0,0.0,238.0,271.0,2025-10-01,0,1
2025,11,A3622,BILBAO - BASAURI - Artunduaga - San Miguel -ZARATAMO,13054.0,6819.0,2056.0,320.0,550.0,185.0,0.0,227.0,218.0,2025-11-01,0,1
2025,12,A3622,BILBAO - BASAURI - Artunduaga - San Miguel -ZARATAMO,16002.0,9225.0,2538.0,328.0,592.0,223.0,0.0,242.0,239.0,2025-12-01,0,1
2020,1,A3517,BILBAO - DERIO - MUNGIA,47671.0,31199.0,5255.0,1920.0,2783.0,3416.0,1.0,326.0,623.0,2020-01-01,1,0
2020,2,A3517,BILBAO - DERIO - MUNGIA,47774.0,30504.0,5432.0,2256.0,2941.0,3340.0,0.0,342.0,581.0,2020-02-01,1,0
2020,3,A3517,BILBAO - DERIO - MUNGIA,24256.0,16981.0,2130.0,1083.0,1318.0,1343.0,0.0,118.0,302.0,2020-03-01,1,0
2020,4,A3517,BILBAO - DERIO - MUNGIA,7469.0,6797.0,307.0,71.0,96.0,,,,66.0,2020-04-01,1,0
2020,5,A3517,BILBAO - DERIO - MUNGIA,16630.0,14575.0,1083.0,187.0,254.0,0.0,0.0,17.0,67.0,2020-05-01,1,0
2020,6,A3517,BILBAO - DERIO - MUNGIA,37127.0,30067.0,3428.0,651.0,1022.0,0.0,0.0,75.0,193.0,2020-06-01,1,0
2020,7,A3517,BILBAO - DERIO - MUNGIA,51780.0,42355.0,4802.0,735.0,1129.0,0.0,0.0,171.0,263.0,2020-07-01,1,0
2020,8,A3517,BILBAO - DERIO - MUNGIA,40647.0,33117.0,3628.0,618.0,1105.0,0.0,0.0,155.0,219.0,2020-08-01,1,0
2020,9,A3517,BILBAO - DERIO - MUNGIA,38176.0,29558.0,3449.0,1413.0,1579.0,,,64.0,245.0,2020-09-01,1,0
2020,10,A3517,BILBAO - DERIO - MUNGIA,36091.0,26447.0,3220.0,2206.0,2110.0,,,63.0,225.0,2020-10-01,1,0
2020,11,A3517,BILBAO - DERIO - MUNGIA,26968.0,19917.0,2120.0,1624.0,1796.0,,,44.0,181.0,2020-11-01,1,0
2020,12,A3517,BILBAO - DERIO - MUNGIA,27556.0,20482.0,2372.0,1324.0,1574.0,108.0,0.0,77.0,211.0,2020-12-01,1,0
2021,1,A3517,BILBAO - DERIO - MUNGIA,26578.0,19696.0,2174.0,1323.0,1498.0,429.0,0.0,55.0,310.0,2021-01-01,1,0
2021,2,A3517,BILBAO - DERIO - MUNGIA,29172.0,21415.0,2261.0,1559.0,1662.0,537.0,0.0,64.0,368.0,2021-02-01,1,0
2021,3,A3517,BILBAO - DERIO - MUNGIA,34722.0,24895.0,3187.0,1790.0,1980.0,673.0,0.0,113.0,428.0,2021-03-01,1,0
2021,4,A3517,BILBAO - DERIO - MUNGIA,32010.0,23184.0,2694.0,1810.0,1564.0,853.0,,111.0,298.0,2021-04-01,1,0
2021,5,A3517,BILBAO - DERIO - MUNGIA,36523.0,26241.0,3523.0,1773.0,1889.0,1028.0,0.0,133.0,370.0,2021-05-01,1,0
2021,6,A3517,BILBAO - DERIO - MUNGIA,45259.0,32907.0,4615.0,1229.0,1693.0,1966.0,0.0,237.0,435.0,2021-06-01,1,0
2021,7,A3517,BILBAO - DERIO - MUNGIA,55158.0,40084.0,5382.0,896.0,1490.0,4082.0,8.0,389.0,451.0,2021-07-01,1,0
2021,8,A3517,BILBAO - DERIO - MUNGIA,48385.0,33959.0,4632.0,643.0,941.0,5279.0,1.0,451.0,511.0,2021-08-01,1,0
2021,9,A3517,BILBAO - DERIO - MUNGIA,43265.0,30367.0,4139.0,1925.0,1839.0,2358.0,,212.0,440.0,2021-09-01,1,0
2021,10,A3517,BILBAO - DERIO - MUNGIA,42077.0,28315.0,4415.0,2686.0,2342.0,1692.0,,168.0,398.0,2021-10-01,1,0
2021,11,A3517,BILBAO - DERIO - MUNGIA,41753.0,28463.0,4009.0,2812.0,2611.0,1538.0,0.0,133.0,363.0,2021-11-01,1,0
2021,12,A3517,BILBAO - DERIO - MUNGIA,37869.0,26135.0,3611.0,1953.0,1936.0,1774.0,,188.0,446.0,2021-12-01,1,0
2022,1,A3517,BILBAO - DERIO - MUNGIA,35941.0,25024.0,3637.0,1669.0,1702.0,1609.0,3.0,158.0,390.0,2022-01-01,0,0
2022,2,A3517,BILBAO - DERIO - MUNGIA,39201.0,26518.0,3915.0,2380.0,2036.0,1620.0,,187.0,483.0,2022-02-01,0,0
2022,3,A3517,BILBAO - DERIO - MUNGIA,46193.0,31273.0,4735.0,2854.0,2140.0,1988.0,0.0,217.0,511.0,2022-03-01,0,0
2022,4,A3517,BILBAO - DERIO - MUNGIA,38811.0,26517.0,3883.0,1830.0,1743.0,1864.0,,226.0,547.0,2022-04-01,0,0
2022,5,A3517,BILBAO - DERIO - MUNGIA,47027.0,32149.0,4827.0,2485.0,2090.0,2195.0,1.0,287.0,581.0,2022-05-01,0,0
2022,6,A3517,BILBAO - DERIO - MUNGIA,57918.0,40573.0,6020.0,1398.0,1429.0,4650.0,1.0,345.0,745.0,2022-06-01,0,0
2022,7,A3517,BILBAO - DERIO - MUNGIA,63148.0,44068.0,6287.0,1061.0,1129.0,6791.0,5.0,494.0,714.0,2022-07-01,0,0
2022,8,A3517,BILBAO - DERIO - MUNGIA,65533.0,45951.0,5629.0,902.0,1158.0,7924.0,6.0,671.0,708.0,2022-08-01,0,0
2022,9,A3517,BILBAO - DERIO - MUNGIA,51781.0,36131.0,5064.0,2339.0,2370.0,2436.0,2.0,334.0,558.0,2022-09-01,0,1
2022,10,A3517,BILBAO - DERIO - MUNGIA,50255.0,34746.0,5149.0,2819.0,2777.0,1709.0,,245.0,594.0,2022-10-01,0,1
2022,11,A3517,BILBAO - DERIO - MUNGIA,48937.0,34035.0,4996.0,2863.0,2675.0,1450.0,,205.0,507.0,2022-11-01,0,1
2022,12,A3517,BILBAO - DERIO - MUNGIA,45653.0,33044.0,4460.0,1832.0,2098.0,1376.0,,293.0,517.0,2022-12-01,0,1
2023,1,A3517,BILBAO - DERIO - MUNGIA,42892.0,31282.0,4335.0,1581.0,1943.0,1364.0,,207.0,479.0,2023-01-01,0,1
2023,2,A3517,BILBAO - DERIO - MUNGIA,40890.0,29305.0,4118.0,1913.0,2148.0,1286.0,,204.0,364.0,2023-02-01,0,1
2023,3,A3517,BILBAO - DERIO - MUNGIA,44024.0,31469.0,4363.0,2048.0,2410.0,1430.0,,223.0,431.0,2023-03-01,0,1
2023,4,A3517,BILBAO - DERIO - MUNGIA,35238.0,25680.0,3426.0,1295.0,1631.0,1006.0,,292.0,364.0,2023-04-01,0,1
2023,5,A3517,BILBAO - DERIO - MUNGIA,44796.0,32260.0,4756.0,1822.0,2046.0,1289.0,2.0,327.0,468.0,2023-05-01,0,1
2023,6,A3517,BILBAO - DERIO - MUNGIA,60315.0,44131.0,6000.0,1337.0,1547.0,3641.0,4.0,523.0,582.0,2023-06-01,0,1
2023,7,A3517,BILBAO - DERIO - MUNGIA,63971.0,47056.0,6255.0,723.0,1178.0,5338.0,1.0,554.0,496.0,2023-07-01,0,1
2023,8,A3517,BILBAO - DERIO - MUNGIA,70148.0,52511.0,5942.0,807.0,911.0,6068.0,13.0,725.0,570.0,2023-08-01,0,1
2023,9,A3517,BILBAO - DERIO - MUNGIA,53508.0,38282.0,4943.0,2036.0,2254.0,2746.0,0.0,415.0,442.0,2023-09-01,0,1
2023,10,A3517,BILBAO - DERIO - MUNGIA,50760.0,35495.0,5176.0,2309.0,2996.0,1702.0,2.0,323.0,427.0,2023-10-01,0,1
2023,11,A3517,BILBAO - DERIO - MUNGIA,49078.0,34584.0,4941.0,2198.0,3070.0,1464.0,0.0,296.0,395.0,2023-11-01,0,1
2023,12,A3517,BILBAO - DERIO - MUNGIA,45258.0,32767.0,4404.0,1481.0,2222.0,1688.0,0.0,360.0,371.0,2023-12-01,0,1
2024,1,A3517,BILBAO - DERIO - MUNGIA,48734.0,33180.0,4943.0,1658.0,2565.0,1427.0,,341.0,405.0,2024-01-01,0,1
2024,2,A3517,BILBAO - DERIO - MUNGIA,49320.0,32741.0,4815.0,2140.0,2625.0,1450.0,1.0,300.0,437.0,2024-02-01,0,1
2024,3,A3517,BILBAO - DERIO - MUNGIA,48541.0,31143.0,4823.0,1958.0,2822.0,1587.0,,387.0,408.0,2024-03-01,0,1
2024,4,A3517,BILBAO - DERIO - MUNGIA,50595.0,32230.0,5121.0,1928.0,3016.0,1499.0,0.0,369.0,463.0,2024-04-01,0,1
2024,5,A3517,BILBAO - DERIO - MUNGIA,54238.0,34293.0,5789.0,1806.0,2901.0,1555.0,0.0,375.0,477.0,2024-05-01,0,1
2024,6,A3517,BILBAO - DERIO - MUNGIA,65104.0,43491.0,6399.0,1356.0,2125.0,3470.0,0.0,503.0,504.0,2024-06-01,0,1
2024,7,A3517,BILBAO - DERIO - MUNGIA,77266.0,53073.0,7480.0,933.0,1927.0,5390.0,2.0,652.0,588.0,2024-07-01,0,1
2024,8,A3517,BILBAO - DERIO - MUNGIA,71913.0,54483.0,6927.0,24.0,98.0,6462.0,4.0,829.0,533.0,2024-08-01,0,1
2024,9,A3517,BILBAO - DERIO - MUNGIA,59278.0,36837.0,5656.0,2100.0,3277.0,2544.0,0.0,545.0,634.0,2024-09-01,0,1
2024,10,A3517,BILBAO - DERIO - MUNGIA,52453.0,30794.0,5630.0,1926.0,3496.0,1710.0,0.0,430.0,540.0,2024-10-01,0,1
2024,11,A3517,BILBAO - DERIO - MUNGIA,54113.0,31197.0,5917.0,2214.0,3956.0,1587.0,0.0,423.0,530.0,2024-11-01,0,1
2024,12,A3517,BILBAO - DERIO - MUNGIA,50793.0,30391.0,5343.0,1638.0,3035.0,1832.0,0.0,436.0,551.0,2024-12-01,0,1
2025,1,A3517,BILBAO - DERIO - MUNGIA,53565.0,32039.0,5604.0,1777.0,3301.0,1622.0,0.0,430.0,554.0,2025-01-01,0,1
2025,2,A3517,BILBAO - DERIO - MUNGIA,54832.0,31971.0,5755.0,2345.0,3765.0,1628.0,2.0,356.0,516.0,2025-02-01,0,1
2025,3,A3517,BILBAO - DERIO - MUNGIA,59525.0,34558.0,6100.0,2636.0,4057.0,1718.0,0.0,349.0,530.0,2025-03-01,0,1
2025,4,A3517,BILBAO - DERIO - MUNGIA,53490.0,31386.0,5582.0,1807.0,3660.0,1291.0,6.0,429.0,519.0,2025-04-01,0,1
2025,5,A3517,BILBAO - DERIO - MUNGIA,59907.0,35148.0,6326.0,2030.0,3845.0,1720.0,0.0,364.0,531.0,2025-05-01,0,1
2025,6,A3517,BILBAO - DERIO - MUNGIA,76079.0,49452.0,7197.0,1427.0,3050.0,3104.0,0.0,501.0,604.0,2025-06-01,0,1
2025,7,A3517,BILBAO - DERIO - MUNGIA,76924.0,50272.0,7944.0,965.0,2607.0,4699.0,2.0,589.0,497.0,2025-07-01,0,1
2025,8,A3517,BILBAO - DERIO - MUNGIA,76768.0,51359.0,7399.0,910.0,2180.0,5781.0,1.0,901.0,635.0,2025-08-01,0,1
2025,9,A3517,BILBAO - DERIO - MUNGIA,61554.0,36382.0,6053.0,2421.0,3705.0,1962.0,0.0,374.0,576.0,2025-09-01,0,1
2025,10,A3517,BILBAO - DERIO - MUNGIA,62620.0,34987.0,6710.0,2915.0,4644.0,1172.0,0.0,334.0,690.0,2025-10-01,0,1
2025,11,A3517,BILBAO - DERIO - MUNGIA,56202.0,31225.0,6097.0,2542.0,4020.0,1566.0,0.0,310.0,532.0,2025-11-01,0,1
2025,12,A3517,BILBAO - DERIO - MUNGIA,54317.0,31527.0,6059.0,1978.0,3374.0,1327.0,0.0,383.0,550.0,2025-12-01,0,1
2020,1,A3933,BILBAO - DURANGO (Autopista),34049.0,23008.0,3666.0,2068.0,1509.0,1563.0,4.0,239.0,56.0,2020-01-01,1,0
2020,2,A3933,BILBAO - DURANGO (Autopista),35938.0,22808.0,3436.0,3522.0,2194.0,1575.0,5.0,199.0,56.0,2020-02-01,1,0
2020,3,A3933,BILBAO - DURANGO (Autopista),17889.0,11642.0,1547.0,1827.0,1094.0,636.0,3.0,74.0,32.0,2020-03-01,1,0
2020,4,A3933,BILBAO - DURANGO (Autopista),1806.0,1492.0,79.0,65.0,26.0,0.0,0.0,1.0,6.0,2020-04-01,1,0
2020,5,A3933,BILBAO - DURANGO (Autopista),5937.0,5135.0,496.0,0.0,0.0,0.0,0.0,1.0,4.0,2020-05-01,1,0
2020,6,A3933,BILBAO - DURANGO (Autopista),16174.0,13089.0,1633.0,279.0,256.0,0.0,0.0,42.0,7.0,2020-06-01,1,0
2020,7,A3933,BILBAO - DURANGO (Autopista),19203.0,15795.0,1884.0,328.0,233.0,0.0,0.0,78.0,7.0,2020-07-01,1,0
2020,8,A3933,BILBAO - DURANGO (Autopista),9289.0,7796.0,794.0,107.0,132.0,0.0,0.0,42.0,19.0,2020-08-01,1,0
2020,9,A3933,BILBAO - DURANGO (Autopista),23106.0,17069.0,1665.0,2213.0,524.0,0.0,0.0,45.0,33.0,2020-09-01,1,0
2020,10,A3933,BILBAO - DURANGO (Autopista),24522.0,16937.0,1711.0,2974.0,945.0,0.0,0.0,42.0,27.0,2020-10-01,1,0
2020,11,A3933,BILBAO - DURANGO (Autopista),23166.0,15811.0,1118.0,3033.0,1128.0,0.0,0.0,44.0,29.0,2020-11-01,1,0
2020,12,A3933,BILBAO - DURANGO (Autopista),21095.0,15543.0,1557.0,1590.0,735.0,94.0,0.0,60.0,42.0,2020-12-01,1,0
2021,1,A3933,BILBAO - DURANGO (Autopista),19449.0,14292.0,1346.0,1461.0,756.0,249.0,0.0,81.0,30.0,2021-01-01,1,0
2021,2,A3933,BILBAO - DURANGO (Autopista),19563.0,13573.0,985.0,2418.0,766.0,284.0,1.0,92.0,33.0,2021-02-01,1,0
2021,3,A3933,BILBAO - DURANGO (Autopista),25275.0,17520.0,2007.0,2622.0,820.0,464.0,0.0,95.0,48.0,2021-03-01,1,0
2021,4,A3933,BILBAO - DURANGO (Autopista),19932.0,14142.0,1419.0,1875.0,662.0,415.0,0.0,105.0,48.0,2021-04-01,1,0
2021,5,A3933,BILBAO - DURANGO (Autopista),24757.0,17771.0,2096.0,1901.0,799.0,546.0,3.0,126.0,59.0,2021-05-01,1,0
2021,6,A3933,BILBAO - DURANGO (Autopista),28512.0,21508.0,2499.0,1610.0,520.0,658.0,0.0,158.0,57.0,2021-06-01,1,0
2021,7,A3933,BILBAO - DURANGO (Autopista),23101.0,17673.0,2111.0,936.0,274.0,852.0,4.0,238.0,46.0,2021-07-01,1,0
2021,8,A3933,BILBAO - DURANGO (Autopista),11889.0,8943.0,1206.0,358.0,88.0,600.0,1.0,140.0,33.0,2021-08-01,1,0
2021,9,A3933,BILBAO - DURANGO (Autopista),28088.0,19714.0,2442.0,2480.0,923.0,876.0,3.0,155.0,44.0,2021-09-01,1,0
2021,10,A3933,BILBAO - DURANGO (Autopista),30736.0,19340.0,2630.0,3963.0,1749.0,916.0,1.0,112.0,65.0,2021-10-01,1,0
2021,11,A3933,BILBAO - DURANGO (Autopista),33476.0,20763.0,2665.0,4694.0,2118.0,963.0,1.0,97.0,59.0,2021-11-01,1,0
2021,12,A3933,BILBAO - DURANGO (Autopista),27054.0,18914.0,2463.0,2143.0,862.0,922.0,9.0,139.0,42.0,2021-12-01,1,0
2022,1,A3933,BILBAO - DURANGO (Autopista),24846.0,17228.0,2362.0,1975.0,908.0,763.0,5.0,116.0,42.0,2022-01-01,0,0
2022,2,A3933,BILBAO - DURANGO (Autopista),29408.0,18814.0,2543.0,3499.0,1681.0,780.0,1.0,128.0,60.0,2022-02-01,0,0
2022,3,A3933,BILBAO - DURANGO (Autopista),36455.0,23298.0,3100.0,4516.0,1950.0,959.0,6.0,139.0,69.0,2022-03-01,0,0
2022,4,A3933,BILBAO - DURANGO (Autopista),24696.0,16631.0,2146.0,2482.0,908.0,796.0,1.0,123.0,44.0,2022-04-01,0,0
2022,5,A3933,BILBAO - DURANGO (Autopista),31809.0,21648.0,2861.0,2987.0,1142.0,1017.0,3.0,125.0,50.0,2022-05-01,0,0
2022,6,A3933,BILBAO - DURANGO (Autopista),31345.0,23405.0,3089.0,1484.0,413.0,1098.0,8.0,151.0,39.0,2022-06-01,0,0
2022,7,A3933,BILBAO - DURANGO (Autopista),22824.0,17233.0,2243.0,794.0,233.0,1017.0,1.0,184.0,29.0,2022-07-01,0,0
2022,8,A3933,BILBAO - DURANGO (Autopista),15598.0,11717.0,1598.0,325.0,128.0,873.0,3.0,251.0,23.0,2022-08-01,0,0
2022,9,A3933,BILBAO - DURANGO (Autopista),33034.0,22120.0,2815.0,3462.0,1503.0,838.0,2.0,163.0,56.0,2022-09-01,0,1
2022,10,A3933,BILBAO - DURANGO (Autopista),35836.0,23070.0,3045.0,4077.0,2323.0,827.0,1.0,138.0,82.0,2022-10-01,0,1
2022,11,A3933,BILBAO - DURANGO (Autopista),39589.0,25282.0,3584.0,4622.0,2634.0,827.0,1.0,138.0,82.0,2022-11-01,0,1
2022,12,A3933,BILBAO - DURANGO (Autopista),34560.0,24401.0,3318.0,2358.0,1355.0,854.0,2.0,193.0,108.0,2022-12-01,0,1
2023,1,A3933,BILBAO - DURANGO (Autopista),35364.0,25420.0,3433.0,2240.0,1300.0,739.0,4.0,150.0,111.0,2023-01-01,0,1
2023,2,A3933,BILBAO - DURANGO (Autopista),38279.0,25775.0,3462.0,3681.0,2292.0,638.0,0.0,207.0,120.0,2023-02-01,0,1
2023,3,A3933,BILBAO - DURANGO (Autopista),45257.0,30103.0,4081.0,4715.0,2623.0,732.0,0.0,223.0,123.0,2023-03-01,0,1
2023,4,A3933,BILBAO - DURANGO (Autopista),29251.0,20365.0,2720.0,2477.0,1284.0,530.0,6.0,227.0,52.0,2023-04-01,0,1
2023,5,A3933,BILBAO - DURANGO (Autopista),40294.0,28015.0,3663.0,3220.0,1922.0,790.0,0.0,237.0,91.0,2023-05-01,0,1
2023,6,A3933,BILBAO - DURANGO (Autopista),37642.0,28378.0,3577.0,1686.0,895.0,851.0,2.0,287.0,90.0,2023-06-01,0,1
2023,7,A3933,BILBAO - DURANGO (Autopista),27468.0,21376.0,2806.0,659.0,368.0,764.0,0.0,314.0,52.0,2023-07-01,0,1
2023,8,A3933,BILBAO - DURANGO (Autopista),17121.0,13263.0,1824.0,192.0,215.0,643.0,2.0,256.0,37.0,2023-08-01,0,1
2023,9,A3933,BILBAO - DURANGO (Autopista),37179.0,25425.0,3177.0,3270.0,2256.0,770.0,0.0,216.0,102.0,2023-09-01,0,1
2023,10,A3933,BILBAO - DURANGO (Autopista),41380.0,27263.0,3577.0,4082.0,3031.0,771.0,0.0,234.0,58.0,2023-10-01,0,1
2023,11,A3933,BILBAO - DURANGO (Autopista),42262.0,27303.0,4115.0,4195.0,3217.0,690.0,1.0,173.0,83.0,2023-11-01,0,1
2023,12,A3933,BILBAO - DURANGO (Autopista),33857.0,23738.0,3506.0,2287.0,1506.0,719.0,2.0,247.0,65.0,2023-12-01,0,1
2024,1,A3933,BILBAO - DURANGO (Autopista),40.628,25971.0,4279.0,2509.0,1796.0,897.0,0.0,247.0,80.0,2024-01-01,0,1
2024,2,A3933,BILBAO - DURANGO (Autopista),42225.0,26923.0,3942.0,3201.0,2532.0,692.0,1.0,222.0,87.0,2024-02-01,0,1
2024,3,A3933,BILBAO - DURANGO (Autopista),37508.0,22950.0,3480.0,3299.0,2270.0,640.0,2.0,208.0,64.0,2024-03-01,0,1
2024,4,A3933,BILBAO - DURANGO (Autopista),40785.0,25092.0,3787.0,3277.0,2263.0,708.0,0.0,273.0,98.0,2024-04-01,0,1
2024,5,A3933,BILBAO - DURANGO (Autopista),42381.0,26316.0,4049.0,2971.0,2041.0,867.0,2.0,253.0,90.0,2024-05-01,0,1
2024,6,A3933,BILBAO - DURANGO (Autopista),36772.0,24907.0,3717.0,1303.0,867.0,686.0,2.0,287.0,59.0,2024-06-01,0,1
2024,7,A3933,BILBAO - DURANGO (Autopista),33896.0,23851.0,3495.0,851.0,520.0,798.0,0.0,447.0,64.0,2024-07-01,0,1
2024,8,A3933,BILBAO - DURANGO (Autopista),19176.0,13679.0,2131.0,282.0,264.0,562.0,0.0,307.0,50.0,2024-08-01,0,1
2024,9,A3933,BILBAO - DURANGO (Autopista),39548.0,23862.0,3299.0,3225.0,2401.0,706.0,3.0,235.0,96.0,2024-09-01,0,1
2024,10,A3933,BILBAO - DURANGO (Autopista),47281.0,27004.0,3965.0,4699.0,3729.0,745.0,3.0,190.0,137.0,2024-10-01,0,1
2024,11,A3933,BILBAO - DURANGO (Autopista),41239.0,23257.0,3968.0,4053.0,3239.0,526.0,0.0,148.0,107.0,2024-11-01,0,1
2024,12,A3933,BILBAO - DURANGO (Autopista),37992.0,24618.0,3984.0,2185.0,1643.0,722.0,0.0,268.0,91.0,2024-12-01,0,1
2025,1,A3933,BILBAO - DURANGO (Autopista),40229.0,24687.0,4164.0,2485.0,1635.0,614.0,3.0,223.0,94.0,2025-01-01,0,1
2025,2,A3933,BILBAO - DURANGO (Autopista),42864.0,24221.0,3987.0,4190.0,2737.0,589.0,6.0,224.0,145.0,2025-02-01,0,1
2025,3,A3933,BILBAO - DURANGO (Autopista),43591.0,24360.0,4194.0,4131.0,2787.0,586.0,1.0,197.0,123.0,2025-03-01,0,1
2025,4,A3933,BILBAO - DURANGO (Autopista),36930.0,22543.0,3596.0,2656.0,1776.0,483.0,2.0,269.0,101.0,2025-04-01,0,1
2025,5,A3933,BILBAO - DURANGO (Autopista),39771.0,23597.0,4029.0,2568.0,2042.0,511.0,0.0,209.0,134.0,2025-05-01,0,1
2025,6,A3933,BILBAO - DURANGO (Autopista),35214.0,22579.0,3628.0,1199.0,924.0,600.0,2.0,254.0,103.0,2025-06-01,0,1
2025,7,A3933,BILBAO - DURANGO (Autopista),32973.0,22235.0,3691.0,896.0,625.0,557.0,0.0,350.0,46.0,2025-07-01,0,1
2025,8,A3933,BILBAO - DURANGO (Autopista),17813.0,12417.0,2042.0,327.0,273.0,403.0,2.0,247.0,21.0,2025-08-01,0,1
2025,9,A3933,BILBAO - DURANGO (Autopista),42062.0,24566.0,3971.0,3225.0,2231.0,675.0,0.0,229.0,81.0,2025-09-01,0,1
2025,10,A3933,BILBAO - DURANGO (Autopista),49527.0,27320.0,4605.0,4464.0,3520.0,718.0,1.0,270.0,116.0,2025-10-01,0,1
2025,11,A3933,BILBAO - DURANGO (Autopista),45440.0,24903.0,4549.0,4155.0,3371.0,542.0,1.0,215.0,107.0,2025-11-01,0,1
2025,12,A3933,BILBAO - DURANGO (Autopista),53246.0,36970.0,4542.0,2438.0,1709.0,712.0,1.0,320.0,143.0,2025-12-01,0,1
2020,1,A3923,BILBAO - DURANGO - ELORRIO (Autopista),45958.0,30062.0,6946.0,222.0,1824.0,3891.0,13.0,370.0,87.0,2020-01-01,1,0
2020,2,A3923,BILBAO - DURANGO - ELORRIO (Autopista),50043.0,30016.0,7190.0,3113.0,2235.0,4091.0,8.0,400.0,125.0,2020-02-01,1,0
2020,3,A3923,BILBAO - DURANGO - ELORRIO (Autopista),21900.0,14060.0,2580.0,1425.0,1050.0,1395.0,3.0,118.0,41.0,2020-03-01,1,0
2020,4,A3923,BILBAO - DURANGO - ELORRIO (Autopista),3555.0,3164.0,165.0,29.0,29.0,0.0,0.0,2.0,2.0,2020-04-01,1,0
2020,5,A3923,BILBAO - DURANGO - ELORRIO (Autopista),9796.0,8166.0,963.0,127.0,90.0,0.0,0.0,3.0,0.0,2020-05-01,1,0
2020,6,A3923,BILBAO - DURANGO - ELORRIO (Autopista),23966.0,18944.0,2824.0,583.0,305.0,0.0,0.0,56.0,17.0,2020-06-01,1,0
2020,7,A3923,BILBAO - DURANGO - ELORRIO (Autopista),29218.0,23181.0,3546.0,605.0,342.0,0.0,0.0,129.0,20.0,2020-07-01,1,0
2020,8,A3923,BILBAO - DURANGO - ELORRIO (Autopista),22069.0,17595.0,2588.0,398.0,196.0,0.0,0.0,104.0,23.0,2020-08-01,1,0
2020,9,A3923,BILBAO - DURANGO - ELORRIO (Autopista),32886.0,24614.0,3243.0,2012.0,792.0,0.0,0.0,71.0,27.0,2020-09-01,1,0
2020,10,A3923,BILBAO - DURANGO - ELORRIO (Autopista),35254.0,24731.0,2991.0,3441.0,1633.0,0.0,0.0,69.0,34.0,2020-10-01,1,0
2020,11,A3923,BILBAO - DURANGO - ELORRIO (Autopista),28606.0,19834.0,1798.0,3200.0,1471.0,0.0,0.0,50.0,30.0,2020-11-01,1,0
2020,12,A3923,BILBAO - DURANGO - ELORRIO (Autopista),29527.0,21755.0,2353.0,1973.0,1034.0,160.0,1.0,103.0,25.0,2020-12-01,1,0
2021,1,A3923,BILBAO - DURANGO - ELORRIO (Autopista),29062.0,20975.0,2241.0,1979.0,1139.0,703.0,2.0,120.0,70.0,2021-01-01,1,0
2021,2,A3923,BILBAO - DURANGO - ELORRIO (Autopista),25927.0,17815.0,1601.0,2559.0,1127.0,806.0,0.0,126.0,56.0,2021-02-01,1,0
2021,3,A3923,BILBAO - DURANGO - ELORRIO (Autopista),32981.0,22652.0,3063.0,2508.0,1099.0,1320.0,0.0,175.0,108.0,2021-03-01,1,0
2021,4,A3923,BILBAO - DURANGO - ELORRIO (Autopista),29581.0,20158.0,2859.0,1997.0,1026.0,1404.0,1.0,194.0,73.0,2021-04-01,1,0
2021,5,A3923,BILBAO - DURANGO - ELORRIO (Autopista),35735.0,24614.0,3790.0,2133.0,950.0,1759.0,0.0,238.0,96.0,2021-05-01,1,0
2021,6,A3923,BILBAO - DURANGO - ELORRIO (Autopista),39592.0,28183.0,4293.0,1805.0,719.0,2025.0,6.0,244.0,107.0,2021-06-01,1,0
2021,7,A3923,BILBAO - DURANGO - ELORRIO (Autopista),33410.0,23940.0,4046.0,850.0,398.0,2122.0,8.0,360.0,68.0,2021-07-01,1,0
2021,8,A3923,BILBAO - DURANGO - ELORRIO (Autopista),26276.0,18608.0,3180.0,445.0,257.0,2227.0,10.0,336.0,99.0,2021-08-01,1,0
2021,9,A3923,BILBAO - DURANGO - ELORRIO (Autopista),38713.0,25904.0,4220.0,2317.0,1266.0,2462.0,7.0,295.0,103.0,2021-09-01,1,0
2021,10,A3923,BILBAO - DURANGO - ELORRIO (Autopista),44081.0,27647.0,4939.0,3424.0,2046.0,2911.0,2.0,326.0,105.0,2021-10-01,1,0
2021,11,A3923,BILBAO - DURANGO - ELORRIO (Autopista),42952.0,27008.0,4640.0,3563.0,2242.0,2528.0,2.0,198.0,84.0,2021-11-01,1,0
2021,12,A3923,BILBAO - DURANGO - ELORRIO (Autopista),37895.0,25379.0,3869.0,2144.0,1132.0,2776.0,4.0,288.0,63.0,2021-12-01,1,0
2022,1,A3923,BILBAO - DURANGO - ELORRIO (Autopista),34870.0,23198.0,3914.0,2158.0,1119.0,2220.0,13.0,248.0,56.0,2022-01-01,0,0
2022,2,A3923,BILBAO - DURANGO - ELORRIO (Autopista),38479.0,24626.0,4385.0,2943.0,1542.0,2335.0,3.0,231.0,106.0,2022-02-01,0,0
2022,3,A3923,BILBAO - DURANGO - ELORRIO (Autopista),46416.0,30185.0,5313.0,3600.0,1633.0,2578.0,5.0,287.0,118.0,2022-03-01,0,0
2022,4,A3923,BILBAO - DURANGO - ELORRIO (Autopista),37900.0,24937.0,4623.0,2229.0,936.0,2681.0,5.0,281.0,112.0,2022-04-01,0,0
2022,5,A3923,BILBAO - DURANGO - ELORRIO (Autopista),44159.0,29390.0,5227.0,2793.0,1105.0,2891.0,22.0,286.0,95.0,2022-05-01,0,0
2022,6,A3923,BILBAO - DURANGO - ELORRIO (Autopista),43841.0,30924.0,5145.0,1512.0,568.0,3136.0,3.0,342.0,93.0,2022-06-01,0,0
2022,7,A3923,BILBAO - DURANGO - ELORRIO (Autopista),38238.0,26541.0,4942.0,937.0,461.0,3219.0,12.0,489.0,58.0,2022-07-01,0,0
2022,8,A3923,BILBAO - DURANGO - ELORRIO (Autopista),38078.0,27673.0,4492.0,662.0,375.0,2902.0,6.0,501.0,87.0,2022-08-01,0,0
2022,9,A3923,BILBAO - DURANGO - ELORRIO (Autopista),50604.0,34803.0,5506.0,3172.0,1588.0,2203.0,4.0,391.0,110.0,2022-09-01,0,1
2022,10,A3923,BILBAO - DURANGO - ELORRIO (Autopista),54124.0,36198.0,6116.0,4036.0,2214.0,2183.0,13.0,368.0,129.0,2022-10-01,0,1
2022,11,A3923,BILBAO - DURANGO - ELORRIO (Autopista),52566.0,34427.0,6318.0,3919.0,2290.0,2183.0,13.0,368.0,129.0,2022-11-01,0,1
2022,12,A3923,BILBAO - DURANGO - ELORRIO (Autopista),50627.0,35690.0,5950.0,2461.0,1350.0,2046.0,2.0,411.0,119.0,2022-12-01,0,1
2023,1,A3923,BILBAO - DURANGO - ELORRIO (Autopista),49699.0,35056.0,5697.0,2542.0,1348.0,1896.0,4.0,397.0,112.0,2023-01-01,0,1
2023,2,A3923,BILBAO - DURANGO - ELORRIO (Autopista),51175.0,35132.0,5995.0,3127.0,1937.0,1749.0,11.0,327.0,146.0,2023-02-01,0,1
2023,3,A3923,BILBAO - DURANGO - ELORRIO (Autopista),56899.0,38807.0,6627.0,3976.0,2126.0,1741.0,10.0,366.0,142.0,2023-03-01,0,1
2023,4,A3923,BILBAO - DURANGO - ELORRIO (Autopista),47917.0,33603.0,5738.0,2290.0,1325.0,1959.0,20.0,444.0,133.0,2023-04-01,0,1
2023,5,A3923,BILBAO - DURANGO - ELORRIO (Autopista),54910.0,38525.0,6159.0,3102.0,1633.0,1874.0,7.0,427.0,135.0,2023-05-01,0,1
2023,6,A3923,BILBAO - DURANGO - ELORRIO (Autopista),51698.0,37736.0,6391.0,1631.0,992.0,1955.0,12.0,420.0,119.0,2023-06-01,0,1
2023,7,A3923,BILBAO - DURANGO - ELORRIO (Autopista),45446.0,33807.0,5792.0,756.0,538.0,2014.0,9.0,506.0,115.0,2023-07-01,0,1
2023,8,A3923,BILBAO - DURANGO - ELORRIO (Autopista),44525.0,34353.0,5008.0,509.0,409.0,1952.0,6.0,527.0,112.0,2023-08-01,0,1
2023,9,A3923,BILBAO - DURANGO - ELORRIO (Autopista),57815.0,40978.0,5906.0,2923.0,2291.0,1926.0,4.0,549.0,100.0,2023-09-01,0,1
2023,10,A3923,BILBAO - DURANGO - ELORRIO (Autopista),62769.0,43037.0,7022.0,3629.0,3031.0,2050.0,5.0,539.0,84.0,2023-10-01,0,1
2023,11,A3923,BILBAO - DURANGO - ELORRIO (Autopista),58040.0,39255.0,7010.0,3564.0,2816.0,1719.0,4.0,381.0,114.0,2023-11-01,0,1
2023,12,A3923,BILBAO - DURANGO - ELORRIO (Autopista),58925.0,41599.0,7031.0,2513.0,1813.0,2275.0,6.0,588.0,100.0,2023-12-01,0,1
2024,1,A3923,BILBAO - DURANGO - ELORRIO (Autopista),54.912,36696.0,6681.0,2634.0,1701.0,1968.0,6.0,449.0,96.0,2024-01-01,0,1
2024,2,A3923,BILBAO - DURANGO - ELORRIO (Autopista),57092.0,38431.0,6726.0,2731.0,2174.0,1787.0,6.0,403.0,106.0,2024-02-01,0,1
2024,3,A3923,BILBAO - DURANGO - ELORRIO (Autopista),55352.0,36508.0,6684.0,2867.0,1954.0,1788.0,3.0,417.0,109.0,2024-03-01,0,1
2024,4,A3923,BILBAO - DURANGO - ELORRIO (Autopista),57038.0,38183.0,6607.0,2927.0,1890.0,1779.0,3.0,463.0,125.0,2024-04-01,0,1
2024,5,A3923,BILBAO - DURANGO - ELORRIO (Autopista),57972.0,38890.0,6627.0,2685.0,1740.0,1774.0,4.0,421.0,94.0,2024-05-01,0,1
2024,6,A3923,BILBAO - DURANGO - ELORRIO (Autopista),54983.0,38910.0,6524.0,1236.0,965.0,1894.0,4.0,446.0,124.0,2024-06-01,0,1
2024,7,A3923,BILBAO - DURANGO - ELORRIO (Autopista),50429.0,36485.0,6046.0,915.0,621.0,1681.0,5.0,608.0,102.0,2024-07-01,0,1
2024,8,A3923,BILBAO - DURANGO - ELORRIO (Autopista),48605.0,36120.0,5684.0,485.0,532.0,1840.0,1.0,639.0,110.0,2024-08-01,0,1
2024,9,A3923,BILBAO - DURANGO - ELORRIO (Autopista),60741.0,40822.0,6318.0,3064.0,2302.0,1827.0,8.0,458.0,92.0,2024-09-01,0,1
2024,10,A3923,BILBAO - DURANGO - ELORRIO (Autopista),66294.0,42531.0,7235.0,4246.0,3420.0,1897.0,3.0,431.0,104.0,2024-10-01,0,1
2024,11,A3923,BILBAO - DURANGO - ELORRIO (Autopista),61766.0,39265.0,7506.0,3716.0,3018.0,1723.0,4.0,429.0,90.0,2024-11-01,0,1
2024,12,A3923,BILBAO - DURANGO - ELORRIO (Autopista),60941.0,40977.0,7439.0,2668.0,1706.0,2041.0,11.0,616.0,82.0,2024-12-01,0,1
2025,1,A3923,BILBAO - DURANGO - ELORRIO (Autopista),59020.0,39110.0,7279.0,2618.0,1630.0,1599.0,7.0,468.0,79.0,2025-01-01,0,1
2025,2,A3923,BILBAO - DURANGO - ELORRIO (Autopista),60970.0,38084.0,7856.0,3447.0,2616.0,1579.0,8.0,525.0,125.0,2025-02-01,0,1
2025,3,A3923,BILBAO - DURANGO - ELORRIO (Autopista),63216.0,39989.0,7590.0,3517.0,2580.0,1685.0,4.0,430.0,93.0,2025-03-01,0,1
2025,4,A3923,BILBAO - DURANGO - ELORRIO (Autopista),54999.0,35963.0,7067.0,2452.0,1812.0,1430.0,6.0,595.0,56.0,2025-04-01,0,1
2025,5,A3923,BILBAO - DURANGO - ELORRIO (Autopista),60860.0,39549.0,7558.0,2860.0,1834.0,1541.0,8.0,568.0,99.0,2025-05-01,0,1
2025,6,A3923,BILBAO - DURANGO - ELORRIO (Autopista),53870.0,36893.0,6771.0,1416.0,894.0,1487.0,8.0,520.0,85.0,2025-06-01,0,1
2025,7,A3923,BILBAO - DURANGO - ELORRIO (Autopista),53467.0,37885.0,6887.0,1066.0,649.0,1546.0,8.0,628.0,73.0,2025-07-01,0,1
2025,8,A3923,BILBAO - DURANGO - ELORRIO (Autopista),48935.0,35436.0,6102.0,524.0,553.0,1547.0,2.0,704.0,83.0,2025-08-01,0,1
2025,9,A3923,BILBAO - DURANGO - ELORRIO (Autopista),65655.0,43824.0,7341.0,3085.0,2388.0,1520.0,7.0,561.0,109.0,2025-09-01,0,1
2025,10,A3923,BILBAO - DURANGO - ELORRIO (Autopista),68266.0,43367.0,7935.0,4218.0,3108.0,1421.0,3.0,456.0,97.0,2025-10-01,0,1
2025,11,A3923,BILBAO - DURANGO - ELORRIO (Autopista),60931.0,38397.0,7319.0,3662.0,2841.0,1259.0,11.0,450.0,115.0,2025-11-01,0,1
2025,12,A3923,BILBAO - DURANGO - ELORRIO (Autopista),77624.0,56829.0,7684.0,2629.0,1634.0,1423.0,14.0,599.0,142.0,2025-12-01,0,1
2020,1,A3915,BILBAO - DURANGO - ONDARROA (Autopista),47433.0,26607.0,10498.0,1456.0,685.0,5813.0,8.0,458.0,183.0,2020-01-01,1,0
2020,2,A3915,BILBAO - DURANGO - ONDARROA (Autopista),49106.0,27827.0,10555.0,1664.0,758.0,5808.0,22.0,525.0,191.0,2020-02-01,1,0
2020,3,A3915,BILBAO - DURANGO - ONDARROA (Autopista),21574.0,12836.0,4332.0,842.0,365.0,2231.0,3.0,153.0,78.0,2020-03-01,1,0
2020,4,A3915,BILBAO - DURANGO - ONDARROA (Autopista),4258.0,3779.0,308.0,27.0,5.0,0.0,0.0,3.0,7.0,2020-04-01,1,0
2020,5,A3915,BILBAO - DURANGO - ONDARROA (Autopista),12119.0,9751.0,1933.0,62.0,53.0,0.0,0.0,15.0,18.0,2020-05-01,1,0
2020,6,A3915,BILBAO - DURANGO - ONDARROA (Autopista),26451.0,19721.0,5169.0,340.0,242.0,0.0,0.0,54.0,73.0,2020-06-01,1,0
2020,7,A3915,BILBAO - DURANGO - ONDARROA (Autopista),32393.0,24047.0,6392.0,443.0,195.0,0.0,0.0,167.0,66.0,2020-07-01,1,0
2020,8,A3915,BILBAO - DURANGO - ONDARROA (Autopista),27113.0,20629.0,4994.0,329.0,183.0,0.0,0.0,127.0,52.0,2020-08-01,1,0
2020,9,A3915,BILBAO - DURANGO - ONDARROA (Autopista),32365.0,23607.0,6013.0,1027.0,232.0,0.0,0.0,109.0,51.0,2020-09-01,1,0
2020,10,A3915,BILBAO - DURANGO - ONDARROA (Autopista),31326.0,23064.0,4542.0,1724.0,390.0,0.0,0.0,48.0,24.0,2020-10-01,1,0
2020,11,A3915,BILBAO - DURANGO - ONDARROA (Autopista),25389.0,18576.0,3591.0,1575.0,311.0,0.0,0.0,57.0,32.0,2020-11-01,1,0
2020,12,A3915,BILBAO - DURANGO - ONDARROA (Autopista),27379.0,20406.0,3803.0,1119.0,280.0,287.0,0.0,97.0,47.0,2020-12-01,1,0
2021,1,A3915,BILBAO - DURANGO - ONDARROA (Autopista),26965.0,19339.0,3484.0,1128.0,285.0,1333.0,1.0,165.0,56.0,2021-01-01,1,0
2021,2,A3915,BILBAO - DURANGO - ONDARROA (Autopista),26008.0,18088.0,3587.0,1384.0,254.0,1403.0,1.0,126.0,68.0,2021-02-01,1,0
2021,3,A3915,BILBAO - DURANGO - ONDARROA (Autopista),35094.0,23559.0,5703.0,1592.0,315.0,2159.0,0.0,274.0,122.0,2021-03-01,1,0
2021,4,A3915,BILBAO - DURANGO - ONDARROA (Autopista),29867.0,19335.0,5347.0,1330.0,247.0,2150.0,2.0,276.0,102.0,2021-04-01,1,0
2021,5,A3915,BILBAO - DURANGO - ONDARROA (Autopista),36802.0,23269.0,7490.0,1314.0,272.0,2675.0,2.0,317.0,116.0,2021-05-01,1,0
2021,6,A3915,BILBAO - DURANGO - ONDARROA (Autopista),39935.0,25711.0,7619.0,832.0,230.0,3594.0,0.0,388.0,188.0,2021-06-01,1,0
2021,7,A3915,BILBAO - DURANGO - ONDARROA (Autopista),37429.0,23881.0,6885.0,610.0,154.0,3957.0,8.0,591.0,109.0,2021-07-01,1,0
2021,8,A3915,BILBAO - DURANGO - ONDARROA (Autopista),34518.0,21578.0,6787.0,474.0,54.0,3909.0,4.0,659.0,120.0,2021-08-01,1,0
2021,9,A3915,BILBAO - DURANGO - ONDARROA (Autopista),39955.0,24874.0,7255.0,1380.0,244.0,4187.0,1.0,397.0,120.0,2021-09-01,1,0
2021,10,A3915,BILBAO - DURANGO - ONDARROA (Autopista),41553.0,25393.0,7373.0,2054.0,458.0,4108.0,0.0,398.0,84.0,2021-10-01,1,0
2021,11,A3915,BILBAO - DURANGO - ONDARROA (Autopista),37177.0,24942.0,7070.0,,,3633.0,2.0,289.0,127.0,2021-11-01,1,0
2021,12,A3915,BILBAO - DURANGO - ONDARROA (Autopista),36594.0,23297.0,6501.0,1067.0,293.0,3588.0,4.0,333.0,106.0,2021-12-01,1,0
2022,1,A3915,BILBAO - DURANGO - ONDARROA (Autopista),35563.0,22406.0,6333.0,1290.0,352.0,3311.0,5.0,391.0,118.0,2022-01-01,0,0
2022,2,A3915,BILBAO - DURANGO - ONDARROA (Autopista),38016.0,23343.0,7192.0,1794.0,460.0,3252.0,0.0,353.0,160.0,2022-02-01,0,0
2022,3,A3915,BILBAO - DURANGO - ONDARROA (Autopista),46990.0,28876.0,9139.0,1903.0,586.0,3865.0,7.0,477.0,165.0,2022-03-01,0,0
2022,4,A3915,BILBAO - DURANGO - ONDARROA (Autopista),41142.0,25612.0,7518.0,1371.0,389.0,4059.0,2.0,485.0,139.0,2022-04-01,0,0
2022,5,A3915,BILBAO - DURANGO - ONDARROA (Autopista),47910.0,29561.0,9365.0,1765.0,402.0,4272.0,8.0,547.0,186.0,2022-05-01,0,0
2022,6,A3915,BILBAO - DURANGO - ONDARROA (Autopista),46557.0,29339.0,9516.0,837.0,170.0,4227.0,4.0,561.0,147.0,2022-06-01,0,0
2022,7,A3915,BILBAO - DURANGO - ONDARROA (Autopista),45725.0,27891.0,9572.0,493.0,186.0,4953.0,7.0,772.0,146.0,2022-07-01,0,0
2022,8,A3915,BILBAO - DURANGO - ONDARROA (Autopista),42048.0,25326.0,8944.0,425.0,143.0,4953.0,10.0,731.0,135.0,2022-08-01,0,0
2022,9,A3915,BILBAO - DURANGO - ONDARROA (Autopista),47056.0,29390.0,9421.0,1744.0,799.0,3234.0,10.0,475.0,127.0,2022-09-01,0,1
2022,10,A3915,BILBAO - DURANGO - ONDARROA (Autopista),49467.0,31566.0,9355.0,1966.0,1102.0,2880.0,2.0,502.0,170.0,2022-10-01,0,1
2022,11,A3915,BILBAO - DURANGO - ONDARROA (Autopista),43677.0,28036.0,8667.0,1657.0,872.0,2206.0,0.0,406.0,145.0,2022-11-01,0,1
2022,12,A3915,BILBAO - DURANGO - ONDARROA (Autopista),42261.0,27924.0,7809.0,1092.0,675.0,2459.0,5.0,520.0,136.0,2022-12-01,0,1
2023,1,A3915,BILBAO - DURANGO - ONDARROA (Autopista),35200.0,23199.0,6683.0,1015.0,609.0,1802.0,2.0,421.0,129.0,2023-01-01,0,1
2023,2,A3915,BILBAO - DURANGO - ONDARROA (Autopista),37202.0,24657.0,6908.0,1228.0,703.0,1742.0,0.0,396.0,138.0,2023-02-01,0,1
2023,3,A3915,BILBAO - DURANGO - ONDARROA (Autopista),42183.0,27819.0,8232.0,1404.0,740.0,1890.0,2.0,387.0,147.0,2023-03-01,0,1
2023,4,A3915,BILBAO - DURANGO - ONDARROA (Autopista),45416.0,30203.0,8623.0,1094.0,695.0,2660.0,5.0,607.0,160.0,2023-04-01,0,1
2023,5,A3915,BILBAO - DURANGO - ONDARROA (Autopista),53309.0,35313.0,10192.0,1312.0,835.0,3007.0,1.0,594.0,215.0,2023-05-01,0,1
2023,6,A3915,BILBAO - DURANGO - ONDARROA (Autopista),52757.0,35087.0,10951.0,737.0,526.0,2708.0,4.0,687.0,306.0,2023-06-01,0,1
2023,7,A3915,BILBAO - DURANGO - ONDARROA (Autopista),51105.0,34785.0,9494.0,409.0,263.0,3500.0,12.0,838.0,232.0,2023-07-01,0,1
2023,8,A3915,BILBAO - DURANGO - ONDARROA (Autopista),46950.0,31659.0,9247.0,303.0,222.0,3258.0,7.0,805.0,190.0,2023-08-01,0,1
2023,9,A3915,BILBAO - DURANGO - ONDARROA (Autopista),53274.0,35503.0,9956.0,1235.0,752.0,3094.0,3.0,728.0,233.0,2023-09-01,0,1
2023,10,A3915,BILBAO - DURANGO - ONDARROA (Autopista),56056.0,36970.0,10821.0,1613.0,1055.0,2740.0,3.0,619.0,256.0,2023-10-01,0,1
2023,11,A3915,BILBAO - DURANGO - ONDARROA (Autopista),53913.0,35963.0,10296.0,1554.0,1043.0,2467.0,1.0,536.0,219.0,2023-11-01,0,1
2023,12,A3915,BILBAO - DURANGO - ONDARROA (Autopista),53058.0,36112.0,9613.0,1057.0,650.0,3036.0,4.0,602.0,213.0,2023-12-01,0,1
2024,1,A3915,BILBAO - DURANGO - ONDARROA (Autopista),50.724,32.755,9.792,1.531,608.0,2.6,2.0,511.0,213.0,2024-01-01,0,1
2024,2,A3915,BILBAO - DURANGO - ONDARROA (Autopista),51481.0,34159.0,9582.0,1425.0,865.0,2188.0,2.0,464.0,210.0,2024-02-01,0,1
2024,3,A3915,BILBAO - DURANGO - ONDARROA (Autopista),53269.0,34796.0,10094.0,1365.0,1084.0,2311.0,0.0,550.0,195.0,2024-03-01,0,1
2024,4,A3915,BILBAO - DURANGO - ONDARROA (Autopista),54381.0,35370.0,10567.0,1407.0,828.0,2575.0,0.0,609.0,253.0,2024-04-01,0,1
2024,5,A3915,BILBAO - DURANGO - ONDARROA (Autopista),58499.0,37540.0,11352.0,1503.0,932.0,3134.0,3.0,584.0,243.0,2024-05-01,0,1
2024,6,A3915,BILBAO - DURANGO - ONDARROA (Autopista),57972.0,38350.0,11395.0,831.0,726.0,2865.0,4.0,687.0,234.0,2024-06-01,0,1
2024,7,A3915,BILBAO - DURANGO - ONDARROA (Autopista),54735.0,37426.0,11393.0,0.0,0.0,3150.0,14.0,908.0,189.0,2024-07-01,0,1
2024,8,A3915,BILBAO - DURANGO - ONDARROA (Autopista),53496.0,35389.0,10765.0,521.0,272.0,2933.0,0.0,833.0,174.0,2024-08-01,0,1
2024,9,A3915,BILBAO - DURANGO - ONDARROA (Autopista),56305.0,36236.0,10654.0,1680.0,970.0,2441.0,0.0,621.0,165.0,2024-09-01,0,1
2024,10,A3915,BILBAO - DURANGO - ONDARROA (Autopista),60346.0,39614.0,11420.0,2550.0,1512.0,2564.0,1.0,448.0,209.0,2024-10-01,0,1
2024,11,A3915,BILBAO - DURANGO - ONDARROA (Autopista),61069.0,38118.0,11446.0,2344.0,1809.0,2493.0,4.0,618.0,145.0,2024-11-01,0,1
2024,12,A3915,BILBAO - DURANGO - ONDARROA (Autopista),57623.0,37240.0,10462.0,1661.0,1155.0,2637.0,1.0,644.0,185.0,2024-12-01,0,1
2025,1,A3915,BILBAO - DURANGO - ONDARROA (Autopista),51071.0,32585.0,9491.0,1629.0,1089.0,2129.0,6.0,548.0,183.0,2025-01-01,0,1
2025,2,A3915,BILBAO - DURANGO - ONDARROA (Autopista),64849.0,41342.0,12244.0,2281.0,1761.0,2037.0,2.0,485.0,173.0,2025-02-01,0,1
2025,3,A3915,BILBAO - DURANGO - ONDARROA (Autopista),62967.0,39964.0,12145.0,1863.0,1720.0,2121.0,0.0,597.0,178.0,2025-03-01,0,1
2025,4,A3915,BILBAO - DURANGO - ONDARROA (Autopista),57639.0,37358.0,11022.0,1298.0,1295.0,2020.0,3.0,623.0,133.0,2025-04-01,0,1
2025,5,A3915,BILBAO - DURANGO - ONDARROA (Autopista),66583.0,43073.0,13106.0,1373.0,1498.0,2173.0,3.0,699.0,138.0,2025-05-01,0,1
2025,6,A3915,BILBAO - DURANGO - ONDARROA (Autopista),65944.0,42635.0,13694.0,826.0,870.0,2032.0,7.0,658.0,239.0,2025-06-01,0,1
2025,7,A3915,BILBAO - DURANGO - ONDARROA (Autopista),61101.0,40571.0,12613.0,625.0,510.0,2314.0,3.0,885.0,182.0,2025-07-01,0,1
2025,8,A3915,BILBAO - DURANGO - ONDARROA (Autopista),53286.0,35133.0,11530.0,420.0,257.0,2120.0,3.0,923.0,187.0,2025-08-01,0,1
2025,9,A3915,BILBAO - DURANGO - ONDARROA (Autopista),61645.0,39472.0,12061.0,1839.0,1294.0,2090.0,0.0,555.0,183.0,2025-09-01,0,1
2025,10,A3915,BILBAO - DURANGO - ONDARROA (Autopista),65672.0,40528.0,13569.0,2396.0,1608.0,2003.0,0.0,624.0,255.0,2025-10-01,0,1
2025,11,A3915,BILBAO - DURANGO - ONDARROA (Autopista),59839.0,37700.0,11774.0,2238.0,1553.0,1575.0,1.0,526.0,195.0,2025-11-01,0,1
2025,12,A3915,BILBAO - DURANGO - ONDARROA (Autopista),59007.0,38601.0,11369.0,1617.0,1147.0,1693.0,2.0,615.0,189.0,2025-12-01,0,1
2020,1,A3926,BILBAO - ERMUA - EIBAR (Autopista),27487.0,19144.0,2498.0,1286.0,354.0,2959.0,46.0,224.0,53.0,2020-01-01,1,0
2020,2,A3926,BILBAO - ERMUA - EIBAR (Autopista),27868.0,18864.0,2401.0,1825.0,414.0,2856.0,61.0,243.0,49.0,2020-02-01,1,0
2020,3,A3926,BILBAO - ERMUA - EIBAR (Autopista),12522.0,8773.0,900.0,847.0,224.0,1160.0,17.0,72.0,17.0,2020-03-01,1,0
2020,4,A3926,BILBAO - ERMUA - EIBAR (Autopista),929.0,863.0,8.0,17.0,0.0,0.0,0.0,0.0,1.0,2020-04-01,1,0
2020,5,A3926,BILBAO - ERMUA - EIBAR (Autopista),4028.0,3561.0,196.0,64.0,43.0,0.0,0.0,2.0,2.0,2020-05-01,1,0
2020,6,A3926,BILBAO - ERMUA - EIBAR (Autopista),12750.0,11018.0,1056.0,165.0,94.0,0.0,0.0,36.0,9.0,2020-06-01,1,0
2020,7,A3926,BILBAO - ERMUA - EIBAR (Autopista),15574.0,13536.0,1263.0,136.0,65.0,0.0,0.0,95.0,11.0,2020-07-01,1,0
2020,8,A3926,BILBAO - ERMUA - EIBAR (Autopista),11380.0,9813.0,990.0,89.0,26.0,0.0,0.0,79.0,10.0,2020-08-01,1,0
2020,9,A3926,BILBAO - ERMUA - EIBAR (Autopista),19240.0,15983.0,1134.0,981.0,289.0,0.0,0.0,55.0,16.0,2020-09-01,1,0
2020,10,A3926,BILBAO - ERMUA - EIBAR (Autopista),19333.0,15683.0,1013.0,1261.0,463.0,0.0,0.0,40.0,10.0,2020-10-01,1,0
2020,11,A3926,BILBAO - ERMUA - EIBAR (Autopista),14399.0,11529.0,460.0,1210.0,333.0,0.0,0.0,21.0,2.0,2020-11-01,1,0
2020,12,A3926,BILBAO - ERMUA - EIBAR (Autopista),15718.0,13235.0,644.0,648.0,206.0,191.0,5.0,64.0,13.0,2020-12-01,1,0
2021,1,A3926,BILBAO - ERMUA - EIBAR (Autopista),14795.0,12186.0,579.0,460.0,321.0,457.0,12.0,82.0,25.0,2021-01-01,1,0
2021,2,A3926,BILBAO - ERMUA - EIBAR (Autopista),13899.0,10887.0,463.0,932.0,362.0,431.0,9.0,81.0,38.0,2021-02-01,1,0
2021,3,A3926,BILBAO - ERMUA - EIBAR (Autopista),19154.0,14675.0,1004.0,1044.0,267.0,938.0,8.0,145.0,65.0,2021-03-01,1,0
2021,4,A3926,BILBAO - ERMUA - EIBAR (Autopista),15973.0,12325.0,748.0,891.0,226.0,787.0,9.0,133.0,79.0,2021-04-01,1,0
2021,5,A3926,BILBAO - ERMUA - EIBAR (Autopista),18986.0,14479.0,1272.0,769.0,238.0,1124.0,11.0,203.0,42.0,2021-05-01,1,0
2021,6,A3926,BILBAO - ERMUA - EIBAR (Autopista),22310.0,17335.0,1657.0,527.0,120.0,1480.0,52.0,266.0,43.0,2021-06-01,1,0
2021,7,A3926,BILBAO - ERMUA - EIBAR (Autopista),19549.0,14957.0,1539.0,257.0,25.0,1728.0,70.0,276.0,80.0,2021-07-01,1,0
2021,8,A3926,BILBAO - ERMUA - EIBAR (Autopista),14111.0,10259.0,1188.0,133.0,12.0,1807.0,18.0,265.0,23.0,2021-08-01,1,0
2021,9,A3926,BILBAO - ERMUA - EIBAR (Autopista),22440.0,16543.0,1591.0,1101.0,252.0,1745.0,24.0,194.0,43.0,2021-09-01,1,0
2021,10,A3926,BILBAO - ERMUA - EIBAR (Autopista),26636.0,19141.0,1962.0,1689.0,393.0,1960.0,29.0,224.0,56.0,2021-10-01,1,0
2021,11,A3926,BILBAO - ERMUA - EIBAR (Autopista),26187.0,18783.0,1804.0,1815.0,430.0,1909.0,21.0,187.0,58.0,2021-11-01,1,0
2021,12,A3926,BILBAO - ERMUA - EIBAR (Autopista),23408.0,17386.0,1643.0,832.0,193.0,2084.0,47.0,263.0,36.0,2021-12-01,1,0
2022,1,A3926,BILBAO - ERMUA - EIBAR (Autopista),20816.0,15542.0,1461.0,823.0,323.0,1616.0,34.0,180.0,57.0,2022-01-01,0,0
2022,2,A3926,BILBAO - ERMUA - EIBAR (Autopista),22541.0,15990.0,1699.0,1517.0,347.0,1722.0,46.0,185.0,53.0,2022-02-01,0,0
2022,3,A3926,BILBAO - ERMUA - EIBAR (Autopista),27516.0,19655.0,2123.0,1824.0,424.0,2013.0,42.0,215.0,60.0,2022-03-01,0,0
2022,4,A3926,BILBAO - ERMUA - EIBAR (Autopista),22876.0,16628.0,1828.0,926.0,201.0,2240.0,53.0,203.0,48.0,2022-04-01,0,0
2022,5,A3926,BILBAO - ERMUA - EIBAR (Autopista),25914.0,18859.0,1962.0,1271.0,336.0,2195.0,50.0,263.0,81.0,2022-05-01,0,0
2022,6,A3926,BILBAO - ERMUA - EIBAR (Autopista),26219.0,19898.0,2014.0,566.0,86.0,2417.0,61.0,254.0,70.0,2022-06-01,0,0
2022,7,A3926,BILBAO - ERMUA - EIBAR (Autopista),23646.0,17277.0,1917.0,298.0,92.0,2917.0,65.0,335.0,73.0,2022-07-01,0,0
2022,8,A3926,BILBAO - ERMUA - EIBAR (Autopista),19345.0,13731.0,1624.0,126.0,64.0,2950.0,51.0,317.0,62.0,2022-08-01,0,0
2022,9,A3926,BILBAO - ERMUA - EIBAR (Autopista),28424.0,21222.0,2077.0,1156.0,478.0,2156.0,34.0,276.0,47.0,2022-09-01,0,1
2022,10,A3926,BILBAO - ERMUA - EIBAR (Autopista),32556.0,24438.0,2570.0,1480.0,669.0,2032.0,29.0,260.0,52.0,2022-10-01,0,1
2022,11,A3926,BILBAO - ERMUA - EIBAR (Autopista),33803.0,25041.0,2708.0,1872.0,708.0,2032.0,29.0,260.0,52.0,2022-11-01,0,1
2022,12,A3926,BILBAO - ERMUA - EIBAR (Autopista),33233.0,25398.0,2662.0,912.0,393.0,2477.0,65.0,345.0,61.0,2022-12-01,0,1
2023,1,A3926,BILBAO - ERMUA - EIBAR (Autopista),31802.0,24461.0,2573.0,1009.0,517.0,1941.0,22.0,349.0,63.0,2023-01-01,0,1
2023,2,A3926,BILBAO - ERMUA - EIBAR (Autopista),31920.0,24049.0,2602.0,1689.0,686.0,1641.0,14.0,218.0,51.0,2023-02-01,0,1
2023,3,A3926,BILBAO - ERMUA - EIBAR (Autopista),35849.0,27103.0,2906.0,1844.0,742.0,1732.0,15.0,292.0,102.0,2023-03-01,0,1
2023,4,A3926,BILBAO - ERMUA - EIBAR (Autopista),30033.0,23013.0,2572.0,911.0,331.0,2013.0,24.0,335.0,52.0,2023-04-01,0,1
2023,5,A3926,BILBAO - ERMUA - EIBAR (Autopista),31827.0,24670.0,2568.0,1020.0,444.0,1862.0,12.0,300.0,43.0,2023-05-01,0,1
2023,6,A3926,BILBAO - ERMUA - EIBAR (Autopista),30614.0,24666.0,2526.0,498.0,236.0,1678.0,22.0,289.0,51.0,2023-06-01,0,1
2023,7,A3926,BILBAO - ERMUA - EIBAR (Autopista),29124.0,23016.0,2211.0,311.0,71.0,2315.0,50.0,426.0,44.0,2023-07-01,0,1
2023,8,A3926,BILBAO - ERMUA - EIBAR (Autopista),23563.0,18264.0,1899.0,178.0,116.0,2134.0,29.0,374.0,39.0,2023-08-01,0,1
2023,9,A3926,BILBAO - ERMUA - EIBAR (Autopista),32703.0,25340.0,2042.0,1344.0,595.0,1963.0,30.0,315.0,52.0,2023-09-01,0,1
2023,10,A3926,BILBAO - ERMUA - EIBAR (Autopista),36440.0,28170.0,2470.0,1441.0,642.0,2008.0,25.0,357.0,66.0,2023-10-01,0,1
2023,11,A3926,BILBAO - ERMUA - EIBAR (Autopista),36034.0,27903.0,2651.0,1429.0,738.0,1712.0,31.0,254.0,71.0,2023-11-01,0,1
2023,12,A3926,BILBAO - ERMUA - EIBAR (Autopista),36010.0,28789.0,2470.0,750.0,365.0,2282.0,43.0,391.0,69.0,2023-12-01,0,1
2024,1,A3926,BILBAO - ERMUA - EIBAR (Autopista),34.233,25094.0,2659.0,924.0,456.0,1996.0,32.0,352.0,42.0,2024-01-01,0,1
2024,2,A3926,BILBAO - ERMUA - EIBAR (Autopista),33724.0,25205.0,2504.0,1249.0,486.0,1732.0,30.0,236.0,52.0,2024-02-01,0,1
2024,3,A3926,BILBAO - ERMUA - EIBAR (Autopista),34105.0,25171.0,2660.0,1130.0,461.0,1901.0,9.0,359.0,74.0,2024-03-01,0,1
2024,4,A3926,BILBAO - ERMUA - EIBAR (Autopista),34614.0,25496.0,2550.0,1100.0,412.0,1815.0,28.0,433.0,41.0,2024-04-01,0,1
2024,5,A3926,BILBAO - ERMUA - EIBAR (Autopista),35308.0,25853.0,2616.0,946.0,490.0,1838.0,23.0,363.0,83.0,2024-05-01,0,1
2024,6,A3926,BILBAO - ERMUA - EIBAR (Autopista),33793.0,25616.0,2646.0,495.0,195.0,1802.0,21.0,384.0,73.0,2024-06-01,0,1
2024,7,A3926,BILBAO - ERMUA - EIBAR (Autopista),33044.0,25012.0,2469.0,404.0,144.0,2051.0,60.0,528.0,58.0,2024-07-01,0,1
2024,8,A3926,BILBAO - ERMUA - EIBAR (Autopista),26189.0,19852.0,2057.0,152.0,39.0,2116.0,25.0,538.0,39.0,2024-08-01,0,1
2024,9,A3926,BILBAO - ERMUA - EIBAR (Autopista),36834.0,26092.0,2508.0,1342.0,567.0,1783.0,14.0,481.0,61.0,2024-09-01,0,1
2024,10,A3926,BILBAO - ERMUA - EIBAR (Autopista),40475.0,27588.0,2803.0,1871.0,913.0,1727.0,15.0,410.0,92.0,2024-10-01,0,1
2024,11,A3926,BILBAO - ERMUA - EIBAR (Autopista),39379.0,26792.0,3051.0,1483.0,832.0,1913.0,5.0,371.0,126.0,2024-11-01,0,1
2024,12,A3926,BILBAO - ERMUA - EIBAR (Autopista),39249.0,28834.0,2879.0,956.0,406.0,2031.0,32.0,493.0,118.0,2024-12-01,0,1
2025,1,A3926,BILBAO - ERMUA - EIBAR (Autopista),38039.0,26747.0,3140.0,1170.0,504.0,1727.0,18.0,379.0,102.0,2025-01-01,0,1
2025,2,A3926,BILBAO - ERMUA - EIBAR (Autopista),36434.0,24942.0,2570.0,1424.0,756.0,1543.0,5.0,401.0,118.0,2025-02-01,0,1
2025,3,A3926,BILBAO - ERMUA - EIBAR (Autopista),37978.0,26068.0,2810.0,1312.0,696.0,1681.0,11.0,399.0,91.0,2025-03-01,0,1
2025,4,A3926,BILBAO - ERMUA - EIBAR (Autopista),35283.0,25102.0,2672.0,1050.0,464.0,1706.0,14.0,480.0,88.0,2025-04-01,0,1
2025,5,A3926,BILBAO - ERMUA - EIBAR (Autopista),37776.0,26847.0,2905.0,1053.0,441.0,1413.0,15.0,433.0,113.0,2025-05-01,0,1
2025,6,A3926,BILBAO - ERMUA - EIBAR (Autopista),34123.0,24942.0,2562.0,652.0,217.0,1386.0,8.0,469.0,84.0,2025-06-01,0,1
2025,7,A3926,BILBAO - ERMUA - EIBAR (Autopista),34469.0,26264.0,2395.0,457.0,213.0,1682.0,7.0,627.0,94.0,2025-07-01,0,1
2025,8,A3926,BILBAO - ERMUA - EIBAR (Autopista),26923.0,20798.0,1826.0,224.0,92.0,1594.0,18.0,566.0,43.0,2025-08-01,0,1
2025,9,A3926,BILBAO - ERMUA - EIBAR (Autopista),37387.0,26180.0,2399.0,1386.0,579.0,1555.0,10.0,517.0,126.0,2025-09-01,0,1
2025,10,A3926,BILBAO - ERMUA - EIBAR (Autopista),41879.0,28175.0,2840.0,1761.0,904.0,1598.0,5.0,425.0,119.0,2025-10-01,0,1
2025,11,A3926,BILBAO - ERMUA - EIBAR (Autopista),39727.0,26769.0,2860.0,1559.0,1000.0,1355.0,1.0,512.0,110.0,2025-11-01,0,1
2025,12,A3926,BILBAO - ERMUA - EIBAR (Autopista),44120.0,33685.0,2799.0,1144.0,585.0,1342.0,15.0,553.0,115.0,2025-12-01,0,1
2020,1,A3916,BILBAO - ERMUA - ONDARROA (Autopista),28342.0,17583.0,3936.0,1790.0,413.0,3071.0,13.0,294.0,79.0,2020-01-01,1,0
2020,2,A3916,BILBAO - ERMUA - ONDARROA (Autopista),29623.0,18423.0,3936.0,2181.0,474.0,3007.0,26.0,302.0,80.0,2020-02-01,1,0
2020,3,A3916,BILBAO - ERMUA - ONDARROA (Autopista),14207.0,9352.0,1516.0,1119.0,282.0,1240.0,8.0,89.0,32.0,2020-03-01,1,0
2020,4,A3916,BILBAO - ERMUA - ONDARROA (Autopista),2807.0,2619.0,66.0,28.0,27.0,0.0,0.0,2.0,1.0,2020-04-01,1,0
2020,5,A3916,BILBAO - ERMUA - ONDARROA (Autopista),7407.0,6459.0,680.0,48.0,36.0,0.0,0.0,6.0,6.0,2020-05-01,1,0
2020,6,A3916,BILBAO - ERMUA - ONDARROA (Autopista),16957.0,13591.0,2306.0,247.0,137.0,0.0,0.0,72.0,19.0,2020-06-01,1,0
2020,7,A3916,BILBAO - ERMUA - ONDARROA (Autopista),20469.0,15921.0,3276.0,230.0,184.0,0.0,0.0,97.0,35.0,2020-07-01,1,0
2020,8,A3916,BILBAO - ERMUA - ONDARROA (Autopista),15920.0,12520.0,2586.0,104.0,79.0,0.0,0.0,86.0,13.0,2020-08-01,1,0
2020,9,A3916,BILBAO - ERMUA - ONDARROA (Autopista),21500.0,16430.0,2860.0,891.0,279.0,0.0,0.0,77.0,30.0,2020-09-01,1,0
2020,10,A3916,BILBAO - ERMUA - ONDARROA (Autopista),21977.0,16516.0,2149.0,1639.0,546.0,0.0,0.0,40.0,14.0,2020-10-01,1,0
2020,11,A3916,BILBAO - ERMUA - ONDARROA (Autopista),17784.0,13619.0,1258.0,1608.0,364.0,0.0,0.0,25.0,5.0,2020-11-01,1,0
2020,12,A3916,BILBAO - ERMUA - ONDARROA (Autopista),17612.0,13836.0,1673.0,859.0,226.0,127.0,0.0,56.0,15.0,2020-12-01,1,0
2021,1,A3916,BILBAO - ERMUA - ONDARROA (Autopista),17292.0,13143.0,1305.0,969.0,375.0,609.0,2.0,78.0,12.0,2021-01-01,1,0
2021,2,A3916,BILBAO - ERMUA - ONDARROA (Autopista),17619.0,12967.0,1206.0,1355.0,473.0,715.0,0.0,91.0,13.0,2021-02-01,1,0
2021,3,A3916,BILBAO - ERMUA - ONDARROA (Autopista),22557.0,16349.0,2125.0,1434.0,376.0,1048.0,2.0,169.0,56.0,2021-03-01,1,0
2021,4,A3916,BILBAO - ERMUA - ONDARROA (Autopista),17655.0,12822.0,1526.0,1109.0,292.0,975.0,3.0,126.0,43.0,2021-04-01,1,0
2021,5,A3916,BILBAO - ERMUA - ONDARROA (Autopista),23245.0,16880.0,2396.0,1158.0,315.0,1337.0,1.0,253.0,42.0,2021-05-01,1,0
2021,6,A3916,BILBAO - ERMUA - ONDARROA (Autopista),24204.0,17547.0,3037.0,534.0,179.0,1695.0,4.0,307.0,51.0,2021-06-01,1,0
2021,7,A3916,BILBAO - ERMUA - ONDARROA (Autopista),23318.0,16117.0,3548.0,298.0,82.0,2087.0,1.0,380.0,41.0,2021-07-01,1,0
2021,8,A3916,BILBAO - ERMUA - ONDARROA (Autopista),20015.0,13143.0,3573.0,143.0,64.0,2064.0,7.0,405.0,47.0,2021-08-01,1,0
2021,9,A3916,BILBAO - ERMUA - ONDARROA (Autopista),25080.0,17135.0,3269.0,1134.0,284.0,1973.0,1.0,250.0,55.0,2021-09-01,1,0
2021,10,A3916,BILBAO - ERMUA - ONDARROA (Autopista),26917.0,17959.0,3225.0,1857.0,492.0,1914.0,8.0,227.0,71.0,2021-10-01,1,0
2021,11,A3916,BILBAO - ERMUA - ONDARROA (Autopista),26236.0,17404.0,2727.0,2023.0,627.0,1920.0,4.0,217.0,71.0,2021-11-01,1,0
2021,12,A3916,BILBAO - ERMUA - ONDARROA (Autopista),22968.0,15902.0,2632.0,939.0,248.0,1894.0,8.0,261.0,72.0,2021-12-01,1,0
2022,1,A3916,BILBAO - ERMUA - ONDARROA (Autopista),21598.0,14917.0,2490.0,954.0,337.0,1676.0,5.0,237.0,68.0,2022-01-01,0,0
2022,2,A3916,BILBAO - ERMUA - ONDARROA (Autopista),24495.0,16237.0,2878.0,1614.0,500.0,1768.0,5.0,209.0,78.0,2022-02-01,0,0
2022,3,A3916,BILBAO - ERMUA - ONDARROA (Autopista),29154.0,19597.0,3441.0,1843.0,558.0,2040.0,10.0,263.0,104.0,2022-03-01,0,0
2022,4,A3916,BILBAO - ERMUA - ONDARROA (Autopista),25386.0,17144.0,3307.0,1157.0,302.0,2153.0,3.0,242.0,79.0,2022-04-01,0,0
2022,5,A3916,BILBAO - ERMUA - ONDARROA (Autopista),30399.0,20382.0,3876.0,1590.0,321.0,2560.0,8.0,336.0,119.0,2022-05-01,0,0
2022,6,A3916,BILBAO - ERMUA - ONDARROA (Autopista),29386.0,20497.0,4046.0,716.0,137.0,2658.0,6.0,329.0,86.0,2022-06-01,0,0
2022,7,A3916,BILBAO - ERMUA - ONDARROA (Autopista),28958.0,19359.0,4488.0,304.0,90.0,3220.0,7.0,519.0,102.0,2022-07-01,0,0
2022,8,A3916,BILBAO - ERMUA - ONDARROA (Autopista),25260.0,16564.0,4202.0,90.0,69.0,3127.0,6.0,415.0,92.0,2022-08-01,0,0
2022,9,A3916,BILBAO - ERMUA - ONDARROA (Autopista),30910.0,21244.0,3941.0,1198.0,671.0,2020.0,1.0,297.0,109.0,2022-09-01,0,1
2022,10,A3916,BILBAO - ERMUA - ONDARROA (Autopista),32276.0,22126.0,4058.0,1519.0,964.0,1736.0,4.0,267.0,147.0,2022-10-01,0,1
2022,11,A3916,BILBAO - ERMUA - ONDARROA (Autopista),28584.0,19638.0,3555.0,1445.0,927.0,1405.0,1.0,247.0,140.0,2022-11-01,0,1
2022,12,A3916,BILBAO - ERMUA - ONDARROA (Autopista),27449.0,19572.0,3367.0,881.0,515.0,1516.0,3.0,381.0,113.0,2022-12-01,0,1
2023,1,A3916,BILBAO - ERMUA - ONDARROA (Autopista),21668.0,15865.0,2497.0,685.0,408.0,1016.0,1.0,235.0,140.0,2023-01-01,0,1
2023,2,A3916,BILBAO - ERMUA - ONDARROA (Autopista),23000.0,16512.0,2760.0,1008.0,552.0,1040.0,3.0,219.0,125.0,2023-02-01,0,1
2023,3,A3916,BILBAO - ERMUA - ONDARROA (Autopista),26852.0,19363.0,3176.0,1149.0,667.0,1176.0,0.0,265.0,119.0,2023-03-01,0,1
2023,4,A3916,BILBAO - ERMUA - ONDARROA (Autopista),28868.0,20811.0,3629.0,899.0,443.0,1652.0,5.0,419.0,119.0,2023-04-01,0,1
2023,5,A3916,BILBAO - ERMUA - ONDARROA (Autopista),34318.0,24892.0,4122.0,1119.0,618.0,1870.0,1.0,357.0,141.0,2023-05-01,0,1
2023,6,A3916,BILBAO - ERMUA - ONDARROA (Autopista),33572.0,25003.0,4484.0,465.0,329.0,1684.0,7.0,421.0,157.0,2023-06-01,0,1
2023,7,A3916,BILBAO - ERMUA - ONDARROA (Autopista),33545.0,24336.0,4754.0,231.0,72.0,2497.0,1.0,585.0,132.0,2023-07-01,0,1
2023,8,A3916,BILBAO - ERMUA - ONDARROA (Autopista),29004.0,20664.0,4215.0,155.0,85.0,2255.0,9.0,628.0,114.0,2023-08-01,0,1
2023,9,A3916,BILBAO - ERMUA - ONDARROA (Autopista),36311.0,25799.0,4421.0,1485.0,860.0,1803.0,10.0,422.0,101.0,2023-09-01,0,1
2023,10,A3916,BILBAO - ERMUA - ONDARROA (Autopista),39170.0,27590.0,4508.0,1933.0,1184.0,1803.0,1.0,421.0,105.0,2023-10-01,0,1
2023,11,A3916,BILBAO - ERMUA - ONDARROA (Autopista),37313.0,26587.0,4109.0,1857.0,1197.0,1579.0,2.0,348.0,108.0,2023-11-01,0,1
2023,12,A3916,BILBAO - ERMUA - ONDARROA (Autopista),35269.0,26007.0,4188.0,927.0,660.0,1708.0,9.0,446.0,115.0,2023-12-01,0,1
2024,1,A3916,BILBAO - ERMUA - ONDARROA (Autopista),34.25,23.322,4.306,1.351,743.0,1.529,3.0,327.0,88.0,2024-01-01,0,1
2024,2,A3916,BILBAO - ERMUA - ONDARROA (Autopista),35400.0,24655.0,3961.0,1623.0,958.0,1410.0,0.0,393.0,77.0,2024-02-01,0,1
2024,3,A3916,BILBAO - ERMUA - ONDARROA (Autopista),36580.0,25264.0,4302.0,1457.0,1002.0,1533.0,2.0,397.0,91.0,2024-03-01,0,1
2024,4,A3916,BILBAO - ERMUA - ONDARROA (Autopista),37878.0,26007.0,4523.0,1398.0,900.0,1633.0,2.0,468.0,103.0,2024-04-01,0,1
2024,5,A3916,BILBAO - ERMUA - ONDARROA (Autopista),39840.0,27484.0,4628.0,1194.0,962.0,1851.0,8.0,362.0,131.0,2024-05-01,0,1
2024,6,A3916,BILBAO - ERMUA - ONDARROA (Autopista),37578.0,26709.0,4816.0,720.0,376.0,1735.0,4.0,414.0,104.0,2024-06-01,0,1
2024,7,A3916,BILBAO - ERMUA - ONDARROA (Autopista),39165.0,27535.0,5238.0,649.0,585.0,2192.0,10.0,663.0,104.0,2024-07-01,0,1
2024,8,A3916,BILBAO - ERMUA - ONDARROA (Autopista),33648.0,23355.0,5396.0,219.0,88.0,2257.0,4.0,608.0,103.0,2024-08-01,0,1
2024,9,A3916,BILBAO - ERMUA - ONDARROA (Autopista),38799.0,26184.0,4559.0,1455.0,970.0,1786.0,3.0,406.0,85.0,2024-09-01,0,1
2024,10,A3916,BILBAO - ERMUA - ONDARROA (Autopista),42622.0,28133.0,5013.0,1989.0,1662.0,1770.0,1.0,394.0,96.0,2024-10-01,0,1
2024,11,A3916,BILBAO - ERMUA - ONDARROA (Autopista),40566.0,26103.0,5006.0,1860.0,1539.0,1585.0,2.0,388.0,109.0,2024-11-01,0,1
2024,12,A3916,BILBAO - ERMUA - ONDARROA (Autopista),37560.0,25714.0,4519.0,1278.0,865.0,1538.0,4.0,426.0,111.0,2024-12-01,0,1
2025,1,A3916,BILBAO - ERMUA - ONDARROA (Autopista),33995.0,22826.0,4242.0,1026.0,944.0,1325.0,4.0,362.0,123.0,2025-01-01,0,1
2025,2,A3916,BILBAO - ERMUA - ONDARROA (Autopista),42521.0,28165.0,4884.0,1812.0,1545.0,1247.0,11.0,351.0,109.0,2025-02-01,0,1
2025,3,A3916,BILBAO - ERMUA - ONDARROA (Autopista),41794.0,28004.0,4802.0,1572.0,1443.0,1485.0,0.0,388.0,153.0,2025-03-01,0,1
2025,4,A3916,BILBAO - ERMUA - ONDARROA (Autopista),37919.0,26156.0,4642.0,1163.0,1035.0,1372.0,1.0,444.0,120.0,2025-04-01,0,1
2025,5,A3916,BILBAO - ERMUA - ONDARROA (Autopista),43541.0,30093.0,5339.0,1252.0,1023.0,1559.0,1.0,412.0,138.0,2025-05-01,0,1
2025,6,A3916,BILBAO - ERMUA - ONDARROA (Autopista),44038.0,31024.0,5781.0,842.0,568.0,1653.0,4.0,515.0,115.0,2025-06-01,0,1
2025,7,A3916,BILBAO - ERMUA - ONDARROA (Autopista),42823.0,30426.0,5657.0,521.0,383.0,2097.0,2.0,688.0,135.0,2025-07-01,0,1
2025,8,A3916,BILBAO - ERMUA - ONDARROA (Autopista),37226.0,26630.0,5611.0,240.0,111.0,1923.0,3.0,745.0,168.0,2025-08-01,0,1
2025,9,A3916,BILBAO - ERMUA - ONDARROA (Autopista),43863.0,29648.0,5446.0,1538.0,850.0,1640.0,5.0,408.0,120.0,2025-09-01,0,1
2025,10,A3916,BILBAO - ERMUA - ONDARROA (Autopista),45705.0,29972.0,5503.0,1955.0,1323.0,1402.0,2.0,404.0,145.0,2025-10-01,0,1
2025,11,A3916,BILBAO - ERMUA - ONDARROA (Autopista),42351.0,28564.0,4980.0,1698.0,1122.0,1087.0,1.0,418.0,139.0,2025-11-01,0,1
2025,12,A3916,BILBAO - ERMUA - ONDARROA (Autopista),40305.0,28192.0,5016.0,1311.0,779.0,1207.0,1.0,486.0,114.0,2025-12-01,0,1
2020,1,A3632,BILBAO - ETXEBARRI - BASAURI - San Miguel (BegoÃ±a),5172.0,2763.0,1272.0,128.0,79.0,339.0,0.0,101.0,280.0,2020-01-01,1,0
2020,2,A3632,BILBAO - ETXEBARRI - BASAURI - San Miguel (BegoÃ±a),5041.0,2645.0,1298.0,105.0,60.0,378.0,0.0,106.0,213.0,2020-02-01,1,0
2020,3,A3632,BILBAO - ETXEBARRI - BASAURI - San Miguel (BegoÃ±a),2630.0,1548.0,544.0,66.0,41.0,166.0,0.0,33.0,104.0,2020-03-01,1,0
2020,4,A3632,BILBAO - ETXEBARRI - BASAURI - San Miguel (BegoÃ±a),423.0,301.0,53.0,13.0,1.0,0.0,0.0,0.0,2.0,2020-04-01,1,0
2020,5,A3632,BILBAO - ETXEBARRI - BASAURI - San Miguel (BegoÃ±a),1544.0,1130.0,259.0,54.0,7.0,0.0,0.0,3.0,8.0,2020-05-01,1,0
2020,6,A3632,BILBAO - ETXEBARRI - BASAURI - San Miguel (BegoÃ±a),3276.0,2207.0,663.0,108.0,15.0,0.0,0.0,36.0,138.0,2020-06-01,1,0
2020,7,A3632,BILBAO - ETXEBARRI - BASAURI - San Miguel (BegoÃ±a),3644.0,2548.0,695.0,79.0,54.0,0.0,0.0,41.0,119.0,2020-07-01,1,0
2020,8,A3632,BILBAO - ETXEBARRI - BASAURI - San Miguel (BegoÃ±a),2580.0,1745.0,551.0,52.0,38.0,0.0,0.0,40.0,90.0,2020-08-01,1,0
2020,9,A3632,BILBAO - ETXEBARRI - BASAURI - San Miguel (BegoÃ±a),3588.0,2402.0,723.0,129.0,44.0,0.0,0.0,60.0,120.0,2020-09-01,1,0
2020,10,A3632,BILBAO - ETXEBARRI - BASAURI - San Miguel (BegoÃ±a),3792.0,2493.0,745.0,107.0,94.0,0.0,0.0,44.0,168.0,2020-10-01,1,0
2020,11,A3632,BILBAO - ETXEBARRI - BASAURI - San Miguel (BegoÃ±a),3403.0,2281.0,619.0,131.0,61.0,0.0,0.0,31.0,102.0,2020-11-01,1,0
2020,12,A3632,BILBAO - ETXEBARRI - BASAURI - San Miguel (BegoÃ±a),3612.0,2402.0,641.0,139.0,54.0,13.0,0.0,38.0,153.0,2020-12-01,1,0
2021,1,A3632,BILBAO - ETXEBARRI - BASAURI - San Miguel (BegoÃ±a),3568.0,2293.0,614.0,187.0,46.0,71.0,0.0,75.0,128.0,2021-01-01,1,0
2021,2,A3632,BILBAO - ETXEBARRI - BASAURI - San Miguel (BegoÃ±a),3208.0,2074.0,598.0,104.0,35.0,66.0,0.0,64.0,133.0,2021-02-01,1,0
2021,3,A3632,BILBAO - ETXEBARRI - BASAURI - San Miguel (BegoÃ±a),4118.0,2476.0,824.0,219.0,95.0,114.0,0.0,72.0,178.0,2021-03-01,1,0
2021,4,A3632,BILBAO - ETXEBARRI - BASAURI - San Miguel (BegoÃ±a),3975.0,2284.0,807.0,247.0,87.0,140.0,1.0,71.0,166.0,2021-04-01,1,0
2021,5,A3632,BILBAO - ETXEBARRI - BASAURI - San Miguel (BegoÃ±a),4371.0,2496.0,884.0,271.0,133.0,171.0,0.0,79.0,169.0,2021-05-01,1,0
2021,6,A3632,BILBAO - ETXEBARRI - BASAURI - San Miguel (BegoÃ±a),4793.0,2830.0,956.0,235.0,124.0,224.0,0.0,90.0,163.0,2021-06-01,1,0
2021,7,A3632,BILBAO - ETXEBARRI - BASAURI - San Miguel (BegoÃ±a),4135.0,2513.0,908.0,158.0,56.0,219.0,0.0,86.0,128.0,2021-07-01,1,0
2021,8,A3632,BILBAO - ETXEBARRI - BASAURI - San Miguel (BegoÃ±a),3094.0,1791.0,754.0,68.0,36.0,187.0,0.0,82.0,109.0,2021-08-01,1,0
2021,9,A3632,BILBAO - ETXEBARRI - BASAURI - San Miguel (BegoÃ±a),4036.0,2388.0,922.0,165.0,77.0,184.0,0.0,74.0,123.0,2021-09-01,1,0
2021,10,A3632,BILBAO - ETXEBARRI - BASAURI - San Miguel (BegoÃ±a),4538.0,2451.0,1115.0,215.0,136.0,231.0,0.0,69.0,197.0,2021-10-01,1,0
2021,11,A3632,BILBAO - ETXEBARRI - BASAURI - San Miguel (BegoÃ±a),4133.0,2235.0,941.0,254.0,133.0,215.0,0.0,72.0,187.0,2021-11-01,1,0
2021,12,A3632,BILBAO - ETXEBARRI - BASAURI - San Miguel (BegoÃ±a),4105.0,2289.0,947.0,221.0,108.0,228.0,0.0,67.0,146.0,2021-12-01,1,0
2022,1,A3632,BILBAO - ETXEBARRI - BASAURI - San Miguel (BegoÃ±a),3838.0,2158.0,890.0,209.0,100.0,192.0,1.0,47.0,131.0,2022-01-01,0,0
2022,2,A3632,BILBAO - ETXEBARRI - BASAURI - San Miguel (BegoÃ±a),4357.0,2480.0,906.0,241.0,129.0,197.0,0.0,61.0,190.0,2022-02-01,0,0
2022,3,A3632,BILBAO - ETXEBARRI - BASAURI - San Miguel (BegoÃ±a),4449.0,2510.0,1006.0,187.0,176.0,211.0,1.0,41.0,152.0,2022-03-01,0,0
2022,4,A3632,BILBAO - ETXEBARRI - BASAURI - San Miguel (BegoÃ±a),3893.0,2120.0,952.0,122.0,111.0,235.0,0.0,80.0,160.0,2022-04-01,0,0
2022,5,A3632,BILBAO - ETXEBARRI - BASAURI - San Miguel (BegoÃ±a),4516.0,2557.0,1061.0,157.0,109.0,235.0,0.0,106.0,162.0,2022-05-01,0,0
2022,6,A3632,BILBAO - ETXEBARRI - BASAURI - San Miguel (BegoÃ±a),4944.0,2891.0,1149.0,140.0,103.0,272.0,0.0,82.0,162.0,2022-06-01,0,0
2022,7,A3632,BILBAO - ETXEBARRI - BASAURI - San Miguel (BegoÃ±a),4571.0,2785.0,982.0,92.0,67.0,331.0,0.0,115.0,111.0,2022-07-01,0,0
2022,8,A3632,BILBAO - ETXEBARRI - BASAURI - San Miguel (BegoÃ±a),4346.0,2625.0,972.0,45.0,57.0,273.0,0.0,134.0,158.0,2022-08-01,0,0
2022,9,A3632,BILBAO - ETXEBARRI - BASAURI - San Miguel (BegoÃ±a),4301.0,2707.0,942.0,131.0,86.0,161.0,1.0,101.0,97.0,2022-09-01,0,1
2022,10,A3632,BILBAO - ETXEBARRI - BASAURI - San Miguel (BegoÃ±a),4869.0,2971.0,1118.0,147.0,139.0,164.0,1.0,100.0,137.0,2022-10-01,0,1
2022,11,A3632,BILBAO - ETXEBARRI - BASAURI - San Miguel (BegoÃ±a),4879.0,2916.0,1130.0,155.0,162.0,164.0,1.0,100.0,137.0,2022-11-01,0,1
2022,12,A3632,BILBAO - ETXEBARRI - BASAURI - San Miguel (BegoÃ±a),4818.0,2963.0,1056.0,152.0,124.0,140.0,0.0,104.0,188.0,2022-12-01,0,1
2023,1,A3632,BILBAO - ETXEBARRI - BASAURI - San Miguel (BegoÃ±a),4492.0,2749.0,1040.0,163.0,144.0,110.0,0.0,56.0,152.0,2023-01-01,0,1
2023,2,A3632,BILBAO - ETXEBARRI - BASAURI - San Miguel (BegoÃ±a),4503.0,2778.0,1014.0,171.0,91.0,111.0,0.0,74.0,135.0,2023-02-01,0,1
2023,3,A3632,BILBAO - ETXEBARRI - BASAURI - San Miguel (BegoÃ±a),5155.0,3143.0,1190.0,178.0,120.0,125.0,0.0,87.0,173.0,2023-03-01,0,1
2023,4,A3632,BILBAO - ETXEBARRI - BASAURI - San Miguel (BegoÃ±a),4677.0,2796.0,1136.0,146.0,95.0,134.0,0.0,102.0,173.0,2023-04-01,0,1
2023,5,A3632,BILBAO - ETXEBARRI - BASAURI - San Miguel (BegoÃ±a),5380.0,3349.0,1263.0,149.0,115.0,139.0,0.0,117.0,143.0,2023-05-01,0,1
2023,6,A3632,BILBAO - ETXEBARRI - BASAURI - San Miguel (BegoÃ±a),5845.0,3605.0,1360.0,158.0,126.0,148.0,0.0,164.0,157.0,2023-06-01,0,1
2023,7,A3632,BILBAO - ETXEBARRI - BASAURI - San Miguel (BegoÃ±a),5531.0,3546.0,1181.0,86.0,75.0,201.0,0.0,188.0,149.0,2023-07-01,0,1
2023,8,A3632,BILBAO - ETXEBARRI - BASAURI - San Miguel (BegoÃ±a),4892.0,2995.0,1153.0,64.0,84.0,173.0,0.0,221.0,126.0,2023-08-01,0,1
2023,9,A3632,BILBAO - ETXEBARRI - BASAURI - San Miguel (BegoÃ±a),6429.0,4182.0,1284.0,152.0,129.0,187.0,0.0,167.0,145.0,2023-09-01,0,1
2023,10,A3632,BILBAO - ETXEBARRI - BASAURI - San Miguel (BegoÃ±a),6837.0,4317.0,1385.0,258.0,175.0,159.0,0.0,155.0,154.0,2023-10-01,0,1
2023,11,A3632,BILBAO - ETXEBARRI - BASAURI - San Miguel (BegoÃ±a),7048.0,4332.0,1434.0,357.0,191.0,165.0,0.0,153.0,212.0,2023-11-01,0,1
2023,12,A3632,BILBAO - ETXEBARRI - BASAURI - San Miguel (BegoÃ±a),6078.0,3683.0,1403.0,206.0,139.0,207.0,0.0,121.0,187.0,2023-12-01,0,1
2024,1,A3632,BILBAO - ETXEBARRI - BASAURI - San Miguel (BegoÃ±a),6.303,3582.0,1382.0,148.0,190.0,209.0,0.0,106.0,211.0,2024-01-01,0,1
2024,2,A3632,BILBAO - ETXEBARRI - BASAURI - San Miguel (BegoÃ±a),6060.0,3462.0,1343.0,145.0,146.0,205.0,0.0,91.0,189.0,2024-02-01,0,1
2024,3,A3632,BILBAO - ETXEBARRI - BASAURI - San Miguel (BegoÃ±a),6527.0,3362.0,1420.0,215.0,164.0,208.0,0.0,166.0,200.0,2024-03-01,0,1
2024,4,A3632,BILBAO - ETXEBARRI - BASAURI - San Miguel (BegoÃ±a),7128.0,3784.0,1500.0,273.0,201.0,154.0,0.0,149.0,265.0,2024-04-01,0,1
2024,5,A3632,BILBAO - ETXEBARRI - BASAURI - San Miguel (BegoÃ±a),7826.0,4091.0,1674.0,251.0,214.0,159.0,0.0,144.0,307.0,2024-05-01,0,1
2024,6,A3632,BILBAO - ETXEBARRI - BASAURI - San Miguel (BegoÃ±a),7877.0,4262.0,1593.0,156.0,237.0,196.0,1.0,198.0,172.0,2024-06-01,0,1
2024,7,A3632,BILBAO - ETXEBARRI - BASAURI - San Miguel (BegoÃ±a),6874.0,3554.0,1466.0,137.0,233.0,143.0,0.0,172.0,105.0,2024-07-01,0,1
2024,8,A3632,BILBAO - ETXEBARRI - BASAURI - San Miguel (BegoÃ±a),6344.0,3310.0,1384.0,59.0,210.0,163.0,0.0,230.0,162.0,2024-08-01,0,1
2024,9,A3632,BILBAO - ETXEBARRI - BASAURI - San Miguel (BegoÃ±a),7575.0,3926.0,1563.0,241.0,260.0,166.0,0.0,183.0,155.0,2024-09-01,0,1
2024,10,A3632,BILBAO - ETXEBARRI - BASAURI - San Miguel (BegoÃ±a),7816.0,3951.0,1575.0,237.0,348.0,208.0,0.0,186.0,133.0,2024-10-01,0,1
2024,11,A3632,BILBAO - ETXEBARRI - BASAURI - San Miguel (BegoÃ±a),7325.0,3613.0,1539.0,240.0,310.0,136.0,0.0,164.0,160.0,2024-11-01,0,1
2024,12,A3632,BILBAO - ETXEBARRI - BASAURI - San Miguel (BegoÃ±a),6850.0,3452.0,1412.0,171.0,332.0,126.0,0.0,162.0,159.0,2024-12-01,0,1
2025,1,A3632,BILBAO - ETXEBARRI - BASAURI - San Miguel (BegoÃ±a),7422.0,3570.0,1624.0,245.0,343.0,144.0,0.0,170.0,172.0,2025-01-01,0,1
2025,2,A3632,BILBAO - ETXEBARRI - BASAURI - San Miguel (BegoÃ±a),7072.0,3426.0,1492.0,200.0,384.0,124.0,0.0,121.0,187.0,2025-02-01,0,1
2025,3,A3632,BILBAO - ETXEBARRI - BASAURI - San Miguel (BegoÃ±a),8185.0,4067.0,1757.0,200.0,419.0,127.0,0.0,151.0,229.0,2025-03-01,0,1
2025,4,A3632,BILBAO - ETXEBARRI - BASAURI - San Miguel (BegoÃ±a),7959.0,3973.0,1593.0,178.0,343.0,109.0,0.0,223.0,194.0,2025-04-01,0,1
2025,5,A3632,BILBAO - ETXEBARRI - BASAURI - San Miguel (BegoÃ±a),7926.0,3781.0,1695.0,205.0,394.0,107.0,0.0,219.0,249.0,2025-05-01,0,1
2025,6,A3632,BILBAO - ETXEBARRI - BASAURI - San Miguel (BegoÃ±a),7829.0,3854.0,1620.0,111.0,339.0,136.0,0.0,225.0,247.0,2025-06-01,0,1
2025,7,A3632,BILBAO - ETXEBARRI - BASAURI - San Miguel (BegoÃ±a),7329.0,3672.0,1491.0,73.0,287.0,125.0,0.0,236.0,167.0,2025-07-01,0,1
2025,8,A3632,BILBAO - ETXEBARRI - BASAURI - San Miguel (BegoÃ±a),6253.0,3181.0,1432.0,74.0,191.0,116.0,0.0,269.0,193.0,2025-08-01,0,1
2025,9,A3632,BILBAO - ETXEBARRI - BASAURI - San Miguel (BegoÃ±a),7839.0,4039.0,1509.0,192.0,352.0,101.0,0.0,187.0,202.0,2025-09-01,0,1
2025,10,A3632,BILBAO - ETXEBARRI - BASAURI - San Miguel (BegoÃ±a),8777.0,4281.0,1715.0,242.0,506.0,122.0,0.0,219.0,231.0,2025-10-01,0,1
2025,11,A3632,BILBAO - ETXEBARRI - BASAURI - San Miguel (BegoÃ±a),8029.0,3825.0,1482.0,245.0,448.0,100.0,0.0,215.0,240.0,2025-11-01,0,1
2025,12,A3632,BILBAO - ETXEBARRI - BASAURI - San Miguel (BegoÃ±a),9960.0,5582.0,1638.0,280.0,440.0,119.0,0.0,140.0,255.0,2025-12-01,0,1
2020,1,A2314,BILBAO - Erandiogoikoa - UPV/EHU,20042.0,14143.0,393.0,2207.0,669.0,809.0,9.0,109.0,127.0,2020-01-01,1,0
2020,2,A2314,BILBAO - Erandiogoikoa - UPV/EHU,35519.0,22336.0,486.0,6325.0,1555.0,1193.0,6.0,86.0,191.0,2020-02-01,1,0
2020,3,A2314,BILBAO - Erandiogoikoa - UPV/EHU,16353.0,10514.0,181.0,2772.0,648.0,531.0,5.0,29.0,78.0,2020-03-01,1,0
2020,4,A2314,BILBAO - Erandiogoikoa - UPV/EHU,437.0,416.0,10.0,,1.0,0.0,0.0,0.0,7.0,2020-04-01,1,0
2020,5,A2314,BILBAO - Erandiogoikoa - UPV/EHU,1706.0,1553.0,88.0,29.0,2.0,0.0,0.0,0.0,17.0,2020-05-01,1,0
2020,6,A2314,BILBAO - Erandiogoikoa - UPV/EHU,3366.0,2860.0,202.0,121.0,33.0,0.0,0.0,28.0,39.0,2020-06-01,1,0
2020,7,A2314,BILBAO - Erandiogoikoa - UPV/EHU,5213.0,4408.0,309.0,153.0,40.0,0.0,0.0,63.0,69.0,2020-07-01,1,0
2020,8,A2314,BILBAO - Erandiogoikoa - UPV/EHU,1377.0,1173.0,70.0,79.0,5.0,0.0,0.0,4.0,5.0,2020-08-01,1,0
2020,9,A2314,BILBAO - Erandiogoikoa - UPV/EHU,21509.0,16680.0,202.0,1905.0,518.0,0.0,0.0,33.0,48.0,2020-09-01,1,0
2020,10,A2314,BILBAO - Erandiogoikoa - UPV/EHU,30232.0,22618.0,236.0,3417.0,873.0,0.0,0.0,23.0,73.0,2020-10-01,1,0
2020,11,A2314,BILBAO - Erandiogoikoa - UPV/EHU,29894.0,22450.0,230.0,3225.0,795.0,0.0,0.0,25.0,58.0,2020-11-01,1,0
2020,12,A2314,BILBAO - Erandiogoikoa - UPV/EHU,17809.0,13803.0,210.0,1557.0,413.0,8.0,0.0,22.0,58.0,2020-12-01,1,0
2021,1,A2314,BILBAO - Erandiogoikoa - UPV/EHU,16376.0,13001.0,196.0,1209.0,368.0,154.0,1.0,32.0,67.0,2021-01-01,1,0
2021,2,A2314,BILBAO - Erandiogoikoa - UPV/EHU,27285.0,20544.0,234.0,2859.0,607.0,273.0,0.0,50.0,83.0,2021-02-01,1,0
2021,3,A2314,BILBAO - Erandiogoikoa - UPV/EHU,27217.0,20312.0,287.0,2794.0,652.0,291.0,2.0,56.0,130.0,2021-03-01,1,0
2021,4,A2314,BILBAO - Erandiogoikoa - UPV/EHU,19528.0,14824.0,159.0,1940.0,485.0,245.0,1.0,39.0,80.0,2021-04-01,1,0
2021,5,A2314,BILBAO - Erandiogoikoa - UPV/EHU,20302.0,15901.0,256.0,1417.0,396.0,326.0,1.0,42.0,107.0,2021-05-01,1,0
2021,6,A2314,BILBAO - Erandiogoikoa - UPV/EHU,11032.0,8899.0,311.0,479.0,146.0,231.0,0.0,21.0,107.0,2021-06-01,1,0
2021,7,A2314,BILBAO - Erandiogoikoa - UPV/EHU,6682.0,5266.0,301.0,339.0,102.0,268.0,0.0,24.0,79.0,2021-07-01,1,0
2021,8,A2314,BILBAO - Erandiogoikoa - UPV/EHU,1352.0,1057.0,111.0,40.0,33.0,26.0,0.0,9.0,16.0,2021-08-01,1,0
2021,9,A2314,BILBAO - Erandiogoikoa - UPV/EHU,26219.0,20272.0,278.0,1871.0,616.0,573.0,0.0,21.0,82.0,2021-09-01,1,0
2021,10,A2314,BILBAO - Erandiogoikoa - UPV/EHU,36563.0,26748.0,356.0,3795.0,942.0,689.0,2.0,17.0,103.0,2021-10-01,1,0
2021,11,A2314,BILBAO - Erandiogoikoa - UPV/EHU,39404.0,28121.0,326.0,4749.0,1172.0,743.0,3.0,39.0,131.0,2021-11-01,1,0
2021,12,A2314,BILBAO - Erandiogoikoa - UPV/EHU,21247.0,15725.0,217.0,2029.0,517.0,465.0,0.0,23.0,80.0,2021-12-01,1,0
2022,1,A2314,BILBAO - Erandiogoikoa - UPV/EHU,17906.0,13660.0,235.0,1409.0,483.0,370.0,0.0,41.0,71.0,2022-01-01,0,0
2022,2,A2314,BILBAO - Erandiogoikoa - UPV/EHU,34501.0,24705.0,359.0,4104.0,969.0,674.0,2.0,49.0,94.0,2022-02-01,0,0
2022,3,A2314,BILBAO - Erandiogoikoa - UPV/EHU,37853.0,27347.0,359.0,4482.0,1015.0,714.0,3.0,56.0,92.0,2022-03-01,0,0
2022,4,A2314,BILBAO - Erandiogoikoa - UPV/EHU,21545.0,16171.0,225.0,2012.0,512.0,447.0,1.0,44.0,75.0,2022-04-01,0,0
2022,5,A2314,BILBAO - Erandiogoikoa - UPV/EHU,25147.0,18755.0,318.0,2304.0,607.0,536.0,1.0,55.0,100.0,2022-05-01,0,0
2022,6,A2314,BILBAO - Erandiogoikoa - UPV/EHU,13467.0,10649.0,376.0,500.0,228.0,464.0,3.0,53.0,90.0,2022-06-01,0,0
2022,7,A2314,BILBAO - Erandiogoikoa - UPV/EHU,6524.0,5649.0,231.0,15.0,,290.0,1.0,47.0,52.0,2022-07-01,0,0
2022,8,A2314,BILBAO - Erandiogoikoa - UPV/EHU,1047.0,866.0,52.0,18.0,15.0,22.0,0.0,11.0,23.0,2022-08-01,0,0
2022,9,A2314,BILBAO - Erandiogoikoa - UPV/EHU,32483.0,24240.0,344.0,3183.0,1231.0,515.0,3.0,43.0,95.0,2022-09-01,0,1
2022,10,A2314,BILBAO - Erandiogoikoa - UPV/EHU,39245.0,29123.0,360.0,4175.0,1612.0,333.0,2.0,43.0,116.0,2022-10-01,0,1
2022,11,A2314,BILBAO - Erandiogoikoa - UPV/EHU,38933.0,29148.0,392.0,3974.0,1500.0,421.0,4.0,19.0,104.0,2022-11-01,0,1
2022,12,A2314,BILBAO - Erandiogoikoa - UPV/EHU,19399.0,14886.0,269.0,1577.0,737.0,227.0,1.0,5.0,105.0,2022-12-01,0,1
2023,1,A2314,BILBAO - Erandiogoikoa - UPV/EHU,19.859,15721.0,268.0,1313.0,728.0,287.0,0.0,11.0,62.0,2023-01-01,0,1
2023,2,A2314,BILBAO - Erandiogoikoa - UPV/EHU,34428.0,25964.0,368.0,3400.0,1333.0,347.0,0.0,12.0,119.0,2023-02-01,0,1
2023,3,A2314,BILBAO - Erandiogoikoa - UPV/EHU,38963.0,29801.0,403.0,3711.0,1507.0,370.0,0.0,9.0,115.0,2023-03-01,0,1
2023,4,A2314,BILBAO - Erandiogoikoa - UPV/EHU,21013.0,16419.0,261.0,1700.0,812.0,230.0,0.0,9.0,124.0,2023-04-01,0,1
2023,5,A2314,BILBAO - Erandiogoikoa - UPV/EHU,25570.0,20234.0,390.0,2031.0,770.0,272.0,0.0,9.0,112.0,2023-05-01,0,1
2023,6,A2314,BILBAO - Erandiogoikoa - UPV/EHU,14006.0,11668.0,325.0,504.0,295.0,209.0,0.0,18.0,181.0,2023-06-01,0,1
2023,7,A2314,BILBAO - Erandiogoikoa - UPV/EHU,8104.0,6903.0,270.0,274.0,101.0,197.0,0.0,21.0,119.0,2023-07-01,0,1
2023,8,A2314,BILBAO - Erandiogoikoa - UPV/EHU,1282.0,1088.0,54.0,58.0,11.0,24.0,0.0,4.0,14.0,2023-08-01,0,1
2023,9,A2314,BILBAO - Erandiogoikoa - UPV/EHU,33849.0,26893.0,253.0,2538.0,945.0,510.0,0.0,22.0,166.0,2023-09-01,0,1
2023,10,A2314,BILBAO - Erandiogoikoa - UPV/EHU,40951.0,32205.0,407.0,3517.0,1277.0,298.0,1.0,18.0,143.0,2023-10-01,0,1
2023,11,A2314,BILBAO - Erandiogoikoa - UPV/EHU,41963.0,32629.0,487.0,3707.0,1357.0,347.0,0.0,31.0,269.0,2023-11-01,0,1
2023,12,A2314,BILBAO - Erandiogoikoa - UPV/EHU,22775.0,18048.0,390.0,1708.0,646.0,223.0,0.0,24.0,161.0,2023-12-01,0,1
2024,1,A2314,BILBAO - Erandiogoikoa - UPV/EHU,23514.0,18631.0,395.0,1449.0,622.0,305.0,0.0,22.0,129.0,2024-01-01,0,1
2024,2,A2314,BILBAO - Erandiogoikoa - UPV/EHU,39900.0,30905.0,524.0,2957.0,919.0,312.0,0.0,37.0,218.0,2024-02-01,0,1
2024,3,A2314,BILBAO - Erandiogoikoa - UPV/EHU,30027.0,22240.0,504.0,2512.0,751.0,249.0,1.0,36.0,149.0,2024-03-01,0,1
2024,4,A2314,BILBAO - Erandiogoikoa - UPV/EHU,29805.0,21826.0,729.0,2482.0,848.0,260.0,0.0,46.0,163.0,2024-04-01,0,1
2024,5,A2314,BILBAO - Erandiogoikoa - UPV/EHU,24680.0,18418.0,782.0,1640.0,648.0,257.0,0.0,81.0,186.0,2024-05-01,0,1
2024,6,A2314,BILBAO - Erandiogoikoa - UPV/EHU,13962.0,10842.0,640.0,587.0,234.0,212.0,1.0,21.0,105.0,2024-06-01,0,1
2024,7,A2314,BILBAO - Erandiogoikoa - UPV/EHU,9895.0,7545.0,320.0,477.0,178.0,221.0,0.0,39.0,49.0,2024-07-01,0,1
2024,8,A2314,BILBAO - Erandiogoikoa - UPV/EHU,1376.0,1088.0,30.0,25.0,7.0,10.0,0.0,9.0,12.0,2024-08-01,0,1
2024,9,A2314,BILBAO - Erandiogoikoa - UPV/EHU,31697.0,22733.0,273.0,2167.0,966.0,410.0,0.0,27.0,183.0,2024-09-01,0,1
2024,10,A2314,BILBAO - Erandiogoikoa - UPV/EHU,42724.0,27797.0,463.0,3313.0,1563.0,299.0,1.0,21.0,228.0,2024-10-01,0,1
2024,11,A2314,BILBAO - Erandiogoikoa - UPV/EHU,33587.0,20121.0,406.0,2618.0,1300.0,251.0,0.0,18.0,213.0,2024-11-01,0,1
2024,12,A2314,BILBAO - Erandiogoikoa - UPV/EHU,20277.0,12909.0,314.0,1348.0,660.0,134.0,1.0,22.0,122.0,2024-12-01,0,1
2025,1,A2314,BILBAO - Erandiogoikoa - UPV/EHU,18589.0,12671.0,399.0,925.0,543.0,273.0,0.0,21.0,137.0,2025-01-01,0,1
2025,2,A2314,BILBAO - Erandiogoikoa - UPV/EHU,32302.0,19275.0,438.0,2396.0,1088.0,191.0,0.0,30.0,156.0,2025-02-01,0,1
2025,3,A2314,BILBAO - Erandiogoikoa - UPV/EHU,31682.0,18712.0,405.0,2338.0,1133.0,232.0,0.0,33.0,176.0,2025-03-01,0,1
2025,4,A2314,BILBAO - Erandiogoikoa - UPV/EHU,22106.0,14156.0,310.0,1399.0,695.0,154.0,0.0,27.0,127.0,2025-04-01,0,1
2025,5,A2314,BILBAO - Erandiogoikoa - UPV/EHU,21951.0,14460.0,363.0,1302.0,663.0,191.0,0.0,31.0,129.0,2025-05-01,0,1
2025,6,A2314,BILBAO - Erandiogoikoa - UPV/EHU,12723.0,9322.0,386.0,502.0,279.0,195.0,1.0,26.0,71.0,2025-06-01,0,1
2025,7,A2314,BILBAO - Erandiogoikoa - UPV/EHU,8609.0,6179.0,370.0,281.0,173.0,177.0,0.0,81.0,44.0,2025-07-01,0,1
2025,8,A2314,BILBAO - Erandiogoikoa - UPV/EHU,1627.0,1120.0,77.0,57.0,29.0,23.0,0.0,7.0,17.0,2025-08-01,0,1
2025,9,A2314,BILBAO - Erandiogoikoa - UPV/EHU,32603.0,18819.0,350.0,2298.0,1048.0,371.0,1.0,23.0,170.0,2025-09-01,0,1
2025,10,A2314,BILBAO - Erandiogoikoa - UPV/EHU,40190.0,19436.0,446.0,3426.0,1604.0,255.0,1.0,22.0,175.0,2025-10-01,0,1
2025,11,A2314,BILBAO - Erandiogoikoa - UPV/EHU,35103.0,16356.0,425.0,3124.0,1512.0,223.0,0.0,10.0,158.0,2025-11-01,0,1
2025,12,A2314,BILBAO - Erandiogoikoa - UPV/EHU,21613.0,11895.0,323.0,1617.0,901.0,170.0,0.0,15.0,119.0,2025-12-01,0,1
2020,1,A3930,BILBAO - GALDAKAO (Autopista),21659.0,14724.0,2166.0,1993.0,808.0,827.0,0.0,155.0,259.0,2020-01-01,1,0
2020,2,A3930,BILBAO - GALDAKAO (Autopista),25019.0,15075.0,2487.0,3866.0,1473.0,772.0,0.0,178.0,325.0,2020-02-01,1,0
2020,3,A3930,BILBAO - GALDAKAO (Autopista),11397.0,7272.0,923.0,1632.0,751.0,291.0,0.0,51.0,102.0,2020-03-01,1,0
2020,4,A3930,BILBAO - GALDAKAO (Autopista),1185.0,1136.0,22.0,0.0,19.0,0.0,0.0,0.0,3.0,2020-04-01,1,0
2020,5,A3930,BILBAO - GALDAKAO (Autopista),4435.0,4036.0,320.0,7.0,9.0,0.0,0.0,1.0,9.0,2020-05-01,1,0
2020,6,A3930,BILBAO - GALDAKAO (Autopista),10725.0,8979.0,965.0,209.0,206.0,0.0,0.0,23.0,58.0,2020-06-01,1,0
2020,7,A3930,BILBAO - GALDAKAO (Autopista),12039.0,10187.0,1062.0,278.0,215.0,0.0,0.0,37.0,47.0,2020-07-01,1,0
2020,8,A3930,BILBAO - GALDAKAO (Autopista),0.0,0.0,0.0,0.0,0.0,0.0,0.0,0.0,0.0,2020-08-01,1,0
2020,9,A3930,BILBAO - GALDAKAO (Autopista),15450.0,11305.0,1071.0,1782.0,649.0,0.0,0.0,25.0,42.0,2020-09-01,1,0
2020,10,A3930,BILBAO - GALDAKAO (Autopista),17838.0,12141.0,1032.0,2853.0,987.0,0.0,0.0,14.0,45.0,2020-10-01,1,0
2020,11,A3930,BILBAO - GALDAKAO (Autopista),16088.0,11105.0,900.0,2527.0,813.0,0.0,0.0,12.0,18.0,2020-11-01,1,0
2020,12,A3930,BILBAO - GALDAKAO (Autopista),14567.0,10772.0,1138.0,1429.0,573.0,40.0,0.0,11.0,59.0,2020-12-01,1,0
2021,1,A3930,BILBAO - GALDAKAO (Autopista),13925.0,10746.0,843.0,1194.0,428.0,91.0,1.0,48.0,130.0,2021-01-01,1,0
2021,2,A3930,BILBAO - GALDAKAO (Autopista),15502.0,10710.0,758.0,2450.0,586.0,128.0,0.0,48.0,175.0,2021-02-01,1,0
2021,3,A3930,BILBAO - GALDAKAO (Autopista),18116.0,12620.0,1257.0,2434.0,638.0,204.0,0.0,95.0,212.0,2021-03-01,1,0
2021,4,A3930,BILBAO - GALDAKAO (Autopista),14962.0,10741.0,839.0,1826.0,553.0,188.0,1.0,109.0,147.0,2021-04-01,1,0
2021,5,A3930,BILBAO - GALDAKAO (Autopista),16679.0,12134.0,1164.0,1639.0,652.0,242.0,0.0,106.0,193.0,2021-05-01,1,0
2021,6,A3930,BILBAO - GALDAKAO (Autopista),18170.0,13683.0,1554.0,1289.0,482.0,307.0,1.0,142.0,188.0,2021-06-01,1,0
2021,7,A3930,BILBAO - GALDAKAO (Autopista),13615.0,10704.0,1184.0,530.0,283.0,340.0,3.0,123.0,128.0,2021-07-01,1,0
2021,8,A3930,BILBAO - GALDAKAO (Autopista),2.0,1.0,0.0,1.0,0.0,0.0,0.0,0.0,0.0,2021-08-01,1,0
2021,9,A3930,BILBAO - GALDAKAO (Autopista),17688.0,12076.0,1476.0,2230.0,705.0,332.0,1.0,108.0,191.0,2021-09-01,1,0
2021,10,A3930,BILBAO - GALDAKAO (Autopista),21109.0,13179.0,1864.0,3339.0,1259.0,463.0,0.0,119.0,171.0,2021-10-01,1,0
2021,11,A3930,BILBAO - GALDAKAO (Autopista),22543.0,14006.0,1998.0,3337.0,1571.0,488.0,1.0,115.0,190.0,2021-11-01,1,0
2021,12,A3930,BILBAO - GALDAKAO (Autopista),17843.0,12161.0,1673.0,1787.0,941.0,447.0,3.0,107.0,155.0,2021-12-01,1,0
2022,1,A3930,BILBAO - GALDAKAO (Autopista),16728.0,11869.0,1600.0,1330.0,752.0,402.0,0.0,90.0,165.0,2022-01-01,0,0
2022,2,A3930,BILBAO - GALDAKAO (Autopista),20419.0,12894.0,1828.0,2895.0,1282.0,422.0,1.0,133.0,227.0,2022-02-01,0,0
2022,3,A3930,BILBAO - GALDAKAO (Autopista),25761.0,16316.0,2354.0,3976.0,1382.0,490.0,0.0,136.0,284.0,2022-03-01,0,0
2022,4,A3930,BILBAO - GALDAKAO (Autopista),16622.0,11161.0,1692.0,1944.0,647.0,366.0,0.0,111.0,216.0,2022-04-01,0,0
2022,5,A3930,BILBAO - GALDAKAO (Autopista),20568.0,14218.0,2001.0,2249.0,728.0,392.0,2.0,115.0,219.0,2022-05-01,0,0
2022,6,A3930,BILBAO - GALDAKAO (Autopista),19236.0,14148.0,2160.0,988.0,435.0,421.0,0.0,118.0,253.0,2022-06-01,0,0
2022,7,A3930,BILBAO - GALDAKAO (Autopista),14512.0,10901.0,1568.0,481.0,387.0,465.0,1.0,125.0,176.0,2022-07-01,0,0
2022,8,A3930,BILBAO - GALDAKAO (Autopista),1.0,1.0,0.0,0.0,0.0,0.0,0.0,0.0,0.0,2022-08-01,0,0
2022,9,A3930,BILBAO - GALDAKAO (Autopista),21420.0,14338.0,2212.0,2264.0,1221.0,426.0,0.0,106.0,162.0,2022-09-01,0,1
2022,10,A3930,BILBAO - GALDAKAO (Autopista),24714.0,15730.0,2565.0,3174.0,1766.0,367.0,3.0,112.0,193.0,2022-10-01,0,1
2022,11,A3930,BILBAO - GALDAKAO (Autopista),27239.0,17447.0,3002.0,3274.0,1945.0,367.0,3.0,112.0,193.0,2022-11-01,0,1
2022,12,A3930,BILBAO - GALDAKAO (Autopista),23704.0,16678.0,2590.0,1883.0,1189.0,349.0,1.0,159.0,219.0,2022-12-01,0,1
2023,1,A3930,BILBAO - GALDAKAO (Autopista),24621.0,17466.0,2837.0,1731.0,1162.0,341.0,0.0,169.0,208.0,2023-01-01,0,1
2023,2,A3930,BILBAO - GALDAKAO (Autopista),27180.0,17646.0,3170.0,2946.0,1811.0,339.0,2.0,135.0,231.0,2023-02-01,0,1
2023,3,A3930,BILBAO - GALDAKAO (Autopista),31985.0,21113.0,3459.0,3538.0,2109.0,423.0,0.0,176.0,267.0,2023-03-01,0,1
2023,4,A3930,BILBAO - GALDAKAO (Autopista),23308.0,16001.0,2653.0,2018.0,1322.0,319.0,0.0,172.0,184.0,2023-04-01,0,1
2023,5,A3930,BILBAO - GALDAKAO (Autopista),28319.0,19485.0,3261.0,2513.0,1559.0,384.0,0.0,130.0,291.0,2023-05-01,0,1
2023,6,A3930,BILBAO - GALDAKAO (Autopista),25676.0,19184.0,3169.0,1184.0,843.0,376.0,0.0,163.0,241.0,2023-06-01,0,1
2023,7,A3930,BILBAO - GALDAKAO (Autopista),20536.0,15989.0,2218.0,535.0,497.0,386.0,0.0,174.0,139.0,2023-07-01,0,1
2023,8,A3930,BILBAO - GALDAKAO (Autopista),1.0,0.0,0.0,0.0,1.0,0.0,0.0,0.0,0.0,2023-08-01,0,1
2023,9,A3930,BILBAO - GALDAKAO (Autopista),26376.0,18189.0,2748.0,2246.0,1598.0,338.0,0.0,148.0,189.0,2023-09-01,0,1
2023,10,A3930,BILBAO - GALDAKAO (Autopista),29205.0,19360.0,3091.0,3084.0,2035.0,367.0,0.0,120.0,163.0,2023-10-01,0,1
2023,11,A3930,BILBAO - GALDAKAO (Autopista),30915.0,20252.0,3595.0,3312.0,2158.0,335.0,0.0,123.0,195.0,2023-11-01,0,1
2023,12,A3930,BILBAO - GALDAKAO (Autopista),25870.0,17918.0,3247.0,1911.0,1361.0,359.0,0.0,211.0,219.0,2023-12-01,0,1
2024,1,A3930,BILBAO - GALDAKAO (Autopista),29.431,18410.0,3558.0,2184.0,1428.0,392.0,1.0,171.0,187.0,2024-01-01,0,1
2024,2,A3930,BILBAO - GALDAKAO (Autopista),32180.0,19652.0,3677.0,2926.0,1972.0,358.0,2.0,96.0,173.0,2024-02-01,0,1
2024,3,A3930,BILBAO - GALDAKAO (Autopista),29280.0,17024.0,3562.0,2599.0,1941.0,311.0,0.0,124.0,193.0,2024-03-01,0,1
2024,4,A3930,BILBAO - GALDAKAO (Autopista),31903.0,18365.0,4199.0,2342.0,1971.0,367.0,4.0,269.0,263.0,2024-04-01,0,1
2024,5,A3930,BILBAO - GALDAKAO (Autopista),31530.0,17968.0,4247.0,2046.0,1936.0,373.0,0.0,162.0,227.0,2024-05-01,0,1
2024,6,A3930,BILBAO - GALDAKAO (Autopista),28347.0,17427.0,3808.0,1129.0,1131.0,304.0,0.0,180.0,194.0,2024-06-01,0,1
2024,7,A3930,BILBAO - GALDAKAO (Autopista),23242.0,14857.0,3045.0,787.0,648.0,359.0,0.0,208.0,165.0,2024-07-01,0,1
2024,8,A3930,BILBAO - GALDAKAO (Autopista),3.0,1.0,1.0,0.0,0.0,0.0,0.0,0.0,0.0,2024-08-01,0,1
2024,9,A3930,BILBAO - GALDAKAO (Autopista),28110.0,16367.0,3282.0,2061.0,1839.0,342.0,0.0,193.0,228.0,2024-09-01,0,1
2024,10,A3930,BILBAO - GALDAKAO (Autopista),35419.0,19216.0,4212.0,3028.0,2985.0,391.0,0.0,183.0,255.0,2024-10-01,0,1
2024,11,A3930,BILBAO - GALDAKAO (Autopista),32528.0,17426.0,4347.0,2506.0,2673.0,292.0,0.0,179.0,262.0,2024-11-01,0,1
2024,12,A3930,BILBAO - GALDAKAO (Autopista),30132.0,17435.0,4388.0,1602.0,1700.0,391.0,0.0,258.0,228.0,2024-12-01,0,1
2025,1,A3930,BILBAO - GALDAKAO (Autopista),31865.0,18799.0,4395.0,1620.0,1667.0,353.0,0.0,200.0,231.0,2025-01-01,0,1
2025,2,A3930,BILBAO - GALDAKAO (Autopista),33479.0,18487.0,4348.0,2470.0,2303.0,341.0,0.0,135.0,240.0,2025-02-01,0,1
2025,3,A3930,BILBAO - GALDAKAO (Autopista),36103.0,19714.0,4828.0,2566.0,2454.0,343.0,0.0,233.0,244.0,2025-03-01,0,1
2025,4,A3930,BILBAO - GALDAKAO (Autopista),28751.0,16082.0,3912.0,1709.0,1770.0,305.0,0.0,210.0,223.0,2025-04-01,0,1
2025,5,A3930,BILBAO - GALDAKAO (Autopista),33102.0,18317.0,4571.0,1829.0,2073.0,279.0,0.0,192.0,278.0,2025-05-01,0,1
2025,6,A3930,BILBAO - GALDAKAO (Autopista),29240.0,17478.0,4036.0,919.0,1053.0,295.0,0.0,160.0,212.0,2025-06-01,0,1
2025,7,A3930,BILBAO - GALDAKAO (Autopista),25134.0,15746.0,3461.0,489.0,739.0,347.0,0.0,244.0,197.0,2025-07-01,0,1
2025,8,A3930,BILBAO - GALDAKAO (Autopista),0.0,0.0,0.0,0.0,0.0,0.0,0.0,0.0,0.0,2025-08-01,0,1
2025,9,A3930,BILBAO - GALDAKAO (Autopista),31860.0,17703.0,4100.0,2056.0,1929.0,336.0,1.0,158.0,282.0,2025-09-01,0,1
2025,10,A3930,BILBAO - GALDAKAO (Autopista),36725.0,18848.0,4923.0,2746.0,2753.0,261.0,1.0,163.0,255.0,2025-10-01,0,1
2025,11,A3930,BILBAO - GALDAKAO (Autopista),33347.0,16821.0,4549.0,2379.0,2588.0,255.0,0.0,120.0,267.0,2025-11-01,0,1
2025,12,A3930,BILBAO - GALDAKAO (Autopista),33856.0,20596.0,4455.0,1423.0,1692.0,280.0,0.0,255.0,263.0,2025-12-01,0,1
2020,1,A3631,BILBAO - GALDAKAO - LARRABETZU,35924.0,22186.0,6899.0,1148.0,804.0,2507.0,0.0,417.0,760.0,2020-01-01,1,0
2020,2,A3631,BILBAO - GALDAKAO - LARRABETZU,35187.0,20980.0,7043.0,1398.0,987.0,2383.0,2.0,469.0,739.0,2020-02-01,1,0
2020,3,A3631,BILBAO - GALDAKAO - LARRABETZU,17086.0,11085.0,2753.0,648.0,489.0,1008.0,0.0,181.0,371.0,2020-03-01,1,0
2020,4,A3631,BILBAO - GALDAKAO - LARRABETZU,3307.0,3016.0,212.0,2.0,27.0,0.0,0.0,5.0,10.0,2020-04-01,1,0
2020,5,A3631,BILBAO - GALDAKAO - LARRABETZU,9610.0,7746.0,1497.0,62.0,49.0,0.0,0.0,16.0,26.0,2020-05-01,1,0
2020,6,A3631,BILBAO - GALDAKAO - LARRABETZU,21584.0,16020.0,4246.0,190.0,261.0,0.0,0.0,123.0,212.0,2020-06-01,1,0
2020,7,A3631,BILBAO - GALDAKAO - LARRABETZU,18633.0,13688.0,3632.0,164.0,275.0,0.0,0.0,205.0,233.0,2020-07-01,1,0
2020,8,A3631,BILBAO - GALDAKAO - LARRABETZU,13037.0,9544.0,2505.0,151.0,199.0,0.0,0.0,163.0,198.0,2020-08-01,1,0
2020,9,A3631,BILBAO - GALDAKAO - LARRABETZU,24516.0,17850.0,4184.0,721.0,502.0,0.0,0.0,184.0,332.0,2020-09-01,1,0
2020,10,A3631,BILBAO - GALDAKAO - LARRABETZU,26409.0,18515.0,4227.0,1270.0,914.0,0.0,0.0,163.0,392.0,2020-10-01,1,0
2020,11,A3631,BILBAO - GALDAKAO - LARRABETZU,23531.0,16634.0,3516.0,1148.0,791.0,0.0,0.0,152.0,407.0,2020-11-01,1,0
2020,12,A3631,BILBAO - GALDAKAO - LARRABETZU,24860.0,17570.0,4126.0,855.0,745.0,138.0,0.0,186.0,461.0,2020-12-01,1,0
2021,1,A3631,BILBAO - GALDAKAO - LARRABETZU,22859.0,15927.0,3589.0,926.0,671.0,386.0,0.0,119.0,527.0,2021-01-01,1,0
2021,2,A3631,BILBAO - GALDAKAO - LARRABETZU,22119.0,15248.0,3131.0,1086.0,685.0,576.0,11.0,169.0,515.0,2021-02-01,1,0
2021,3,A3631,BILBAO - GALDAKAO - LARRABETZU,27487.0,18387.0,4657.0,1229.0,836.0,767.0,0.0,287.0,553.0,2021-03-01,1,0
2021,4,A3631,BILBAO - GALDAKAO - LARRABETZU,23233.0,15516.0,3773.0,996.0,762.0,793.0,12.0,350.0,408.0,2021-04-01,1,0
2021,5,A3631,BILBAO - GALDAKAO - LARRABETZU,27115.0,18050.0,4562.0,1112.0,866.0,1001.0,0.0,326.0,556.0,2021-05-01,1,0
2021,6,A3631,BILBAO - GALDAKAO - LARRABETZU,31210.0,21326.0,5497.0,796.0,690.0,1217.0,0.0,375.0,573.0,2021-06-01,1,0
2021,7,A3631,BILBAO - GALDAKAO - LARRABETZU,21423.0,14257.0,4106.0,293.0,396.0,1102.0,13.0,431.0,339.0,2021-07-01,1,0
2021,8,A3631,BILBAO - GALDAKAO - LARRABETZU,15605.0,10141.0,2853.0,214.0,332.0,1093.0,2.0,345.0,267.0,2021-08-01,1,0
2021,9,A3631,BILBAO - GALDAKAO - LARRABETZU,27209.0,17782.0,4556.0,1163.0,620.0,1322.0,1.0,365.0,536.0,2021-09-01,1,0
2021,10,A3631,BILBAO - GALDAKAO - LARRABETZU,30332.0,19122.0,5456.0,1595.0,960.0,1410.0,5.0,416.0,552.0,2021-10-01,1,0
2021,11,A3631,BILBAO - GALDAKAO - LARRABETZU,30149.0,19074.0,5180.0,1727.0,1026.0,1347.0,1.0,384.0,503.0,2021-11-01,1,0
2021,12,A3631,BILBAO - GALDAKAO - LARRABETZU,28569.0,18539.0,4918.0,1144.0,762.0,1381.0,8.0,406.0,488.0,2021-12-01,1,0
2022,1,A3631,BILBAO - GALDAKAO - LARRABETZU,25677.0,16380.0,4501.0,1350.0,708.0,1194.0,2.0,376.0,451.0,2022-01-01,0,0
2022,2,A3631,BILBAO - GALDAKAO - LARRABETZU,27162.0,17119.0,4869.0,1437.0,865.0,1245.0,2.0,410.0,474.0,2022-02-01,0,0
2022,3,A3631,BILBAO - GALDAKAO - LARRABETZU,30294.0,19118.0,5468.0,1577.0,909.0,1366.0,6.0,467.0,560.0,2022-03-01,0,0
2022,4,A3631,BILBAO - GALDAKAO - LARRABETZU,24395.0,15353.0,4319.0,1095.0,588.0,1371.0,1.0,446.0,481.0,2022-04-01,0,0
2022,5,A3631,BILBAO - GALDAKAO - LARRABETZU,28543.0,18002.0,5105.0,1262.0,706.0,1601.0,3.0,462.0,557.0,2022-05-01,0,0
2022,6,A3631,BILBAO - GALDAKAO - LARRABETZU,29612.0,19356.0,5341.0,865.0,532.0,1670.0,3.0,485.0,537.0,2022-06-01,0,0
2022,7,A3631,BILBAO - GALDAKAO - LARRABETZU,21890.0,14123.0,4091.0,391.0,444.0,1445.0,7.0,522.0,284.0,2022-07-01,0,0
2022,8,A3631,BILBAO - GALDAKAO - LARRABETZU,23645.0,15959.0,3740.0,373.0,349.0,1624.0,8.0,654.0,372.0,2022-08-01,0,0
2022,9,A3631,BILBAO - GALDAKAO - LARRABETZU,28529.0,18982.0,4870.0,994.0,840.0,1039.0,0.0,473.0,471.0,2022-09-01,0,1
2022,10,A3631,BILBAO - GALDAKAO - LARRABETZU,32330.0,21021.0,6051.0,1223.0,1057.0,1071.0,1.0,462.0,533.0,2022-10-01,0,1
2022,11,A3631,BILBAO - GALDAKAO - LARRABETZU,32235.0,21130.0,5850.0,1234.0,1034.0,1071.0,1.0,462.0,533.0,2022-11-01,0,1
2022,12,A3631,BILBAO - GALDAKAO - LARRABETZU,32158.0,21680.0,5796.0,966.0,914.0,1015.0,1.0,514.0,487.0,2022-12-01,0,1
2023,1,A3631,BILBAO - GALDAKAO - LARRABETZU,31513.0,21290.0,5581.0,951.0,952.0,911.0,4.0,433.0,505.0,2023-01-01,0,1
2023,2,A3631,BILBAO - GALDAKAO - LARRABETZU,31689.0,21055.0,5680.0,1102.0,1045.0,912.0,0.0,457.0,505.0,2023-02-01,0,1
2023,3,A3631,BILBAO - GALDAKAO - LARRABETZU,37635.0,25002.0,6946.0,1322.0,1115.0,947.0,0.0,557.0,567.0,2023-03-01,0,1
2023,4,A3631,BILBAO - GALDAKAO - LARRABETZU,30279.0,20432.0,5315.0,942.0,863.0,959.0,2.0,473.0,475.0,2023-04-01,0,1
2023,5,A3631,BILBAO - GALDAKAO - LARRABETZU,35636.0,23916.0,6381.0,1139.0,1097.0,1112.0,2.0,480.0,554.0,2023-05-01,0,1
2023,6,A3631,BILBAO - GALDAKAO - LARRABETZU,34480.0,23740.0,6126.0,848.0,857.0,1042.0,0.0,486.0,476.0,2023-06-01,0,1
2023,7,A3631,BILBAO - GALDAKAO - LARRABETZU,24922.0,16912.0,4718.0,391.0,553.0,1065.0,0.0,546.0,286.0,2023-07-01,0,1
2023,8,A3631,BILBAO - GALDAKAO - LARRABETZU,25473.0,18085.0,3915.0,382.0,548.0,1074.0,0.0,650.0,329.0,2023-08-01,0,1
2023,9,A3631,BILBAO - GALDAKAO - LARRABETZU,33811.0,23162.0,5387.0,1125.0,1007.0,1189.0,0.0,570.0,562.0,2023-09-01,0,1
2023,10,A3631,BILBAO - GALDAKAO - LARRABETZU,36664.0,24141.0,6431.0,1629.0,1217.0,1176.0,1.0,537.0,553.0,2023-10-01,0,1
2023,11,A3631,BILBAO - GALDAKAO - LARRABETZU,37344.0,24511.0,6700.0,1737.0,1351.0,1060.0,0.0,448.0,600.0,2023-11-01,0,1
2023,12,A3631,BILBAO - GALDAKAO - LARRABETZU,35688.0,23781.0,6654.0,1116.0,965.0,1156.0,0.0,654.0,541.0,2023-12-01,0,1
2024,1,A3631,BILBAO - GALDAKAO - LARRABETZU,37.075,22794.0,6662.0,1401.0,1217.0,1259.0,0.0,544.0,567.0,2024-01-01,0,1
2024,2,A3631,BILBAO - GALDAKAO - LARRABETZU,35739.0,22407.0,6182.0,1279.0,1231.0,932.0,1.0,499.0,592.0,2024-02-01,0,1
2024,3,A3631,BILBAO - GALDAKAO - LARRABETZU,34655.0,20971.0,6073.0,1276.0,1189.0,971.0,2.0,519.0,529.0,2024-03-01,0,1
2024,4,A3631,BILBAO - GALDAKAO - LARRABETZU,36414.0,21841.0,6340.0,1252.0,1220.0,1025.0,1.0,533.0,629.0,2024-04-01,0,1
2024,5,A3631,BILBAO - GALDAKAO - LARRABETZU,36749.0,21629.0,6029.0,1316.0,1326.0,1232.0,0.0,563.0,864.0,2024-05-01,0,1
2024,6,A3631,BILBAO - GALDAKAO - LARRABETZU,37993.0,23085.0,6504.0,870.0,1208.0,1130.0,2.0,598.0,660.0,2024-06-01,0,1
2024,7,A3631,BILBAO - GALDAKAO - LARRABETZU,27240.0,16872.0,4773.0,378.0,815.0,864.0,0.0,549.0,314.0,2024-07-01,0,1
2024,8,A3631,BILBAO - GALDAKAO - LARRABETZU,29497.0,18963.0,4364.0,369.0,929.0,1241.0,0.0,771.0,385.0,2024-08-01,0,1
2024,9,A3631,BILBAO - GALDAKAO - LARRABETZU,37284.0,22453.0,5962.0,1140.0,1613.0,1020.0,0.0,574.0,561.0,2024-09-01,0,1
2024,10,A3631,BILBAO - GALDAKAO - LARRABETZU,42800.0,24475.0,7196.0,1603.0,2331.0,1022.0,0.0,495.0,696.0,2024-10-01,0,1
2024,11,A3631,BILBAO - GALDAKAO - LARRABETZU,39160.0,21950.0,7058.0,1436.0,2047.0,868.0,1.0,509.0,548.0,2024-11-01,0,1
2024,12,A3631,BILBAO - GALDAKAO - LARRABETZU,38240.0,22009.0,6740.0,1125.0,1769.0,1020.0,0.0,566.0,647.0,2024-12-01,0,1
2025,1,A3631,BILBAO - GALDAKAO - LARRABETZU,38904.0,22548.0,6567.0,1074.0,1895.0,837.0,0.0,503.0,634.0,2025-01-01,0,1
2025,2,A3631,BILBAO - GALDAKAO - LARRABETZU,38673.0,21922.0,6596.0,1211.0,1879.0,816.0,1.0,439.0,576.0,2025-02-01,0,1
2025,3,A3631,BILBAO - GALDAKAO - LARRABETZU,41249.0,23363.0,6616.0,1134.0,2089.0,909.0,5.0,516.0,584.0,2025-03-01,0,1
2025,4,A3631,BILBAO - GALDAKAO - LARRABETZU,37159.0,20535.0,6296.0,953.0,1677.0,926.0,0.0,536.0,588.0,2025-04-01,0,1
2025,5,A3631,BILBAO - GALDAKAO - LARRABETZU,40651.0,22673.0,6688.0,1023.0,1816.0,902.0,3.0,601.0,638.0,2025-05-01,0,1
2025,6,A3631,BILBAO - GALDAKAO - LARRABETZU,36607.0,20743.0,6104.0,659.0,1401.0,836.0,2.0,536.0,579.0,2025-06-01,0,1
2025,7,A3631,BILBAO - GALDAKAO - LARRABETZU,29299.0,16824.0,5396.0,465.0,993.0,691.0,0.0,504.0,369.0,2025-07-01,0,1
2025,8,A3631,BILBAO - GALDAKAO - LARRABETZU,28186.0,17461.0,5002.0,261.0,743.0,682.0,0.0,615.0,419.0,2025-08-01,0,1
2025,9,A3631,BILBAO - GALDAKAO - LARRABETZU,37610.0,21387.0,5924.0,922.0,1863.0,890.0,4.0,481.0,567.0,2025-09-01,0,1
2025,10,A3631,BILBAO - GALDAKAO - LARRABETZU,45240.0,24713.0,7791.0,1082.0,2659.0,811.0,2.0,546.0,681.0,2025-10-01,0,1
2025,11,A3631,BILBAO - GALDAKAO - LARRABETZU,40096.0,21091.0,7001.0,956.0,2592.0,709.0,1.0,530.0,574.0,2025-11-01,0,1
2025,12,A3631,BILBAO - GALDAKAO - LARRABETZU,46685.0,28797.0,6922.0,807.0,2193.0,673.0,2.0,657.0,568.0,2025-12-01,0,1
2020,1,A3144,BILBAO - Gurutzeta/Cruces - BARAKALDO (Ugarte),53643.0,34074.0,7433.0,1400.0,1425.0,4133.0,5.0,1203.0,2126.0,2020-01-01,1,0
2020,2,A3144,BILBAO - Gurutzeta/Cruces - BARAKALDO (Ugarte),49953.0,31279.0,7110.0,1469.0,1481.0,3852.0,3.0,1106.0,2098.0,2020-02-01,1,0
2020,3,A3144,BILBAO - Gurutzeta/Cruces - BARAKALDO (Ugarte),23458.0,15762.0,2681.0,767.0,726.0,1596.0,3.0,338.0,860.0,2020-03-01,1,0
2020,4,A3144,BILBAO - Gurutzeta/Cruces - BARAKALDO (Ugarte),5171.0,4595.0,288.0,34.0,50.0,0.0,0.0,9.0,90.0,2020-04-01,1,0
2020,5,A3144,BILBAO - Gurutzeta/Cruces - BARAKALDO (Ugarte),13915.0,11550.0,1537.0,89.0,120.0,0.0,0.0,72.0,280.0,2020-05-01,1,0
2020,6,A3144,BILBAO - Gurutzeta/Cruces - BARAKALDO (Ugarte),34049.0,26604.0,4389.0,409.0,511.0,0.0,0.0,448.0,871.0,2020-06-01,1,0
2020,7,A3144,BILBAO - Gurutzeta/Cruces - BARAKALDO (Ugarte),37150.0,28898.0,4449.0,854.0,623.0,0.0,0.0,603.0,728.0,2020-07-01,1,0
2020,8,A3144,BILBAO - Gurutzeta/Cruces - BARAKALDO (Ugarte),29307.0,23160.0,3315.0,534.0,357.0,0.0,0.0,616.0,613.0,2020-08-01,1,0
2020,9,A3144,BILBAO - Gurutzeta/Cruces - BARAKALDO (Ugarte),38571.0,29536.0,4250.0,1063.0,852.0,0.0,0.0,599.0,1083.0,2020-09-01,1,0
2020,10,A3144,BILBAO - Gurutzeta/Cruces - BARAKALDO (Ugarte),40278.0,29882.0,4673.0,1360.0,1252.0,0.0,0.0,587.0,1304.0,2020-10-01,1,0
2020,11,A3144,BILBAO - Gurutzeta/Cruces - BARAKALDO (Ugarte),34663.0,25987.0,3784.0,1319.0,968.0,0.0,0.0,491.0,1100.0,2020-11-01,1,0
2020,12,A3144,BILBAO - Gurutzeta/Cruces - BARAKALDO (Ugarte),40349.0,30216.0,4507.0,1303.0,966.0,285.0,0.0,527.0,1236.0,2020-12-01,1,0
2021,1,A3144,BILBAO - Gurutzeta/Cruces - BARAKALDO (Ugarte),37063.0,27179.0,3850.0,1219.0,884.0,797.0,0.0,625.0,1388.0,2021-01-01,1,0
2021,2,A3144,BILBAO - Gurutzeta/Cruces - BARAKALDO (Ugarte),36531.0,26135.0,3983.0,1285.0,853.0,1190.0,0.0,631.0,1313.0,2021-02-01,1,0
2021,3,A3144,BILBAO - Gurutzeta/Cruces - BARAKALDO (Ugarte),38424.0,26782.0,4501.0,1287.0,931.0,1395.0,0.0,705.0,1595.0,2021-03-01,1,0
2021,4,A3144,BILBAO - Gurutzeta/Cruces - BARAKALDO (Ugarte),36150.0,25339.0,4117.0,1224.0,993.0,1395.0,0.0,667.0,1410.0,2021-04-01,1,0
2021,5,A3144,BILBAO - Gurutzeta/Cruces - BARAKALDO (Ugarte),43014.0,29653.0,5251.0,1558.0,1214.0,1779.0,1.0,864.0,1445.0,2021-05-01,1,0
2021,6,A3144,BILBAO - Gurutzeta/Cruces - BARAKALDO (Ugarte),44404.0,31023.0,5121.0,1358.0,986.0,2145.0,7.0,933.0,1488.0,2021-06-01,1,0
2021,7,A3144,BILBAO - Gurutzeta/Cruces - BARAKALDO (Ugarte),41994.0,29341.0,4824.0,1025.0,918.0,2362.0,12.0,1071.0,1259.0,2021-07-01,1,0
2021,8,A3144,BILBAO - Gurutzeta/Cruces - BARAKALDO (Ugarte),33618.0,23720.0,3561.0,623.0,755.0,2306.0,5.0,909.0,875.0,2021-08-01,1,0
2021,9,A3144,BILBAO - Gurutzeta/Cruces - BARAKALDO (Ugarte),43327.0,29522.0,5118.0,1399.0,1049.0,2451.0,2.0,954.0,1555.0,2021-09-01,1,0
2021,10,A3144,BILBAO - Gurutzeta/Cruces - BARAKALDO (Ugarte),44088.0,29184.0,5588.0,1511.0,1273.0,2479.0,5.0,975.0,1586.0,2021-10-01,1,0
2021,11,A3144,BILBAO - Gurutzeta/Cruces - BARAKALDO (Ugarte),45456.0,30392.0,5536.0,1727.0,1266.0,2558.0,3.0,916.0,1576.0,2021-11-01,1,0
2021,12,A3144,BILBAO - Gurutzeta/Cruces - BARAKALDO (Ugarte),46174.0,31212.0,5637.0,1476.0,986.0,2927.0,3.0,967.0,1532.0,2021-12-01,1,0
2022,1,A3144,BILBAO - Gurutzeta/Cruces - BARAKALDO (Ugarte),44449.0,29792.0,5546.0,1544.0,967.0,2637.0,6.0,976.0,1530.0,2022-01-01,0,0
2022,2,A3144,BILBAO - Gurutzeta/Cruces - BARAKALDO (Ugarte),43951.0,29283.0,5537.0,1627.0,1003.0,2438.0,5.0,966.0,1570.0,2022-02-01,0,0
2022,3,A3144,BILBAO - Gurutzeta/Cruces - BARAKALDO (Ugarte),49898.0,32670.0,6099.0,2070.0,1298.0,2849.0,13.0,1068.0,1954.0,2022-03-01,0,0
2022,4,A3144,BILBAO - Gurutzeta/Cruces - BARAKALDO (Ugarte),42956.0,28666.0,4939.0,1612.0,1130.0,2728.0,6.0,1009.0,1500.0,2022-04-01,0,0
2022,5,A3144,BILBAO - Gurutzeta/Cruces - BARAKALDO (Ugarte),48056.0,31562.0,6000.0,1898.0,1203.0,2826.0,2.0,1154.0,1825.0,2022-05-01,0,0
2022,6,A3144,BILBAO - Gurutzeta/Cruces - BARAKALDO (Ugarte),49681.0,33665.0,5921.0,1481.0,860.0,3200.0,8.0,1270.0,1797.0,2022-06-01,0,0
2022,7,A3144,BILBAO - Gurutzeta/Cruces - BARAKALDO (Ugarte),44171.0,30228.0,5066.0,1073.0,776.0,3291.0,2.0,1260.0,1286.0,2022-07-01,0,0
2022,8,A3144,BILBAO - Gurutzeta/Cruces - BARAKALDO (Ugarte),40173.0,27327.0,4288.0,919.0,789.0,3517.0,4.0,1229.0,1039.0,2022-08-01,0,0
2022,9,A3144,BILBAO - Gurutzeta/Cruces - BARAKALDO (Ugarte),47706.0,33042.0,5563.0,1448.0,1370.0,2117.0,3.0,1230.0,1458.0,2022-09-01,0,1
2022,10,A3144,BILBAO - Gurutzeta/Cruces - BARAKALDO (Ugarte),48763.0,33624.0,5704.0,1536.0,1678.0,1959.0,4.0,1184.0,1592.0,2022-10-01,0,1
2022,11,A3144,BILBAO - Gurutzeta/Cruces - BARAKALDO (Ugarte),45265.0,31148.0,5674.0,1595.0,1558.0,1533.0,6.0,977.0,1399.0,2022-11-01,0,1
2022,12,A3144,BILBAO - Gurutzeta/Cruces - BARAKALDO (Ugarte),44231.0,30491.0,5496.0,1301.0,1439.0,1775.0,0.0,1087.0,1365.0,2022-12-01,0,1
2023,1,A3144,BILBAO - Gurutzeta/Cruces - BARAKALDO (Ugarte),43.796,30639.0,5248.0,1167.0,1386.0,1621.0,0.0,1008.0,1321.0,2023-01-01,0,1
2023,2,A3144,BILBAO - Gurutzeta/Cruces - BARAKALDO (Ugarte),41228.0,28638.0,5166.0,1097.0,1367.0,1512.0,8.0,946.0,1373.0,2023-02-01,0,1
2023,3,A3144,BILBAO - Gurutzeta/Cruces - BARAKALDO (Ugarte),47516.0,32823.0,6169.0,1402.0,1582.0,1574.0,2.0,1068.0,1549.0,2023-03-01,0,1
2023,4,A3144,BILBAO - Gurutzeta/Cruces - BARAKALDO (Ugarte),44578.0,31174.0,5643.0,1166.0,1261.0,1716.0,0.0,1186.0,1290.0,2023-04-01,0,1
2023,5,A3144,BILBAO - Gurutzeta/Cruces - BARAKALDO (Ugarte),54099.0,37378.0,6948.0,1496.0,1747.0,2056.0,0.0,1349.0,1587.0,2023-05-01,0,1
2023,6,A3144,BILBAO - Gurutzeta/Cruces - BARAKALDO (Ugarte),55484.0,39000.0,6969.0,1375.0,1490.0,2132.0,4.0,1403.0,1533.0,2023-06-01,0,1
2023,7,A3144,BILBAO - Gurutzeta/Cruces - BARAKALDO (Ugarte),49501.0,35597.0,5721.0,1020.0,1115.0,2094.0,0.0,1477.0,1225.0,2023-07-01,0,1
2023,8,A3144,BILBAO - Gurutzeta/Cruces - BARAKALDO (Ugarte),47600.0,34505.0,5159.0,873.0,1144.0,2374.0,8.0,1473.0,900.0,2023-08-01,0,1
2023,9,A3144,BILBAO - Gurutzeta/Cruces - BARAKALDO (Ugarte),56931.0,40132.0,6469.0,1650.0,1799.0,2378.0,2.0,1533.0,1476.0,2023-09-01,0,1
2023,10,A3144,BILBAO - Gurutzeta/Cruces - BARAKALDO (Ugarte),57971.0,40350.0,7151.0,1699.0,1986.0,2107.0,5.0,1524.0,1674.0,2023-10-01,0,1
2023,11,A3144,BILBAO - Gurutzeta/Cruces - BARAKALDO (Ugarte),60763.0,42211.0,7839.0,1875.0,2127.0,1945.0,0.0,1518.0,1642.0,2023-11-01,0,1
2023,12,A3144,BILBAO - Gurutzeta/Cruces - BARAKALDO (Ugarte),61129.0,43002.0,7459.0,1688.0,2026.0,2277.0,2.0,1720.0,1491.0,2023-12-01,0,1
2024,1,A3144,BILBAO - Gurutzeta/Cruces - BARAKALDO (Ugarte),62817.0,39984.0,8166.0,1895.0,2166.0,2219.0,12.0,1618.0,1618.0,2024-01-01,0,1
2024,2,A3144,BILBAO - Gurutzeta/Cruces - BARAKALDO (Ugarte),63501.0,40078.0,8209.0,1748.0,2109.0,2025.0,0.0,1740.0,1686.0,2024-02-01,0,1
2024,3,A3144,BILBAO - Gurutzeta/Cruces - BARAKALDO (Ugarte),60803.0,37340.0,7891.0,1801.0,2116.0,1835.0,4.0,1618.0,1468.0,2024-03-01,0,1
2024,4,A3144,BILBAO - Gurutzeta/Cruces - BARAKALDO (Ugarte),69183.0,42210.0,9774.0,1724.0,2298.0,2047.0,5.0,1963.0,1687.0,2024-04-01,0,1
2024,5,A3144,BILBAO - Gurutzeta/Cruces - BARAKALDO (Ugarte),73491.0,43918.0,10384.0,1797.0,2613.0,2333.0,0.0,2030.0,1865.0,2024-05-01,0,1
2024,6,A3144,BILBAO - Gurutzeta/Cruces - BARAKALDO (Ugarte),68259.0,42063.0,9031.0,1274.0,2136.0,2150.0,7.0,1884.0,1665.0,2024-06-01,0,1
2024,7,A3144,BILBAO - Gurutzeta/Cruces - BARAKALDO (Ugarte),62011.0,38860.0,7324.0,1008.0,1955.0,2296.0,4.0,1943.0,1222.0,2024-07-01,0,1
2024,8,A3144,BILBAO - Gurutzeta/Cruces - BARAKALDO (Ugarte),56800.0,35498.0,6559.0,770.0,1772.0,2577.0,2.0,1889.0,1041.0,2024-08-01,0,1
2024,9,A3144,BILBAO - Gurutzeta/Cruces - BARAKALDO (Ugarte),64951.0,39323.0,7397.0,1742.0,2542.0,1997.0,1.0,1814.0,1328.0,2024-09-01,0,1
2024,10,A3144,BILBAO - Gurutzeta/Cruces - BARAKALDO (Ugarte),70036.0,40595.0,8173.0,2110.0,3257.0,1913.0,1.0,1694.0,1720.0,2024-10-01,0,1
2024,11,A3144,BILBAO - Gurutzeta/Cruces - BARAKALDO (Ugarte),69400.0,39542.0,8493.0,1992.0,3402.0,1914.0,0.0,1839.0,1640.0,2024-11-01,0,1
2024,12,A3144,BILBAO - Gurutzeta/Cruces - BARAKALDO (Ugarte),68361.0,40244.0,7831.0,1838.0,2949.0,2094.0,0.0,1810.0,1650.0,2024-12-01,0,1
2025,1,A3144,BILBAO - Gurutzeta/Cruces - BARAKALDO (Ugarte),70475.0,40699.0,8361.0,2027.0,3077.0,1925.0,2.0,1765.0,1600.0,2025-01-01,0,1
2025,2,A3144,BILBAO - Gurutzeta/Cruces - BARAKALDO (Ugarte),67468.0,38682.0,8044.0,2062.0,3041.0,1707.0,3.0,1662.0,1602.0,2025-02-01,0,1
2025,3,A3144,BILBAO - Gurutzeta/Cruces - BARAKALDO (Ugarte),72282.0,41605.0,8496.0,2077.0,3371.0,1687.0,0.0,1851.0,1739.0,2025-03-01,0,1
2025,4,A3144,BILBAO - Gurutzeta/Cruces - BARAKALDO (Ugarte),66188.0,39012.0,7448.0,1656.0,2919.0,1579.0,1.0,1605.0,1426.0,2025-04-01,0,1
2025,5,A3144,BILBAO - Gurutzeta/Cruces - BARAKALDO (Ugarte),72698.0,42405.0,8567.0,1815.0,3059.0,1565.0,4.0,1812.0,1662.0,2025-05-01,0,1
2025,6,A3144,BILBAO - Gurutzeta/Cruces - BARAKALDO (Ugarte),70531.0,42275.0,8134.0,1356.0,2515.0,1507.0,3.0,1823.0,1536.0,2025-06-01,0,1
2025,7,A3144,BILBAO - Gurutzeta/Cruces - BARAKALDO (Ugarte),69897.0,42987.0,7644.0,1288.0,2394.0,1863.0,28.0,1916.0,1314.0,2025-07-01,0,1
2025,8,A3144,BILBAO - Gurutzeta/Cruces - BARAKALDO (Ugarte),60099.0,37016.0,6531.0,1036.0,2010.0,1894.0,4.0,1711.0,996.0,2025-08-01,0,1
2025,9,A3144,BILBAO - Gurutzeta/Cruces - BARAKALDO (Ugarte),74951.0,44180.0,8129.0,1789.0,3009.0,1825.0,0.0,1826.0,1630.0,2025-09-01,0,1
2025,10,A3144,BILBAO - Gurutzeta/Cruces - BARAKALDO (Ugarte),81024.0,45713.0,9690.0,2359.0,3807.0,1682.0,0.0,1711.0,1839.0,2025-10-01,0,1
2025,11,A3144,BILBAO - Gurutzeta/Cruces - BARAKALDO (Ugarte),75454.0,42679.0,8898.0,2124.0,3611.0,1469.0,0.0,1753.0,1764.0,2025-11-01,0,1
2025,12,A3144,BILBAO - Gurutzeta/Cruces - BARAKALDO (Ugarte),74652.0,43228.0,8760.0,1908.0,3546.0,1442.0,0.0,1797.0,1780.0,2025-12-01,0,1
2020,1,A3523,BILBAO - Hospital Galdakao Ospitalea - GERNIKA LUMO - AULESTI - LEKEITIO,10622.0,5971.0,2502.0,346.0,263.0,1076.0,1.0,64.0,34.0,2020-01-01,1,0
2020,2,A3523,BILBAO - Hospital Galdakao Ospitalea - GERNIKA LUMO - AULESTI - LEKEITIO,11883.0,6459.0,2892.0,593.0,278.0,1078.0,1.0,76.0,41.0,2020-02-01,1,0
2020,3,A3523,BILBAO - Hospital Galdakao Ospitalea - GERNIKA LUMO - AULESTI - LEKEITIO,5314.0,3012.0,1138.0,322.0,143.0,484.0,1.0,9.0,14.0,2020-03-01,1,0
2020,4,A3523,BILBAO - Hospital Galdakao Ospitalea - GERNIKA LUMO - AULESTI - LEKEITIO,1135.0,957.0,152.0,2.0,,0.0,0.0,0.0,3.0,2020-04-01,1,0
2020,5,A3523,BILBAO - Hospital Galdakao Ospitalea - GERNIKA LUMO - AULESTI - LEKEITIO,3051.0,2397.0,555.0,6.0,25.0,0.0,0.0,6.0,5.0,2020-05-01,1,0
2020,6,A3523,BILBAO - Hospital Galdakao Ospitalea - GERNIKA LUMO - AULESTI - LEKEITIO,6368.0,4723.0,1311.0,38.0,54.0,0.0,0.0,15.0,55.0,2020-06-01,1,0
2020,7,A3523,BILBAO - Hospital Galdakao Ospitalea - GERNIKA LUMO - AULESTI - LEKEITIO,8069.0,6159.0,1446.0,131.0,62.0,0.0,0.0,26.0,21.0,2020-07-01,1,0
2020,8,A3523,BILBAO - Hospital Galdakao Ospitalea - GERNIKA LUMO - AULESTI - LEKEITIO,7401.0,5783.0,1343.0,59.0,35.0,0.0,0.0,26.0,11.0,2020-08-01,1,0
2020,9,A3523,BILBAO - Hospital Galdakao Ospitalea - GERNIKA LUMO - AULESTI - LEKEITIO,7688.0,5318.0,1405.0,412.0,182.0,0.0,0.0,28.0,7.0,2020-09-01,1,0
2020,10,A3523,BILBAO - Hospital Galdakao Ospitalea - GERNIKA LUMO - AULESTI - LEKEITIO,7881.0,5308.0,1415.0,536.0,221.0,0.0,0.0,11.0,15.0,2020-10-01,1,0
2020,11,A3523,BILBAO - Hospital Galdakao Ospitalea - GERNIKA LUMO - AULESTI - LEKEITIO,6255.0,4202.0,985.0,501.0,218.0,0.0,0.0,12.0,11.0,2020-11-01,1,0
2020,12,A3523,BILBAO - Hospital Galdakao Ospitalea - GERNIKA LUMO - AULESTI - LEKEITIO,6252.0,4452.0,1104.0,243.0,138.0,66.0,0.0,15.0,14.0,2020-12-01,1,0
2021,1,A3523,BILBAO - Hospital Galdakao Ospitalea - GERNIKA LUMO - AULESTI - LEKEITIO,5618.0,4073.0,856.0,165.0,113.0,157.0,0.0,14.0,12.0,2021-01-01,1,0
2021,2,A3523,BILBAO - Hospital Galdakao Ospitalea - GERNIKA LUMO - AULESTI - LEKEITIO,6129.0,4134.0,843.0,433.0,175.0,191.0,0.0,26.0,27.0,2021-02-01,1,0
2021,3,A3523,BILBAO - Hospital Galdakao Ospitalea - GERNIKA LUMO - AULESTI - LEKEITIO,8417.0,5593.0,1454.0,502.0,175.0,308.0,0.0,54.0,31.0,2021-03-01,1,0
2021,4,A3523,BILBAO - Hospital Galdakao Ospitalea - GERNIKA LUMO - AULESTI - LEKEITIO,8162.0,5457.0,1459.0,286.0,163.0,432.0,0.0,65.0,53.0,2021-04-01,1,0
2021,5,A3523,BILBAO - Hospital Galdakao Ospitalea - GERNIKA LUMO - AULESTI - LEKEITIO,8445.0,5379.0,1863.0,271.0,168.0,443.0,0.0,45.0,29.0,2021-05-01,1,0
2021,6,A3523,BILBAO - Hospital Galdakao Ospitalea - GERNIKA LUMO - AULESTI - LEKEITIO,9195.0,6170.0,1814.0,123.0,65.0,677.0,2.0,68.0,41.0,2021-06-01,1,0
2021,7,A3523,BILBAO - Hospital Galdakao Ospitalea - GERNIKA LUMO - AULESTI - LEKEITIO,9570.0,6313.0,1769.0,43.0,47.0,1027.0,7.0,128.0,51.0,2021-07-01,1,0
2021,8,A3523,BILBAO - Hospital Galdakao Ospitalea - GERNIKA LUMO - AULESTI - LEKEITIO,9121.0,5661.0,1916.0,9.0,55.0,1088.0,1.0,111.0,62.0,2021-08-01,1,0
2021,9,A3523,BILBAO - Hospital Galdakao Ospitalea - GERNIKA LUMO - AULESTI - LEKEITIO,8642.0,5221.0,1778.0,317.0,130.0,783.0,0.0,59.0,43.0,2021-09-01,1,0
2021,10,A3523,BILBAO - Hospital Galdakao Ospitalea - GERNIKA LUMO - AULESTI - LEKEITIO,10189.0,5909.0,2092.0,690.0,251.0,783.0,1.0,46.0,54.0,2021-10-01,1,0
2021,11,A3523,BILBAO - Hospital Galdakao Ospitalea - GERNIKA LUMO - AULESTI - LEKEITIO,9566.0,5642.0,2014.0,722.0,193.0,558.0,1.0,42.0,34.0,2021-11-01,1,0
2021,12,A3523,BILBAO - Hospital Galdakao Ospitalea - GERNIKA LUMO - AULESTI - LEKEITIO,8669.0,5434.0,1815.0,354.0,122.0,652.0,1.0,36.0,47.0,2021-12-01,1,0
2022,1,A3523,BILBAO - Hospital Galdakao Ospitalea - GERNIKA LUMO - AULESTI - LEKEITIO,8429.0,5463.0,1721.0,249.0,83.0,591.0,0.0,47.0,37.0,2022-01-01,0,0
2022,2,A3523,BILBAO - Hospital Galdakao Ospitalea - GERNIKA LUMO - AULESTI - LEKEITIO,9115.0,5436.0,1869.0,640.0,138.0,593.0,0.0,38.0,43.0,2022-02-01,0,0
2022,3,A3523,BILBAO - Hospital Galdakao Ospitalea - GERNIKA LUMO - AULESTI - LEKEITIO,10869.0,6426.0,2291.0,639.0,166.0,708.0,0.0,59.0,63.0,2022-03-01,0,0
2022,4,A3523,BILBAO - Hospital Galdakao Ospitalea - GERNIKA LUMO - AULESTI - LEKEITIO,10456.0,6398.0,2115.0,368.0,107.0,943.0,4.0,81.0,56.0,2022-04-01,0,0
2022,5,A3523,BILBAO - Hospital Galdakao Ospitalea - GERNIKA LUMO - AULESTI - LEKEITIO,11686.0,7072.0,2433.0,465.0,129.0,1051.0,0.0,62.0,53.0,2022-05-01,0,0
2022,6,A3523,BILBAO - Hospital Galdakao Ospitalea - GERNIKA LUMO - AULESTI - LEKEITIO,11980.0,7382.0,2703.0,176.0,82.0,1128.0,0.0,105.0,61.0,2022-06-01,0,0
2022,7,A3523,BILBAO - Hospital Galdakao Ospitalea - GERNIKA LUMO - AULESTI - LEKEITIO,12607.0,7920.0,2417.0,72.0,63.0,1584.0,0.0,125.0,67.0,2022-07-01,0,0
2022,8,A3523,BILBAO - Hospital Galdakao Ospitalea - GERNIKA LUMO - AULESTI - LEKEITIO,12077.0,7317.0,2289.0,78.0,80.0,1807.0,0.0,137.0,62.0,2022-08-01,0,0
2022,9,A3523,BILBAO - Hospital Galdakao Ospitalea - GERNIKA LUMO - AULESTI - LEKEITIO,13725.0,8723.0,2467.0,443.0,282.0,1144.0,0.0,83.0,73.0,2022-09-01,0,1
2022,10,A3523,BILBAO - Hospital Galdakao Ospitalea - GERNIKA LUMO - AULESTI - LEKEITIO,12842.0,7814.0,2696.0,605.0,405.0,718.0,1.0,78.0,78.0,2022-10-01,0,1
2022,11,A3523,BILBAO - Hospital Galdakao Ospitalea - GERNIKA LUMO - AULESTI - LEKEITIO,11186.0,6830.0,2442.0,576.0,356.0,547.0,2.0,46.0,67.0,2022-11-01,0,1
2022,12,A3523,BILBAO - Hospital Galdakao Ospitalea - GERNIKA LUMO - AULESTI - LEKEITIO,10077.0,6378.0,2188.0,261.0,280.0,562.0,0.0,63.0,65.0,2022-12-01,0,1
2023,1,A3523,BILBAO - Hospital Galdakao Ospitalea - GERNIKA LUMO - AULESTI - LEKEITIO,8342.0,5501.0,1763.0,202.0,222.0,430.0,0.0,38.0,32.0,2023-01-01,0,1
2023,2,A3523,BILBAO - Hospital Galdakao Ospitalea - GERNIKA LUMO - AULESTI - LEKEITIO,9257.0,5851.0,1914.0,434.0,334.0,453.0,0.0,43.0,28.0,2023-02-01,0,1
2023,3,A3523,BILBAO - Hospital Galdakao Ospitalea - GERNIKA LUMO - AULESTI - LEKEITIO,10413.0,6567.0,2089.0,476.0,422.0,479.0,3.0,78.0,29.0,2023-03-01,0,1
2023,4,A3523,BILBAO - Hospital Galdakao Ospitalea - GERNIKA LUMO - AULESTI - LEKEITIO,11490.0,7350.0,2310.0,308.0,285.0,835.0,3.0,124.0,38.0,2023-04-01,0,1
2023,5,A3523,BILBAO - Hospital Galdakao Ospitalea - GERNIKA LUMO - AULESTI - LEKEITIO,12598.0,8185.0,2642.0,318.0,259.0,777.0,3.0,95.0,29.0,2023-05-01,0,1
2023,6,A3523,BILBAO - Hospital Galdakao Ospitalea - GERNIKA LUMO - AULESTI - LEKEITIO,12778.0,8481.0,2687.0,172.0,153.0,751.0,2.0,112.0,73.0,2023-06-01,0,1
2023,7,A3523,BILBAO - Hospital Galdakao Ospitalea - GERNIKA LUMO - AULESTI - LEKEITIO,13486.0,9266.0,2412.0,86.0,78.0,1051.0,0.0,130.0,58.0,2023-07-01,0,1
2023,8,A3523,BILBAO - Hospital Galdakao Ospitalea - GERNIKA LUMO - AULESTI - LEKEITIO,13925.0,9393.0,2549.0,66.0,99.0,1160.0,2.0,186.0,52.0,2023-08-01,0,1
2023,9,A3523,BILBAO - Hospital Galdakao Ospitalea - GERNIKA LUMO - AULESTI - LEKEITIO,14444.0,9362.0,2537.0,547.0,279.0,991.0,1.0,140.0,53.0,2023-09-01,0,1
2023,10,A3523,BILBAO - Hospital Galdakao Ospitalea - GERNIKA LUMO - AULESTI - LEKEITIO,13927.0,8673.0,2873.0,709.0,418.0,618.0,0.0,91.0,52.0,2023-10-01,0,1
2023,11,A3523,BILBAO - Hospital Galdakao Ospitalea - GERNIKA LUMO - AULESTI - LEKEITIO,13161.0,8386.0,2666.0,693.0,386.0,489.0,0.0,79.0,40.0,2023-11-01,0,1
2023,12,A3523,BILBAO - Hospital Galdakao Ospitalea - GERNIKA LUMO - AULESTI - LEKEITIO,12029.0,7971.0,2461.0,369.0,234.0,545.0,3.0,79.0,46.0,2023-12-01,0,1
2024,1,A3523,BILBAO - Hospital Galdakao Ospitalea - GERNIKA LUMO - AULESTI - LEKEITIO,12.574,7.853,2.532,403.0,256.0,563.0,0.0,102.0,43.0,2024-01-01,0,1
2024,2,A3523,BILBAO - Hospital Galdakao Ospitalea - GERNIKA LUMO - AULESTI - LEKEITIO,13554.0,8382.0,2615.0,635.0,404.0,506.0,0.0,93.0,39.0,2024-02-01,0,1
2024,3,A3523,BILBAO - Hospital Galdakao Ospitalea - GERNIKA LUMO - AULESTI - LEKEITIO,14244.0,8782.0,2867.0,584.0,339.0,628.0,0.0,88.0,75.0,2024-03-01,0,1
2024,4,A3523,BILBAO - Hospital Galdakao Ospitalea - GERNIKA LUMO - AULESTI - LEKEITIO,13840.0,8230.0,2956.0,552.0,345.0,697.0,0.0,135.0,37.0,2024-04-01,0,1
2024,5,A3523,BILBAO - Hospital Galdakao Ospitalea - GERNIKA LUMO - AULESTI - LEKEITIO,15031.0,9113.0,3113.0,525.0,281.0,944.0,0.0,125.0,38.0,2024-05-01,0,1
2024,6,A3523,BILBAO - Hospital Galdakao Ospitalea - GERNIKA LUMO - AULESTI - LEKEITIO,14590.0,8967.0,3189.0,236.0,166.0,885.0,2.0,113.0,38.0,2024-06-01,0,1
2024,7,A3523,BILBAO - Hospital Galdakao Ospitalea - GERNIKA LUMO - AULESTI - LEKEITIO,16181.0,10494.0,3276.0,135.0,138.0,954.0,6.0,187.0,48.0,2024-07-01,0,1
2024,8,A3523,BILBAO - Hospital Galdakao Ospitalea - GERNIKA LUMO - AULESTI - LEKEITIO,15270.0,10005.0,3031.0,116.0,88.0,1143.0,5.0,156.0,30.0,2024-08-01,0,1
2024,9,A3523,BILBAO - Hospital Galdakao Ospitalea - GERNIKA LUMO - AULESTI - LEKEITIO,16628.0,10266.0,3176.0,593.0,401.0,1000.0,1.0,92.0,87.0,2024-09-01,0,1
2024,10,A3523,BILBAO - Hospital Galdakao Ospitalea - GERNIKA LUMO - AULESTI - LEKEITIO,15923.0,9175.0,3208.0,835.0,589.0,691.0,0.0,123.0,67.0,2024-10-01,0,1
2024,11,A3523,BILBAO - Hospital Galdakao Ospitalea - GERNIKA LUMO - AULESTI - LEKEITIO,14816.0,8924.0,2976.0,757.0,537.0,490.0,0.0,160.0,60.0,2024-11-01,0,1
2024,12,A3523,BILBAO - Hospital Galdakao Ospitalea - GERNIKA LUMO - AULESTI - LEKEITIO,13639.0,8641.0,2857.0,432.0,305.0,430.0,0.0,111.0,42.0,2024-12-01,0,1
2025,1,A3523,BILBAO - Hospital Galdakao Ospitalea - GERNIKA LUMO - AULESTI - LEKEITIO,12531.0,7862.0,2522.0,373.0,255.0,463.0,0.0,109.0,78.0,2025-01-01,0,1
2025,2,A3523,BILBAO - Hospital Galdakao Ospitalea - GERNIKA LUMO - AULESTI - LEKEITIO,16486.0,9606.0,3445.0,926.0,630.0,425.0,0.0,108.0,80.0,2025-02-01,0,1
2025,3,A3523,BILBAO - Hospital Galdakao Ospitalea - GERNIKA LUMO - AULESTI - LEKEITIO,16323.0,9653.0,3328.0,860.0,626.0,466.0,0.0,107.0,88.0,2025-03-01,0,1
2025,4,A3523,BILBAO - Hospital Galdakao Ospitalea - GERNIKA LUMO - AULESTI - LEKEITIO,15665.0,9579.0,3335.0,440.0,466.0,647.0,0.0,135.0,60.0,2025-04-01,0,1
2025,5,A3523,BILBAO - Hospital Galdakao Ospitalea - GERNIKA LUMO - AULESTI - LEKEITIO,16557.0,10184.0,3502.0,450.0,401.0,746.0,1.0,126.0,51.0,2025-05-01,0,1
2025,6,A3523,BILBAO - Hospital Galdakao Ospitalea - GERNIKA LUMO - AULESTI - LEKEITIO,17085.0,10642.0,3549.0,222.0,376.0,690.0,8.0,137.0,52.0,2025-06-01,0,1
2025,7,A3523,BILBAO - Hospital Galdakao Ospitalea - GERNIKA LUMO - AULESTI - LEKEITIO,16969.0,11231.0,3229.0,123.0,285.0,785.0,0.0,149.0,46.0,2025-07-01,0,1
2025,8,A3523,BILBAO - Hospital Galdakao Ospitalea - GERNIKA LUMO - AULESTI - LEKEITIO,16051.0,10473.0,3222.0,96.0,234.0,980.0,18.0,132.0,40.0,2025-08-01,0,1
2025,9,A3523,BILBAO - Hospital Galdakao Ospitalea - GERNIKA LUMO - AULESTI - LEKEITIO,18620.0,11607.0,3436.0,612.0,634.0,850.0,0.0,136.0,65.0,2025-09-01,0,1
2025,10,A3523,BILBAO - Hospital Galdakao Ospitalea - GERNIKA LUMO - AULESTI - LEKEITIO,18329.0,10967.0,3682.0,755.0,703.0,609.0,0.0,135.0,60.0,2025-10-01,0,1
2025,11,A3523,BILBAO - Hospital Galdakao Ospitalea - GERNIKA LUMO - AULESTI - LEKEITIO,16255.0,9734.0,3326.0,724.0,633.0,363.0,1.0,92.0,56.0,2025-11-01,0,1
2025,12,A3523,BILBAO - Hospital Galdakao Ospitalea - GERNIKA LUMO - AULESTI - LEKEITIO,15303.0,9673.0,3127.0,375.0,379.0,387.0,0.0,130.0,41.0,2025-12-01,0,1
2020,1,A3513,BILBAO - Hospital Galdakao Ospitalea - GERNIKA LUMO - EA - LEKEITIO,13784.0,7409.0,3394.0,579.0,323.0,1399.0,38.0,106.0,104.0,2020-01-01,1,0
2020,2,A3513,BILBAO - Hospital Galdakao Ospitalea - GERNIKA LUMO - EA - LEKEITIO,14819.0,7915.0,3707.0,752.0,333.0,1492.0,1.0,125.0,90.0,2020-02-01,1,0
2020,3,A3513,BILBAO - Hospital Galdakao Ospitalea - GERNIKA LUMO - EA - LEKEITIO,6931.0,3975.0,1577.0,351.0,146.0,584.0,0.0,38.0,41.0,2020-03-01,1,0
2020,4,A3513,BILBAO - Hospital Galdakao Ospitalea - GERNIKA LUMO - EA - LEKEITIO,1670.0,1446.0,198.0,10.0,,0.0,0.0,0.0,3.0,2020-04-01,1,0
2020,5,A3513,BILBAO - Hospital Galdakao Ospitalea - GERNIKA LUMO - EA - LEKEITIO,4723.0,3722.0,922.0,4.0,14.0,0.0,0.0,4.0,6.0,2020-05-01,1,0
2020,6,A3513,BILBAO - Hospital Galdakao Ospitalea - GERNIKA LUMO - EA - LEKEITIO,10508.0,7951.0,2083.0,56.0,98.0,0.0,0.0,20.0,11.0,2020-06-01,1,0
2020,7,A3513,BILBAO - Hospital Galdakao Ospitalea - GERNIKA LUMO - EA - LEKEITIO,14270.0,11051.0,2422.0,70.0,89.0,0.0,0.0,26.0,28.0,2020-07-01,1,0
2020,8,A3513,BILBAO - Hospital Galdakao Ospitalea - GERNIKA LUMO - EA - LEKEITIO,13191.0,10455.0,2048.0,65.0,79.0,0.0,0.0,59.0,56.0,2020-08-01,1,0
2020,9,A3513,BILBAO - Hospital Galdakao Ospitalea - GERNIKA LUMO - EA - LEKEITIO,13308.0,9482.0,2547.0,457.0,173.0,0.0,0.0,35.0,35.0,2020-09-01,1,0
2020,10,A3513,BILBAO - Hospital Galdakao Ospitalea - GERNIKA LUMO - EA - LEKEITIO,11453.0,7788.0,2231.0,663.0,252.0,0.0,0.0,12.0,16.0,2020-10-01,1,0
2020,11,A3513,BILBAO - Hospital Galdakao Ospitalea - GERNIKA LUMO - EA - LEKEITIO,8882.0,5947.0,1628.0,648.0,216.0,0.0,0.0,9.0,24.0,2020-11-01,1,0
2020,12,A3513,BILBAO - Hospital Galdakao Ospitalea - GERNIKA LUMO - EA - LEKEITIO,9595.0,6901.0,1733.0,338.0,173.0,64.0,0.0,18.0,24.0,2020-12-01,1,0
2021,1,A3513,BILBAO - Hospital Galdakao Ospitalea - GERNIKA LUMO - EA - LEKEITIO,8290.0,5880.0,1354.0,334.0,149.0,215.0,0.0,33.0,38.0,2021-01-01,1,0
2021,2,A3513,BILBAO - Hospital Galdakao Ospitalea - GERNIKA LUMO - EA - LEKEITIO,8778.0,6007.0,1400.0,436.0,222.0,314.0,0.0,34.0,34.0,2021-02-01,1,0
2021,3,A3513,BILBAO - Hospital Galdakao Ospitalea - GERNIKA LUMO - EA - LEKEITIO,12402.0,8325.0,2212.0,518.0,242.0,569.0,0.0,49.0,48.0,2021-03-01,1,0
2021,4,A3513,BILBAO - Hospital Galdakao Ospitalea - GERNIKA LUMO - EA - LEKEITIO,12194.0,8139.0,2130.0,396.0,201.0,767.0,0.0,78.0,57.0,2021-04-01,1,0
2021,5,A3513,BILBAO - Hospital Galdakao Ospitalea - GERNIKA LUMO - EA - LEKEITIO,12420.0,8085.0,2755.0,310.0,188.0,650.0,5.0,62.0,56.0,2021-05-01,1,0
2021,6,A3513,BILBAO - Hospital Galdakao Ospitalea - GERNIKA LUMO - EA - LEKEITIO,13580.0,9171.0,2732.0,115.0,152.0,886.0,2.0,58.0,83.0,2021-06-01,1,0
2021,7,A3513,BILBAO - Hospital Galdakao Ospitalea - GERNIKA LUMO - EA - LEKEITIO,15321.0,10401.0,2757.0,52.0,149.0,1286.0,0.0,139.0,62.0,2021-07-01,1,0
2021,8,A3513,BILBAO - Hospital Galdakao Ospitalea - GERNIKA LUMO - EA - LEKEITIO,15654.0,10530.0,2825.0,26.0,135.0,1468.0,7.0,125.0,71.0,2021-08-01,1,0
2021,9,A3513,BILBAO - Hospital Galdakao Ospitalea - GERNIKA LUMO - EA - LEKEITIO,12663.0,8028.0,2654.0,356.0,158.0,927.0,2.0,68.0,56.0,2021-09-01,1,0
2021,10,A3513,BILBAO - Hospital Galdakao Ospitalea - GERNIKA LUMO - EA - LEKEITIO,13848.0,8320.0,3150.0,678.0,214.0,999.0,0.0,41.0,69.0,2021-10-01,1,0
2021,11,A3513,BILBAO - Hospital Galdakao Ospitalea - GERNIKA LUMO - EA - LEKEITIO,12565.0,7755.0,2557.0,747.0,237.0,754.0,0.0,29.0,60.0,2021-11-01,1,0
2021,12,A3513,BILBAO - Hospital Galdakao Ospitalea - GERNIKA LUMO - EA - LEKEITIO,11684.0,7634.0,2227.0,401.0,150.0,840.0,0.0,47.0,77.0,2021-12-01,1,0
2022,1,A3513,BILBAO - Hospital Galdakao Ospitalea - GERNIKA LUMO - EA - LEKEITIO,11169.0,7266.0,2284.0,341.0,134.0,720.0,0.0,37.0,61.0,2022-01-01,0,0
2022,2,A3513,BILBAO - Hospital Galdakao Ospitalea - GERNIKA LUMO - EA - LEKEITIO,11986.0,7423.0,2363.0,645.0,196.0,838.0,0.0,61.0,69.0,2022-02-01,0,0
2022,3,A3513,BILBAO - Hospital Galdakao Ospitalea - GERNIKA LUMO - EA - LEKEITIO,14312.0,8783.0,2980.0,766.0,192.0,1009.0,0.0,47.0,39.0,2022-03-01,0,0
2022,4,A3513,BILBAO - Hospital Galdakao Ospitalea - GERNIKA LUMO - EA - LEKEITIO,13901.0,8779.0,2807.0,426.0,137.0,1152.0,1.0,81.0,67.0,2022-04-01,0,0
2022,5,A3513,BILBAO - Hospital Galdakao Ospitalea - GERNIKA LUMO - EA - LEKEITIO,15002.0,9154.0,3406.0,538.0,168.0,1090.0,0.0,93.0,70.0,2022-05-01,0,0
2022,6,A3513,BILBAO - Hospital Galdakao Ospitalea - GERNIKA LUMO - EA - LEKEITIO,15546.0,9753.0,3427.0,187.0,164.0,1345.0,2.0,110.0,82.0,2022-06-01,0,0
2022,7,A3513,BILBAO - Hospital Galdakao Ospitalea - GERNIKA LUMO - EA - LEKEITIO,18638.0,12277.0,3273.0,104.0,157.0,2041.0,0.0,137.0,66.0,2022-07-01,0,0
2022,8,A3513,BILBAO - Hospital Galdakao Ospitalea - GERNIKA LUMO - EA - LEKEITIO,17991.0,11553.0,3357.0,109.0,176.0,2082.0,4.0,119.0,108.0,2022-08-01,0,0
2022,9,A3513,BILBAO - Hospital Galdakao Ospitalea - GERNIKA LUMO - EA - LEKEITIO,20759.0,14134.0,3568.0,399.0,336.0,1295.0,0.0,78.0,98.0,2022-09-01,0,1
2022,10,A3513,BILBAO - Hospital Galdakao Ospitalea - GERNIKA LUMO - EA - LEKEITIO,16045.0,10033.0,3618.0,515.0,391.0,794.0,2.0,54.0,89.0,2022-10-01,0,1
2022,11,A3513,BILBAO - Hospital Galdakao Ospitalea - GERNIKA LUMO - EA - LEKEITIO,13071.0,8263.0,2869.0,439.0,324.0,578.0,5.0,48.0,69.0,2022-11-01,0,1
2022,12,A3513,BILBAO - Hospital Galdakao Ospitalea - GERNIKA LUMO - EA - LEKEITIO,12229.0,7983.0,2567.0,214.0,309.0,620.0,1.0,45.0,68.0,2022-12-01,0,1
2023,1,A3513,BILBAO - Hospital Galdakao Ospitalea - GERNIKA LUMO - EA - LEKEITIO,11610.0,7760.0,2302.0,246.0,310.0,480.0,1.0,56.0,48.0,2023-01-01,0,1
2023,2,A3513,BILBAO - Hospital Galdakao Ospitalea - GERNIKA LUMO - EA - LEKEITIO,11865.0,7729.0,2346.0,390.0,384.0,535.0,0.0,50.0,55.0,2023-02-01,0,1
2023,3,A3513,BILBAO - Hospital Galdakao Ospitalea - GERNIKA LUMO - EA - LEKEITIO,13371.0,8245.0,3028.0,454.0,515.0,562.0,0.0,56.0,57.0,2023-03-01,0,1
2023,4,A3513,BILBAO - Hospital Galdakao Ospitalea - GERNIKA LUMO - EA - LEKEITIO,15340.0,9964.0,3272.0,274.0,319.0,899.0,3.0,90.0,66.0,2023-04-01,0,1
2023,5,A3513,BILBAO - Hospital Galdakao Ospitalea - GERNIKA LUMO - EA - LEKEITIO,15955.0,10341.0,3476.0,335.0,334.0,786.0,0.0,91.0,86.0,2023-05-01,0,1
2023,6,A3513,BILBAO - Hospital Galdakao Ospitalea - GERNIKA LUMO - EA - LEKEITIO,16573.0,10765.0,3806.0,194.0,240.0,902.0,1.0,114.0,53.0,2023-06-01,0,1
2023,7,A3513,BILBAO - Hospital Galdakao Ospitalea - GERNIKA LUMO - EA - LEKEITIO,19982.0,13865.0,3680.0,114.0,150.0,1335.0,0.0,161.0,57.0,2023-07-01,0,1
2023,8,A3513,BILBAO - Hospital Galdakao Ospitalea - GERNIKA LUMO - EA - LEKEITIO,19804.0,13758.0,3697.0,96.0,162.0,1436.0,2.0,133.0,64.0,2023-08-01,0,1
2023,9,A3513,BILBAO - Hospital Galdakao Ospitalea - GERNIKA LUMO - EA - LEKEITIO,22262.0,15301.0,3978.0,561.0,384.0,1008.0,0.0,116.0,114.0,2023-09-01,0,1
2023,10,A3513,BILBAO - Hospital Galdakao Ospitalea - GERNIKA LUMO - EA - LEKEITIO,18883.0,11777.0,4097.0,757.0,536.0,844.0,0.0,125.0,95.0,2023-10-01,0,1
2023,11,A3513,BILBAO - Hospital Galdakao Ospitalea - GERNIKA LUMO - EA - LEKEITIO,17100.0,10910.0,3531.0,771.0,527.0,561.0,0.0,106.0,60.0,2023-11-01,0,1
2023,12,A3513,BILBAO - Hospital Galdakao Ospitalea - GERNIKA LUMO - EA - LEKEITIO,15175.0,10106.0,3068.0,375.0,348.0,575.0,0.0,120.0,60.0,2023-12-01,0,1
2024,1,A3513,BILBAO - Hospital Galdakao Ospitalea - GERNIKA LUMO - EA - LEKEITIO,15.404,9.796,3.159,537.0,393.0,556.0,0.0,75.0,70.0,2024-01-01,0,1
2024,2,A3513,BILBAO - Hospital Galdakao Ospitalea - GERNIKA LUMO - EA - LEKEITIO,16105.0,10129.0,3294.0,646.0,429.0,591.0,0.0,86.0,59.0,2024-02-01,0,1
2024,3,A3513,BILBAO - Hospital Galdakao Ospitalea - GERNIKA LUMO - EA - LEKEITIO,16999.0,10636.0,3544.0,600.0,405.0,671.0,0.0,83.0,55.0,2024-03-01,0,1
2024,4,A3513,BILBAO - Hospital Galdakao Ospitalea - GERNIKA LUMO - EA - LEKEITIO,17602.0,10907.0,3607.0,663.0,402.0,811.0,0.0,142.0,53.0,2024-04-01,0,1
2024,5,A3513,BILBAO - Hospital Galdakao Ospitalea - GERNIKA LUMO - EA - LEKEITIO,18274.0,11232.0,4001.0,518.0,358.0,836.0,0.0,131.0,60.0,2024-05-01,0,1
2024,6,A3513,BILBAO - Hospital Galdakao Ospitalea - GERNIKA LUMO - EA - LEKEITIO,18049.0,11621.0,3969.0,265.0,222.0,829.0,1.0,109.0,62.0,2024-06-01,0,1
2024,7,A3513,BILBAO - Hospital Galdakao Ospitalea - GERNIKA LUMO - EA - LEKEITIO,22591.0,15405.0,4145.0,186.0,157.0,1234.0,2.0,202.0,110.0,2024-07-01,0,1
2024,8,A3513,BILBAO - Hospital Galdakao Ospitalea - GERNIKA LUMO - EA - LEKEITIO,21189.0,14465.0,3966.0,162.0,117.0,1426.0,5.0,142.0,77.0,2024-08-01,0,1
2024,9,A3513,BILBAO - Hospital Galdakao Ospitalea - GERNIKA LUMO - EA - LEKEITIO,22520.0,14836.0,4269.0,681.0,366.0,1035.0,0.0,113.0,109.0,2024-09-01,0,1
2024,10,A3513,BILBAO - Hospital Galdakao Ospitalea - GERNIKA LUMO - EA - LEKEITIO,19168.0,11568.0,3918.0,889.0,563.0,756.0,1.0,128.0,115.0,2024-10-01,0,1
2024,11,A3513,BILBAO - Hospital Galdakao Ospitalea - GERNIKA LUMO - EA - LEKEITIO,17838.0,10808.0,3595.0,899.0,508.0,595.0,1.0,108.0,90.0,2024-11-01,0,1
2024,12,A3513,BILBAO - Hospital Galdakao Ospitalea - GERNIKA LUMO - EA - LEKEITIO,16623.0,10692.0,3380.0,516.0,341.0,559.0,0.0,123.0,99.0,2024-12-01,0,1
2025,1,A3513,BILBAO - Hospital Galdakao Ospitalea - GERNIKA LUMO - EA - LEKEITIO,15133.0,9442.0,3000.0,547.0,340.0,517.0,0.0,124.0,120.0,2025-01-01,0,1
2025,2,A3513,BILBAO - Hospital Galdakao Ospitalea - GERNIKA LUMO - EA - LEKEITIO,19306.0,11996.0,3677.0,973.0,615.0,429.0,0.0,114.0,90.0,2025-02-01,0,1
2025,3,A3513,BILBAO - Hospital Galdakao Ospitalea - GERNIKA LUMO - EA - LEKEITIO,19246.0,11978.0,3888.0,794.0,598.0,553.0,0.0,131.0,62.0,2025-03-01,0,1
2025,4,A3513,BILBAO - Hospital Galdakao Ospitalea - GERNIKA LUMO - EA - LEKEITIO,19474.0,12518.0,3857.0,561.0,485.0,712.0,0.0,148.0,74.0,2025-04-01,0,1
2025,5,A3513,BILBAO - Hospital Galdakao Ospitalea - GERNIKA LUMO - EA - LEKEITIO,20513.0,13107.0,4230.0,495.0,435.0,795.0,3.0,139.0,45.0,2025-05-01,0,1
2025,6,A3513,BILBAO - Hospital Galdakao Ospitalea - GERNIKA LUMO - EA - LEKEITIO,19682.0,12838.0,4021.0,241.0,306.0,732.0,2.0,113.0,65.0,2025-06-01,0,1
2025,7,A3513,BILBAO - Hospital Galdakao Ospitalea - GERNIKA LUMO - EA - LEKEITIO,22901.0,15993.0,3980.0,170.0,218.0,1047.0,0.0,170.0,90.0,2025-07-01,0,1
2025,8,A3513,BILBAO - Hospital Galdakao Ospitalea - GERNIKA LUMO - EA - LEKEITIO,22494.0,15640.0,4014.0,112.0,183.0,1319.0,0.0,161.0,83.0,2025-08-01,0,1
2025,9,A3513,BILBAO - Hospital Galdakao Ospitalea - GERNIKA LUMO - EA - LEKEITIO,25315.0,17294.0,4407.0,561.0,482.0,777.0,0.0,134.0,91.0,2025-09-01,0,1
2025,10,A3513,BILBAO - Hospital Galdakao Ospitalea - GERNIKA LUMO - EA - LEKEITIO,20513.0,12600.0,4240.0,809.0,721.0,527.0,0.0,100.0,46.0,2025-10-01,0,1
2025,11,A3513,BILBAO - Hospital Galdakao Ospitalea - GERNIKA LUMO - EA - LEKEITIO,17876.0,10903.0,3596.0,779.0,668.0,430.0,0.0,87.0,69.0,2025-11-01,0,1
2025,12,A3513,BILBAO - Hospital Galdakao Ospitalea - GERNIKA LUMO - EA - LEKEITIO,17248.0,10989.0,3491.0,510.0,424.0,436.0,0.0,127.0,55.0,2025-12-01,0,1
2020,1,A3911,BILBAO - Hospital Galdakao Ospitalea - LEMOA - DURANGO - ELORRIO,52958.0,30734.0,10161.0,3117.0,1370.0,4566.0,1.0,476.0,427.0,2020-01-01,1,0
2020,2,A3911,BILBAO - Hospital Galdakao Ospitalea - LEMOA - DURANGO - ELORRIO,54042.0,31062.0,10672.0,3100.0,1447.0,4674.0,1.0,464.0,375.0,2020-02-01,1,0
2020,3,A3911,BILBAO - Hospital Galdakao Ospitalea - LEMOA - DURANGO - ELORRIO,25869.0,16011.0,4091.0,1497.0,774.0,2046.0,0.0,158.0,165.0,2020-03-01,1,0
2020,4,A3911,BILBAO - Hospital Galdakao Ospitalea - LEMOA - DURANGO - ELORRIO,5719.0,5012.0,523.0,43.0,20.0,0.0,0.0,2.0,7.0,2020-04-01,1,0
2020,5,A3911,BILBAO - Hospital Galdakao Ospitalea - LEMOA - DURANGO - ELORRIO,13262.0,10673.0,1993.0,140.0,65.0,0.0,0.0,2.0,5.0,2020-05-01,1,0
2020,6,A3911,BILBAO - Hospital Galdakao Ospitalea - LEMOA - DURANGO - ELORRIO,28816.0,22258.0,4787.0,378.0,360.0,0.0,0.0,68.0,63.0,2020-06-01,1,0
2020,7,A3911,BILBAO - Hospital Galdakao Ospitalea - LEMOA - DURANGO - ELORRIO,33814.0,25664.0,5341.0,490.0,1071.0,0.0,0.0,134.0,128.0,2020-07-01,1,0
2020,8,A3911,BILBAO - Hospital Galdakao Ospitalea - LEMOA - DURANGO - ELORRIO,26013.0,19680.0,4184.0,316.0,691.0,0.0,0.0,174.0,143.0,2020-08-01,1,0
2020,9,A3911,BILBAO - Hospital Galdakao Ospitalea - LEMOA - DURANGO - ELORRIO,35760.0,26338.0,5427.0,1438.0,846.0,0.0,0.0,108.0,138.0,2020-09-01,1,0
2020,10,A3911,BILBAO - Hospital Galdakao Ospitalea - LEMOA - DURANGO - ELORRIO,38405.0,27121.0,5352.0,2656.0,1202.0,0.0,0.0,115.0,138.0,2020-10-01,1,0
2020,11,A3911,BILBAO - Hospital Galdakao Ospitalea - LEMOA - DURANGO - ELORRIO,34594.0,24605.0,4057.0,2724.0,1152.0,0.0,0.0,85.0,117.0,2020-11-01,1,0
2020,12,A3911,BILBAO - Hospital Galdakao Ospitalea - LEMOA - DURANGO - ELORRIO,33162.0,24179.0,4525.0,1691.0,818.0,154.0,0.0,95.0,128.0,2020-12-01,1,0
2021,1,A3911,BILBAO - Hospital Galdakao Ospitalea - LEMOA - DURANGO - ELORRIO,32539.0,23233.0,4020.0,1890.0,882.0,665.0,0.0,119.0,211.0,2021-01-01,1,0
2021,2,A3911,BILBAO - Hospital Galdakao Ospitalea - LEMOA - DURANGO - ELORRIO,32059.0,22497.0,3644.0,2063.0,925.0,1010.0,4.0,178.0,216.0,2021-02-01,1,0
2021,3,A3911,BILBAO - Hospital Galdakao Ospitalea - LEMOA - DURANGO - ELORRIO,38724.0,26008.0,5305.0,2450.0,1069.0,1676.0,0.0,194.0,283.0,2021-03-01,1,0
2021,4,A3911,BILBAO - Hospital Galdakao Ospitalea - LEMOA - DURANGO - ELORRIO,36321.0,23799.0,5584.0,2011.0,1339.0,1594.0,1.0,244.0,234.0,2021-04-01,1,0
2021,5,A3911,BILBAO - Hospital Galdakao Ospitalea - LEMOA - DURANGO - ELORRIO,41323.0,26376.0,6988.0,2151.0,1674.0,1964.0,1.0,255.0,273.0,2021-05-01,1,0
2021,6,A3911,BILBAO - Hospital Galdakao Ospitalea - LEMOA - DURANGO - ELORRIO,46333.0,31293.0,7647.0,1436.0,1240.0,2357.0,1.0,355.0,329.0,2021-06-01,1,0
2021,7,A3911,BILBAO - Hospital Galdakao Ospitalea - LEMOA - DURANGO - ELORRIO,38023.0,26088.0,6083.0,589.0,909.0,2390.0,5.0,435.0,224.0,2021-07-01,1,0
2021,8,A3911,BILBAO - Hospital Galdakao Ospitalea - LEMOA - DURANGO - ELORRIO,29635.0,19626.0,4899.0,418.0,812.0,2315.0,2.0,388.0,198.0,2021-08-01,1,0
2021,9,A3911,BILBAO - Hospital Galdakao Ospitalea - LEMOA - DURANGO - ELORRIO,43643.0,27586.0,6791.0,2578.0,1247.0,2947.0,1.0,382.0,258.0,2021-09-01,1,0
2021,10,A3911,BILBAO - Hospital Galdakao Ospitalea - LEMOA - DURANGO - ELORRIO,45820.0,28257.0,7380.0,3067.0,1799.0,2865.0,3.0,339.0,237.0,2021-10-01,1,0
2021,11,A3911,BILBAO - Hospital Galdakao Ospitalea - LEMOA - DURANGO - ELORRIO,45989.0,28044.0,7287.0,3325.0,1945.0,2816.0,1.0,275.0,273.0,2021-11-01,1,0
2021,12,A3911,BILBAO - Hospital Galdakao Ospitalea - LEMOA - DURANGO - ELORRIO,40942.0,26082.0,6827.0,2039.0,1211.0,2652.0,0.0,340.0,236.0,2021-12-01,1,0
2022,1,A3911,BILBAO - Hospital Galdakao Ospitalea - LEMOA - DURANGO - ELORRIO,38315.0,24073.0,6074.0,2511.0,1099.0,2420.0,2.0,301.0,238.0,2022-01-01,0,0
2022,2,A3911,BILBAO - Hospital Galdakao Ospitalea - LEMOA - DURANGO - ELORRIO,40327.0,24834.0,6723.0,2786.0,1157.0,2578.0,0.0,299.0,250.0,2022-02-01,0,0
2022,3,A3911,BILBAO - Hospital Galdakao Ospitalea - LEMOA - DURANGO - ELORRIO,47877.0,29828.0,8028.0,3147.0,1391.0,2816.0,2.0,444.0,289.0,2022-03-01,0,0
2022,4,A3911,BILBAO - Hospital Galdakao Ospitalea - LEMOA - DURANGO - ELORRIO,35039.0,22190.0,6041.0,1729.0,742.0,2390.0,0.0,382.0,240.0,2022-04-01,0,0
2022,5,A3911,BILBAO - Hospital Galdakao Ospitalea - LEMOA - DURANGO - ELORRIO,43771.0,27471.0,7467.0,2405.0,1007.0,2933.0,0.0,434.0,275.0,2022-05-01,0,0
2022,6,A3911,BILBAO - Hospital Galdakao Ospitalea - LEMOA - DURANGO - ELORRIO,44211.0,28623.0,8150.0,1348.0,658.0,3125.0,0.0,414.0,237.0,2022-06-01,0,0
2022,7,A3911,BILBAO - Hospital Galdakao Ospitalea - LEMOA - DURANGO - ELORRIO,36314.0,23671.0,6655.0,786.0,353.0,2999.0,2.0,469.0,219.0,2022-07-01,0,0
2022,8,A3911,BILBAO - Hospital Galdakao Ospitalea - LEMOA - DURANGO - ELORRIO,35451.0,23514.0,6049.0,556.0,340.0,3007.0,20.0,643.0,284.0,2022-08-01,0,0
2022,9,A3911,BILBAO - Hospital Galdakao Ospitalea - LEMOA - DURANGO - ELORRIO,46674.0,30396.0,7770.0,2635.0,1232.0,2122.0,3.0,564.0,214.0,2022-09-01,0,1
2022,10,A3911,BILBAO - Hospital Galdakao Ospitalea - LEMOA - DURANGO - ELORRIO,51173.0,32832.0,8851.0,3149.0,1528.0,1952.0,0.0,477.0,301.0,2022-10-01,0,1
2022,11,A3911,BILBAO - Hospital Galdakao Ospitalea - LEMOA - DURANGO - ELORRIO,51745.0,33016.0,8991.0,3137.0,1611.0,1952.0,0.0,477.0,301.0,2022-11-01,0,1
2022,12,A3911,BILBAO - Hospital Galdakao Ospitalea - LEMOA - DURANGO - ELORRIO,47245.0,31092.0,8101.0,2319.0,1220.0,1849.0,0.0,527.0,323.0,2022-12-01,0,1
2023,1,A3911,BILBAO - Hospital Galdakao Ospitalea - LEMOA - DURANGO - ELORRIO,49169.0,32660.0,8215.0,2710.0,1259.0,1678.0,1.0,438.0,257.0,2023-01-01,0,1
2023,2,A3911,BILBAO - Hospital Galdakao Ospitalea - LEMOA - DURANGO - ELORRIO,51066.0,33254.0,8998.0,2819.0,1361.0,1799.0,2.0,454.0,285.0,2023-02-01,0,1
2023,3,A3911,BILBAO - Hospital Galdakao Ospitalea - LEMOA - DURANGO - ELORRIO,58091.0,37797.0,10381.0,3079.0,1572.0,1845.0,3.0,616.0,348.0,2023-03-01,0,1
2023,4,A3911,BILBAO - Hospital Galdakao Ospitalea - LEMOA - DURANGO - ELORRIO,43363.0,29063.0,7621.0,1769.0,935.0,1483.0,0.0,523.0,275.0,2023-04-01,0,1
2023,5,A3911,BILBAO - Hospital Galdakao Ospitalea - LEMOA - DURANGO - ELORRIO,55103.0,36312.0,9545.0,2683.0,1379.0,1794.0,0.0,559.0,361.0,2023-05-01,0,1
2023,6,A3911,BILBAO - Hospital Galdakao Ospitalea - LEMOA - DURANGO - ELORRIO,53340.0,36173.0,9614.0,1432.0,1008.0,1989.0,5.0,659.0,282.0,2023-06-01,0,1
2023,7,A3911,BILBAO - Hospital Galdakao Ospitalea - LEMOA - DURANGO - ELORRIO,43117.0,30154.0,7394.0,610.0,690.0,1794.0,4.0,659.0,278.0,2023-07-01,0,1
2023,8,A3911,BILBAO - Hospital Galdakao Ospitalea - LEMOA - DURANGO - ELORRIO,40143.0,28683.0,6547.0,445.0,587.0,1627.0,2.0,719.0,258.0,2023-08-01,0,1
2023,9,A3911,BILBAO - Hospital Galdakao Ospitalea - LEMOA - DURANGO - ELORRIO,54286.0,36334.0,8671.0,2576.0,1437.0,1821.0,2.0,594.0,286.0,2023-09-01,0,1
2023,10,A3911,BILBAO - Hospital Galdakao Ospitalea - LEMOA - DURANGO - ELORRIO,59499.0,38981.0,9759.0,3151.0,1819.0,1984.0,1.0,598.0,316.0,2023-10-01,0,1
2023,11,A3911,BILBAO - Hospital Galdakao Ospitalea - LEMOA - DURANGO - ELORRIO,58729.0,38007.0,9927.0,3192.0,1998.0,1812.0,1.0,472.0,340.0,2023-11-01,0,1
2023,12,A3911,BILBAO - Hospital Galdakao Ospitalea - LEMOA - DURANGO - ELORRIO,53254.0,35367.0,9181.0,2241.0,1397.0,1788.0,1.0,553.0,389.0,2023-12-01,0,1
2024,1,A3911,BILBAO - Hospital Galdakao Ospitalea - LEMOA - DURANGO - ELORRIO,57.249,35679.0,9774.0,3205.0,1524.0,1988.0,7.0,479.0,302.0,2024-01-01,0,1
2024,2,A3911,BILBAO - Hospital Galdakao Ospitalea - LEMOA - DURANGO - ELORRIO,58800.0,38057.0,9653.0,2748.0,1517.0,1819.0,3.0,439.0,350.0,2024-02-01,0,1
2024,3,A3911,BILBAO - Hospital Galdakao Ospitalea - LEMOA - DURANGO - ELORRIO,54114.0,34046.0,9138.0,2604.0,1630.0,1640.0,0.0,504.0,373.0,2024-03-01,0,1
2024,4,A3911,BILBAO - Hospital Galdakao Ospitalea - LEMOA - DURANGO - ELORRIO,57371.0,36457.0,9259.0,2544.0,1717.0,1642.0,0.0,544.0,382.0,2024-04-01,0,1
2024,5,A3911,BILBAO - Hospital Galdakao Ospitalea - LEMOA - DURANGO - ELORRIO,60829.0,38355.0,9966.0,2512.0,1763.0,1737.0,2.0,626.0,526.0,2024-05-01,0,1
2024,6,A3911,BILBAO - Hospital Galdakao Ospitalea - LEMOA - DURANGO - ELORRIO,58928.0,38449.0,9822.0,1527.0,1395.0,1851.0,0.0,572.0,514.0,2024-06-01,0,1
2024,7,A3911,BILBAO - Hospital Galdakao Ospitalea - LEMOA - DURANGO - ELORRIO,53489.0,35689.0,8766.0,809.0,1093.0,1749.0,0.0,755.0,355.0,2024-07-01,0,1
2024,8,A3911,BILBAO - Hospital Galdakao Ospitalea - LEMOA - DURANGO - ELORRIO,44627.0,30370.0,7178.0,517.0,801.0,1566.0,0.0,628.0,309.0,2024-08-01,0,1
2024,9,A3911,BILBAO - Hospital Galdakao Ospitalea - LEMOA - DURANGO - ELORRIO,61101.0,38249.0,9205.0,2792.0,2016.0,1845.0,2.0,644.0,412.0,2024-09-01,0,1
2024,10,A3911,BILBAO - Hospital Galdakao Ospitalea - LEMOA - DURANGO - ELORRIO,67359.0,40813.0,10193.0,3639.0,2724.0,1824.0,1.0,583.0,384.0,2024-10-01,0,1
2024,11,A3911,BILBAO - Hospital Galdakao Ospitalea - LEMOA - DURANGO - ELORRIO,63086.0,36950.0,10599.0,3149.0,2993.0,1578.0,0.0,554.0,407.0,2024-11-01,0,1
2024,12,A3911,BILBAO - Hospital Galdakao Ospitalea - LEMOA - DURANGO - ELORRIO,59688.0,36493.0,9792.0,2378.0,2155.0,1799.0,0.0,638.0,400.0,2024-12-01,0,1
2025,1,A3911,BILBAO - Hospital Galdakao Ospitalea - LEMOA - DURANGO - ELORRIO,62063.0,38138.0,9746.0,2915.0,2205.0,1565.0,0.0,513.0,364.0,2025-01-01,0,1
2025,2,A3911,BILBAO - Hospital Galdakao Ospitalea - LEMOA - DURANGO - ELORRIO,63952.0,38127.0,10584.0,3139.0,2323.0,1807.0,0.0,552.0,382.0,2025-02-01,0,1
2025,3,A3911,BILBAO - Hospital Galdakao Ospitalea - LEMOA - DURANGO - ELORRIO,65481.0,39196.0,10295.0,3007.0,2708.0,1625.0,4.0,627.0,363.0,2025-03-01,0,1
2025,4,A3911,BILBAO - Hospital Galdakao Ospitalea - LEMOA - DURANGO - ELORRIO,55774.0,33307.0,9392.0,1991.0,2213.0,1410.0,1.0,599.0,317.0,2025-04-01,0,1
2025,5,A3911,BILBAO - Hospital Galdakao Ospitalea - LEMOA - DURANGO - ELORRIO,63926.0,38119.0,10693.0,2515.0,2268.0,1356.0,1.0,790.0,443.0,2025-05-01,0,1
2025,6,A3911,BILBAO - Hospital Galdakao Ospitalea - LEMOA - DURANGO - ELORRIO,57175.0,35241.0,9662.0,1488.0,1542.0,1342.0,3.0,700.0,321.0,2025-06-01,0,1
2025,7,A3911,BILBAO - Hospital Galdakao Ospitalea - LEMOA - DURANGO - ELORRIO,55336.0,35239.0,9258.0,844.0,1410.0,1452.0,1.0,847.0,317.0,2025-07-01,0,1
2025,8,A3911,BILBAO - Hospital Galdakao Ospitalea - LEMOA - DURANGO - ELORRIO,43648.0,28297.0,7296.0,488.0,1071.0,1095.0,0.0,735.0,299.0,2025-08-01,0,1
2025,9,A3911,BILBAO - Hospital Galdakao Ospitalea - LEMOA - DURANGO - ELORRIO,63519.0,38802.0,10001.0,2660.0,2181.0,1408.0,0.0,805.0,391.0,2025-09-01,0,1
2025,10,A3911,BILBAO - Hospital Galdakao Ospitalea - LEMOA - DURANGO - ELORRIO,68481.0,40232.0,11335.0,3412.0,2855.0,1359.0,5.0,726.0,375.0,2025-10-01,0,1
2025,11,A3911,BILBAO - Hospital Galdakao Ospitalea - LEMOA - DURANGO - ELORRIO,63146.0,36819.0,10568.0,3094.0,2692.0,1309.0,1.0,631.0,378.0,2025-11-01,0,1
2025,12,A3911,BILBAO - Hospital Galdakao Ospitalea - LEMOA - DURANGO - ELORRIO,87314.0,62354.0,10306.0,2403.0,2232.0,1267.0,2.0,675.0,387.0,2025-12-01,0,1
2020,1,A3912,BILBAO - Hospital Galdakao Ospitalea - LEMOA - DURANGO - ERMUA - EIBAR,50293.0,30767.0,10419.0,196.0,1333.0,5110.0,14.0,489.0,459.0,2020-01-01,1,0
2020,2,A3912,BILBAO - Hospital Galdakao Ospitalea - LEMOA - DURANGO - ERMUA - EIBAR,52409.0,30998.0,10500.0,1988.0,1274.0,5207.0,10.0,500.0,424.0,2020-02-01,1,0
2020,3,A3912,BILBAO - Hospital Galdakao Ospitalea - LEMOA - DURANGO - ERMUA - EIBAR,25303.0,16381.0,4253.0,921.0,673.0,2007.0,0.0,155.0,194.0,2020-03-01,1,0
2020,4,A3912,BILBAO - Hospital Galdakao Ospitalea - LEMOA - DURANGO - ERMUA - EIBAR,5595.0,5008.0,431.0,32.0,21.0,0.0,0.0,3.0,10.0,2020-04-01,1,0
2020,5,A3912,BILBAO - Hospital Galdakao Ospitalea - LEMOA - DURANGO - ERMUA - EIBAR,13453.0,11082.0,1948.0,78.0,113.0,0.0,0.0,1.0,5.0,2020-05-01,1,0
2020,6,A3912,BILBAO - Hospital Galdakao Ospitalea - LEMOA - DURANGO - ERMUA - EIBAR,29950.0,23166.0,5229.0,399.0,366.0,0.0,0.0,61.0,114.0,2020-06-01,1,0
2020,7,A3912,BILBAO - Hospital Galdakao Ospitalea - LEMOA - DURANGO - ERMUA - EIBAR,33706.0,25838.0,5575.0,423.0,930.0,0.0,0.0,109.0,91.0,2020-07-01,1,0
2020,8,A3912,BILBAO - Hospital Galdakao Ospitalea - LEMOA - DURANGO - ERMUA - EIBAR,26230.0,20326.0,4307.0,286.0,652.0,0.0,0.0,94.0,92.0,2020-08-01,1,0
2020,9,A3912,BILBAO - Hospital Galdakao Ospitalea - LEMOA - DURANGO - ERMUA - EIBAR,35412.0,26687.0,5651.0,1095.0,777.0,0.0,0.0,129.0,161.0,2020-09-01,1,0
2020,10,A3912,BILBAO - Hospital Galdakao Ospitalea - LEMOA - DURANGO - ERMUA - EIBAR,37660.0,27667.0,5403.0,2148.0,953.0,0.0,0.0,87.0,142.0,2020-10-01,1,0
2020,11,A3912,BILBAO - Hospital Galdakao Ospitalea - LEMOA - DURANGO - ERMUA - EIBAR,32257.0,24085.0,3918.0,1982.0,836.0,0.0,0.0,85.0,136.0,2020-11-01,1,0
2020,12,A3912,BILBAO - Hospital Galdakao Ospitalea - LEMOA - DURANGO - ERMUA - EIBAR,32651.0,24452.0,4640.0,1430.0,628.0,181.0,0.0,97.0,183.0,2020-12-01,1,0
2021,1,A3912,BILBAO - Hospital Galdakao Ospitalea - LEMOA - DURANGO - ERMUA - EIBAR,30937.0,22541.0,3917.0,1712.0,601.0,856.0,1.0,105.0,251.0,2021-01-01,1,0
2021,2,A3912,BILBAO - Hospital Galdakao Ospitalea - LEMOA - DURANGO - ERMUA - EIBAR,30269.0,21771.0,3569.0,1790.0,531.0,1107.0,3.0,142.0,291.0,2021-02-01,1,0
2021,3,A3912,BILBAO - Hospital Galdakao Ospitalea - LEMOA - DURANGO - ERMUA - EIBAR,36219.0,24960.0,5307.0,2035.0,691.0,1562.0,2.0,190.0,316.0,2021-03-01,1,0
2021,4,A3912,BILBAO - Hospital Galdakao Ospitalea - LEMOA - DURANGO - ERMUA - EIBAR,34665.0,23030.0,5404.0,1557.0,1261.0,1768.0,2.0,237.0,300.0,2021-04-01,1,0
2021,5,A3912,BILBAO - Hospital Galdakao Ospitalea - LEMOA - DURANGO - ERMUA - EIBAR,40038.0,25832.0,7066.0,1915.0,1575.0,1913.0,1.0,244.0,310.0,2021-05-01,1,0
2021,6,A3912,BILBAO - Hospital Galdakao Ospitalea - LEMOA - DURANGO - ERMUA - EIBAR,43899.0,29366.0,7743.0,1211.0,1356.0,2206.0,59.0,403.0,348.0,2021-06-01,1,0
2021,7,A3912,BILBAO - Hospital Galdakao Ospitalea - LEMOA - DURANGO - ERMUA - EIBAR,37184.0,25178.0,6256.0,491.0,1114.0,2345.0,5.0,464.0,236.0,2021-07-01,1,0
2021,8,A3912,BILBAO - Hospital Galdakao Ospitalea - LEMOA - DURANGO - ERMUA - EIBAR,30857.0,20733.0,5062.0,395.0,880.0,2441.0,3.0,370.0,220.0,2021-08-01,1,0
2021,9,A3912,BILBAO - Hospital Galdakao Ospitalea - LEMOA - DURANGO - ERMUA - EIBAR,41213.0,26814.0,6662.0,1781.0,1079.0,2712.0,6.0,392.0,329.0,2021-09-01,1,0
2021,10,A3912,BILBAO - Hospital Galdakao Ospitalea - LEMOA - DURANGO - ERMUA - EIBAR,43907.0,27582.0,7497.0,2394.0,1405.0,2935.0,3.0,351.0,319.0,2021-10-01,1,0
2021,11,A3912,BILBAO - Hospital Galdakao Ospitalea - LEMOA - DURANGO - ERMUA - EIBAR,42476.0,26389.0,7208.0,2393.0,1491.0,2957.0,4.0,246.0,353.0,2021-11-01,1,0
2021,12,A3912,BILBAO - Hospital Galdakao Ospitalea - LEMOA - DURANGO - ERMUA - EIBAR,38139.0,24427.0,6487.0,1538.0,983.0,2718.0,11.0,286.0,323.0,2021-12-01,1,0
2022,1,A3912,BILBAO - Hospital Galdakao Ospitalea - LEMOA - DURANGO - ERMUA - EIBAR,35399.0,22506.0,5876.0,1720.0,795.0,2611.0,2.0,335.0,294.0,2022-01-01,0,0
2022,2,A3912,BILBAO - Hospital Galdakao Ospitalea - LEMOA - DURANGO - ERMUA - EIBAR,37052.0,23034.0,6353.0,2036.0,855.0,2735.0,2.0,290.0,332.0,2022-02-01,0,0
2022,3,A3912,BILBAO - Hospital Galdakao Ospitalea - LEMOA - DURANGO - ERMUA - EIBAR,42395.0,26465.0,7669.0,1961.0,841.0,2976.0,5.0,399.0,371.0,2022-03-01,0,0
2022,4,A3912,BILBAO - Hospital Galdakao Ospitalea - LEMOA - DURANGO - ERMUA - EIBAR,33926.0,21448.0,6311.0,1069.0,569.0,2675.0,4.0,326.0,266.0,2022-04-01,0,0
2022,5,A3912,BILBAO - Hospital Galdakao Ospitalea - LEMOA - DURANGO - ERMUA - EIBAR,40267.0,25764.0,7423.0,1347.0,693.0,2839.0,1.0,358.0,342.0,2022-05-01,0,0
2022,6,A3912,BILBAO - Hospital Galdakao Ospitalea - LEMOA - DURANGO - ERMUA - EIBAR,40471.0,26617.0,7497.0,791.0,442.0,3005.0,10.0,366.0,374.0,2022-06-01,0,0
2022,7,A3912,BILBAO - Hospital Galdakao Ospitalea - LEMOA - DURANGO - ERMUA - EIBAR,35652.0,23489.0,6169.0,682.0,323.0,3143.0,26.0,398.0,277.0,2022-07-01,0,0
2022,8,A3912,BILBAO - Hospital Galdakao Ospitalea - LEMOA - DURANGO - ERMUA - EIBAR,33855.0,22022.0,5935.0,546.0,321.0,3050.0,41.0,600.0,356.0,2022-08-01,0,0
2022,9,A3912,BILBAO - Hospital Galdakao Ospitalea - LEMOA - DURANGO - ERMUA - EIBAR,42987.0,28728.0,7238.0,1647.0,834.0,2291.0,27.0,438.0,373.0,2022-09-01,0,1
2022,10,A3912,BILBAO - Hospital Galdakao Ospitalea - LEMOA - DURANGO - ERMUA - EIBAR,47632.0,31795.0,8289.0,1949.0,1006.0,2174.0,3.0,446.0,386.0,2022-10-01,0,1
2022,11,A3912,BILBAO - Hospital Galdakao Ospitalea - LEMOA - DURANGO - ERMUA - EIBAR,47313.0,31159.0,8377.0,2066.0,1072.0,2174.0,3.0,446.0,386.0,2022-11-01,0,1
2022,12,A3912,BILBAO - Hospital Galdakao Ospitalea - LEMOA - DURANGO - ERMUA - EIBAR,44369.0,30139.0,7754.0,1411.0,737.0,1948.0,4.0,485.0,405.0,2022-12-01,0,1
2023,1,A3912,BILBAO - Hospital Galdakao Ospitalea - LEMOA - DURANGO - ERMUA - EIBAR,44145.0,30161.0,7526.0,1622.0,825.0,1786.0,3.0,384.0,371.0,2023-01-01,0,1
2023,2,A3912,BILBAO - Hospital Galdakao Ospitalea - LEMOA - DURANGO - ERMUA - EIBAR,44656.0,30428.0,7744.0,1744.0,942.0,1639.0,1.0,333.0,405.0,2023-02-01,0,1
2023,3,A3912,BILBAO - Hospital Galdakao Ospitalea - LEMOA - DURANGO - ERMUA - EIBAR,53104.0,35867.0,9480.0,2052.0,1222.0,1895.0,1.0,491.0,433.0,2023-03-01,0,1
2023,4,A3912,BILBAO - Hospital Galdakao Ospitalea - LEMOA - DURANGO - ERMUA - EIBAR,43444.0,29776.0,7429.0,1346.0,875.0,1790.0,2.0,462.0,338.0,2023-04-01,0,1
2023,5,A3912,BILBAO - Hospital Galdakao Ospitalea - LEMOA - DURANGO - ERMUA - EIBAR,50757.0,34656.0,8718.0,1692.0,1069.0,1980.0,2.0,548.0,420.0,2023-05-01,0,1
2023,6,A3912,BILBAO - Hospital Galdakao Ospitalea - LEMOA - DURANGO - ERMUA - EIBAR,48146.0,33385.0,8467.0,1018.0,849.0,1968.0,4.0,554.0,382.0,2023-06-01,0,1
2023,7,A3912,BILBAO - Hospital Galdakao Ospitalea - LEMOA - DURANGO - ERMUA - EIBAR,42705.0,30233.0,7112.0,552.0,610.0,2047.0,8.0,645.0,295.0,2023-07-01,0,1
2023,8,A3912,BILBAO - Hospital Galdakao Ospitalea - LEMOA - DURANGO - ERMUA - EIBAR,39380.0,28127.0,6342.0,429.0,619.0,1867.0,0.0,668.0,328.0,2023-08-01,0,1
2023,9,A3912,BILBAO - Hospital Galdakao Ospitalea - LEMOA - DURANGO - ERMUA - EIBAR,49687.0,34178.0,7700.0,1672.0,1119.0,2164.0,5.0,598.0,413.0,2023-09-01,0,1
2023,10,A3912,BILBAO - Hospital Galdakao Ospitalea - LEMOA - DURANGO - ERMUA - EIBAR,54993.0,36617.0,9458.0,2111.0,1266.0,2289.0,2.0,611.0,415.0,2023-10-01,0,1
2023,11,A3912,BILBAO - Hospital Galdakao Ospitalea - LEMOA - DURANGO - ERMUA - EIBAR,52801.0,34864.0,9118.0,2302.0,1374.0,1981.0,5.0,546.0,439.0,2023-11-01,0,1
2023,12,A3912,BILBAO - Hospital Galdakao Ospitalea - LEMOA - DURANGO - ERMUA - EIBAR,50852.0,34655.0,8501.0,1608.0,1163.0,2114.0,0.0,671.0,397.0,2023-12-01,0,1
2024,1,A3912,BILBAO - Hospital Galdakao Ospitalea - LEMOA - DURANGO - ERMUA - EIBAR,52.821,33445.0,9056.0,2229.0,1347.0,2206.0,4.0,509.0,471.0,2024-01-01,0,1
2024,2,A3912,BILBAO - Hospital Galdakao Ospitalea - LEMOA - DURANGO - ERMUA - EIBAR,54491.0,35616.0,9381.0,1886.0,1263.0,1925.0,3.0,453.0,498.0,2024-02-01,0,1
2024,3,A3912,BILBAO - Hospital Galdakao Ospitalea - LEMOA - DURANGO - ERMUA - EIBAR,52690.0,33797.0,8908.0,1749.0,1247.0,1963.0,7.0,545.0,443.0,2024-03-01,0,1
2024,4,A3912,BILBAO - Hospital Galdakao Ospitalea - LEMOA - DURANGO - ERMUA - EIBAR,54986.0,35135.0,9300.0,1728.0,1398.0,1921.0,4.0,615.0,469.0,2024-04-01,0,1
2024,5,A3912,BILBAO - Hospital Galdakao Ospitalea - LEMOA - DURANGO - ERMUA - EIBAR,56981.0,35892.0,9666.0,1842.0,1466.0,1990.0,9.0,602.0,474.0,2024-05-01,0,1
2024,6,A3912,BILBAO - Hospital Galdakao Ospitalea - LEMOA - DURANGO - ERMUA - EIBAR,56409.0,36677.0,9620.0,1146.0,1152.0,2040.0,13.0,681.0,412.0,2024-06-01,0,1
2024,7,A3912,BILBAO - Hospital Galdakao Ospitalea - LEMOA - DURANGO - ERMUA - EIBAR,52622.0,35210.0,8635.0,625.0,919.0,2043.0,1.0,622.0,345.0,2024-07-01,0,1
2024,8,A3912,BILBAO - Hospital Galdakao Ospitalea - LEMOA - DURANGO - ERMUA - EIBAR,46287.0,30704.0,7704.0,491.0,891.0,1848.0,3.0,730.0,353.0,2024-08-01,0,1
2024,9,A3912,BILBAO - Hospital Galdakao Ospitalea - LEMOA - DURANGO - ERMUA - EIBAR,58287.0,37111.0,8941.0,2066.0,1479.0,2203.0,3.0,602.0,390.0,2024-09-01,0,1
2024,10,A3912,BILBAO - Hospital Galdakao Ospitalea - LEMOA - DURANGO - ERMUA - EIBAR,63725.0,39348.0,10184.0,2616.0,2222.0,1864.0,9.0,566.0,434.0,2024-10-01,0,1
2024,11,A3912,BILBAO - Hospital Galdakao Ospitalea - LEMOA - DURANGO - ERMUA - EIBAR,59371.0,35725.0,9997.0,2310.0,2415.0,1871.0,11.0,548.0,394.0,2024-11-01,0,1
2024,12,A3912,BILBAO - Hospital Galdakao Ospitalea - LEMOA - DURANGO - ERMUA - EIBAR,55578.0,34746.0,9163.0,1662.0,1880.0,1930.0,1.0,540.0,402.0,2024-12-01,0,1
2025,1,A3912,BILBAO - Hospital Galdakao Ospitalea - LEMOA - DURANGO - ERMUA - EIBAR,59761.0,37095.0,9548.0,2138.0,1985.0,1914.0,0.0,555.0,391.0,2025-01-01,0,1
2025,2,A3912,BILBAO - Hospital Galdakao Ospitalea - LEMOA - DURANGO - ERMUA - EIBAR,58910.0,36212.0,9794.0,2066.0,1983.0,1856.0,1.0,470.0,391.0,2025-02-01,0,1
2025,3,A3912,BILBAO - Hospital Galdakao Ospitalea - LEMOA - DURANGO - ERMUA - EIBAR,62371.0,38244.0,10401.0,1971.0,2226.0,1901.0,0.0,597.0,408.0,2025-03-01,0,1
2025,4,A3912,BILBAO - Hospital Galdakao Ospitalea - LEMOA - DURANGO - ERMUA - EIBAR,53994.0,33147.0,9169.0,1313.0,1922.0,1555.0,2.0,557.0,383.0,2025-04-01,0,1
2025,5,A3912,BILBAO - Hospital Galdakao Ospitalea - LEMOA - DURANGO - ERMUA - EIBAR,61050.0,37691.0,10181.0,1572.0,1905.0,1720.0,2.0,729.0,378.0,2025-05-01,0,1
2025,6,A3912,BILBAO - Hospital Galdakao Ospitalea - LEMOA - DURANGO - ERMUA - EIBAR,56803.0,35912.0,9545.0,945.0,1462.0,1487.0,0.0,718.0,412.0,2025-06-01,0,1
2025,7,A3912,BILBAO - Hospital Galdakao Ospitalea - LEMOA - DURANGO - ERMUA - EIBAR,55682.0,35702.0,8998.0,799.0,1369.0,1727.0,4.0,697.0,267.0,2025-07-01,0,1
2025,8,A3912,BILBAO - Hospital Galdakao Ospitalea - LEMOA - DURANGO - ERMUA - EIBAR,46297.0,29679.0,7538.0,584.0,1031.0,1415.0,1.0,739.0,357.0,2025-08-01,0,1
2025,9,A3912,BILBAO - Hospital Galdakao Ospitalea - LEMOA - DURANGO - ERMUA - EIBAR,60260.0,37285.0,9257.0,1859.0,2169.0,1670.0,0.0,631.0,425.0,2025-09-01,0,1
2025,10,A3912,BILBAO - Hospital Galdakao Ospitalea - LEMOA - DURANGO - ERMUA - EIBAR,64233.0,38144.0,10593.0,2134.0,2556.0,1555.0,2.0,634.0,437.0,2025-10-01,0,1
2025,11,A3912,BILBAO - Hospital Galdakao Ospitalea - LEMOA - DURANGO - ERMUA - EIBAR,59034.0,35197.0,9629.0,2191.0,2381.0,1391.0,1.0,528.0,377.0,2025-11-01,0,1
2025,12,A3912,BILBAO - Hospital Galdakao Ospitalea - LEMOA - DURANGO - ERMUA - EIBAR,81246.0,57927.0,9364.0,1847.0,2031.0,1503.0,0.0,610.0,397.0,2025-12-01,0,1
2020,1,A3917,BILBAO - Hospital Galdakao Ospitalea - LEMOA - ZEANURI,32902.0,20611.0,5013.0,1419.0,1462.0,2491.0,1.0,369.0,373.0,2020-01-01,1,0
2020,2,A3917,BILBAO - Hospital Galdakao Ospitalea - LEMOA - ZEANURI,33583.0,20668.0,5187.0,1517.0,1618.0,2525.0,0.0,361.0,418.0,2020-02-01,1,0
2020,3,A3917,BILBAO - Hospital Galdakao Ospitalea - LEMOA - ZEANURI,15477.0,10155.0,1891.0,749.0,706.0,1051.0,0.0,131.0,198.0,2020-03-01,1,0
2020,4,A3917,BILBAO - Hospital Galdakao Ospitalea - LEMOA - ZEANURI,3745.0,3300.0,266.0,21.0,14.0,0.0,0.0,1.0,6.0,2020-04-01,1,0
2020,5,A3917,BILBAO - Hospital Galdakao Ospitalea - LEMOA - ZEANURI,8758.0,7487.0,903.0,56.0,67.0,0.0,0.0,1.0,0.0,2020-05-01,1,0
2020,6,A3917,BILBAO - Hospital Galdakao Ospitalea - LEMOA - ZEANURI,19971.0,16174.0,2313.0,351.0,223.0,0.0,0.0,84.0,89.0,2020-06-01,1,0
2020,7,A3917,BILBAO - Hospital Galdakao Ospitalea - LEMOA - ZEANURI,22334.0,17990.0,2581.0,329.0,381.0,0.0,0.0,185.0,136.0,2020-07-01,1,0
2020,8,A3917,BILBAO - Hospital Galdakao Ospitalea - LEMOA - ZEANURI,21094.0,17065.0,2482.0,196.0,396.0,0.0,0.0,219.0,108.0,2020-08-01,1,0
2020,9,A3917,BILBAO - Hospital Galdakao Ospitalea - LEMOA - ZEANURI,24326.0,18919.0,2511.0,741.0,1072.0,0.0,0.0,148.0,126.0,2020-09-01,1,0
2020,10,A3917,BILBAO - Hospital Galdakao Ospitalea - LEMOA - ZEANURI,25950.0,18939.0,2662.0,1570.0,1412.0,0.0,0.0,124.0,138.0,2020-10-01,1,0
2020,11,A3917,BILBAO - Hospital Galdakao Ospitalea - LEMOA - ZEANURI,21061.0,15718.0,1768.0,1315.0,1026.0,0.0,0.0,99.0,178.0,2020-11-01,1,0
2020,12,A3917,BILBAO - Hospital Galdakao Ospitalea - LEMOA - ZEANURI,22962.0,17455.0,2367.0,996.0,768.0,107.0,0.0,176.0,168.0,2020-12-01,1,0
2021,1,A3917,BILBAO - Hospital Galdakao Ospitalea - LEMOA - ZEANURI,21950.0,16239.0,2092.0,1094.0,744.0,540.0,0.0,197.0,191.0,2021-01-01,1,0
2021,2,A3917,BILBAO - Hospital Galdakao Ospitalea - LEMOA - ZEANURI,19462.0,14183.0,1655.0,1133.0,718.0,643.0,1.0,139.0,243.0,2021-02-01,1,0
2021,3,A3917,BILBAO - Hospital Galdakao Ospitalea - LEMOA - ZEANURI,24466.0,17261.0,2543.0,1357.0,897.0,856.0,1.0,230.0,319.0,2021-03-01,1,0
2021,4,A3917,BILBAO - Hospital Galdakao Ospitalea - LEMOA - ZEANURI,24281.0,17088.0,2576.0,1368.0,846.0,944.0,0.0,272.0,262.0,2021-04-01,1,0
2021,5,A3917,BILBAO - Hospital Galdakao Ospitalea - LEMOA - ZEANURI,25404.0,18006.0,2968.0,1128.0,824.0,1185.0,2.0,212.0,213.0,2021-05-01,1,0
2021,6,A3917,BILBAO - Hospital Galdakao Ospitalea - LEMOA - ZEANURI,29178.0,21173.0,3557.0,794.0,762.0,1294.0,11.0,312.0,270.0,2021-06-01,1,0
2021,7,A3917,BILBAO - Hospital Galdakao Ospitalea - LEMOA - ZEANURI,25534.0,18553.0,3103.0,401.0,596.0,1488.0,12.0,397.0,294.0,2021-07-01,1,0
2021,8,A3917,BILBAO - Hospital Galdakao Ospitalea - LEMOA - ZEANURI,24941.0,17380.0,3282.0,392.0,501.0,1885.0,6.0,410.0,265.0,2021-08-01,1,0
2021,9,A3917,BILBAO - Hospital Galdakao Ospitalea - LEMOA - ZEANURI,27977.0,19363.0,3325.0,1108.0,891.0,1697.0,3.0,294.0,293.0,2021-09-01,1,0
2021,10,A3917,BILBAO - Hospital Galdakao Ospitalea - LEMOA - ZEANURI,29942.0,19701.0,3935.0,1624.0,1212.0,1590.0,2.0,285.0,246.0,2021-10-01,1,0
2021,11,A3917,BILBAO - Hospital Galdakao Ospitalea - LEMOA - ZEANURI,29060.0,19109.0,3689.0,1742.0,1209.0,1592.0,2.0,206.0,259.0,2021-11-01,1,0
2021,12,A3917,BILBAO - Hospital Galdakao Ospitalea - LEMOA - ZEANURI,26636.0,17722.0,3326.0,1062.0,1098.0,1912.0,3.0,286.0,184.0,2021-12-01,1,0
2022,1,A3917,BILBAO - Hospital Galdakao Ospitalea - LEMOA - ZEANURI,24611.0,16295.0,3125.0,1103.0,1134.0,1558.0,4.0,242.0,240.0,2022-01-01,0,0
2022,2,A3917,BILBAO - Hospital Galdakao Ospitalea - LEMOA - ZEANURI,25483.0,16378.0,3279.0,1467.0,1243.0,1524.0,5.0,261.0,236.0,2022-02-01,0,0
2022,3,A3917,BILBAO - Hospital Galdakao Ospitalea - LEMOA - ZEANURI,30715.0,20191.0,4033.0,1619.0,1389.0,1707.0,3.0,255.0,226.0,2022-03-01,0,0
2022,4,A3917,BILBAO - Hospital Galdakao Ospitalea - LEMOA - ZEANURI,25514.0,16983.0,3236.0,1063.0,995.0,1827.0,1.0,296.0,173.0,2022-04-01,0,0
2022,5,A3917,BILBAO - Hospital Galdakao Ospitalea - LEMOA - ZEANURI,30136.0,19750.0,3857.0,1393.0,1346.0,2017.0,1.0,338.0,221.0,2022-05-01,0,0
2022,6,A3917,BILBAO - Hospital Galdakao Ospitalea - LEMOA - ZEANURI,30695.0,21275.0,3905.0,787.0,1035.0,1932.0,8.0,340.0,258.0,2022-06-01,0,0
2022,7,A3917,BILBAO - Hospital Galdakao Ospitalea - LEMOA - ZEANURI,28560.0,19799.0,3547.0,581.0,840.0,2123.0,15.0,493.0,272.0,2022-07-01,0,0
2022,8,A3917,BILBAO - Hospital Galdakao Ospitalea - LEMOA - ZEANURI,33890.0,23909.0,4374.0,544.0,834.0,2410.0,2.0,503.0,308.0,2022-08-01,0,0
2022,9,A3917,BILBAO - Hospital Galdakao Ospitalea - LEMOA - ZEANURI,31976.0,22204.0,3990.0,1003.0,1508.0,1351.0,0.0,364.0,270.0,2022-09-01,0,1
2022,10,A3917,BILBAO - Hospital Galdakao Ospitalea - LEMOA - ZEANURI,36080.0,24438.0,4703.0,1369.0,1965.0,1189.0,2.0,475.0,319.0,2022-10-01,0,1
2022,11,A3917,BILBAO - Hospital Galdakao Ospitalea - LEMOA - ZEANURI,34372.0,23028.0,4524.0,1346.0,1975.0,1189.0,2.0,475.0,319.0,2022-11-01,0,1
2022,12,A3917,BILBAO - Hospital Galdakao Ospitalea - LEMOA - ZEANURI,33442.0,23501.0,4468.0,984.0,1608.0,1058.0,4.0,350.0,296.0,2022-12-01,0,1
2023,1,A3917,BILBAO - Hospital Galdakao Ospitalea - LEMOA - ZEANURI,32737.0,23231.0,4249.0,969.0,1544.0,958.0,2.0,284.0,268.0,2023-01-01,0,1
2023,2,A3917,BILBAO - Hospital Galdakao Ospitalea - LEMOA - ZEANURI,32353.0,22400.0,4291.0,1151.0,1767.0,900.0,6.0,333.0,242.0,2023-02-01,0,1
2023,3,A3917,BILBAO - Hospital Galdakao Ospitalea - LEMOA - ZEANURI,37493.0,25949.0,4975.0,1447.0,2030.0,986.0,0.0,390.0,344.0,2023-03-01,0,1
2023,4,A3917,BILBAO - Hospital Galdakao Ospitalea - LEMOA - ZEANURI,31768.0,22160.0,4303.0,1037.0,1570.0,997.0,4.0,455.0,261.0,2023-04-01,0,1
2023,5,A3917,BILBAO - Hospital Galdakao Ospitalea - LEMOA - ZEANURI,37373.0,26168.0,4960.0,1272.0,1914.0,1136.0,1.0,411.0,342.0,2023-05-01,0,1
2023,6,A3917,BILBAO - Hospital Galdakao Ospitalea - LEMOA - ZEANURI,37302.0,27204.0,4744.0,756.0,1602.0,1184.0,0.0,447.0,245.0,2023-06-01,0,1
2023,7,A3917,BILBAO - Hospital Galdakao Ospitalea - LEMOA - ZEANURI,33508.0,24402.0,4240.0,478.0,1267.0,1310.0,0.0,676.0,258.0,2023-07-01,0,1
2023,8,A3917,BILBAO - Hospital Galdakao Ospitalea - LEMOA - ZEANURI,40217.0,29825.0,4826.0,515.0,1454.0,1462.0,2.0,906.0,269.0,2023-08-01,0,1
2023,9,A3917,BILBAO - Hospital Galdakao Ospitalea - LEMOA - ZEANURI,40454.0,28861.0,4748.0,1344.0,2141.0,1328.0,1.0,487.0,284.0,2023-09-01,0,1
2023,10,A3917,BILBAO - Hospital Galdakao Ospitalea - LEMOA - ZEANURI,40549.0,27708.0,4938.0,1870.0,2530.0,1258.0,0.0,384.0,323.0,2023-10-01,0,1
2023,11,A3917,BILBAO - Hospital Galdakao Ospitalea - LEMOA - ZEANURI,40642.0,27642.0,5208.0,1770.0,2592.0,1245.0,2.0,387.0,365.0,2023-11-01,0,1
2023,12,A3917,BILBAO - Hospital Galdakao Ospitalea - LEMOA - ZEANURI,39522.0,27842.0,4971.0,1141.0,2195.0,1312.0,0.0,497.0,336.0,2023-12-01,0,1
2024,1,A3917,BILBAO - Hospital Galdakao Ospitalea - LEMOA - ZEANURI,39.309,25743.0,5013.0,1432.0,2249.0,1384.0,5.0,410.0,347.0,2024-01-01,0,1
2024,2,A3917,BILBAO - Hospital Galdakao Ospitalea - LEMOA - ZEANURI,38738.0,25686.0,4810.0,1453.0,2107.0,1166.0,5.0,363.0,345.0,2024-02-01,0,1
2024,3,A3917,BILBAO - Hospital Galdakao Ospitalea - LEMOA - ZEANURI,40142.0,26193.0,4987.0,1445.0,2287.0,1149.0,1.0,432.0,403.0,2024-03-01,0,1
2024,4,A3917,BILBAO - Hospital Galdakao Ospitalea - LEMOA - ZEANURI,40870.0,26330.0,5027.0,1318.0,2357.0,1296.0,1.0,513.0,386.0,2024-04-01,0,1
2024,5,A3917,BILBAO - Hospital Galdakao Ospitalea - LEMOA - ZEANURI,42339.0,27160.0,5227.0,1403.0,2301.0,1252.0,4.0,483.0,459.0,2024-05-01,0,1
2024,6,A3917,BILBAO - Hospital Galdakao Ospitalea - LEMOA - ZEANURI,42222.0,28198.0,5016.0,913.0,1794.0,1278.0,1.0,612.0,402.0,2024-06-01,0,1
2024,7,A3917,BILBAO - Hospital Galdakao Ospitalea - LEMOA - ZEANURI,38233.0,25591.0,4719.0,634.0,1434.0,1300.0,0.0,721.0,283.0,2024-07-01,0,1
2024,8,A3917,BILBAO - Hospital Galdakao Ospitalea - LEMOA - ZEANURI,43096.0,29513.0,5224.0,423.0,1467.0,1640.0,0.0,909.0,420.0,2024-08-01,0,1
2024,9,A3917,BILBAO - Hospital Galdakao Ospitalea - LEMOA - ZEANURI,42789.0,27818.0,4742.0,1483.0,2180.0,1298.0,1.0,558.0,332.0,2024-09-01,0,1
2024,10,A3917,BILBAO - Hospital Galdakao Ospitalea - LEMOA - ZEANURI,44981.0,28043.0,5293.0,1910.0,2805.0,1201.0,0.0,468.0,405.0,2024-10-01,0,1
2024,11,A3917,BILBAO - Hospital Galdakao Ospitalea - LEMOA - ZEANURI,43499.0,26977.0,5386.0,1718.0,2641.0,1245.0,1.0,530.0,404.0,2024-11-01,0,1
2024,12,A3917,BILBAO - Hospital Galdakao Ospitalea - LEMOA - ZEANURI,42029.0,27060.0,5103.0,1302.0,2222.0,1239.0,0.0,476.0,357.0,2024-12-01,0,1
2025,1,A3917,BILBAO - Hospital Galdakao Ospitalea - LEMOA - ZEANURI,41952.0,26245.0,4949.0,1470.0,2282.0,1183.0,1.0,541.0,432.0,2025-01-01,0,1
2025,2,A3917,BILBAO - Hospital Galdakao Ospitalea - LEMOA - ZEANURI,41146.0,25302.0,4939.0,1539.0,2478.0,1014.0,1.0,469.0,383.0,2025-02-01,0,1
2025,3,A3917,BILBAO - Hospital Galdakao Ospitalea - LEMOA - ZEANURI,44011.0,26977.0,5122.0,1431.0,2853.0,1115.0,0.0,384.0,398.0,2025-03-01,0,1
2025,4,A3917,BILBAO - Hospital Galdakao Ospitalea - LEMOA - ZEANURI,40562.0,24857.0,4897.0,1231.0,2446.0,974.0,0.0,545.0,381.0,2025-04-01,0,1
2025,5,A3917,BILBAO - Hospital Galdakao Ospitalea - LEMOA - ZEANURI,45748.0,28579.0,5371.0,1286.0,2596.0,949.0,0.0,475.0,428.0,2025-05-01,0,1
2025,6,A3917,BILBAO - Hospital Galdakao Ospitalea - LEMOA - ZEANURI,43503.0,28185.0,4723.0,824.0,1946.0,932.0,0.0,590.0,426.0,2025-06-01,0,1
2025,7,A3917,BILBAO - Hospital Galdakao Ospitalea - LEMOA - ZEANURI,41049.0,26331.0,4828.0,565.0,1869.0,954.0,1.0,662.0,383.0,2025-07-01,0,1
2025,8,A3917,BILBAO - Hospital Galdakao Ospitalea - LEMOA - ZEANURI,43417.0,29477.0,4910.0,384.0,1780.0,1196.0,1.0,729.0,325.0,2025-08-01,0,1
2025,9,A3917,BILBAO - Hospital Galdakao Ospitalea - LEMOA - ZEANURI,45125.0,28347.0,4989.0,1220.0,2896.0,916.0,1.0,488.0,463.0,2025-09-01,0,1
2025,10,A3917,BILBAO - Hospital Galdakao Ospitalea - LEMOA - ZEANURI,46292.0,27698.0,5575.0,1514.0,3297.0,930.0,2.0,477.0,443.0,2025-10-01,0,1
2025,11,A3917,BILBAO - Hospital Galdakao Ospitalea - LEMOA - ZEANURI,44381.0,26149.0,5178.0,1566.0,3358.0,878.0,0.0,397.0,402.0,2025-11-01,0,1
2025,12,A3917,BILBAO - Hospital Galdakao Ospitalea - LEMOA - ZEANURI,54935.0,37988.0,5335.0,1230.0,2532.0,926.0,2.0,374.0,431.0,2025-12-01,0,1
2020,1,A3521,BILBAO - Hospital Santa Marina Ospitalea,13909.0,8862.0,3904.0,106.0,48.0,458.0,0.0,10.0,263.0,2020-01-01,1,0
2020,2,A3521,BILBAO - Hospital Santa Marina Ospitalea,11443.0,7335.0,3200.0,76.0,31.0,456.0,0.0,19.0,162.0,2020-02-01,1,0
2020,3,A3521,BILBAO - Hospital Santa Marina Ospitalea,1538.0,1050.0,355.0,9.0,1.0,67.0,0.0,1.0,29.0,2020-03-01,1,0
2020,4,A3521,BILBAO - Hospital Santa Marina Ospitalea,0.0,,,,,0.0,0.0,0.0,0.0,2020-04-01,1,0
2020,5,A3521,BILBAO - Hospital Santa Marina Ospitalea,0.0,,,,,0.0,0.0,0.0,0.0,2020-05-01,1,0
2020,6,A3521,BILBAO - Hospital Santa Marina Ospitalea,0.0,0.0,0.0,0.0,0.0,0.0,0.0,0.0,0.0,2020-06-01,1,0
2020,7,A3521,BILBAO - Hospital Santa Marina Ospitalea,0.0,,,,,0.0,0.0,0.0,0.0,2020-07-01,1,0
2020,8,A3521,BILBAO - Hospital Santa Marina Ospitalea,0.0,,,,,0.0,0.0,0.0,0.0,2020-08-01,1,0
2020,9,A3521,BILBAO - Hospital Santa Marina Ospitalea,0.0,,,,,0.0,0.0,0.0,0.0,2020-09-01,1,0
2020,10,A3521,BILBAO - Hospital Santa Marina Ospitalea,0.0,,,,,0.0,0.0,0.0,0.0,2020-10-01,1,0
2020,11,A3521,BILBAO - Hospital Santa Marina Ospitalea,0.0,,,,,0.0,0.0,0.0,0.0,2020-11-01,1,0
2020,12,A3521,BILBAO - Hospital Santa Marina Ospitalea,0.0,,,,,0.0,0.0,0.0,0.0,2020-12-01,1,0
2021,1,A3521,BILBAO - Hospital Santa Marina Ospitalea,0.0,,,,,0.0,0.0,0.0,0.0,2021-01-01,1,0
2021,2,A3521,BILBAO - Hospital Santa Marina Ospitalea,0.0,,,,,0.0,0.0,0.0,0.0,2021-02-01,1,0
2021,3,A3521,BILBAO - Hospital Santa Marina Ospitalea,0.0,,,,,0.0,0.0,0.0,0.0,2021-03-01,1,0
2021,4,A3521,BILBAO - Hospital Santa Marina Ospitalea,0.0,0.0,0.0,0.0,0.0,0.0,0.0,0.0,0.0,2021-04-01,1,0
2021,5,A3521,BILBAO - Hospital Santa Marina Ospitalea,0.0,,,,,0.0,0.0,0.0,0.0,2021-05-01,1,0
2021,6,A3521,BILBAO - Hospital Santa Marina Ospitalea,0.0,,,,,0.0,0.0,0.0,0.0,2021-06-01,1,0
2021,7,A3521,BILBAO - Hospital Santa Marina Ospitalea,0.0,,,,,0.0,0.0,0.0,0.0,2021-07-01,1,0
2021,8,A3521,BILBAO - Hospital Santa Marina Ospitalea,0.0,,,,,0.0,0.0,0.0,0.0,2021-08-01,1,0
2021,9,A3521,BILBAO - Hospital Santa Marina Ospitalea,0.0,,,,,0.0,0.0,0.0,0.0,2021-09-01,1,0
2021,10,A3521,BILBAO - Hospital Santa Marina Ospitalea,0.0,,,,,0.0,0.0,0.0,0.0,2021-10-01,1,0
2021,11,A3521,BILBAO - Hospital Santa Marina Ospitalea,0.0,,,,,0.0,0.0,0.0,0.0,2021-11-01,1,0
2021,12,A3521,BILBAO - Hospital Santa Marina Ospitalea,0.0,,,,,0.0,0.0,0.0,0.0,2021-12-01,1,0
2022,1,A3521,BILBAO - Hospital Santa Marina Ospitalea,0.0,,,,,0.0,0.0,0.0,0.0,2022-01-01,0,0
2022,2,A3521,BILBAO - Hospital Santa Marina Ospitalea,0.0,,,,,0.0,0.0,0.0,0.0,2022-02-01,0,0
2022,3,A3521,BILBAO - Hospital Santa Marina Ospitalea,0.0,,,,,0.0,0.0,0.0,0.0,2022-03-01,0,0
2022,4,A3521,BILBAO - Hospital Santa Marina Ospitalea,0.0,,,,,0.0,0.0,0.0,0.0,2022-04-01,0,0
2022,5,A3521,BILBAO - Hospital Santa Marina Ospitalea,0.0,,,,,0.0,0.0,0.0,0.0,2022-05-01,0,0
2022,6,A3521,BILBAO - Hospital Santa Marina Ospitalea,0.0,,,,,0.0,0.0,0.0,0.0,2022-06-01,0,0
2022,7,A3521,BILBAO - Hospital Santa Marina Ospitalea,0.0,,,,,0.0,0.0,0.0,0.0,2022-07-01,0,0
2022,8,A3521,BILBAO - Hospital Santa Marina Ospitalea,0.0,,,,,0.0,0.0,0.0,0.0,2022-08-01,0,0
2022,9,A3521,BILBAO - Hospital Santa Marina Ospitalea,0.0,,,,,0.0,0.0,0.0,0.0,2022-09-01,0,1
2022,10,A3521,BILBAO - Hospital Santa Marina Ospitalea,0.0,,,,,0.0,0.0,0.0,0.0,2022-10-01,0,1
2022,11,A3521,BILBAO - Hospital Santa Marina Ospitalea,0.0,,,,,0.0,0.0,0.0,0.0,2022-11-01,0,1
2022,12,A3521,BILBAO - Hospital Santa Marina Ospitalea,0.0,,,,,0.0,0.0,0.0,0.0,2022-12-01,0,1
2023,1,A3521,BILBAO - Hospital Santa Marina Ospitalea,0.0,,,,,0.0,0.0,0.0,0.0,2023-01-01,0,1
2023,2,A3521,BILBAO - Hospital Santa Marina Ospitalea,0.0,,,,,0.0,0.0,0.0,0.0,2023-02-01,0,1
2023,3,A3521,BILBAO - Hospital Santa Marina Ospitalea,0.0,,,,,0.0,0.0,0.0,0.0,2023-03-01,0,1
2023,4,A3521,BILBAO - Hospital Santa Marina Ospitalea,0.0,,,,,0.0,0.0,0.0,0.0,2023-04-01,0,1
2023,5,A3521,BILBAO - Hospital Santa Marina Ospitalea,0.0,,,,,0.0,0.0,0.0,0.0,2023-05-01,0,1
2023,6,A3521,BILBAO - Hospital Santa Marina Ospitalea,0.0,,,,,0.0,0.0,0.0,0.0,2023-06-01,0,1
2023,7,A3521,BILBAO - Hospital Santa Marina Ospitalea,0.0,,,,,0.0,0.0,0.0,0.0,2023-07-01,0,1
2023,8,A3521,BILBAO - Hospital Santa Marina Ospitalea,0.0,,,,,0.0,0.0,0.0,0.0,2023-08-01,0,1
2023,9,A3521,BILBAO - Hospital Santa Marina Ospitalea,0.0,,,,,0.0,0.0,0.0,0.0,2023-09-01,0,1
2023,10,A3521,BILBAO - Hospital Santa Marina Ospitalea,0.0,,,,,0.0,0.0,0.0,0.0,2023-10-01,0,1
2023,11,A3521,BILBAO - Hospital Santa Marina Ospitalea,0.0,,,,,0.0,0.0,0.0,0.0,2023-11-01,0,1
2023,12,A3521,BILBAO - Hospital Santa Marina Ospitalea,0.0,,,,,0.0,0.0,0.0,0.0,2023-12-01,0,1
2024,1,A3521,BILBAO - Hospital Santa Marina Ospitalea,0.0,,,,,0.0,0.0,0.0,0.0,2024-01-01,0,1
2024,2,A3521,BILBAO - Hospital Santa Marina Ospitalea,0.0,,,,,0.0,0.0,0.0,0.0,2024-02-01,0,1
2024,3,A3521,BILBAO - Hospital Santa Marina Ospitalea,0.0,,,,,0.0,0.0,0.0,0.0,2024-03-01,0,1
2024,4,A3521,BILBAO - Hospital Santa Marina Ospitalea,0.0,0.0,0.0,0.0,0.0,0.0,0.0,0.0,0.0,2024-04-01,0,1
2024,5,A3521,BILBAO - Hospital Santa Marina Ospitalea,0.0,0.0,0.0,0.0,0.0,0.0,0.0,0.0,0.0,2024-05-01,0,1
2024,6,A3521,BILBAO - Hospital Santa Marina Ospitalea,0.0,0.0,0.0,0.0,0.0,0.0,0.0,0.0,0.0,2024-06-01,0,1
2024,7,A3521,BILBAO - Hospital Santa Marina Ospitalea,0.0,0.0,0.0,0.0,0.0,0.0,0.0,0.0,0.0,2024-07-01,0,1
2024,8,A3521,BILBAO - Hospital Santa Marina Ospitalea,0.0,0.0,0.0,0.0,0.0,0.0,0.0,0.0,0.0,2024-08-01,0,1
2024,9,A3521,BILBAO - Hospital Santa Marina Ospitalea,0.0,0.0,0.0,0.0,0.0,0.0,0.0,0.0,0.0,2024-09-01,0,1
2024,10,A3521,BILBAO - Hospital Santa Marina Ospitalea,0.0,0.0,0.0,0.0,0.0,0.0,0.0,0.0,0.0,2024-10-01,0,1
2024,11,A3521,BILBAO - Hospital Santa Marina Ospitalea,0.0,0.0,0.0,0.0,0.0,0.0,0.0,0.0,0.0,2024-11-01,0,1
2024,12,A3521,BILBAO - Hospital Santa Marina Ospitalea,0.0,0.0,0.0,0.0,0.0,0.0,0.0,0.0,0.0,2024-12-01,0,1
2025,1,A3521,BILBAO - Hospital Santa Marina Ospitalea,0.0,0.0,0.0,0.0,0.0,0.0,0.0,0.0,0.0,2025-01-01,0,1
2025,2,A3521,BILBAO - Hospital Santa Marina Ospitalea,0.0,0.0,0.0,0.0,0.0,0.0,0.0,0.0,0.0,2025-02-01,0,1
2025,3,A3521,BILBAO - Hospital Santa Marina Ospitalea,0.0,0.0,0.0,0.0,0.0,0.0,0.0,0.0,0.0,2025-03-01,0,1
2025,4,A3521,BILBAO - Hospital Santa Marina Ospitalea,0.0,0.0,0.0,0.0,0.0,0.0,0.0,0.0,0.0,2025-04-01,0,1
2025,5,A3521,BILBAO - Hospital Santa Marina Ospitalea,0.0,0.0,0.0,0.0,0.0,0.0,0.0,0.0,0.0,2025-05-01,0,1
2025,6,A3521,BILBAO - Hospital Santa Marina Ospitalea,0.0,0.0,0.0,0.0,0.0,0.0,0.0,0.0,0.0,2025-06-01,0,1
2025,7,A3521,BILBAO - Hospital Santa Marina Ospitalea,0.0,0.0,0.0,0.0,0.0,0.0,0.0,0.0,0.0,2025-07-01,0,1
2025,8,A3521,BILBAO - Hospital Santa Marina Ospitalea,0.0,0.0,0.0,0.0,0.0,0.0,0.0,0.0,0.0,2025-08-01,0,1
2025,9,A3521,BILBAO - Hospital Santa Marina Ospitalea,0.0,0.0,0.0,0.0,0.0,0.0,0.0,0.0,0.0,2025-09-01,0,1
2025,10,A3521,BILBAO - Hospital Santa Marina Ospitalea,0.0,0.0,0.0,0.0,0.0,0.0,0.0,0.0,0.0,2025-10-01,0,1
2025,11,A3521,BILBAO - Hospital Santa Marina Ospitalea,0.0,0.0,0.0,0.0,0.0,0.0,0.0,0.0,0.0,2025-11-01,0,1
2025,12,A3521,BILBAO - Hospital Santa Marina Ospitalea,0.0,0.0,0.0,0.0,0.0,0.0,0.0,0.0,0.0,2025-12-01,0,1
2024,1,A3225,BILBAO - LAUKIZ - MUNGIA,5540.0,3482.0,485.0,70.0,761.0,175.0,,35.0,53.0,2024-01-01,0,1
2024,2,A3225,BILBAO - LAUKIZ - MUNGIA,5303.0,3301.0,389.0,119.0,737.0,114.0,,22.0,63.0,2024-02-01,0,1
2024,3,A3225,BILBAO - LAUKIZ - MUNGIA,4999.0,2977.0,449.0,96.0,714.0,111.0,,38.0,58.0,2024-03-01,0,1
2024,4,A3225,BILBAO - LAUKIZ - MUNGIA,5402.0,3295.0,462.0,63.0,669.0,132.0,0.0,35.0,76.0,2024-04-01,0,1
2024,5,A3225,BILBAO - LAUKIZ - MUNGIA,6086.0,3594.0,503.0,80.0,839.0,133.0,0.0,89.0,71.0,2024-05-01,0,1
2024,6,A3225,BILBAO - LAUKIZ - MUNGIA,5551.0,3546.0,551.0,41.0,594.0,134.0,0.0,37.0,54.0,2024-06-01,0,1
2024,7,A3225,BILBAO - LAUKIZ - MUNGIA,5493.0,3563.0,496.0,22.0,374.0,121.0,0.0,118.0,50.0,2024-07-01,0,1
2024,8,A3225,BILBAO - LAUKIZ - MUNGIA,5687.0,3406.0,471.0,149.0,245.0,163.0,0.0,68.0,27.0,2024-08-01,0,1
2024,9,A3225,BILBAO - LAUKIZ - MUNGIA,6056.0,3710.0,507.0,64.0,687.0,113.0,0.0,36.0,69.0,2024-09-01,0,1
2024,10,A3225,BILBAO - LAUKIZ - MUNGIA,6184.0,3252.0,464.0,76.0,1157.0,114.0,0.0,71.0,62.0,2024-10-01,0,1
2024,11,A3225,BILBAO - LAUKIZ - MUNGIA,6400.0,3410.0,478.0,75.0,1271.0,98.0,0.0,48.0,69.0,2024-11-01,0,1
2024,12,A3225,BILBAO - LAUKIZ - MUNGIA,5967.0,3093.0,449.0,77.0,1043.0,131.0,0.0,94.0,56.0,2024-12-01,0,1
2025,1,A3225,BILBAO - LAUKIZ - MUNGIA,6413.0,3116.0,576.0,101.0,1285.0,126.0,0.0,50.0,55.0,2025-01-01,0,1
2025,2,A3225,BILBAO - LAUKIZ - MUNGIA,6435.0,3227.0,549.0,124.0,1315.0,129.0,0.0,45.0,65.0,2025-02-01,0,1
2025,3,A3225,BILBAO - LAUKIZ - MUNGIA,6800.0,3424.0,691.0,166.0,1141.0,158.0,0.0,33.0,50.0,2025-03-01,0,1
2025,4,A3225,BILBAO - LAUKIZ - MUNGIA,6030.0,3238.0,535.0,99.0,836.0,146.0,0.0,57.0,66.0,2025-04-01,0,1
2025,5,A3225,BILBAO - LAUKIZ - MUNGIA,6894.0,3731.0,536.0,127.0,984.0,157.0,0.0,34.0,47.0,2025-05-01,0,1
2025,6,A3225,BILBAO - LAUKIZ - MUNGIA,6508.0,3758.0,554.0,74.0,724.0,140.0,0.0,49.0,69.0,2025-06-01,0,1
2025,7,A3225,BILBAO - LAUKIZ - MUNGIA,6103.0,3786.0,540.0,96.0,345.0,200.0,0.0,62.0,61.0,2025-07-01,0,1
2025,8,A3225,BILBAO - LAUKIZ - MUNGIA,4994.0,3168.0,451.0,31.0,334.0,159.0,0.0,106.0,18.0,2025-08-01,0,1
2025,9,A3225,BILBAO - LAUKIZ - MUNGIA,7097.0,4002.0,535.0,85.0,978.0,174.0,0.0,61.0,61.0,2025-09-01,0,1
2025,10,A3225,BILBAO - LAUKIZ - MUNGIA,7658.0,3951.0,671.0,143.0,1219.0,133.0,0.0,26.0,66.0,2025-10-01,0,1
2025,11,A3225,BILBAO - LAUKIZ - MUNGIA,6481.0,3195.0,525.0,127.0,1249.0,92.0,0.0,24.0,53.0,2025-11-01,0,1
2025,12,A3225,BILBAO - LAUKIZ - MUNGIA,6236.0,3148.0,491.0,98.0,1059.0,113.0,1.0,59.0,62.0,2025-12-01,0,1
2020,1,A3512,BILBAO - LEKEITIO (Autopista),28811.0,18086.0,4641.0,1083.0,416.0,2810.0,5.0,219.0,115.0,2020-01-01,1,0
2020,2,A3512,BILBAO - LEKEITIO (Autopista),30034.0,19106.0,4673.0,1182.0,427.0,2812.0,6.0,148.0,155.0,2020-02-01,1,0
2020,3,A3512,BILBAO - LEKEITIO (Autopista),13271.0,8678.0,1868.0,541.0,202.0,1169.0,4.0,59.0,69.0,2020-03-01,1,0
2020,4,A3512,BILBAO - LEKEITIO (Autopista),2121.0,1871.0,128.0,,1.0,0.0,0.0,0.0,13.0,2020-04-01,1,0
2020,5,A3512,BILBAO - LEKEITIO (Autopista),7682.0,6528.0,753.0,28.0,9.0,0.0,0.0,11.0,14.0,2020-05-01,1,0
2020,6,A3512,BILBAO - LEKEITIO (Autopista),21248.0,17294.0,2373.0,250.0,26.0,0.0,0.0,56.0,83.0,2020-06-01,1,0
2020,7,A3512,BILBAO - LEKEITIO (Autopista),31568.0,25845.0,3602.0,303.0,42.0,0.0,0.0,106.0,95.0,2020-07-01,1,0
2020,8,A3512,BILBAO - LEKEITIO (Autopista),24989.0,20504.0,2870.0,114.0,3.0,0.0,0.0,117.0,99.0,2020-08-01,1,0
2020,9,A3512,BILBAO - LEKEITIO (Autopista),23116.0,17844.0,2785.0,943.0,170.0,0.0,0.0,62.0,63.0,2020-09-01,1,0
2020,10,A3512,BILBAO - LEKEITIO (Autopista),21248.0,15765.0,2314.0,1681.0,324.0,0.0,0.0,25.0,54.0,2020-10-01,1,0
2020,11,A3512,BILBAO - LEKEITIO (Autopista),16306.0,12202.0,1145.0,1595.0,315.0,0.0,0.0,24.0,81.0,2020-11-01,1,0
2020,12,A3512,BILBAO - LEKEITIO (Autopista),17936.0,13954.0,1596.0,947.0,204.0,127.0,0.0,56.0,78.0,2020-12-01,1,0
2021,1,A3512,BILBAO - LEKEITIO (Autopista),16074.0,12029.0,1083.0,1105.0,195.0,539.0,0.0,59.0,135.0,2021-01-01,1,0
2021,2,A3512,BILBAO - LEKEITIO (Autopista),15640.0,11604.0,1035.0,1219.0,207.0,566.0,0.0,44.0,141.0,2021-02-01,1,0
2021,3,A3512,BILBAO - LEKEITIO (Autopista),24100.0,17561.0,2437.0,1241.0,264.0,1062.0,0.0,121.0,175.0,2021-03-01,1,0
2021,4,A3512,BILBAO - LEKEITIO (Autopista),20771.0,14968.0,2076.0,1092.0,194.0,1138.0,2.0,113.0,148.0,2021-04-01,1,0
2021,5,A3512,BILBAO - LEKEITIO (Autopista),22214.0,15810.0,2555.0,1081.0,216.0,1197.0,0.0,116.0,122.0,2021-05-01,1,0
2021,6,A3512,BILBAO - LEKEITIO (Autopista),27596.0,20091.0,3549.0,552.0,139.0,1826.0,0.0,159.0,133.0,2021-06-01,1,0
2021,7,A3512,BILBAO - LEKEITIO (Autopista),32212.0,23307.0,4146.0,291.0,74.0,2606.0,11.0,277.0,127.0,2021-07-01,1,0
2021,8,A3512,BILBAO - LEKEITIO (Autopista),30500.0,21544.0,3972.0,185.0,38.0,2978.0,5.0,283.0,191.0,2021-08-01,1,0
2021,9,A3512,BILBAO - LEKEITIO (Autopista),27973.0,18962.0,3523.0,1498.0,218.0,2202.0,0.0,141.0,102.0,2021-09-01,1,0
2021,10,A3512,BILBAO - LEKEITIO (Autopista),29367.0,19118.0,3783.0,2188.0,387.0,2154.0,3.0,111.0,113.0,2021-10-01,1,0
2021,11,A3512,BILBAO - LEKEITIO (Autopista),27972.0,17976.0,3352.0,2505.0,446.0,1873.0,0.0,103.0,118.0,2021-11-01,1,0
2021,12,A3512,BILBAO - LEKEITIO (Autopista),22477.0,15455.0,2615.0,1138.0,260.0,1647.0,1.0,159.0,91.0,2021-12-01,1,0
2022,1,A3512,BILBAO - LEKEITIO (Autopista),22428.0,14839.0,2737.0,1772.0,281.0,1424.0,0.0,104.0,83.0,2022-01-01,0,0
2022,2,A3512,BILBAO - LEKEITIO (Autopista),25868.0,16818.0,3179.0,2231.0,425.0,1592.0,0.0,123.0,101.0,2022-02-01,0,0
2022,3,A3512,BILBAO - LEKEITIO (Autopista),29965.0,19538.0,3780.0,2499.0,505.0,1705.0,0.0,153.0,86.0,2022-03-01,0,0
2022,4,A3512,BILBAO - LEKEITIO (Autopista),28492.0,19141.0,3878.0,1419.0,247.0,2238.0,5.0,186.0,129.0,2022-04-01,0,0
2022,5,A3512,BILBAO - LEKEITIO (Autopista),32519.0,21506.0,4553.0,2091.0,309.0,2257.0,3.0,203.0,93.0,2022-05-01,0,0
2022,6,A3512,BILBAO - LEKEITIO (Autopista),34797.0,24064.0,4873.0,770.0,156.0,2874.0,13.0,220.0,174.0,2022-06-01,0,0
2022,7,A3512,BILBAO - LEKEITIO (Autopista),40918.0,28444.0,5652.0,466.0,127.0,3925.0,19.0,288.0,198.0,2022-07-01,0,0
2022,8,A3512,BILBAO - LEKEITIO (Autopista),41957.0,29426.0,5595.0,320.0,42.0,4186.0,9.0,402.0,306.0,2022-08-01,0,0
2022,9,A3512,BILBAO - LEKEITIO (Autopista),42549.0,29935.0,4744.0,2107.0,421.0,2688.0,4.0,219.0,250.0,2022-09-01,0,1
2022,10,A3512,BILBAO - LEKEITIO (Autopista),35319.0,23524.0,4949.0,2382.0,696.0,1661.0,2.0,168.0,252.0,2022-10-01,0,1
2022,11,A3512,BILBAO - LEKEITIO (Autopista),29909.0,20102.0,3807.0,2424.0,641.0,945.0,2.0,133.0,185.0,2022-11-01,0,1
2022,12,A3512,BILBAO - LEKEITIO (Autopista),28365.0,20271.0,3617.0,1201.0,373.0,1224.0,0.0,209.0,175.0,2022-12-01,0,1
2023,1,A3512,BILBAO - LEKEITIO (Autopista),25134.0,17984.0,2843.0,1554.0,377.0,915.0,3.0,152.0,117.0,2023-01-01,0,1
2023,2,A3512,BILBAO - LEKEITIO (Autopista),25580.0,17967.0,3143.0,1647.0,489.0,834.0,0.0,161.0,137.0,2023-02-01,0,1
2023,3,A3512,BILBAO - LEKEITIO (Autopista),28861.0,20113.0,3644.0,2121.0,513.0,869.0,0.0,156.0,108.0,2023-03-01,0,1
2023,4,A3512,BILBAO - LEKEITIO (Autopista),30919.0,22124.0,4355.0,1168.0,304.0,1439.0,0.0,270.0,131.0,2023-04-01,0,1
2023,5,A3512,BILBAO - LEKEITIO (Autopista),34073.0,24468.0,4457.0,1520.0,389.0,1492.0,0.0,204.0,129.0,2023-05-01,0,1
2023,6,A3512,BILBAO - LEKEITIO (Autopista),38067.0,28634.0,5089.0,501.0,277.0,1628.0,0.0,265.0,133.0,2023-06-01,0,1
2023,7,A3512,BILBAO - LEKEITIO (Autopista),42842.0,31851.0,5702.0,211.0,116.0,2612.0,3.0,350.0,150.0,2023-07-01,0,1
2023,8,A3512,BILBAO - LEKEITIO (Autopista),45407.0,33826.0,5924.0,234.0,40.0,2800.0,5.0,505.0,210.0,2023-08-01,0,1
2023,9,A3512,BILBAO - LEKEITIO (Autopista),44885.0,32960.0,4944.0,1557.0,437.0,2286.0,3.0,348.0,176.0,2023-09-01,0,1
2023,10,A3512,BILBAO - LEKEITIO (Autopista),39226.0,27572.0,5159.0,2196.0,643.0,1510.0,0.0,282.0,146.0,2023-10-01,0,1
2023,11,A3512,BILBAO - LEKEITIO (Autopista),35777.0,25165.0,4575.0,2201.0,650.0,1235.0,0.0,204.0,128.0,2023-11-01,0,1
2023,12,A3512,BILBAO - LEKEITIO (Autopista),34489.0,25372.0,4468.0,1219.0,350.0,1309.0,3.0,301.0,166.0,2023-12-01,0,1
2024,1,A3512,BILBAO - LEKEITIO (Autopista),33.182,22.548,4.343,1.848,332.0,1.18,3.0,291.0,103.0,2024-01-01,0,1
2024,2,A3512,BILBAO - LEKEITIO (Autopista),33989.0,23767.0,4370.0,1643.0,434.0,1121.0,0.0,227.0,130.0,2024-02-01,0,1
2024,3,A3512,BILBAO - LEKEITIO (Autopista),35679.0,24932.0,4864.0,1437.0,394.0,1215.0,0.0,325.0,139.0,2024-03-01,0,1
2024,4,A3512,BILBAO - LEKEITIO (Autopista),37468.0,25717.0,5186.0,1609.0,401.0,1410.0,1.0,338.0,118.0,2024-04-01,0,1
2024,5,A3512,BILBAO - LEKEITIO (Autopista),37558.0,25601.0,5156.0,1480.0,413.0,1563.0,0.0,237.0,111.0,2024-05-01,0,1
2024,6,A3512,BILBAO - LEKEITIO (Autopista),40162.0,28911.0,5334.0,616.0,205.0,1899.0,0.0,319.0,103.0,2024-06-01,0,1
2024,7,A3512,BILBAO - LEKEITIO (Autopista),50070.0,36708.0,6827.0,392.0,101.0,2411.0,0.0,549.0,186.0,2024-07-01,0,1
2024,8,A3512,BILBAO - LEKEITIO (Autopista),50543.0,37090.0,7125.0,319.0,97.0,2938.0,7.0,603.0,171.0,2024-08-01,0,1
2024,9,A3512,BILBAO - LEKEITIO (Autopista),45929.0,33046.0,5069.0,1558.0,482.0,2134.0,1.0,361.0,158.0,2024-09-01,0,1
2024,10,A3512,BILBAO - LEKEITIO (Autopista),41343.0,27554.0,5342.0,2407.0,811.0,1434.0,1.0,362.0,122.0,2024-10-01,0,1
2024,11,A3512,BILBAO - LEKEITIO (Autopista),38583.0,25972.0,5095.0,2325.0,767.0,1199.0,0.0,282.0,146.0,2024-11-01,0,1
2024,12,A3512,BILBAO - LEKEITIO (Autopista),36225.0,26219.0,4533.0,1230.0,451.0,1282.0,0.0,313.0,125.0,2024-12-01,0,1
2025,1,A3512,BILBAO - LEKEITIO (Autopista),31579.0,22165.0,3932.0,1593.0,470.0,952.0,0.0,275.0,137.0,2025-01-01,0,1
2025,2,A3512,BILBAO - LEKEITIO (Autopista),39811.0,27427.0,4973.0,2376.0,810.0,1003.0,0.0,273.0,102.0,2025-02-01,0,1
2025,3,A3512,BILBAO - LEKEITIO (Autopista),38402.0,26718.0,4791.0,1995.0,783.0,1006.0,0.0,276.0,87.0,2025-03-01,0,1
2025,4,A3512,BILBAO - LEKEITIO (Autopista),38091.0,27021.0,5132.0,1239.0,570.0,1275.0,0.0,256.0,105.0,2025-04-01,0,1
2025,5,A3512,BILBAO - LEKEITIO (Autopista),43575.0,30334.0,6072.0,1237.0,612.0,1388.0,1.0,270.0,129.0,2025-05-01,0,1
2025,6,A3512,BILBAO - LEKEITIO (Autopista),48773.0,35153.0,6075.0,578.0,354.0,1530.0,4.0,415.0,167.0,2025-06-01,0,1
2025,7,A3512,BILBAO - LEKEITIO (Autopista),48590.0,35002.0,6947.0,426.0,267.0,1971.0,13.0,511.0,143.0,2025-07-01,0,1
2025,8,A3512,BILBAO - LEKEITIO (Autopista),52310.0,38917.0,7145.0,360.0,138.0,2317.0,1.0,594.0,213.0,2025-08-01,0,1
2025,9,A3512,BILBAO - LEKEITIO (Autopista),50454.0,36672.0,5769.0,1542.0,617.0,1544.0,0.0,280.0,175.0,2025-09-01,0,1
2025,10,A3512,BILBAO - LEKEITIO (Autopista),42786.0,28913.0,6001.0,1923.0,885.0,1124.0,0.0,256.0,140.0,2025-10-01,0,1
2025,11,A3512,BILBAO - LEKEITIO (Autopista),39082.0,26593.0,5372.0,1788.0,857.0,881.0,0.0,224.0,98.0,2025-11-01,0,1
2025,12,A3512,BILBAO - LEKEITIO (Autopista),38351.0,27443.0,5453.0,1224.0,523.0,886.0,0.0,279.0,114.0,2025-12-01,0,1
2020,1,A3925,BILBAO - LEMOA - OTXANDIO - UBIDE,22048.0,13169.0,4198.0,999.0,822.0,1773.0,0.0,148.0,262.0,2020-01-01,1,0
2020,2,A3925,BILBAO - LEMOA - OTXANDIO - UBIDE,22992.0,13760.0,4435.0,969.0,907.0,1677.0,1.0,168.0,255.0,2020-02-01,1,0
2020,3,A3925,BILBAO - LEMOA - OTXANDIO - UBIDE,10455.0,6760.0,1517.0,450.0,441.0,745.0,0.0,50.0,112.0,2020-03-01,1,0
2020,4,A3925,BILBAO - LEMOA - OTXANDIO - UBIDE,2043.0,1731.0,217.0,1.0,47.0,0.0,0.0,1.0,8.0,2020-04-01,1,0
2020,5,A3925,BILBAO - LEMOA - OTXANDIO - UBIDE,5650.0,4565.0,804.0,6.0,107.0,0.0,0.0,1.0,6.0,2020-05-01,1,0
2020,6,A3925,BILBAO - LEMOA - OTXANDIO - UBIDE,12673.0,9825.0,2012.0,190.0,195.0,0.0,0.0,63.0,49.0,2020-06-01,1,0
2020,7,A3925,BILBAO - LEMOA - OTXANDIO - UBIDE,14975.0,11463.0,2422.0,229.0,180.0,0.0,0.0,64.0,123.0,2020-07-01,1,0
2020,8,A3925,BILBAO - LEMOA - OTXANDIO - UBIDE,11853.0,9284.0,1840.0,110.0,136.0,0.0,0.0,70.0,69.0,2020-08-01,1,0
2020,9,A3925,BILBAO - LEMOA - OTXANDIO - UBIDE,14858.0,11195.0,2190.0,439.0,515.0,0.0,0.0,58.0,65.0,2020-09-01,1,0
2020,10,A3925,BILBAO - LEMOA - OTXANDIO - UBIDE,15503.0,11244.0,2107.0,878.0,663.0,0.0,0.0,56.0,84.0,2020-10-01,1,0
2020,11,A3925,BILBAO - LEMOA - OTXANDIO - UBIDE,13097.0,9563.0,1509.0,908.0,609.0,0.0,0.0,27.0,68.0,2020-11-01,1,0
2020,12,A3925,BILBAO - LEMOA - OTXANDIO - UBIDE,14289.0,10660.0,1882.0,539.0,469.0,78.0,0.0,64.0,114.0,2020-12-01,1,0
2021,1,A3925,BILBAO - LEMOA - OTXANDIO - UBIDE,14021.0,10270.0,1631.0,739.0,423.0,340.0,0.0,74.0,130.0,2021-01-01,1,0
2021,2,A3925,BILBAO - LEMOA - OTXANDIO - UBIDE,12273.0,8831.0,1286.0,752.0,421.0,291.0,0.0,78.0,187.0,2021-02-01,1,0
2021,3,A3925,BILBAO - LEMOA - OTXANDIO - UBIDE,15953.0,11087.0,2086.0,915.0,584.0,478.0,0.0,111.0,186.0,2021-03-01,1,0
2021,4,A3925,BILBAO - LEMOA - OTXANDIO - UBIDE,14489.0,10011.0,1862.0,735.0,591.0,475.0,5.0,117.0,185.0,2021-04-01,1,0
2021,5,A3925,BILBAO - LEMOA - OTXANDIO - UBIDE,15991.0,10963.0,2313.0,667.0,562.0,622.0,4.0,136.0,193.0,2021-05-01,1,0
2021,6,A3925,BILBAO - LEMOA - OTXANDIO - UBIDE,18270.0,12871.0,2840.0,411.0,402.0,730.0,16.0,200.0,212.0,2021-06-01,1,0
2021,7,A3925,BILBAO - LEMOA - OTXANDIO - UBIDE,17170.0,12227.0,2570.0,305.0,316.0,940.0,10.0,175.0,182.0,2021-07-01,1,0
2021,8,A3925,BILBAO - LEMOA - OTXANDIO - UBIDE,14321.0,9735.0,2425.0,152.0,250.0,1013.0,2.0,258.0,139.0,2021-08-01,1,0
2021,9,A3925,BILBAO - LEMOA - OTXANDIO - UBIDE,17759.0,11918.0,2629.0,671.0,631.0,1012.0,3.0,190.0,241.0,2021-09-01,1,0
2021,10,A3925,BILBAO - LEMOA - OTXANDIO - UBIDE,18450.0,12053.0,2963.0,870.0,801.0,935.0,3.0,133.0,179.0,2021-10-01,1,0
2021,11,A3925,BILBAO - LEMOA - OTXANDIO - UBIDE,18079.0,11754.0,2749.0,895.0,845.0,901.0,2.0,147.0,241.0,2021-11-01,1,0
2021,12,A3925,BILBAO - LEMOA - OTXANDIO - UBIDE,16325.0,10779.0,2575.0,573.0,569.0,994.0,2.0,219.0,169.0,2021-12-01,1,0
2022,1,A3925,BILBAO - LEMOA - OTXANDIO - UBIDE,15852.0,10367.0,2405.0,661.0,626.0,949.0,4.0,166.0,190.0,2022-01-01,0,0
2022,2,A3925,BILBAO - LEMOA - OTXANDIO - UBIDE,16372.0,10503.0,2665.0,715.0,800.0,825.0,6.0,141.0,166.0,2022-02-01,0,0
2022,3,A3925,BILBAO - LEMOA - OTXANDIO - UBIDE,19192.0,12429.0,3099.0,708.0,912.0,988.0,3.0,193.0,214.0,2022-03-01,0,0
2022,4,A3925,BILBAO - LEMOA - OTXANDIO - UBIDE,15435.0,10088.0,2668.0,512.0,636.0,835.0,0.0,161.0,152.0,2022-04-01,0,0
2022,5,A3925,BILBAO - LEMOA - OTXANDIO - UBIDE,19032.0,12465.0,3134.0,675.0,752.0,998.0,5.0,223.0,238.0,2022-05-01,0,0
2022,6,A3925,BILBAO - LEMOA - OTXANDIO - UBIDE,19107.0,12881.0,3162.0,334.0,575.0,1171.0,4.0,217.0,218.0,2022-06-01,0,0
2022,7,A3925,BILBAO - LEMOA - OTXANDIO - UBIDE,18154.0,12394.0,2973.0,256.0,390.0,1202.0,1.0,284.0,157.0,2022-07-01,0,0
2022,8,A3925,BILBAO - LEMOA - OTXANDIO - UBIDE,17260.0,11510.0,3014.0,209.0,228.0,1322.0,1.0,354.0,191.0,2022-08-01,0,0
2022,9,A3925,BILBAO - LEMOA - OTXANDIO - UBIDE,20609.0,14023.0,3284.0,559.0,812.0,797.0,5.0,322.0,160.0,2022-09-01,0,1
2022,10,A3925,BILBAO - LEMOA - OTXANDIO - UBIDE,21860.0,14562.0,3802.0,687.0,963.0,645.0,2.0,223.0,238.0,2022-10-01,0,1
2022,11,A3925,BILBAO - LEMOA - OTXANDIO - UBIDE,22482.0,14990.0,3849.0,811.0,909.0,645.0,2.0,223.0,238.0,2022-11-01,0,1
2022,12,A3925,BILBAO - LEMOA - OTXANDIO - UBIDE,21003.0,14699.0,3373.0,562.0,590.0,658.0,1.0,281.0,211.0,2022-12-01,0,1
2023,1,A3925,BILBAO - LEMOA - OTXANDIO - UBIDE,20736.0,14630.0,3219.0,659.0,621.0,600.0,0.0,202.0,188.0,2023-01-01,0,1
2023,2,A3925,BILBAO - LEMOA - OTXANDIO - UBIDE,21009.0,14463.0,3412.0,731.0,754.0,568.0,2.0,231.0,199.0,2023-02-01,0,1
2023,3,A3925,BILBAO - LEMOA - OTXANDIO - UBIDE,24848.0,17018.0,4203.0,720.0,1021.0,647.0,0.0,251.0,278.0,2023-03-01,0,1
2023,4,A3925,BILBAO - LEMOA - OTXANDIO - UBIDE,20169.0,13642.0,3605.0,554.0,744.0,631.0,5.0,284.0,207.0,2023-04-01,0,1
2023,5,A3925,BILBAO - LEMOA - OTXANDIO - UBIDE,24108.0,16645.0,3811.0,746.0,986.0,761.0,1.0,287.0,218.0,2023-05-01,0,1
2023,6,A3925,BILBAO - LEMOA - OTXANDIO - UBIDE,23534.0,16347.0,3989.0,439.0,735.0,792.0,8.0,341.0,203.0,2023-06-01,0,1
2023,7,A3925,BILBAO - LEMOA - OTXANDIO - UBIDE,21568.0,15439.0,3304.0,211.0,655.0,804.0,1.0,405.0,183.0,2023-07-01,0,1
2023,8,A3925,BILBAO - LEMOA - OTXANDIO - UBIDE,20581.0,14502.0,3335.0,188.0,570.0,841.0,1.0,535.0,189.0,2023-08-01,0,1
2023,9,A3925,BILBAO - LEMOA - OTXANDIO - UBIDE,23842.0,16483.0,3639.0,589.0,1066.0,812.0,4.0,362.0,225.0,2023-09-01,0,1
2023,10,A3925,BILBAO - LEMOA - OTXANDIO - UBIDE,24888.0,16744.0,3974.0,831.0,1360.0,736.0,2.0,267.0,233.0,2023-10-01,0,1
2023,11,A3925,BILBAO - LEMOA - OTXANDIO - UBIDE,24419.0,16071.0,4260.0,762.0,1351.0,715.0,5.0,206.0,274.0,2023-11-01,0,1
2023,12,A3925,BILBAO - LEMOA - OTXANDIO - UBIDE,22987.0,15523.0,3925.0,562.0,969.0,722.0,0.0,326.0,266.0,2023-12-01,0,1
2024,1,A3925,BILBAO - LEMOA - OTXANDIO - UBIDE,23.642,14778.0,4060.0,772.0,947.0,808.0,3.0,239.0,254.0,2024-01-01,0,1
2024,2,A3925,BILBAO - LEMOA - OTXANDIO - UBIDE,23655.0,15215.0,3946.0,776.0,906.0,611.0,3.0,261.0,222.0,2024-02-01,0,1
2024,3,A3925,BILBAO - LEMOA - OTXANDIO - UBIDE,24492.0,15455.0,4065.0,780.0,981.0,605.0,0.0,326.0,260.0,2024-03-01,0,1
2024,4,A3925,BILBAO - LEMOA - OTXANDIO - UBIDE,24663.0,15307.0,4229.0,729.0,967.0,699.0,2.0,331.0,275.0,2024-04-01,0,1
2024,5,A3925,BILBAO - LEMOA - OTXANDIO - UBIDE,25840.0,16252.0,4158.0,793.0,1053.0,697.0,0.0,350.0,277.0,2024-05-01,0,1
2024,6,A3925,BILBAO - LEMOA - OTXANDIO - UBIDE,24818.0,15851.0,4090.0,430.0,804.0,662.0,1.0,416.0,296.0,2024-06-01,0,1
2024,7,A3925,BILBAO - LEMOA - OTXANDIO - UBIDE,26193.0,17365.0,4019.0,350.0,690.0,753.0,2.0,523.0,264.0,2024-07-01,0,1
2024,8,A3925,BILBAO - LEMOA - OTXANDIO - UBIDE,22668.0,14586.0,3829.0,211.0,608.0,742.0,0.0,488.0,241.0,2024-08-01,0,1
2024,9,A3925,BILBAO - LEMOA - OTXANDIO - UBIDE,25735.0,15908.0,4128.0,692.0,1115.0,636.0,0.0,394.0,268.0,2024-09-01,0,1
2024,10,A3925,BILBAO - LEMOA - OTXANDIO - UBIDE,28292.0,16787.0,4764.0,881.0,1456.0,670.0,3.0,337.0,288.0,2024-10-01,0,1
2024,11,A3925,BILBAO - LEMOA - OTXANDIO - UBIDE,27158.0,15760.0,4911.0,732.0,1448.0,728.0,0.0,349.0,245.0,2024-11-01,0,1
2024,12,A3925,BILBAO - LEMOA - OTXANDIO - UBIDE,25162.0,15414.0,4196.0,588.0,1165.0,710.0,0.0,354.0,235.0,2024-12-01,0,1
2025,1,A3925,BILBAO - LEMOA - OTXANDIO - UBIDE,26049.0,15464.0,4215.0,671.0,1436.0,640.0,2.0,330.0,232.0,2025-01-01,0,1
2025,2,A3925,BILBAO - LEMOA - OTXANDIO - UBIDE,25876.0,15094.0,4286.0,734.0,1306.0,636.0,0.0,374.0,228.0,2025-02-01,0,1
2025,3,A3925,BILBAO - LEMOA - OTXANDIO - UBIDE,26851.0,15931.0,4264.0,843.0,1404.0,639.0,0.0,301.0,277.0,2025-03-01,0,1
2025,4,A3925,BILBAO - LEMOA - OTXANDIO - UBIDE,24411.0,14187.0,4375.0,607.0,1158.0,541.0,0.0,387.0,276.0,2025-04-01,0,1
2025,5,A3925,BILBAO - LEMOA - OTXANDIO - UBIDE,26691.0,15992.0,4283.0,575.0,1296.0,554.0,0.0,381.0,242.0,2025-05-01,0,1
2025,6,A3925,BILBAO - LEMOA - OTXANDIO - UBIDE,26000.0,16042.0,4032.0,392.0,935.0,505.0,0.0,471.0,260.0,2025-06-01,0,1
2025,7,A3925,BILBAO - LEMOA - OTXANDIO - UBIDE,26527.0,16770.0,4116.0,282.0,803.0,606.0,0.0,395.0,267.0,2025-07-01,0,1
2025,8,A3925,BILBAO - LEMOA - OTXANDIO - UBIDE,23055.0,14151.0,3880.0,254.0,634.0,507.0,1.0,497.0,235.0,2025-08-01,0,1
2025,9,A3925,BILBAO - LEMOA - OTXANDIO - UBIDE,26755.0,15866.0,4214.0,776.0,1334.0,552.0,0.0,321.0,253.0,2025-09-01,0,1
2025,10,A3925,BILBAO - LEMOA - OTXANDIO - UBIDE,29190.0,16335.0,5132.0,814.0,1704.0,521.0,1.0,328.0,281.0,2025-10-01,0,1
2025,11,A3925,BILBAO - LEMOA - OTXANDIO - UBIDE,27529.0,15175.0,4646.0,902.0,1642.0,513.0,1.0,291.0,240.0,2025-11-01,0,1
2025,12,A3925,BILBAO - LEMOA - OTXANDIO - UBIDE,36067.0,24459.0,4602.0,733.0,1328.0,504.0,4.0,350.0,259.0,2025-12-01,0,1
2020,1,A3927,BILBAO - LEMOA - ZEANURI (Autopista),15061.0,9349.0,1713.0,777.0,907.0,1003.0,0.0,236.0,184.0,2020-01-01,1,0
2020,2,A3927,BILBAO - LEMOA - ZEANURI (Autopista),15152.0,9339.0,1589.0,730.0,1100.0,1062.0,0.0,240.0,174.0,2020-02-01,1,0
2020,3,A3927,BILBAO - LEMOA - ZEANURI (Autopista),7601.0,4898.0,799.0,351.0,532.0,441.0,0.0,84.0,66.0,2020-03-01,1,0
2020,4,A3927,BILBAO - LEMOA - ZEANURI (Autopista),1054.0,948.0,74.0,0.0,6.0,0.0,0.0,0.0,0.0,2020-04-01,1,0
2020,5,A3927,BILBAO - LEMOA - ZEANURI (Autopista),3417.0,2871.0,323.0,31.0,80.0,0.0,0.0,2.0,2.0,2020-05-01,1,0
2020,6,A3927,BILBAO - LEMOA - ZEANURI (Autopista),8429.0,6754.0,863.0,124.0,261.0,0.0,0.0,65.0,21.0,2020-06-01,1,0
2020,7,A3927,BILBAO - LEMOA - ZEANURI (Autopista),9769.0,7747.0,1039.0,167.0,318.0,0.0,0.0,90.0,38.0,2020-07-01,1,0
2020,8,A3927,BILBAO - LEMOA - ZEANURI (Autopista),0.0,0.0,0.0,0.0,0.0,0.0,0.0,0.0,0.0,2020-08-01,1,0
2020,9,A3927,BILBAO - LEMOA - ZEANURI (Autopista),10944.0,8215.0,1025.0,440.0,680.0,0.0,0.0,67.0,47.0,2020-09-01,1,0
2020,10,A3927,BILBAO - LEMOA - ZEANURI (Autopista),12128.0,8605.0,937.0,910.0,956.0,0.0,0.0,33.0,34.0,2020-10-01,1,0
2020,11,A3927,BILBAO - LEMOA - ZEANURI (Autopista),10477.0,7223.0,690.0,904.0,901.0,0.0,0.0,43.0,49.0,2020-11-01,1,0
2020,12,A3927,BILBAO - LEMOA - ZEANURI (Autopista),10045.0,7348.0,863.0,511.0,553.0,41.0,0.0,61.0,70.0,2020-12-01,1,0
2021,1,A3927,BILBAO - LEMOA - ZEANURI (Autopista),9623.0,6999.0,748.0,437.0,517.0,195.0,1.0,60.0,81.0,2021-01-01,1,0
2021,2,A3927,BILBAO - LEMOA - ZEANURI (Autopista),9964.0,6682.0,686.0,789.0,734.0,290.0,0.0,61.0,84.0,2021-02-01,1,0
2021,3,A3927,BILBAO - LEMOA - ZEANURI (Autopista),12138.0,7868.0,1050.0,909.0,785.0,421.0,1.0,125.0,87.0,2021-03-01,1,0
2021,4,A3927,BILBAO - LEMOA - ZEANURI (Autopista),10402.0,6850.0,872.0,860.0,514.0,421.0,2.0,123.0,75.0,2021-04-01,1,0
2021,5,A3927,BILBAO - LEMOA - ZEANURI (Autopista),11661.0,7912.0,1067.0,763.0,514.0,506.0,0.0,160.0,61.0,2021-05-01,1,0
2021,6,A3927,BILBAO - LEMOA - ZEANURI (Autopista),13653.0,9701.0,1489.0,452.0,396.0,606.0,0.0,205.0,89.0,2021-06-01,1,0
2021,7,A3927,BILBAO - LEMOA - ZEANURI (Autopista),10851.0,7750.0,1299.0,218.0,249.0,592.0,1.0,227.0,64.0,2021-07-01,1,0
2021,8,A3927,BILBAO - LEMOA - ZEANURI (Autopista),0.0,0.0,0.0,0.0,0.0,0.0,0.0,0.0,0.0,2021-08-01,1,0
2021,9,A3927,BILBAO - LEMOA - ZEANURI (Autopista),12850.0,8198.0,1330.0,894.0,593.0,726.0,1.0,157.0,94.0,2021-09-01,1,0
2021,10,A3927,BILBAO - LEMOA - ZEANURI (Autopista),13749.0,8124.0,1381.0,1437.0,906.0,618.0,2.0,124.0,97.0,2021-10-01,1,0
2021,11,A3927,BILBAO - LEMOA - ZEANURI (Autopista),14264.0,8448.0,1357.0,1389.0,978.0,750.0,0.0,111.0,132.0,2021-11-01,1,0
2021,12,A3927,BILBAO - LEMOA - ZEANURI (Autopista),12278.0,7682.0,1207.0,820.0,683.0,747.0,5.0,152.0,65.0,2021-12-01,1,0
2022,1,A3927,BILBAO - LEMOA - ZEANURI (Autopista),11074.0,7042.0,1067.0,744.0,633.0,637.0,1.0,105.0,65.0,2022-01-01,0,0
2022,2,A3927,BILBAO - LEMOA - ZEANURI (Autopista),12729.0,7543.0,1174.0,1168.0,1030.0,686.0,2.0,119.0,70.0,2022-02-01,0,0
2022,3,A3927,BILBAO - LEMOA - ZEANURI (Autopista),15426.0,9459.0,1667.0,1212.0,1061.0,811.0,2.0,132.0,60.0,2022-03-01,0,0
2022,4,A3927,BILBAO - LEMOA - ZEANURI (Autopista),10969.0,7011.0,1173.0,643.0,698.0,648.0,0.0,136.0,44.0,2022-04-01,0,0
2022,5,A3927,BILBAO - LEMOA - ZEANURI (Autopista),14147.0,8819.0,1570.0,842.0,903.0,889.0,0.0,182.0,80.0,2022-05-01,0,0
2022,6,A3927,BILBAO - LEMOA - ZEANURI (Autopista),14096.0,9618.0,1496.0,356.0,612.0,922.0,3.0,240.0,93.0,2022-06-01,0,0
2022,7,A3927,BILBAO - LEMOA - ZEANURI (Autopista),11261.0,7856.0,1287.0,205.0,308.0,766.0,10.0,295.0,108.0,2022-07-01,0,0
2022,8,A3927,BILBAO - LEMOA - ZEANURI (Autopista),0.0,0.0,0.0,0.0,0.0,0.0,0.0,0.0,0.0,2022-08-01,0,0
2022,9,A3927,BILBAO - LEMOA - ZEANURI (Autopista),15774.0,10429.0,1570.0,684.0,1189.0,598.0,1.0,205.0,130.0,2022-09-01,0,1
2022,10,A3927,BILBAO - LEMOA - ZEANURI (Autopista),16748.0,10764.0,1660.0,869.0,1465.0,546.0,2.0,192.0,151.0,2022-10-01,0,1
2022,11,A3927,BILBAO - LEMOA - ZEANURI (Autopista),17894.0,11468.0,1811.0,964.0,1597.0,546.0,2.0,192.0,151.0,2022-11-01,0,1
2022,12,A3927,BILBAO - LEMOA - ZEANURI (Autopista),15524.0,10608.0,1673.0,574.0,998.0,479.0,6.0,224.0,120.0,2022-12-01,0,1
2023,1,A3927,BILBAO - LEMOA - ZEANURI (Autopista),16133.0,10975.0,1645.0,726.0,1137.0,472.0,2.0,179.0,144.0,2023-01-01,0,1
2023,2,A3927,BILBAO - LEMOA - ZEANURI (Autopista),16011.0,10577.0,1626.0,823.0,1409.0,461.0,0.0,152.0,116.0,2023-02-01,0,1
2023,3,A3927,BILBAO - LEMOA - ZEANURI (Autopista),18852.0,12638.0,1775.0,929.0,1669.0,519.0,0.0,213.0,152.0,2023-03-01,0,1
2023,4,A3927,BILBAO - LEMOA - ZEANURI (Autopista),13495.0,9260.0,1277.0,525.0,1077.0,418.0,0.0,224.0,86.0,2023-04-01,0,1
2023,5,A3927,BILBAO - LEMOA - ZEANURI (Autopista),18794.0,13234.0,1730.0,729.0,1411.0,443.0,0.0,266.0,139.0,2023-05-01,0,1
2023,6,A3927,BILBAO - LEMOA - ZEANURI (Autopista),18148.0,13386.0,1781.0,399.0,891.0,554.0,1.0,328.0,89.0,2023-06-01,0,1
2023,7,A3927,BILBAO - LEMOA - ZEANURI (Autopista),13942.0,10542.0,1414.0,189.0,459.0,513.0,0.0,295.0,60.0,2023-07-01,0,1
2023,8,A3927,BILBAO - LEMOA - ZEANURI (Autopista),0.0,0.0,0.0,0.0,0.0,0.0,0.0,0.0,0.0,2023-08-01,0,1
2023,9,A3927,BILBAO - LEMOA - ZEANURI (Autopista),18696.0,13123.0,1659.0,651.0,1351.0,581.0,7.0,292.0,112.0,2023-09-01,0,1
2023,10,A3927,BILBAO - LEMOA - ZEANURI (Autopista),19657.0,13231.0,1793.0,1045.0,1695.0,512.0,0.0,257.0,111.0,2023-10-01,0,1
2023,11,A3927,BILBAO - LEMOA - ZEANURI (Autopista),18968.0,12780.0,1732.0,977.0,1665.0,481.0,0.0,181.0,135.0,2023-11-01,0,1
2023,12,A3927,BILBAO - LEMOA - ZEANURI (Autopista),15568.0,10800.0,1721.0,552.0,1030.0,475.0,0.0,200.0,89.0,2023-12-01,0,1
2024,1,A3927,BILBAO - LEMOA - ZEANURI (Autopista),19.323,12549.0,1896.0,885.0,1300.0,648.0,2.0,239.0,122.0,2024-01-01,0,1
2024,2,A3927,BILBAO - LEMOA - ZEANURI (Autopista),20039.0,13186.0,1853.0,914.0,1529.0,554.0,1.0,233.0,97.0,2024-02-01,0,1
2024,3,A3927,BILBAO - LEMOA - ZEANURI (Autopista),18199.0,11825.0,1614.0,928.0,1325.0,456.0,1.0,216.0,123.0,2024-03-01,0,1
2024,4,A3927,BILBAO - LEMOA - ZEANURI (Autopista),20654.0,13370.0,1929.0,867.0,1499.0,613.0,0.0,311.0,96.0,2024-04-01,0,1
2024,5,A3927,BILBAO - LEMOA - ZEANURI (Autopista),22594.0,14597.0,2037.0,917.0,1471.0,600.0,4.0,323.0,142.0,2024-05-01,0,1
2024,6,A3927,BILBAO - LEMOA - ZEANURI (Autopista),19883.0,13095.0,1851.0,593.0,1005.0,585.0,1.0,452.0,100.0,2024-06-01,0,1
2024,7,A3927,BILBAO - LEMOA - ZEANURI (Autopista),17418.0,11848.0,1776.0,274.0,665.0,582.0,0.0,454.0,64.0,2024-07-01,0,1
2024,8,A3927,BILBAO - LEMOA - ZEANURI (Autopista),2400.0,2015.0,150.0,14.0,58.0,0.0,0.0,22.0,21.0,2024-08-01,0,1
2024,9,A3927,BILBAO - LEMOA - ZEANURI (Autopista),20954.0,13364.0,1862.0,840.0,1438.0,615.0,0.0,292.0,90.0,2024-09-01,0,1
2024,10,A3927,BILBAO - LEMOA - ZEANURI (Autopista),24762.0,15336.0,2191.0,1112.0,1998.0,638.0,5.0,304.0,73.0,2024-10-01,0,1
2024,11,A3927,BILBAO - LEMOA - ZEANURI (Autopista),21405.0,13147.0,1871.0,899.0,1775.0,547.0,0.0,231.0,91.0,2024-11-01,0,1
2024,12,A3927,BILBAO - LEMOA - ZEANURI (Autopista),19157.0,12225.0,1779.0,620.0,1296.0,512.0,1.0,311.0,85.0,2024-12-01,0,1
2025,1,A3927,BILBAO - LEMOA - ZEANURI (Autopista),21430.0,13527.0,1939.0,914.0,1561.0,500.0,1.0,247.0,69.0,2025-01-01,0,1
2025,2,A3927,BILBAO - LEMOA - ZEANURI (Autopista),21574.0,13121.0,2007.0,934.0,1942.0,551.0,0.0,219.0,73.0,2025-02-01,0,1
2025,3,A3927,BILBAO - LEMOA - ZEANURI (Autopista),21919.0,13489.0,1999.0,937.0,1900.0,461.0,0.0,228.0,133.0,2025-03-01,0,1
2025,4,A3927,BILBAO - LEMOA - ZEANURI (Autopista),19106.0,12077.0,1860.0,769.0,1368.0,415.0,0.0,306.0,103.0,2025-04-01,0,1
2025,5,A3927,BILBAO - LEMOA - ZEANURI (Autopista),20675.0,13134.0,1945.0,780.0,1266.0,463.0,0.0,242.0,99.0,2025-05-01,0,1
2025,6,A3927,BILBAO - LEMOA - ZEANURI (Autopista),19698.0,12994.0,1877.0,501.0,965.0,458.0,0.0,293.0,98.0,2025-06-01,0,1
2025,7,A3927,BILBAO - LEMOA - ZEANURI (Autopista),18200.0,12132.0,1913.0,284.0,756.0,515.0,0.0,413.0,88.0,2025-07-01,0,1
2025,8,A3927,BILBAO - LEMOA - ZEANURI (Autopista),1965.0,1638.0,146.0,11.0,44.0,4.0,0.0,7.0,13.0,2025-08-01,0,1
2025,9,A3927,BILBAO - LEMOA - ZEANURI (Autopista),21780.0,13833.0,1862.0,958.0,1769.0,462.0,0.0,327.0,65.0,2025-09-01,0,1
2025,10,A3927,BILBAO - LEMOA - ZEANURI (Autopista),25013.0,14871.0,2116.0,1300.0,2551.0,498.0,2.0,334.0,65.0,2025-10-01,0,1
2025,11,A3927,BILBAO - LEMOA - ZEANURI (Autopista),22044.0,12580.0,2111.0,1209.0,2423.0,404.0,0.0,236.0,73.0,2025-11-01,0,1
2025,12,A3927,BILBAO - LEMOA - ZEANURI (Autopista),26185.0,18107.0,1976.0,859.0,1712.0,401.0,0.0,301.0,93.0,2025-12-01,0,1
2020,1,A3516,BILBAO - MUNGIA (Por autopista/tik),43003.0,29691.0,3992.0,1783.0,2481.0,2244.0,1.0,309.0,383.0,2020-01-01,1,0
2020,2,A3516,BILBAO - MUNGIA (Por autopista/tik),43354.0,29230.0,3808.0,2600.0,2577.0,2241.0,0.0,288.0,357.0,2020-02-01,1,0
2020,3,A3516,BILBAO - MUNGIA (Por autopista/tik),21415.0,15139.0,1513.0,1251.0,1344.0,914.0,2.0,83.0,197.0,2020-03-01,1,0
2020,4,A3516,BILBAO - MUNGIA (Por autopista/tik),2667.0,2459.0,67.0,3.0,60.0,,,6.0,24.0,2020-04-01,1,0
2020,5,A3516,BILBAO - MUNGIA (Por autopista/tik),9310.0,8312.0,476.0,70.0,142.0,0.0,0.0,5.0,41.0,2020-05-01,1,0
2020,6,A3516,BILBAO - MUNGIA (Por autopista/tik),12745.0,10746.0,965.0,164.0,294.0,0.0,0.0,22.0,35.0,2020-06-01,1,0
2020,7,A3516,BILBAO - MUNGIA (Por autopista/tik),12430.0,10414.0,1062.0,150.0,255.0,0.0,0.0,52.0,75.0,2020-07-01,1,0
2020,8,A3516,BILBAO - MUNGIA (Por autopista/tik),8893.0,7492.0,746.0,121.0,199.0,0.0,0.0,31.0,33.0,2020-08-01,1,0
2020,9,A3516,BILBAO - MUNGIA (Por autopista/tik),27344.0,21641.0,1715.0,1049.0,1381.0,,,47.0,145.0,2020-09-01,1,0
2020,10,A3516,BILBAO - MUNGIA (Por autopista/tik),31794.0,23731.0,2081.0,1801.0,2340.0,,,24.0,103.0,2020-10-01,1,0
2020,11,A3516,BILBAO - MUNGIA (Por autopista/tik),23043.0,17187.0,1146.0,1420.0,1825.0,,,11.0,111.0,2020-11-01,1,0
2020,12,A3516,BILBAO - MUNGIA (Por autopista/tik),22186.0,17233.0,1415.0,836.0,1304.0,82.0,0.0,46.0,124.0,2020-12-01,1,0
2021,1,A3516,BILBAO - MUNGIA (Por autopista/tik),10364.0,7923.0,682.0,345.0,579.0,157.0,0.0,41.0,110.0,2021-01-01,1,0
2021,2,A3516,BILBAO - MUNGIA (Por autopista/tik),11423.0,8438.0,549.0,576.0,897.0,149.0,0.0,36.0,121.0,2021-02-01,1,0
2021,3,A3516,BILBAO - MUNGIA (Por autopista/tik),13738.0,10083.0,1034.0,579.0,781.0,274.0,0.0,64.0,163.0,2021-03-01,1,0
2021,4,A3516,BILBAO - MUNGIA (Por autopista/tik),11543.0,8600.0,748.0,462.0,695.0,265.0,,57.0,104.0,2021-04-01,1,0
2021,5,A3516,BILBAO - MUNGIA (Por autopista/tik),14183.0,10496.0,1147.0,481.0,674.0,395.0,0.0,91.0,138.0,2021-05-01,1,0
2021,6,A3516,BILBAO - MUNGIA (Por autopista/tik),3251.0,2490.0,257.0,73.0,127.0,104.0,0.0,15.0,28.0,2021-06-01,1,0
2021,7,A3516,BILBAO - MUNGIA (Por autopista/tik),756.0,615.0,10.0,9.0,36.0,41.0,,7.0,3.0,2021-07-01,1,0
2021,8,A3516,BILBAO - MUNGIA (Por autopista/tik),590.0,457.0,13.0,11.0,42.0,29.0,,5.0,5.0,2021-08-01,1,0
2021,9,A3516,BILBAO - MUNGIA (Por autopista/tik),16530.0,12066.0,1302.0,555.0,852.0,630.0,,102.0,143.0,2021-09-01,1,0
2021,10,A3516,BILBAO - MUNGIA (Por autopista/tik),18905.0,12902.0,1606.0,1106.0,1302.0,666.0,,80.0,183.0,2021-10-01,1,0
2021,11,A3516,BILBAO - MUNGIA (Por autopista/tik),19407.0,13263.0,1624.0,1226.0,1306.0,686.0,0.0,73.0,178.0,2021-11-01,1,0
2021,12,A3516,BILBAO - MUNGIA (Por autopista/tik),16211.0,11534.0,1449.0,668.0,788.0,706.0,,100.0,151.0,2021-12-01,1,0
2022,1,A3516,BILBAO - MUNGIA (Por autopista/tik),15247.0,11019.0,1475.0,515.0,709.0,563.0,,82.0,160.0,2022-01-01,0,0
2022,2,A3516,BILBAO - MUNGIA (Por autopista/tik),17942.0,12424.0,1602.0,1023.0,1078.0,633.0,,62.0,168.0,2022-02-01,0,0
2022,3,A3516,BILBAO - MUNGIA (Por autopista/tik),21853.0,15040.0,2047.0,1317.0,1186.0,754.0,0.0,87.0,208.0,2022-03-01,0,0
2022,4,A3516,BILBAO - MUNGIA (Por autopista/tik),16101.0,11410.0,1556.0,787.0,696.0,626.0,,88.0,188.0,2022-04-01,0,0
2022,5,A3516,BILBAO - MUNGIA (Por autopista/tik),20378.0,14415.0,1972.0,1034.0,899.0,799.0,,102.0,187.0,2022-05-01,0,0
2022,6,A3516,BILBAO - MUNGIA (Por autopista/tik),4165.0,3106.0,335.0,120.0,174.0,196.0,,18.0,40.0,2022-06-01,0,0
2022,7,A3516,BILBAO - MUNGIA (Por autopista/tik),2043.0,1629.0,38.0,25.0,78.0,117.0,,13.0,12.0,2022-07-01,0,0
2022,8,A3516,BILBAO - MUNGIA (Por autopista/tik),1529.0,1247.0,37.0,13.0,35.0,86.0,0.0,25.0,5.0,2022-08-01,0,0
2022,9,A3516,BILBAO - MUNGIA (Por autopista/tik),18967.0,13545.0,1742.0,962.0,905.0,452.0,,117.0,151.0,2022-09-01,0,1
2022,10,A3516,BILBAO - MUNGIA (Por autopista/tik),21519.0,14989.0,2095.0,1264.0,1214.0,491.0,1.0,100.0,150.0,2022-10-01,0,1
2022,11,A3516,BILBAO - MUNGIA (Por autopista/tik),22112.0,15451.0,2151.0,1420.0,1350.0,397.0,,84.0,150.0,2022-11-01,0,1
2022,12,A3516,BILBAO - MUNGIA (Por autopista/tik),21058.0,15494.0,2046.0,781.0,922.0,450.0,,202.0,167.0,2022-12-01,0,1
2023,1,A3516,BILBAO - MUNGIA (Por autopista/tik),21668.0,16139.0,2011.0,700.0,975.0,479.0,,172.0,179.0,2023-01-01,0,1
2023,2,A3516,BILBAO - MUNGIA (Por autopista/tik),20491.0,14814.0,1979.0,860.0,1143.0,429.0,,141.0,128.0,2023-02-01,0,1
2023,3,A3516,BILBAO - MUNGIA (Por autopista/tik),21691.0,15685.0,2036.0,965.0,1192.0,506.0,,125.0,147.0,2023-03-01,0,1
2023,4,A3516,BILBAO - MUNGIA (Por autopista/tik),16954.0,12406.0,1734.0,581.0,780.0,396.0,,138.0,121.0,2023-04-01,0,1
2023,5,A3516,BILBAO - MUNGIA (Por autopista/tik),23711.0,17400.0,2220.0,1054.0,1131.0,527.0,,143.0,135.0,2023-05-01,0,1
2023,6,A3516,BILBAO - MUNGIA (Por autopista/tik),9335.0,7149.0,791.0,235.0,376.0,211.0,,98.0,70.0,2023-06-01,0,1
2023,7,A3516,BILBAO - MUNGIA (Por autopista/tik),2156.0,1753.0,99.0,27.0,80.0,79.0,,19.0,13.0,2023-07-01,0,1
2023,8,A3516,BILBAO - MUNGIA (Por autopista/tik),1706.0,1460.0,37.0,19.0,44.0,46.0,0.0,17.0,14.0,2023-08-01,0,1
2023,9,A3516,BILBAO - MUNGIA (Por autopista/tik),23948.0,17638.0,2021.0,873.0,1396.0,495.0,0.0,167.0,198.0,2023-09-01,0,1
2023,10,A3516,BILBAO - MUNGIA (Por autopista/tik),27981.0,20087.0,2514.0,1286.0,1789.0,539.0,0.0,162.0,261.0,2023-10-01,0,1
2023,11,A3516,BILBAO - MUNGIA (Por autopista/tik),28523.0,20317.0,2728.0,1384.0,1824.0,577.0,0.0,152.0,190.0,2023-11-01,0,1
2023,12,A3516,BILBAO - MUNGIA (Por autopista/tik),28003.0,20679.0,2821.0,749.0,1288.0,621.0,0.0,242.0,270.0,2023-12-01,0,1
2024,1,A3516,BILBAO - MUNGIA (Por autopista/tik),27138.0,18919.0,2735.0,862.0,1337.0,622.0,,212.0,176.0,2024-01-01,0,1
2024,2,A3516,BILBAO - MUNGIA (Por autopista/tik),28154.0,19516.0,2771.0,1135.0,1500.0,504.0,,174.0,225.0,2024-02-01,0,1
2024,3,A3516,BILBAO - MUNGIA (Por autopista/tik),25725.0,17592.0,2466.0,1114.0,1409.0,491.0,,164.0,175.0,2024-03-01,0,1
2024,4,A3516,BILBAO - MUNGIA (Por autopista/tik),29901.0,20470.0,2731.0,1182.0,1621.0,586.0,0.0,229.0,238.0,2024-04-01,0,1
2024,5,A3516,BILBAO - MUNGIA (Por autopista/tik),29609.0,19757.0,2952.0,1048.0,1686.0,624.0,0.0,160.0,286.0,2024-05-01,0,1
2024,6,A3516,BILBAO - MUNGIA (Por autopista/tik),8637.0,6096.0,730.0,222.0,422.0,139.0,0.0,41.0,89.0,2024-06-01,0,1
2024,7,A3516,BILBAO - MUNGIA (Por autopista/tik),1570.0,1259.0,50.0,23.0,79.0,11.0,0.0,7.0,8.0,2024-07-01,0,1
2024,8,A3516,BILBAO - MUNGIA (Por autopista/tik),4166.0,1719.0,102.0,257.0,481.0,48.0,0.0,19.0,22.0,2024-08-01,0,1
2024,9,A3516,BILBAO - MUNGIA (Por autopista/tik),26045.0,17060.0,2425.0,768.0,1679.0,588.0,0.0,183.0,260.0,2024-09-01,0,1
2024,10,A3516,BILBAO - MUNGIA (Por autopista/tik),31653.0,20924.0,3310.0,902.0,1968.0,622.0,0.0,250.0,344.0,2024-10-01,0,1
2024,11,A3516,BILBAO - MUNGIA (Por autopista/tik),31676.0,20349.0,3271.0,1093.0,2206.0,629.0,0.0,223.0,376.0,2024-11-01,0,1
2024,12,A3516,BILBAO - MUNGIA (Por autopista/tik),31630.0,21499.0,3348.0,712.0,1731.0,614.0,0.0,278.0,311.0,2024-12-01,0,1
2025,1,A3516,BILBAO - MUNGIA (Por autopista/tik),30240.0,19848.0,3454.0,678.0,1686.0,558.0,1.0,227.0,319.0,2025-01-01,0,1
2025,2,A3516,BILBAO - MUNGIA (Por autopista/tik),30822.0,19679.0,3236.0,1060.0,2069.0,472.0,0.0,194.0,318.0,2025-02-01,0,1
2025,3,A3516,BILBAO - MUNGIA (Por autopista/tik),32007.0,20564.0,3196.0,1192.0,2072.0,488.0,0.0,207.0,302.0,2025-03-01,0,1
2025,4,A3516,BILBAO - MUNGIA (Por autopista/tik),26984.0,17420.0,3063.0,833.0,1556.0,407.0,0.0,192.0,256.0,2025-04-01,0,1
2025,5,A3516,BILBAO - MUNGIA (Por autopista/tik),32172.0,21258.0,3345.0,910.0,1774.0,519.0,1.0,202.0,271.0,2025-05-01,0,1
2025,6,A3516,BILBAO - MUNGIA (Por autopista/tik),8055.0,5626.0,690.0,142.0,375.0,103.0,1.0,42.0,89.0,2025-06-01,0,1
2025,7,A3516,BILBAO - MUNGIA (Por autopista/tik),1843.0,1434.0,62.0,26.0,97.0,5.0,0.0,6.0,11.0,2025-07-01,0,1
2025,8,A3516,BILBAO - MUNGIA (Por autopista/tik),5639.0,4737.0,175.0,67.0,139.0,4.0,0.0,24.0,65.0,2025-08-01,0,1
2025,9,A3516,BILBAO - MUNGIA (Por autopista/tik),28271.0,17997.0,2903.0,1042.0,1757.0,492.0,0.0,158.0,234.0,2025-09-01,0,1
2025,10,A3516,BILBAO - MUNGIA (Por autopista/tik),35493.0,21661.0,3694.0,1647.0,2721.0,531.0,0.0,171.0,322.0,2025-10-01,0,1
2025,11,A3516,BILBAO - MUNGIA (Por autopista/tik),33064.0,20166.0,3574.0,1489.0,2549.0,509.0,0.0,179.0,304.0,2025-11-01,0,1
2025,12,A3516,BILBAO - MUNGIA (Por autopista/tik),35306.0,23073.0,3975.0,979.0,2164.0,571.0,0.0,309.0,302.0,2025-12-01,0,1
2020,1,A3518,BILBAO - MUNGIA - BAKIO (Por la autopista/tik),39876.0,26497.0,4762.0,1065.0,1484.0,3721.0,0.0,455.0,386.0,2020-01-01,1,0
2020,2,A3518,BILBAO - MUNGIA - BAKIO (Por la autopista/tik),41328.0,27008.0,4913.0,1310.0,1644.0,4055.0,15.0,410.0,313.0,2020-02-01,1,0
2020,3,A3518,BILBAO - MUNGIA - BAKIO (Por la autopista/tik),17674.0,12136.0,1753.0,640.0,745.0,1402.0,0.0,135.0,183.0,2020-03-01,1,0
2020,4,A3518,BILBAO - MUNGIA - BAKIO (Por la autopista/tik),3333.0,2971.0,148.0,10.0,89.0,,,,7.0,2020-04-01,1,0
2020,5,A3518,BILBAO - MUNGIA - BAKIO (Por la autopista/tik),13103.0,11254.0,995.0,92.0,186.0,0.0,0.0,30.0,29.0,2020-05-01,1,0
2020,6,A3518,BILBAO - MUNGIA - BAKIO (Por la autopista/tik),41834.0,34814.0,3611.0,347.0,648.0,0.0,0.0,112.0,173.0,2020-06-01,1,0
2020,7,A3518,BILBAO - MUNGIA - BAKIO (Por la autopista/tik),63675.0,52239.0,6036.0,692.0,981.0,0.0,0.0,233.0,280.0,2020-07-01,1,0
2020,8,A3518,BILBAO - MUNGIA - BAKIO (Por la autopista/tik),49775.0,41138.0,4867.0,500.0,693.0,0.0,0.0,172.0,210.0,2020-08-01,1,0
2020,9,A3518,BILBAO - MUNGIA - BAKIO (Por la autopista/tik),38311.0,30596.0,3942.0,637.0,951.0,,,97.0,145.0,2020-09-01,1,0
2020,10,A3518,BILBAO - MUNGIA - BAKIO (Por la autopista/tik),30473.0,23426.0,2970.0,1076.0,1409.0,,,81.0,181.0,2020-10-01,1,0
2020,11,A3518,BILBAO - MUNGIA - BAKIO (Por la autopista/tik),20828.0,16303.0,1562.0,862.0,1044.0,,,49.0,134.0,2020-11-01,1,0
2020,12,A3518,BILBAO - MUNGIA - BAKIO (Por la autopista/tik),23452.0,18445.0,1978.0,618.0,900.0,110.0,0.0,79.0,216.0,2020-12-01,1,0
2021,1,A3518,BILBAO - MUNGIA - BAKIO (Por la autopista/tik),24191.0,18558.0,1831.0,690.0,1082.0,425.0,0.0,116.0,341.0,2021-01-01,1,0
2021,2,A3518,BILBAO - MUNGIA - BAKIO (Por la autopista/tik),24263.0,18010.0,1449.0,1115.0,1633.0,506.0,0.0,115.0,283.0,2021-02-01,1,0
2021,3,A3518,BILBAO - MUNGIA - BAKIO (Por la autopista/tik),32843.0,23986.0,2685.0,1191.0,1619.0,1027.0,0.0,209.0,314.0,2021-03-01,1,0
2021,4,A3518,BILBAO - MUNGIA - BAKIO (Por la autopista/tik),30661.0,22538.0,2157.0,1146.0,1446.0,1209.0,,186.0,284.0,2021-04-01,1,0
2021,5,A3518,BILBAO - MUNGIA - BAKIO (Por la autopista/tik),33064.0,24124.0,2883.0,1122.0,1551.0,1210.0,1.0,217.0,304.0,2021-05-01,1,0
2021,6,A3518,BILBAO - MUNGIA - BAKIO (Por la autopista/tik),55009.0,41386.0,5456.0,1006.0,1239.0,2328.0,0.0,417.0,477.0,2021-06-01,1,0
2021,7,A3518,BILBAO - MUNGIA - BAKIO (Por la autopista/tik),71548.0,53213.0,7362.0,927.0,1305.0,3650.0,,848.0,633.0,2021-07-01,1,0
2021,8,A3518,BILBAO - MUNGIA - BAKIO (Por la autopista/tik),61592.0,45033.0,6978.0,734.0,858.0,3815.0,,769.0,632.0,2021-08-01,1,0
2021,9,A3518,BILBAO - MUNGIA - BAKIO (Por la autopista/tik),46497.0,32692.0,5247.0,1227.0,1764.0,2577.0,1.0,323.0,455.0,2021-09-01,1,0
2021,10,A3518,BILBAO - MUNGIA - BAKIO (Por la autopista/tik),44275.0,29766.0,4515.0,2081.0,2430.0,2519.0,2.0,302.0,459.0,2021-10-01,1,0
2021,11,A3518,BILBAO - MUNGIA - BAKIO (Por la autopista/tik),40050.0,26977.0,3771.0,2115.0,2570.0,1996.0,0.0,222.0,412.0,2021-11-01,1,0
2021,12,A3518,BILBAO - MUNGIA - BAKIO (Por la autopista/tik),36279.0,25297.0,3442.0,1301.0,1546.0,2103.0,,290.0,342.0,2021-12-01,1,0
2022,1,A3518,BILBAO - MUNGIA - BAKIO (Por la autopista/tik),33974.0,23655.0,3206.0,1260.0,1538.0,1979.0,4.0,264.0,349.0,2022-01-01,0,0
2022,2,A3518,BILBAO - MUNGIA - BAKIO (Por la autopista/tik),37445.0,25280.0,3690.0,1834.0,1987.0,1997.0,,261.0,390.0,2022-02-01,0,0
2022,3,A3518,BILBAO - MUNGIA - BAKIO (Por la autopista/tik),43867.0,29531.0,4793.0,2220.0,2161.0,2242.0,0.0,275.0,463.0,2022-03-01,0,0
2022,4,A3518,BILBAO - MUNGIA - BAKIO (Por la autopista/tik),41810.0,28883.0,4334.0,1364.0,1350.0,3127.0,,298.0,387.0,2022-04-01,0,0
2022,5,A3518,BILBAO - MUNGIA - BAKIO (Por la autopista/tik),46728.0,32098.0,5069.0,1912.0,1568.0,3214.0,2.0,365.0,450.0,2022-05-01,0,0
2022,6,A3518,BILBAO - MUNGIA - BAKIO (Por la autopista/tik),67486.0,48947.0,7307.0,1408.0,1572.0,3859.0,1.0,514.0,675.0,2022-06-01,0,0
2022,7,A3518,BILBAO - MUNGIA - BAKIO (Por la autopista/tik),78652.0,56824.0,8967.0,1135.0,1345.0,5327.0,22.0,716.0,551.0,2022-07-01,0,0
2022,8,A3518,BILBAO - MUNGIA - BAKIO (Por la autopista/tik),77805.0,56297.0,9192.0,647.0,1072.0,5402.0,2.0,973.0,661.0,2022-08-01,0,0
2022,9,A3518,BILBAO - MUNGIA - BAKIO (Por la autopista/tik),51657.0,35969.0,6521.0,1464.0,2178.0,2290.0,1.0,311.0,368.0,2022-09-01,0,1
2022,10,A3518,BILBAO - MUNGIA - BAKIO (Por la autopista/tik),50788.0,34296.0,5721.0,1957.0,2853.0,2717.0,,318.0,397.0,2022-10-01,0,1
2022,11,A3518,BILBAO - MUNGIA - BAKIO (Por la autopista/tik),46689.0,31968.0,5175.0,1898.0,2878.0,1742.0,,257.0,404.0,2022-11-01,0,1
2022,12,A3518,BILBAO - MUNGIA - BAKIO (Por la autopista/tik),45697.0,32326.0,4793.0,1408.0,2037.0,2072.0,,379.0,434.0,2022-12-01,0,1
2023,1,A3518,BILBAO - MUNGIA - BAKIO (Por la autopista/tik),41365.0,29692.0,4224.0,1210.0,2156.0,1572.0,,268.0,372.0,2023-01-01,0,1
2023,2,A3518,BILBAO - MUNGIA - BAKIO (Por la autopista/tik),41695.0,29325.0,4331.0,1561.0,2335.0,1687.0,,257.0,349.0,2023-02-01,0,1
2023,3,A3518,BILBAO - MUNGIA - BAKIO (Por la autopista/tik),45298.0,32001.0,4748.0,1710.0,2360.0,1804.0,,259.0,385.0,2023-03-01,0,1
2023,4,A3518,BILBAO - MUNGIA - BAKIO (Por la autopista/tik),40045.0,28748.0,4116.0,912.0,1562.0,2394.0,2.0,331.0,280.0,2023-04-01,0,1
2023,5,A3518,BILBAO - MUNGIA - BAKIO (Por la autopista/tik),47162.0,33339.0,4997.0,1347.0,2080.0,2756.0,,299.0,399.0,2023-05-01,0,1
2023,6,A3518,BILBAO - MUNGIA - BAKIO (Por la autopista/tik),70821.0,52882.0,7784.0,1172.0,1960.0,2817.0,,532.0,513.0,2023-06-01,0,1
2023,7,A3518,BILBAO - MUNGIA - BAKIO (Por la autopista/tik),87180.0,66237.0,10163.0,866.0,1300.0,3584.0,,859.0,511.0,2023-07-01,0,1
2023,8,A3518,BILBAO - MUNGIA - BAKIO (Por la autopista/tik),86523.0,65404.0,10024.0,768.0,1275.0,4116.0,1.0,940.0,608.0,2023-08-01,0,1
2023,9,A3518,BILBAO - MUNGIA - BAKIO (Por la autopista/tik),61305.0,44215.0,6941.0,1366.0,2458.0,2930.0,0.0,493.0,379.0,2023-09-01,0,1
2023,10,A3518,BILBAO - MUNGIA - BAKIO (Por la autopista/tik),55935.0,39324.0,6005.0,1757.0,2909.0,2746.0,1.0,353.0,504.0,2023-10-01,0,1
2023,11,A3518,BILBAO - MUNGIA - BAKIO (Por la autopista/tik),49154.0,34677.0,5479.0,1753.0,2983.0,1605.0,0.0,261.0,423.0,2023-11-01,0,1
2023,12,A3518,BILBAO - MUNGIA - BAKIO (Por la autopista/tik),46942.0,34414.0,5084.0,1103.0,2025.0,1697.0,1.0,397.0,440.0,2023-12-01,0,1
2024,1,A3518,BILBAO - MUNGIA - BAKIO (Por la autopista/tik),46523.0,31567.0,5285.0,1376.0,2240.0,1735.0,,337.0,394.0,2024-01-01,0,1
2024,2,A3518,BILBAO - MUNGIA - BAKIO (Por la autopista/tik),45969.0,31291.0,4932.0,1547.0,2405.0,1454.0,,271.0,382.0,2024-02-01,0,1
2024,3,A3518,BILBAO - MUNGIA - BAKIO (Por la autopista/tik),49564.0,33149.0,5303.0,1648.0,2392.0,1841.0,,345.0,436.0,2024-03-01,0,1
2024,4,A3518,BILBAO - MUNGIA - BAKIO (Por la autopista/tik),51670.0,35063.0,5187.0,1445.0,2154.0,2290.0,1.0,367.0,403.0,2024-04-01,0,1
2024,5,A3518,BILBAO - MUNGIA - BAKIO (Por la autopista/tik),55020.0,36496.0,5881.0,1540.0,2361.0,2577.0,0.0,356.0,370.0,2024-05-01,0,1
2024,6,A3518,BILBAO - MUNGIA - BAKIO (Por la autopista/tik),78377.0,54602.0,8009.0,1104.0,2477.0,2821.0,4.0,621.0,535.0,2024-06-01,0,1
2024,7,A3518,BILBAO - MUNGIA - BAKIO (Por la autopista/tik),104416.0,74763.0,11624.0,872.0,2508.0,3450.0,0.0,1088.0,722.0,2024-07-01,0,1
2024,8,A3518,BILBAO - MUNGIA - BAKIO (Por la autopista/tik),95482.0,68961.0,11277.0,612.0,1705.0,3820.0,4.0,1064.0,630.0,2024-08-01,0,1
2024,9,A3518,BILBAO - MUNGIA - BAKIO (Por la autopista/tik),59794.0,38508.0,6871.0,1307.0,3044.0,2649.0,4.0,433.0,409.0,2024-09-01,0,1
2024,10,A3518,BILBAO - MUNGIA - BAKIO (Por la autopista/tik),50926.0,32486.0,5633.0,1266.0,3206.0,1804.0,4.0,350.0,356.0,2024-10-01,0,1
2024,11,A3518,BILBAO - MUNGIA - BAKIO (Por la autopista/tik),52440.0,32679.0,5759.0,1513.0,3657.0,1903.0,1.0,293.0,369.0,2024-11-01,0,1
2024,12,A3518,BILBAO - MUNGIA - BAKIO (Por la autopista/tik),49412.0,32293.0,5507.0,1018.0,2754.0,1706.0,7.0,407.0,342.0,2024-12-01,0,1
2025,1,A3518,BILBAO - MUNGIA - BAKIO (Por la autopista/tik),50501.0,31932.0,5782.0,1099.0,2882.0,1738.0,1.0,356.0,451.0,2025-01-01,0,1
2025,2,A3518,BILBAO - MUNGIA - BAKIO (Por la autopista/tik),51749.0,32449.0,5558.0,1520.0,3123.0,1840.0,2.0,311.0,442.0,2025-02-01,0,1
2025,3,A3518,BILBAO - MUNGIA - BAKIO (Por la autopista/tik),54584.0,34508.0,5757.0,1593.0,3164.0,1846.0,0.0,326.0,454.0,2025-03-01,0,1
2025,4,A3518,BILBAO - MUNGIA - BAKIO (Por la autopista/tik),52689.0,34318.0,5578.0,1241.0,2590.0,1914.0,3.0,366.0,408.0,2025-04-01,0,1
2025,5,A3518,BILBAO - MUNGIA - BAKIO (Por la autopista/tik),59710.0,38568.0,6426.0,1369.0,2783.0,2417.0,1.0,341.0,436.0,2025-05-01,0,1
2025,6,A3518,BILBAO - MUNGIA - BAKIO (Por la autopista/tik),90065.0,61887.0,9448.0,1195.0,2511.0,2267.0,0.0,641.0,700.0,2025-06-01,0,1
2025,7,A3518,BILBAO - MUNGIA - BAKIO (Por la autopista/tik),102842.0,71262.0,11906.0,993.0,2253.0,2874.0,1.0,881.0,693.0,2025-07-01,0,1
2025,8,A3518,BILBAO - MUNGIA - BAKIO (Por la autopista/tik),96365.0,68474.0,11364.0,611.0,1850.0,3087.0,0.0,957.0,634.0,2025-08-01,0,1
2025,9,A3518,BILBAO - MUNGIA - BAKIO (Por la autopista/tik),62850.0,39360.0,7298.0,1688.0,3056.0,2195.0,0.0,343.0,374.0,2025-09-01,0,1
2025,10,A3518,BILBAO - MUNGIA - BAKIO (Por la autopista/tik),61556.0,36971.0,6449.0,2155.0,4302.0,2419.0,0.0,241.0,446.0,2025-10-01,0,1
2025,11,A3518,BILBAO - MUNGIA - BAKIO (Por la autopista/tik),53900.0,32534.0,5610.0,1945.0,4007.0,1554.0,8.0,243.0,419.0,2025-11-01,0,1
2025,12,A3518,BILBAO - MUNGIA - BAKIO (Por la autopista/tik),52620.0,33662.0,5538.0,1600.0,3109.0,1410.0,0.0,321.0,427.0,2025-12-01,0,1
2020,1,A3527,BILBAO - MUNGIA - BERMEO (Por la autopista/tik),52680.0,34799.0,6527.0,2957.0,2164.0,3350.0,1.0,340.0,267.0,2020-01-01,1,0
2020,2,A3527,BILBAO - MUNGIA - BERMEO (Por la autopista/tik),54358.0,34988.0,6413.0,4252.0,2536.0,3173.0,0.0,372.0,245.0,2020-02-01,1,0
2020,3,A3527,BILBAO - MUNGIA - BERMEO (Por la autopista/tik),24370.0,16375.0,2231.0,1928.0,1234.0,1179.0,1.0,106.0,137.0,2020-03-01,1,0
2020,4,A3527,BILBAO - MUNGIA - BERMEO (Por la autopista/tik),4122.0,3698.0,189.0,16.0,38.0,,,6.0,9.0,2020-04-01,1,0
2020,5,A3527,BILBAO - MUNGIA - BERMEO (Por la autopista/tik),11991.0,10280.0,935.0,91.0,119.0,0.0,0.0,27.0,41.0,2020-05-01,1,0
2020,6,A3527,BILBAO - MUNGIA - BERMEO (Por la autopista/tik),25328.0,20917.0,2562.0,310.0,402.0,0.0,0.0,85.0,71.0,2020-06-01,1,0
2020,7,A3527,BILBAO - MUNGIA - BERMEO (Por la autopista/tik),28096.0,23014.0,2960.0,307.0,459.0,0.0,0.0,78.0,89.0,2020-07-01,1,0
2020,8,A3527,BILBAO - MUNGIA - BERMEO (Por la autopista/tik),21351.0,17709.0,2066.0,231.0,281.0,0.0,0.0,96.0,127.0,2020-08-01,1,0
2020,9,A3527,BILBAO - MUNGIA - BERMEO (Por la autopista/tik),35333.0,27721.0,3282.0,1307.0,1261.0,,,64.0,117.0,2020-09-01,1,0
2020,10,A3527,BILBAO - MUNGIA - BERMEO (Por la autopista/tik),39855.0,29426.0,3216.0,2516.0,2420.0,,,84.0,121.0,2020-10-01,1,0
2020,11,A3527,BILBAO - MUNGIA - BERMEO (Por la autopista/tik),29147.0,21637.0,1768.0,2041.0,1992.0,,,38.0,90.0,2020-11-01,1,0
2020,12,A3527,BILBAO - MUNGIA - BERMEO (Por la autopista/tik),29662.0,23261.0,2169.0,1279.0,1169.0,114.0,0.0,93.0,112.0,2020-12-01,1,0
2021,1,A3527,BILBAO - MUNGIA - BERMEO (Por la autopista/tik),38093.0,29061.0,2502.0,1756.0,1788.0,529.0,0.0,129.0,362.0,2021-01-01,1,0
2021,2,A3527,BILBAO - MUNGIA - BERMEO (Por la autopista/tik),40211.0,29581.0,2135.0,2761.0,2356.0,661.0,0.0,133.0,327.0,2021-02-01,1,0
2021,3,A3527,BILBAO - MUNGIA - BERMEO (Por la autopista/tik),51527.0,37429.0,4046.0,2984.0,2394.0,1175.0,2.0,246.0,363.0,2021-03-01,1,0
2021,4,A3527,BILBAO - MUNGIA - BERMEO (Por la autopista/tik),45034.0,32918.0,3301.0,2514.0,2064.0,1116.0,2.0,241.0,345.0,2021-04-01,1,0
2021,5,A3527,BILBAO - MUNGIA - BERMEO (Por la autopista/tik),52838.0,38446.0,4499.0,2696.0,2212.0,1527.0,0.0,283.0,444.0,2021-05-01,1,0
2021,6,A3527,BILBAO - MUNGIA - BERMEO (Por la autopista/tik),53822.0,40603.0,5366.0,1422.0,1295.0,1868.0,0.0,345.0,462.0,2021-06-01,1,0
2021,7,A3527,BILBAO - MUNGIA - BERMEO (Por la autopista/tik),47912.0,36232.0,5391.0,711.0,847.0,1778.0,1.0,469.0,428.0,2021-07-01,1,0
2021,8,A3527,BILBAO - MUNGIA - BERMEO (Por la autopista/tik),37185.0,27950.0,4384.0,450.0,509.0,1774.0,1.0,473.0,368.0,2021-08-01,1,0
2021,9,A3527,BILBAO - MUNGIA - BERMEO (Por la autopista/tik),61129.0,43454.0,6013.0,2991.0,2398.0,2344.0,,477.0,512.0,2021-09-01,1,0
2021,10,A3527,BILBAO - MUNGIA - BERMEO (Por la autopista/tik),67960.0,45747.0,6535.0,5109.0,3562.0,2575.0,,491.0,538.0,2021-10-01,1,0
2021,11,A3527,BILBAO - MUNGIA - BERMEO (Por la autopista/tik),69555.0,46551.0,6444.0,5829.0,3999.0,2402.0,1.0,293.0,475.0,2021-11-01,1,0
2021,12,A3527,BILBAO - MUNGIA - BERMEO (Por la autopista/tik),60233.0,43246.0,5554.0,2819.0,2472.0,2431.0,,404.0,486.0,2021-12-01,1,0
2022,1,A3527,BILBAO - MUNGIA - BERMEO (Por la autopista/tik),55971.0,39423.0,5457.0,2866.0,2338.0,2224.0,,356.0,449.0,2022-01-01,0,0
2022,2,A3527,BILBAO - MUNGIA - BERMEO (Por la autopista/tik),65121.0,44027.0,6350.0,4760.0,3180.0,2443.0,,398.0,491.0,2022-02-01,0,0
2022,3,A3527,BILBAO - MUNGIA - BERMEO (Por la autopista/tik),78610.0,53241.0,8058.0,5763.0,3585.0,2735.0,0.0,445.0,610.0,2022-03-01,0,0
2022,4,A3527,BILBAO - MUNGIA - BERMEO (Por la autopista/tik),63333.0,44400.0,6505.0,3569.0,2181.0,2728.0,,506.0,473.0,2022-04-01,0,0
2022,5,A3527,BILBAO - MUNGIA - BERMEO (Por la autopista/tik),76148.0,53007.0,7917.0,4796.0,2703.0,2942.0,,473.0,555.0,2022-05-01,0,0
2022,6,A3527,BILBAO - MUNGIA - BERMEO (Por la autopista/tik),69956.0,51384.0,7615.0,2222.0,1725.0,3055.0,4.0,476.0,459.0,2022-06-01,0,0
2022,7,A3527,BILBAO - MUNGIA - BERMEO (Por la autopista/tik),55997.0,41174.0,6148.0,1369.0,1083.0,2863.0,19.0,505.0,352.0,2022-07-01,0,0
2022,8,A3527,BILBAO - MUNGIA - BERMEO (Por la autopista/tik),51426.0,37940.0,5734.0,814.0,904.0,3049.0,3.0,603.0,469.0,2022-08-01,0,0
2022,9,A3527,BILBAO - MUNGIA - BERMEO (Por la autopista/tik),76064.0,53455.0,7623.0,4518.0,3435.0,2292.0,1.0,451.0,401.0,2022-09-01,0,1
2022,10,A3527,BILBAO - MUNGIA - BERMEO (Por la autopista/tik),82849.0,56137.0,8309.0,6436.0,4619.0,2106.0,,460.0,485.0,2022-10-01,0,1
2022,11,A3527,BILBAO - MUNGIA - BERMEO (Por la autopista/tik),84697.0,57513.0,8387.0,6929.0,5039.0,1783.0,,379.0,437.0,2022-11-01,0,1
2022,12,A3527,BILBAO - MUNGIA - BERMEO (Por la autopista/tik),77765.0,55744.0,7908.0,4109.0,3349.0,2061.0,,621.0,541.0,2022-12-01,0,1
2023,1,A3527,BILBAO - MUNGIA - BERMEO (Por la autopista/tik),71648.0,51457.0,7059.0,3735.0,3776.0,1697.0,1.0,425.0,423.0,2023-01-01,0,1
2023,2,A3527,BILBAO - MUNGIA - BERMEO (Por la autopista/tik),69514.0,48344.0,6688.0,4941.0,4077.0,1431.0,,412.0,436.0,2023-02-01,0,1
2023,3,A3527,BILBAO - MUNGIA - BERMEO (Por la autopista/tik),77860.0,53917.0,7834.0,5772.0,4327.0,1688.0,,384.0,479.0,2023-03-01,0,1
2023,4,A3527,BILBAO - MUNGIA - BERMEO (Por la autopista/tik),58173.0,41601.0,5962.0,3107.0,2635.0,1623.0,,460.0,366.0,2023-04-01,0,1
2023,5,A3527,BILBAO - MUNGIA - BERMEO (Por la autopista/tik),80437.0,57384.0,8163.0,4725.0,3826.0,1893.0,4.0,435.0,501.0,2023-05-01,0,1
2023,6,A3527,BILBAO - MUNGIA - BERMEO (Por la autopista/tik),76983.0,58162.0,8096.0,2329.0,2346.0,1963.0,,521.0,488.0,2023-06-01,0,1
2023,7,A3527,BILBAO - MUNGIA - BERMEO (Por la autopista/tik),62306.0,47823.0,6794.0,1174.0,1223.0,1930.0,3.0,574.0,417.0,2023-07-01,0,1
2023,8,A3527,BILBAO - MUNGIA - BERMEO (Por la autopista/tik),5744.0,,,990.0,1200.0,2203.0,5.0,648.0,485.0,2023-08-01,0,1
2023,9,A3527,BILBAO - MUNGIA - BERMEO (Por la autopista/tik),83400.0,59594.0,7773.0,4721.0,4203.0,2244.0,0.0,566.0,535.0,2023-09-01,0,1
2023,10,A3527,BILBAO - MUNGIA - BERMEO (Por la autopista/tik),92027.0,63989.0,8718.0,6143.0,5656.0,2057.0,0.0,520.0,626.0,2023-10-01,0,1
2023,11,A3527,BILBAO - MUNGIA - BERMEO (Por la autopista/tik),90466.0,62235.0,9094.0,6371.0,5721.0,1666.0,0.0,482.0,687.0,2023-11-01,0,1
2023,12,A3527,BILBAO - MUNGIA - BERMEO (Por la autopista/tik),81213.0,59289.0,8441.0,3353.0,3435.0,2099.0,0.0,609.0,567.0,2023-12-01,0,1
2024,1,A3527,BILBAO - MUNGIA - BERMEO (Por la autopista/tik),85503.0,57778.0,9196.0,4198.0,4140.0,1965.0,1.0,607.0,583.0,2024-01-01,0,1
2024,2,A3527,BILBAO - MUNGIA - BERMEO (Por la autopista/tik),88361.0,59555.0,8674.0,5205.0,4602.0,1690.0,,471.0,608.0,2024-02-01,0,1
2024,3,A3527,BILBAO - MUNGIA - BERMEO (Por la autopista/tik),83792.0,55407.0,8450.0,5024.0,4090.0,1755.0,,507.0,640.0,2024-03-01,0,1
2024,4,A3527,BILBAO - MUNGIA - BERMEO (Por la autopista/tik),88838.0,58813.0,8847.0,4978.0,4227.0,1833.0,2.0,583.0,692.0,2024-04-01,0,1
2024,5,A3527,BILBAO - MUNGIA - BERMEO (Por la autopista/tik),94636.0,62153.0,9796.0,4771.0,4696.0,2130.0,0.0,581.0,725.0,2024-05-01,0,1
2024,6,A3527,BILBAO - MUNGIA - BERMEO (Por la autopista/tik),82187.0,56663.0,8943.0,2302.0,2680.0,1898.0,4.0,594.0,600.0,2024-06-01,0,1
2024,7,A3527,BILBAO - MUNGIA - BERMEO (Por la autopista/tik),73939.0,51565.0,8610.0,1414.0,2144.0,1887.0,5.0,660.0,458.0,2024-07-01,0,1
2024,8,A3527,BILBAO - MUNGIA - BERMEO (Por la autopista/tik),58301.0,45804.0,7249.0,0.0,0.0,2245.0,0.0,693.0,502.0,2024-08-01,0,1
2024,9,A3527,BILBAO - MUNGIA - BERMEO (Por la autopista/tik),91884.0,58826.0,8855.0,4382.0,5514.0,2405.0,1.0,641.0,844.0,2024-09-01,0,1
2024,10,A3527,BILBAO - MUNGIA - BERMEO (Por la autopista/tik),92285.0,58258.0,9697.0,4477.0,6125.0,1879.0,0.0,704.0,734.0,2024-10-01,0,1
2024,11,A3527,BILBAO - MUNGIA - BERMEO (Por la autopista/tik),95561.0,58617.0,9772.0,5429.0,7203.0,1771.0,1.0,617.0,757.0,2024-11-01,0,1
2024,12,A3527,BILBAO - MUNGIA - BERMEO (Por la autopista/tik),89009.0,57899.0,9622.0,3525.0,5047.0,1987.0,0.0,791.0,710.0,2024-12-01,0,1
2025,1,A3527,BILBAO - MUNGIA - BERMEO (Por la autopista/tik),92358.0,59045.0,9803.0,3894.0,5686.0,1637.0,2.0,634.0,797.0,2025-01-01,0,1
2025,2,A3527,BILBAO - MUNGIA - BERMEO (Por la autopista/tik),93559.0,57016.0,9455.0,5521.0,6789.0,1560.0,2.0,575.0,822.0,2025-02-01,0,1
2025,3,A3527,BILBAO - MUNGIA - BERMEO (Por la autopista/tik),98398.0,60302.0,9974.0,5474.0,6626.0,1769.0,0.0,551.0,825.0,2025-03-01,0,1
2025,4,A3527,BILBAO - MUNGIA - BERMEO (Por la autopista/tik),83862.0,53220.0,8866.0,3744.0,4881.0,1694.0,2.0,570.0,685.0,2025-04-01,0,1
2025,5,A3527,BILBAO - MUNGIA - BERMEO (Por la autopista/tik),99127.0,63159.0,10370.0,4364.0,5438.0,1902.0,3.0,565.0,733.0,2025-05-01,0,1
2025,6,A3527,BILBAO - MUNGIA - BERMEO (Por la autopista/tik),86423.0,57995.0,9217.0,2129.0,3248.0,1512.0,0.0,612.0,712.0,2025-06-01,0,1
2025,7,A3527,BILBAO - MUNGIA - BERMEO (Por la autopista/tik),79248.0,54242.0,9124.0,1367.0,2288.0,1740.0,1.0,603.0,516.0,2025-07-01,0,1
2025,8,A3527,BILBAO - MUNGIA - BERMEO (Por la autopista/tik),63746.0,44874.0,6927.0,783.0,1549.0,1730.0,5.0,652.0,478.0,2025-08-01,0,1
2025,9,A3527,BILBAO - MUNGIA - BERMEO (Por la autopista/tik),100364.0,62720.0,9874.0,4727.0,6055.0,1834.0,0.0,545.0,771.0,2025-09-01,0,1
2025,10,A3527,BILBAO - MUNGIA - BERMEO (Por la autopista/tik),108613.0,64695.0,10583.0,6423.0,8043.0,1688.0,0.0,412.0,929.0,2025-10-01,0,1
2025,11,A3527,BILBAO - MUNGIA - BERMEO (Por la autopista/tik),98221.0,57611.0,10097.0,5787.0,7657.0,1453.0,0.0,440.0,784.0,2025-11-01,0,1
2025,12,A3527,BILBAO - MUNGIA - BERMEO (Por la autopista/tik),95310.0,60562.0,10126.0,4230.0,5461.0,1572.0,0.0,605.0,731.0,2025-12-01,0,1
2020,1,A3336,BILBAO - MUSKIZ,70910.0,38565.0,14718.0,3384.0,1883.0,6112.0,27.0,1297.0,2670.0,2020-01-01,1,0
2020,2,A3336,BILBAO - MUSKIZ,68237.0,37042.0,14416.0,3429.0,1954.0,5555.0,34.0,1239.0,2513.0,2020-02-01,1,0
2020,3,A3336,BILBAO - MUSKIZ,34505.0,20730.0,6310.0,1491.0,877.0,2301.0,6.0,478.0,1325.0,2020-03-01,1,0
2020,4,A3336,BILBAO - MUSKIZ,14024.0,11702.0,1474.0,57.0,144.0,0.0,0.0,15.0,349.0,2020-04-01,1,0
2020,5,A3336,BILBAO - MUSKIZ,22811.0,17693.0,3594.0,144.0,215.0,0.0,0.0,118.0,487.0,2020-05-01,1,0
2020,6,A3336,BILBAO - MUSKIZ,44861.0,32180.0,8907.0,453.0,540.0,1.0,0.0,466.0,992.0,2020-06-01,1,0
2020,7,A3336,BILBAO - MUSKIZ,52031.0,37196.0,10297.0,554.0,600.0,0.0,0.0,715.0,1240.0,2020-07-01,1,0
2020,8,A3336,BILBAO - MUSKIZ,43769.0,31824.0,8024.0,461.0,495.0,5.0,0.0,774.0,961.0,2020-08-01,1,0
2020,9,A3336,BILBAO - MUSKIZ,49698.0,34392.0,8780.0,1708.0,866.0,1.0,0.0,688.0,1449.0,2020-09-01,1,0
2020,10,A3336,BILBAO - MUSKIZ,51649.0,34182.0,8620.0,3033.0,1617.0,0.0,0.0,643.0,1588.0,2020-10-01,1,0
2020,11,A3336,BILBAO - MUSKIZ,43487.0,29232.0,6437.0,2718.0,1401.0,0.0,0.0,627.0,1411.0,2020-11-01,1,0
2020,12,A3336,BILBAO - MUSKIZ,49281.0,33245.0,7852.0,2340.0,1275.0,343.0,0.0,659.0,1525.0,2020-12-01,1,0
2021,1,A3336,BILBAO - MUSKIZ,46469.0,30042.0,6649.0,2560.0,1343.0,1561.0,1.0,775.0,1715.0,2021-01-01,1,0
2021,2,A3336,BILBAO - MUSKIZ,43400.0,27442.0,6169.0,2769.0,1494.0,1614.0,5.0,757.0,1626.0,2021-02-01,1,0
2021,3,A3336,BILBAO - MUSKIZ,54015.0,33184.0,8913.0,2857.0,1794.0,2246.0,7.0,918.0,2057.0,2021-03-01,1,0
2021,4,A3336,BILBAO - MUSKIZ,50417.0,31369.0,8256.0,2455.0,1473.0,2315.0,1.0,872.0,1752.0,2021-04-01,1,0
2021,5,A3336,BILBAO - MUSKIZ,58877.0,35365.0,10744.0,2772.0,1698.0,2837.0,7.0,1122.0,2081.0,2021-05-01,1,0
2021,6,A3336,BILBAO - MUSKIZ,62464.0,39370.0,10925.0,1820.0,1132.0,3832.0,17.0,1296.0,2114.0,2021-06-01,1,0
2021,7,A3336,BILBAO - MUSKIZ,60656.0,38788.0,10984.0,1045.0,894.0,4182.0,44.0,1300.0,1771.0,2021-07-01,1,0
2021,8,A3336,BILBAO - MUSKIZ,54907.0,34291.0,10070.0,853.0,622.0,4665.0,33.0,1436.0,1501.0,2021-08-01,1,0
2021,9,A3336,BILBAO - MUSKIZ,61584.0,36671.0,10497.0,3456.0,1469.0,4040.0,20.0,1277.0,2060.0,2021-09-01,1,0
2021,10,A3336,BILBAO - MUSKIZ,65242.0,36722.0,11998.0,4066.0,1968.0,4592.0,36.0,1279.0,2135.0,2021-10-01,1,0
2021,11,A3336,BILBAO - MUSKIZ,64833.0,37113.0,11800.0,4074.0,1907.0,4131.0,16.0,1119.0,2076.0,2021-11-01,1,0
2021,12,A3336,BILBAO - MUSKIZ,68083.0,41558.0,11420.0,2968.0,1747.0,4884.0,24.0,1176.0,1903.0,2021-12-01,1,0
2022,1,A3336,BILBAO - MUSKIZ,60817.0,36071.0,10786.0,3307.0,1526.0,4172.0,13.0,1037.0,1922.0,2022-01-01,0,0
2022,2,A3336,BILBAO - MUSKIZ,61494.0,35270.0,11457.0,3594.0,1930.0,3884.0,26.0,1164.0,1907.0,2022-02-01,0,0
2022,3,A3336,BILBAO - MUSKIZ,68835.0,39296.0,12752.0,3964.0,2299.0,4427.0,26.0,1319.0,2223.0,2022-03-01,0,0
2022,4,A3336,BILBAO - MUSKIZ,60962.0,35628.0,11195.0,2614.0,1688.0,4767.0,20.0,1168.0,1807.0,2022-04-01,0,0
2022,5,A3336,BILBAO - MUSKIZ,69045.0,39581.0,13023.0,3499.0,2120.0,4979.0,9.0,1437.0,2075.0,2022-05-01,0,0
2022,6,A3336,BILBAO - MUSKIZ,71351.0,43231.0,13234.0,2123.0,1632.0,5511.0,21.0,1515.0,1960.0,2022-06-01,0,0
2022,7,A3336,BILBAO - MUSKIZ,68335.0,41437.0,12615.0,1190.0,1594.0,6347.0,23.0,1759.0,1632.0,2022-07-01,0,0
2022,8,A3336,BILBAO - MUSKIZ,65623.0,39679.0,12208.0,1027.0,1190.0,6306.0,57.0,1702.0,1717.0,2022-08-01,0,0
2022,9,A3336,BILBAO - MUSKIZ,66264.0,40263.0,11994.0,3190.0,2067.0,3461.0,32.0,1348.0,1804.0,2022-09-01,0,1
2022,10,A3336,BILBAO - MUSKIZ,70861.0,42810.0,13054.0,3717.0,2575.0,3095.0,9.0,1426.0,1870.0,2022-10-01,0,1
2022,11,A3336,BILBAO - MUSKIZ,66426.0,40404.0,12594.0,3270.0,2353.0,2649.0,7.0,1278.0,1780.0,2022-11-01,0,1
2022,12,A3336,BILBAO - MUSKIZ,62599.0,39449.0,11174.0,2153.0,1977.0,2942.0,20.0,1242.0,1783.0,2022-12-01,0,1
2023,1,A3336,BILBAO - MUSKIZ,61.863,38780.0,10778.0,2501.0,1998.0,2863.0,3.0,1252.0,1806.0,2023-01-01,0,1
2023,2,A3336,BILBAO - MUSKIZ,59702.0,36768.0,10973.0,2530.0,2056.0,2589.0,7.0,1180.0,1839.0,2023-02-01,0,1
2023,3,A3336,BILBAO - MUSKIZ,68472.0,42261.0,12794.0,3059.0,2277.0,2635.0,27.0,1327.0,1972.0,2023-03-01,0,1
2023,4,A3336,BILBAO - MUSKIZ,63599.0,39931.0,11656.0,2166.0,1826.0,3021.0,13.0,1587.0,1755.0,2023-04-01,0,1
2023,5,A3336,BILBAO - MUSKIZ,73379.0,45473.0,13498.0,2671.0,2342.0,3515.0,13.0,1760.0,2036.0,2023-05-01,0,1
2023,6,A3336,BILBAO - MUSKIZ,76695.0,48977.0,14015.0,1826.0,1938.0,3797.0,3.0,1759.0,2027.0,2023-06-01,0,1
2023,7,A3336,BILBAO - MUSKIZ,75011.0,49010.0,13229.0,1141.0,1375.0,4446.0,15.0,2067.0,1798.0,2023-07-01,0,1
2023,8,A3336,BILBAO - MUSKIZ,72726.0,48281.0,12163.0,919.0,1616.0,4479.0,17.0,1865.0,1712.0,2023-08-01,0,1
2023,9,A3336,BILBAO - MUSKIZ,74155.0,47099.0,12224.0,2861.0,2432.0,3723.0,12.0,1640.0,1943.0,2023-09-01,0,1
2023,10,A3336,BILBAO - MUSKIZ,77392.0,48320.0,13766.0,3290.0,2789.0,3230.0,7.0,1636.0,2176.0,2023-10-01,0,1
2023,11,A3336,BILBAO - MUSKIZ,78481.0,48515.0,14541.0,3340.0,2906.0,3100.0,11.0,1625.0,2185.0,2023-11-01,0,1
2023,12,A3336,BILBAO - MUSKIZ,78074.0,49973.0,13789.0,2290.0,2561.0,3445.0,7.0,1745.0,2119.0,2023-12-01,0,1
2024,1,A3336,BILBAO - MUSKIZ,76587.0,45376.0,13632.0,3084.0,2607.0,3400.0,9.0,1613.0,2145.0,2024-01-01,0,1
2024,2,A3336,BILBAO - MUSKIZ,76490.0,45487.0,13790.0,2963.0,2619.0,2948.0,7.0,1734.0,2095.0,2024-02-01,0,1
2024,3,A3336,BILBAO - MUSKIZ,76597.0,44623.0,13942.0,2828.0,2724.0,2896.0,4.0,1760.0,2047.0,2024-03-01,0,1
2024,4,A3336,BILBAO - MUSKIZ,81310.0,48096.0,14858.0,2766.0,2707.0,2975.0,9.0,1932.0,2056.0,2024-04-01,0,1
2024,5,A3336,BILBAO - MUSKIZ,88339.0,51854.0,16267.0,2763.0,2915.0,3335.0,0.0,2053.0,2188.0,2024-05-01,0,1
2024,6,A3336,BILBAO - MUSKIZ,88616.0,53528.0,15523.0,2027.0,2862.0,3613.0,3.0,2196.0,2132.0,2024-06-01,0,1
2024,7,A3336,BILBAO - MUSKIZ,83175.0,51089.0,14028.0,1373.0,2581.0,3932.0,9.0,2364.0,1722.0,2024-07-01,0,1
2024,8,A3336,BILBAO - MUSKIZ,71986.0,43499.0,12270.0,950.0,2090.0,4068.0,17.0,2139.0,1734.0,2024-08-01,0,1
2024,9,A3336,BILBAO - MUSKIZ,81324.0,46868.0,13842.0,2950.0,3561.0,3055.0,3.0,1825.0,1984.0,2024-09-01,0,1
2024,10,A3336,BILBAO - MUSKIZ,85429.0,47870.0,14502.0,3836.0,4485.0,2960.0,8.0,1607.0,2233.0,2024-10-01,0,1
2024,11,A3336,BILBAO - MUSKIZ,83203.0,46054.0,14689.0,3346.0,4206.0,2604.0,8.0,1644.0,2192.0,2024-11-01,0,1
2024,12,A3336,BILBAO - MUSKIZ,84614.0,48840.0,14233.0,2718.0,3800.0,2942.0,2.0,1831.0,2153.0,2024-12-01,0,1
2025,1,A3336,BILBAO - MUSKIZ,85831.0,48193.0,14825.0,3403.0,4136.0,2680.0,1.0,1683.0,2246.0,2025-01-01,0,1
2025,2,A3336,BILBAO - MUSKIZ,82322.0,45654.0,14656.0,3117.0,4027.0,2486.0,0.0,1628.0,2250.0,2025-02-01,0,1
2025,3,A3336,BILBAO - MUSKIZ,89581.0,50058.0,15506.0,3093.0,4316.0,2709.0,0.0,1848.0,2425.0,2025-03-01,0,1
2025,4,A3336,BILBAO - MUSKIZ,86047.0,50240.0,14702.0,2462.0,3871.0,2281.0,1.0,1775.0,2058.0,2025-04-01,0,1
2025,5,A3336,BILBAO - MUSKIZ,93835.0,53650.0,16180.0,2830.0,4450.0,2536.0,0.0,1905.0,2288.0,2025-05-01,0,1
2025,6,A3336,BILBAO - MUSKIZ,97600.0,58642.0,16151.0,2074.0,3686.0,2488.0,0.0,2248.0,2114.0,2025-06-01,0,1
2025,7,A3336,BILBAO - MUSKIZ,93181.0,57332.0,15944.0,1262.0,3173.0,2925.0,4.0,2091.0,1716.0,2025-07-01,0,1
2025,8,A3336,BILBAO - MUSKIZ,90129.0,55602.0,14663.0,1211.0,3016.0,3206.0,0.0,2360.0,1734.0,2025-08-01,0,1
2025,9,A3336,BILBAO - MUSKIZ,93228.0,53929.0,15117.0,2908.0,4645.0,2472.0,2.0,1991.0,2131.0,2025-09-01,0,1
2025,10,A3336,BILBAO - MUSKIZ,102669.0,57344.0,17133.0,3883.0,5924.0,2345.0,1.0,1989.0,2274.0,2025-10-01,0,1
2025,11,A3336,BILBAO - MUSKIZ,95851.0,53334.0,16005.0,3532.0,5523.0,2125.0,0.0,1912.0,2157.0,2025-11-01,0,1
2025,12,A3336,BILBAO - MUSKIZ,98326.0,56867.0,16287.0,3196.0,4967.0,2290.0,2.0,1913.0,2074.0,2025-12-01,0,1
2020,1,A3115,BILBAO - SANTURTZI,50744.0,28603.0,10741.0,1165.0,1213.0,4085.0,21.0,1547.0,2020.0,2020-01-01,1,0
2020,2,A3115,BILBAO - SANTURTZI,51063.0,28359.0,11053.0,1304.0,1330.0,4053.0,63.0,1533.0,2075.0,2020-02-01,1,0
2020,3,A3115,BILBAO - SANTURTZI,24974.0,15054.0,4703.0,635.0,775.0,1639.0,7.0,654.0,914.0,2020-03-01,1,0
2020,4,A3115,BILBAO - SANTURTZI,6434.0,5468.0,550.0,24.0,103.0,0.0,0.0,7.0,175.0,2020-04-01,1,0
2020,5,A3115,BILBAO - SANTURTZI,16706.0,13059.0,2491.0,117.0,251.0,0.0,0.0,117.0,319.0,2020-05-01,1,0
2020,6,A3115,BILBAO - SANTURTZI,32692.0,22898.0,6798.0,348.0,637.0,0.0,0.0,397.0,928.0,2020-06-01,1,0
2020,7,A3115,BILBAO - SANTURTZI,36313.0,25227.0,7477.0,384.0,703.0,0.0,0.0,722.0,1150.0,2020-07-01,1,0
2020,8,A3115,BILBAO - SANTURTZI,28714.0,20559.0,5501.0,288.0,531.0,0.0,0.0,567.0,704.0,2020-08-01,1,0
2020,9,A3115,BILBAO - SANTURTZI,38632.0,26083.0,7695.0,816.0,1037.0,0.0,0.0,760.0,1258.0,2020-09-01,1,0
2020,10,A3115,BILBAO - SANTURTZI,39524.0,26194.0,7347.0,1147.0,1563.0,0.0,0.0,812.0,1358.0,2020-10-01,1,0
2020,11,A3115,BILBAO - SANTURTZI,33604.0,22938.0,5452.0,1176.0,1221.0,0.0,0.0,697.0,1127.0,2020-11-01,1,0
2020,12,A3115,BILBAO - SANTURTZI,36962.0,25322.0,6431.0,846.0,1053.0,249.0,4.0,711.0,1309.0,2020-12-01,1,0
2021,1,A3115,BILBAO - SANTURTZI,34951.0,23102.0,5851.0,853.0,1033.0,944.0,16.0,753.0,1410.0,2021-01-01,1,0
2021,2,A3115,BILBAO - SANTURTZI,33795.0,22231.0,5140.0,1024.0,1133.0,1236.0,5.0,731.0,1366.0,2021-02-01,1,0
2021,3,A3115,BILBAO - SANTURTZI,40572.0,25441.0,7376.0,1142.0,1223.0,1804.0,27.0,894.0,1603.0,2021-03-01,1,0
2021,4,A3115,BILBAO - SANTURTZI,37005.0,23629.0,6279.0,981.0,1082.0,1794.0,9.0,922.0,1448.0,2021-04-01,1,0
2021,5,A3115,BILBAO - SANTURTZI,44050.0,27796.0,8223.0,1183.0,1017.0,2128.0,25.0,982.0,1578.0,2021-05-01,1,0
2021,6,A3115,BILBAO - SANTURTZI,43056.0,26914.0,7954.0,737.0,939.0,2446.0,18.0,1226.0,1699.0,2021-06-01,1,0
2021,7,A3115,BILBAO - SANTURTZI,42086.0,26547.0,7912.0,502.0,827.0,2685.0,32.0,1239.0,1444.0,2021-07-01,1,0
2021,8,A3115,BILBAO - SANTURTZI,33858.0,21208.0,6057.0,458.0,628.0,2783.0,27.0,1011.0,1065.0,2021-08-01,1,0
2021,9,A3115,BILBAO - SANTURTZI,43844.0,26764.0,7954.0,1063.0,1105.0,2856.0,48.0,1157.0,1669.0,2021-09-01,1,0
2021,10,A3115,BILBAO - SANTURTZI,46585.0,28073.0,8503.0,1344.0,1221.0,3049.0,34.0,1198.0,1722.0,2021-10-01,1,0
2021,11,A3115,BILBAO - SANTURTZI,46230.0,27753.0,8436.0,1340.0,1458.0,3056.0,40.0,978.0,1816.0,2021-11-01,1,0
2021,12,A3115,BILBAO - SANTURTZI,45149.0,27884.0,7769.0,965.0,1181.0,3166.0,79.0,1195.0,1696.0,2021-12-01,1,0
2022,1,A3115,BILBAO - SANTURTZI,41390.0,25303.0,7442.0,1026.0,896.0,2818.0,57.0,1004.0,1568.0,2022-01-01,0,0
2022,2,A3115,BILBAO - SANTURTZI,44292.0,26506.0,8191.0,1254.0,1118.0,2770.0,24.0,1175.0,1736.0,2022-02-01,0,0
2022,3,A3115,BILBAO - SANTURTZI,51453.0,30751.0,9727.0,1348.0,1297.0,3164.0,22.0,1360.0,1985.0,2022-03-01,0,0
2022,4,A3115,BILBAO - SANTURTZI,43491.0,26268.0,8158.0,993.0,1031.0,3093.0,16.0,1184.0,1579.0,2022-04-01,0,0
2022,5,A3115,BILBAO - SANTURTZI,50123.0,29769.0,9768.0,1249.0,1128.0,3324.0,61.0,1310.0,1945.0,2022-05-01,0,0
2022,6,A3115,BILBAO - SANTURTZI,49791.0,30264.0,9358.0,947.0,1076.0,3537.0,32.0,1436.0,1665.0,2022-06-01,0,0
2022,7,A3115,BILBAO - SANTURTZI,46183.0,27962.0,8972.0,510.0,927.0,3754.0,32.0,1493.0,1236.0,2022-07-01,0,0
2022,8,A3115,BILBAO - SANTURTZI,42248.0,25931.0,7689.0,342.0,649.0,3904.0,26.0,1360.0,1293.0,2022-08-01,0,0
2022,9,A3115,BILBAO - SANTURTZI,45936.0,28985.0,8581.0,816.0,1052.0,2182.0,23.0,1429.0,1451.0,2022-09-01,0,1
2022,10,A3115,BILBAO - SANTURTZI,47181.0,29514.0,9276.0,940.0,1225.0,2055.0,21.0,1359.0,1546.0,2022-10-01,0,1
2022,11,A3115,BILBAO - SANTURTZI,41581.0,25988.0,8622.0,847.0,1002.0,1606.0,10.0,1093.0,1350.0,2022-11-01,0,1
2022,12,A3115,BILBAO - SANTURTZI,41324.0,26316.0,8108.0,654.0,831.0,1815.0,40.0,1265.0,1336.0,2022-12-01,0,1
2023,1,A3115,BILBAO - SANTURTZI,39.422,25234.0,7908.0,671.0,772.0,1530.0,11.0,1060.0,1302.0,2023-01-01,0,1
2023,2,A3115,BILBAO - SANTURTZI,38641.0,24429.0,7924.0,730.0,760.0,1470.0,7.0,1044.0,1321.0,2023-02-01,0,1
2023,3,A3115,BILBAO - SANTURTZI,44839.0,27824.0,9538.0,902.0,1026.0,1661.0,5.0,1208.0,1441.0,2023-03-01,0,1
2023,4,A3115,BILBAO - SANTURTZI,40923.0,25708.0,8524.0,675.0,877.0,1787.0,18.0,1288.0,1103.0,2023-04-01,0,1
2023,5,A3115,BILBAO - SANTURTZI,48824.0,30526.0,10008.0,873.0,1163.0,1985.0,14.0,1429.0,1447.0,2023-05-01,0,1
2023,6,A3115,BILBAO - SANTURTZI,47779.0,29890.0,9993.0,629.0,963.0,1994.0,7.0,1687.0,1291.0,2023-06-01,0,1
2023,7,A3115,BILBAO - SANTURTZI,46092.0,29204.0,9445.0,414.0,797.0,2343.0,4.0,1623.0,1166.0,2023-07-01,0,1
2023,8,A3115,BILBAO - SANTURTZI,42873.0,27843.0,7905.0,374.0,740.0,2373.0,1.0,1590.0,1084.0,2023-08-01,0,1
2023,9,A3115,BILBAO - SANTURTZI,48840.0,30915.0,9443.0,854.0,1150.0,2124.0,2.0,1656.0,1389.0,2023-09-01,0,1
2023,10,A3115,BILBAO - SANTURTZI,52959.0,32798.0,10857.0,955.0,1469.0,2153.0,3.0,1742.0,1666.0,2023-10-01,0,1
2023,11,A3115,BILBAO - SANTURTZI,53420.0,33663.0,10758.0,1073.0,1416.0,1937.0,11.0,1652.0,1664.0,2023-11-01,0,1
2023,12,A3115,BILBAO - SANTURTZI,53123.0,33678.0,10509.0,839.0,1293.0,2110.0,1.0,1852.0,1576.0,2023-12-01,0,1
2024,1,A3115,BILBAO - SANTURTZI,52912.0,30725.0,10369.0,996.0,1405.0,2200.0,6.0,1664.0,1690.0,2024-01-01,0,1
2024,2,A3115,BILBAO - SANTURTZI,54579.0,31609.0,10681.0,1009.0,1425.0,1911.0,2.0,1723.0,1714.0,2024-02-01,0,1
2024,3,A3115,BILBAO - SANTURTZI,54990.0,31327.0,10892.0,893.0,1597.0,1991.0,0.0,1749.0,1482.0,2024-03-01,0,1
2024,4,A3115,BILBAO - SANTURTZI,65948.0,37675.0,13011.0,1022.0,1799.0,2387.0,7.0,2350.0,1651.0,2024-04-01,0,1
2024,5,A3115,BILBAO - SANTURTZI,71548.0,40802.0,13831.0,1080.0,2012.0,2567.0,6.0,2326.0,1800.0,2024-05-01,0,1
2024,6,A3115,BILBAO - SANTURTZI,65957.0,37938.0,12431.0,882.0,1698.0,2606.0,7.0,2241.0,1584.0,2024-06-01,0,1
2024,7,A3115,BILBAO - SANTURTZI,56247.0,32284.0,10522.0,560.0,1363.0,2316.0,2.0,1966.0,1157.0,2024-07-01,0,1
2024,8,A3115,BILBAO - SANTURTZI,50134.0,29479.0,9027.0,405.0,1028.0,2464.0,2.0,1878.0,1076.0,2024-08-01,0,1
2024,9,A3115,BILBAO - SANTURTZI,57618.0,32530.0,10456.0,948.0,1709.0,2140.0,1.0,1919.0,1477.0,2024-09-01,0,1
2024,10,A3115,BILBAO - SANTURTZI,61758.0,34100.0,11057.0,1078.0,2194.0,2099.0,0.0,1959.0,1711.0,2024-10-01,0,1
2024,11,A3115,BILBAO - SANTURTZI,59656.0,32223.0,11280.0,980.0,2368.0,1899.0,2.0,1839.0,1572.0,2024-11-01,0,1
2024,12,A3115,BILBAO - SANTURTZI,59556.0,33492.0,10984.0,780.0,2009.0,1888.0,0.0,1922.0,1645.0,2024-12-01,0,1
2025,1,A3115,BILBAO - SANTURTZI,60507.0,33949.0,10983.0,935.0,2024.0,1733.0,0.0,1860.0,1674.0,2025-01-01,0,1
2025,2,A3115,BILBAO - SANTURTZI,58744.0,32093.0,11111.0,1048.0,1920.0,1658.0,3.0,1750.0,1620.0,2025-02-01,0,1
2025,3,A3115,BILBAO - SANTURTZI,64232.0,34925.0,11577.0,1031.0,2068.0,1972.0,0.0,2028.0,1779.0,2025-03-01,0,1
2025,4,A3115,BILBAO - SANTURTZI,62496.0,34965.0,10860.0,929.0,1912.0,1645.0,3.0,1987.0,1526.0,2025-04-01,0,1
2025,5,A3115,BILBAO - SANTURTZI,68121.0,38151.0,11888.0,871.0,2355.0,1528.0,0.0,2259.0,1569.0,2025-05-01,0,1
2025,6,A3115,BILBAO - SANTURTZI,63775.0,35962.0,11112.0,658.0,1849.0,1342.0,6.0,2102.0,1504.0,2025-06-01,0,1
2025,7,A3115,BILBAO - SANTURTZI,67930.0,38882.0,12039.0,706.0,1583.0,1566.0,4.0,2327.0,1297.0,2025-07-01,0,1
2025,8,A3115,BILBAO - SANTURTZI,60638.0,35713.0,9728.0,511.0,1511.0,1753.0,1.0,2071.0,1229.0,2025-08-01,0,1
2025,9,A3115,BILBAO - SANTURTZI,74261.0,41898.0,11628.0,1111.0,2248.0,1649.0,0.0,2236.0,1833.0,2025-09-01,0,1
2025,10,A3115,BILBAO - SANTURTZI,84682.0,46014.0,13530.0,1606.0,3113.0,1617.0,0.0,2355.0,2096.0,2025-10-01,0,1
2025,11,A3115,BILBAO - SANTURTZI,74805.0,40095.0,12164.0,1369.0,3165.0,1318.0,0.0,2084.0,1887.0,2025-11-01,0,1
2025,12,A3115,BILBAO - SANTURTZI,76651.0,42250.0,12891.0,1179.0,2805.0,1407.0,0.0,2167.0,1836.0,2025-12-01,0,1
2020,1,A3151,BILBAO - SANTURTZI  - PORTUGALETE (Autopista),20607.0,15971.0,1834.0,378.0,205.0,671.0,0.0,324.0,716.0,2020-01-01,1,0
2020,2,A3151,BILBAO - SANTURTZI  - PORTUGALETE (Autopista),19408.0,15118.0,1591.0,522.0,202.0,561.0,0.0,219.0,684.0,2020-02-01,1,0
2020,3,A3151,BILBAO - SANTURTZI  - PORTUGALETE (Autopista),8770.0,7062.0,531.0,239.0,98.0,215.0,1.0,68.0,353.0,2020-03-01,1,0
2020,4,A3151,BILBAO - SANTURTZI  - PORTUGALETE (Autopista),623.0,564.0,24.0,,1.0,0.0,0.0,1.0,20.0,2020-04-01,1,0
2020,5,A3151,BILBAO - SANTURTZI  - PORTUGALETE (Autopista),4581.0,3991.0,286.0,7.0,2.0,0.0,0.0,14.0,152.0,2020-05-01,1,0
2020,6,A3151,BILBAO - SANTURTZI  - PORTUGALETE (Autopista),13394.0,11375.0,1117.0,83.0,7.0,0.0,0.0,72.0,382.0,2020-06-01,1,0
2020,7,A3151,BILBAO - SANTURTZI  - PORTUGALETE (Autopista),14057.0,11857.0,1201.0,162.0,15.0,0.0,0.0,85.0,366.0,2020-07-01,1,0
2020,8,A3151,BILBAO - SANTURTZI  - PORTUGALETE (Autopista),9631.0,8011.0,844.0,114.0,11.0,0.0,0.0,107.0,314.0,2020-08-01,1,0
2020,9,A3151,BILBAO - SANTURTZI  - PORTUGALETE (Autopista),15216.0,12793.0,1124.0,264.0,97.0,0.0,0.0,117.0,526.0,2020-09-01,1,0
2020,10,A3151,BILBAO - SANTURTZI  - PORTUGALETE (Autopista),15466.0,13009.0,1017.0,360.0,161.0,0.0,0.0,91.0,489.0,2020-10-01,1,0
2020,11,A3151,BILBAO - SANTURTZI  - PORTUGALETE (Autopista),13285.0,11524.0,545.0,362.0,92.0,0.0,0.0,60.0,429.0,2020-11-01,1,0
2020,12,A3151,BILBAO - SANTURTZI  - PORTUGALETE (Autopista),15212.0,12744.0,1047.0,313.0,65.0,26.0,0.0,150.0,537.0,2020-12-01,1,0
2021,1,A3151,BILBAO - SANTURTZI  - PORTUGALETE (Autopista),14596.0,12257.0,841.0,212.0,42.0,109.0,0.0,148.0,664.0,2021-01-01,1,0
2021,2,A3151,BILBAO - SANTURTZI  - PORTUGALETE (Autopista),12754.0,10888.0,482.0,274.0,50.0,162.0,0.0,112.0,482.0,2021-02-01,1,0
2021,3,A3151,BILBAO - SANTURTZI  - PORTUGALETE (Autopista),16950.0,13884.0,1163.0,341.0,47.0,218.0,0.0,201.0,690.0,2021-03-01,1,0
2021,4,A3151,BILBAO - SANTURTZI  - PORTUGALETE (Autopista),13768.0,11459.0,804.0,323.0,28.0,194.0,0.0,167.0,525.0,2021-04-01,1,0
2021,5,A3151,BILBAO - SANTURTZI  - PORTUGALETE (Autopista),16797.0,13838.0,1247.0,359.0,64.0,232.0,0.0,159.0,585.0,2021-05-01,1,0
2021,6,A3151,BILBAO - SANTURTZI  - PORTUGALETE (Autopista),17338.0,14111.0,1261.0,293.0,96.0,314.0,0.0,221.0,722.0,2021-06-01,1,0
2021,7,A3151,BILBAO - SANTURTZI  - PORTUGALETE (Autopista),15715.0,12492.0,1297.0,326.0,90.0,402.0,0.0,201.0,618.0,2021-07-01,1,0
2021,8,A3151,BILBAO - SANTURTZI  - PORTUGALETE (Autopista),11381.0,8738.0,1154.0,290.0,27.0,419.0,0.0,175.0,391.0,2021-08-01,1,0
2021,9,A3151,BILBAO - SANTURTZI  - PORTUGALETE (Autopista),17055.0,13801.0,1246.0,418.0,82.0,373.0,0.0,176.0,623.0,2021-09-01,1,0
2021,10,A3151,BILBAO - SANTURTZI  - PORTUGALETE (Autopista),17901.0,14106.0,1438.0,527.0,146.0,413.0,0.0,160.0,757.0,2021-10-01,1,0
2021,11,A3151,BILBAO - SANTURTZI  - PORTUGALETE (Autopista),18450.0,14666.0,1438.0,522.0,173.0,425.0,0.0,117.0,792.0,2021-11-01,1,0
2021,12,A3151,BILBAO - SANTURTZI  - PORTUGALETE (Autopista),17562.0,13898.0,1472.0,364.0,65.0,513.0,0.0,263.0,671.0,2021-12-01,1,0
2022,1,A3151,BILBAO - SANTURTZI  - PORTUGALETE (Autopista),16998.0,13370.0,1500.0,361.0,86.0,552.0,0.0,193.0,630.0,2022-01-01,0,0
2022,2,A3151,BILBAO - SANTURTZI  - PORTUGALETE (Autopista),17403.0,13751.0,1514.0,420.0,146.0,473.0,0.0,138.0,573.0,2022-02-01,0,0
2022,3,A3151,BILBAO - SANTURTZI  - PORTUGALETE (Autopista),20279.0,16188.0,1622.0,440.0,198.0,580.0,0.0,156.0,726.0,2022-03-01,0,0
2022,4,A3151,BILBAO - SANTURTZI  - PORTUGALETE (Autopista),16280.0,13035.0,1331.0,353.0,129.0,419.0,2.0,197.0,530.0,2022-04-01,0,0
2022,5,A3151,BILBAO - SANTURTZI  - PORTUGALETE (Autopista),19801.0,15684.0,1644.0,554.0,191.0,507.0,0.0,186.0,656.0,2022-05-01,0,0
2022,6,A3151,BILBAO - SANTURTZI  - PORTUGALETE (Autopista),19954.0,15910.0,1610.0,541.0,85.0,463.0,0.0,184.0,735.0,2022-06-01,0,0
2022,7,A3151,BILBAO - SANTURTZI  - PORTUGALETE (Autopista),16516.0,13081.0,1439.0,355.0,97.0,528.0,0.0,180.0,541.0,2022-07-01,0,0
2022,8,A3151,BILBAO - SANTURTZI  - PORTUGALETE (Autopista),14361.0,10850.0,1509.0,267.0,48.0,632.0,0.0,284.0,580.0,2022-08-01,0,0
2022,9,A3151,BILBAO - SANTURTZI  - PORTUGALETE (Autopista),18134.0,14314.0,1618.0,490.0,155.0,407.0,0.0,186.0,567.0,2022-09-01,0,1
2022,10,A3151,BILBAO - SANTURTZI  - PORTUGALETE (Autopista),19059.0,14857.0,1827.0,605.0,258.0,253.0,0.0,157.0,680.0,2022-10-01,0,1
2022,11,A3151,BILBAO - SANTURTZI  - PORTUGALETE (Autopista),16053.0,12475.0,1593.0,627.0,192.0,171.0,0.0,158.0,508.0,2022-11-01,0,1
2022,12,A3151,BILBAO - SANTURTZI  - PORTUGALETE (Autopista),15155.0,11736.0,1457.0,427.0,126.0,231.0,1.0,316.0,529.0,2022-12-01,0,1
2023,1,A3151,BILBAO - SANTURTZI  - PORTUGALETE (Autopista),15.002,11697.0,1479.0,378.0,135.0,185.0,0.0,150.0,605.0,2023-01-01,0,1
2023,2,A3151,BILBAO - SANTURTZI  - PORTUGALETE (Autopista),14242.0,10861.0,1430.0,473.0,200.0,174.0,0.0,111.0,597.0,2023-02-01,0,1
2023,3,A3151,BILBAO - SANTURTZI  - PORTUGALETE (Autopista),16405.0,12542.0,1614.0,523.0,279.0,227.0,0.0,122.0,662.0,2023-03-01,0,1
2023,4,A3151,BILBAO - SANTURTZI  - PORTUGALETE (Autopista),15590.0,12058.0,1475.0,460.0,192.0,258.0,0.0,216.0,590.0,2023-04-01,0,1
2023,5,A3151,BILBAO - SANTURTZI  - PORTUGALETE (Autopista),19311.0,15099.0,1896.0,583.0,228.0,264.0,0.0,151.0,646.0,2023-05-01,0,1
2023,6,A3151,BILBAO - SANTURTZI  - PORTUGALETE (Autopista),19165.0,14974.0,1930.0,541.0,226.0,265.0,0.0,132.0,664.0,2023-06-01,0,1
2023,7,A3151,BILBAO - SANTURTZI  - PORTUGALETE (Autopista),15249.0,12218.0,1514.0,271.0,80.0,275.0,0.0,173.0,465.0,2023-07-01,0,1
2023,8,A3151,BILBAO - SANTURTZI  - PORTUGALETE (Autopista),14206.0,10832.0,1597.0,273.0,134.0,324.0,0.0,221.0,472.0,2023-08-01,0,1
2023,9,A3151,BILBAO - SANTURTZI  - PORTUGALETE (Autopista),18667.0,14489.0,1759.0,560.0,296.0,339.0,0.0,179.0,651.0,2023-09-01,0,1
2023,10,A3151,BILBAO - SANTURTZI  - PORTUGALETE (Autopista),18680.0,14203.0,1904.0,612.0,367.0,266.0,3.0,144.0,767.0,2023-10-01,0,1
2023,11,A3151,BILBAO - SANTURTZI  - PORTUGALETE (Autopista),19242.0,14483.0,1963.0,781.0,437.0,194.0,0.0,126.0,745.0,2023-11-01,0,1
2023,12,A3151,BILBAO - SANTURTZI  - PORTUGALETE (Autopista),20200.0,15458.0,2065.0,643.0,251.0,365.0,0.0,254.0,715.0,2023-12-01,0,1
2024,1,A3151,BILBAO - SANTURTZI  - PORTUGALETE (Autopista),21642.0,14440.0,2189.0,665.0,232.0,353.0,0.0,220.0,859.0,2024-01-01,0,1
2024,2,A3151,BILBAO - SANTURTZI  - PORTUGALETE (Autopista),20390.0,13568.0,1932.0,746.0,260.0,236.0,0.0,122.0,802.0,2024-02-01,0,1
2024,3,A3151,BILBAO - SANTURTZI  - PORTUGALETE (Autopista),18747.0,11993.0,1772.0,726.0,371.0,220.0,0.0,190.0,768.0,2024-03-01,0,1
2024,4,A3151,BILBAO - SANTURTZI  - PORTUGALETE (Autopista),20321.0,12956.0,1832.0,658.0,495.0,290.0,0.0,149.0,790.0,2024-04-01,0,1
2024,5,A3151,BILBAO - SANTURTZI  - PORTUGALETE (Autopista),21566.0,13794.0,1908.0,620.0,442.0,296.0,0.0,195.0,855.0,2024-05-01,0,1
2024,6,A3151,BILBAO - SANTURTZI  - PORTUGALETE (Autopista),20755.0,13807.0,1757.0,510.0,413.0,283.0,0.0,188.0,637.0,2024-06-01,0,1
2024,7,A3151,BILBAO - SANTURTZI  - PORTUGALETE (Autopista),19224.0,13036.0,1767.0,350.0,320.0,350.0,0.0,207.0,630.0,2024-07-01,0,1
2024,8,A3151,BILBAO - SANTURTZI  - PORTUGALETE (Autopista),16803.0,11346.0,1829.0,331.0,189.0,399.0,0.0,331.0,626.0,2024-08-01,0,1
2024,9,A3151,BILBAO - SANTURTZI  - PORTUGALETE (Autopista),22053.0,13951.0,2013.0,800.0,368.0,405.0,0.0,206.0,893.0,2024-09-01,0,1
2024,10,A3151,BILBAO - SANTURTZI  - PORTUGALETE (Autopista),22886.0,13956.0,2040.0,880.0,492.0,356.0,0.0,151.0,921.0,2024-10-01,0,1
2024,11,A3151,BILBAO - SANTURTZI  - PORTUGALETE (Autopista),23222.0,14092.0,2511.0,880.0,526.0,290.0,0.0,200.0,860.0,2024-11-01,0,1
2024,12,A3151,BILBAO - SANTURTZI  - PORTUGALETE (Autopista),24855.0,16181.0,2526.0,761.0,441.0,300.0,0.0,368.0,838.0,2024-12-01,0,1
2025,1,A3151,BILBAO - SANTURTZI  - PORTUGALETE (Autopista),24657.0,15721.0,2417.0,787.0,441.0,322.0,0.0,234.0,884.0,2025-01-01,0,1
2025,2,A3151,BILBAO - SANTURTZI  - PORTUGALETE (Autopista),23501.0,14271.0,2180.0,1067.0,483.0,265.0,0.0,154.0,808.0,2025-02-01,0,1
2025,3,A3151,BILBAO - SANTURTZI  - PORTUGALETE (Autopista),24614.0,14839.0,2333.0,1103.0,635.0,289.0,0.0,231.0,877.0,2025-03-01,0,1
2025,4,A3151,BILBAO - SANTURTZI  - PORTUGALETE (Autopista),23209.0,14594.0,2209.0,941.0,501.0,243.0,1.0,186.0,756.0,2025-04-01,0,1
2025,5,A3151,BILBAO - SANTURTZI  - PORTUGALETE (Autopista),25036.0,15223.0,2283.0,970.0,641.0,281.0,0.0,208.0,815.0,2025-05-01,0,1
2025,6,A3151,BILBAO - SANTURTZI  - PORTUGALETE (Autopista),23782.0,14947.0,2047.0,669.0,484.0,272.0,0.0,205.0,758.0,2025-06-01,0,1
2025,7,A3151,BILBAO - SANTURTZI  - PORTUGALETE (Autopista),22086.0,14245.0,2276.0,541.0,328.0,286.0,0.0,302.0,717.0,2025-07-01,0,1
2025,8,A3151,BILBAO - SANTURTZI  - PORTUGALETE (Autopista),17128.0,10882.0,1947.0,419.0,270.0,259.0,0.0,315.0,567.0,2025-08-01,0,1
2025,9,A3151,BILBAO - SANTURTZI  - PORTUGALETE (Autopista),25330.0,15526.0,2160.0,987.0,676.0,287.0,0.0,254.0,829.0,2025-09-01,0,1
2025,10,A3151,BILBAO - SANTURTZI  - PORTUGALETE (Autopista),28512.0,16745.0,2608.0,1307.0,847.0,261.0,0.0,167.0,921.0,2025-10-01,0,1
2025,11,A3151,BILBAO - SANTURTZI  - PORTUGALETE (Autopista),25395.0,14499.0,2569.0,1183.0,853.0,249.0,0.0,163.0,817.0,2025-11-01,0,1
2025,12,A3151,BILBAO - SANTURTZI  - PORTUGALETE (Autopista),27592.0,16895.0,2745.0,1114.0,614.0,256.0,0.0,290.0,914.0,2025-12-01,0,1
2020,1,A3122,BILBAO - SESTAO - Errepelega/Repelega,21315.0,12656.0,4095.0,278.0,388.0,1542.0,5.0,930.0,759.0,2020-01-01,1,0
2020,2,A3122,BILBAO - SESTAO - Errepelega/Repelega,19684.0,11501.0,4099.0,378.0,449.0,1267.0,8.0,789.0,618.0,2020-02-01,1,0
2020,3,A3122,BILBAO - SESTAO - Errepelega/Repelega,8816.0,5395.0,1612.0,176.0,215.0,570.0,4.0,306.0,294.0,2020-03-01,1,0
2020,4,A3122,BILBAO - SESTAO - Errepelega/Repelega,992.0,845.0,84.0,2.0,23.0,0.0,0.0,1.0,19.0,2020-04-01,1,0
2020,5,A3122,BILBAO - SESTAO - Errepelega/Repelega,4770.0,3756.0,695.0,39.0,48.0,0.0,0.0,51.0,72.0,2020-05-01,1,0
2020,6,A3122,BILBAO - SESTAO - Errepelega/Repelega,14156.0,10303.0,2302.0,112.0,130.0,0.0,0.0,511.0,395.0,2020-06-01,1,0
2020,7,A3122,BILBAO - SESTAO - Errepelega/Repelega,15036.0,11057.0,2336.0,122.0,153.0,0.0,0.0,624.0,340.0,2020-07-01,1,0
2020,8,A3122,BILBAO - SESTAO - Errepelega/Repelega,13117.0,9511.0,2172.0,118.0,147.0,0.0,0.0,567.0,240.0,2020-08-01,1,0
2020,9,A3122,BILBAO - SESTAO - Errepelega/Repelega,15144.0,10695.0,2462.0,180.0,241.0,0.0,0.0,753.0,373.0,2020-09-01,1,0
2020,10,A3122,BILBAO - SESTAO - Errepelega/Repelega,15910.0,11223.0,2655.0,270.0,439.0,0.0,0.0,479.0,369.0,2020-10-01,1,0
2020,11,A3122,BILBAO - SESTAO - Errepelega/Repelega,11527.0,8139.0,1695.0,205.0,392.0,0.0,0.0,309.0,394.0,2020-11-01,1,0
2020,12,A3122,BILBAO - SESTAO - Errepelega/Repelega,15584.0,11098.0,2290.0,239.0,385.0,118.0,0.0,552.0,453.0,2020-12-01,1,0
2021,1,A3122,BILBAO - SESTAO - Errepelega/Repelega,13920.0,9402.0,2060.0,229.0,378.0,348.0,2.0,539.0,462.0,2021-01-01,1,0
2021,2,A3122,BILBAO - SESTAO - Errepelega/Repelega,10660.0,7129.0,1629.0,240.0,305.0,341.0,0.0,335.0,339.0,2021-02-01,1,0
2021,3,A3122,BILBAO - SESTAO - Errepelega/Repelega,14891.0,9590.0,2512.0,333.0,400.0,536.0,0.0,555.0,481.0,2021-03-01,1,0
2021,4,A3122,BILBAO - SESTAO - Errepelega/Repelega,12587.0,8324.0,2048.0,251.0,261.0,462.0,1.0,449.0,433.0,2021-04-01,1,0
2021,5,A3122,BILBAO - SESTAO - Errepelega/Repelega,15193.0,9775.0,2612.0,295.0,348.0,641.0,4.0,570.0,515.0,2021-05-01,1,0
2021,6,A3122,BILBAO - SESTAO - Errepelega/Repelega,15530.0,9745.0,2834.0,265.0,289.0,760.0,2.0,640.0,531.0,2021-06-01,1,0
2021,7,A3122,BILBAO - SESTAO - Errepelega/Repelega,15148.0,9644.0,2538.0,168.0,273.0,837.0,6.0,684.0,487.0,2021-07-01,1,0
2021,8,A3122,BILBAO - SESTAO - Errepelega/Repelega,12501.0,7992.0,2039.0,120.0,181.0,847.0,10.0,597.0,348.0,2021-08-01,1,0
2021,9,A3122,BILBAO - SESTAO - Errepelega/Repelega,14917.0,9048.0,2751.0,298.0,339.0,834.0,4.0,676.0,480.0,2021-09-01,1,0
2021,10,A3122,BILBAO - SESTAO - Errepelega/Repelega,15867.0,9558.0,3070.0,313.0,407.0,859.0,3.0,571.0,537.0,2021-10-01,1,0
2021,11,A3122,BILBAO - SESTAO - Errepelega/Repelega,16539.0,10104.0,3033.0,304.0,397.0,906.0,0.0,555.0,642.0,2021-11-01,1,0
2021,12,A3122,BILBAO - SESTAO - Errepelega/Repelega,17144.0,10580.0,3058.0,244.0,367.0,1085.0,7.0,694.0,603.0,2021-12-01,1,0
2022,1,A3122,BILBAO - SESTAO - Errepelega/Repelega,15615.0,9683.0,2833.0,227.0,323.0,887.0,0.0,562.0,607.0,2022-01-01,0,0
2022,2,A3122,BILBAO - SESTAO - Errepelega/Repelega,15328.0,9305.0,3124.0,293.0,349.0,766.0,4.0,517.0,572.0,2022-02-01,0,0
2022,3,A3122,BILBAO - SESTAO - Errepelega/Repelega,17699.0,10675.0,3474.0,328.0,479.0,868.0,5.0,621.0,705.0,2022-03-01,0,0
2022,4,A3122,BILBAO - SESTAO - Errepelega/Repelega,15993.0,9677.0,3110.0,235.0,332.0,1007.0,0.0,676.0,546.0,2022-04-01,0,0
2022,5,A3122,BILBAO - SESTAO - Errepelega/Repelega,17935.0,10828.0,3528.0,344.0,394.0,1078.0,2.0,645.0,627.0,2022-05-01,0,0
2022,6,A3122,BILBAO - SESTAO - Errepelega/Repelega,18163.0,11203.0,3408.0,240.0,308.0,1003.0,12.0,792.0,635.0,2022-06-01,0,0
2022,7,A3122,BILBAO - SESTAO - Errepelega/Repelega,16342.0,10118.0,3013.0,190.0,295.0,996.0,7.0,787.0,484.0,2022-07-01,0,0
2022,8,A3122,BILBAO - SESTAO - Errepelega/Repelega,16051.0,9939.0,2994.0,179.0,273.0,1066.0,5.0,692.0,446.0,2022-08-01,0,0
2022,9,A3122,BILBAO - SESTAO - Errepelega/Repelega,16665.0,10580.0,3127.0,232.0,404.0,638.0,1.0,608.0,564.0,2022-09-01,0,1
2022,10,A3122,BILBAO - SESTAO - Errepelega/Repelega,17268.0,10670.0,3452.0,341.0,441.0,580.0,1.0,624.0,632.0,2022-10-01,0,1
2022,11,A3122,BILBAO - SESTAO - Errepelega/Repelega,15618.0,9678.0,3262.0,293.0,391.0,477.0,4.0,558.0,520.0,2022-11-01,0,1
2022,12,A3122,BILBAO - SESTAO - Errepelega/Repelega,16621.0,10413.0,3189.0,292.0,412.0,599.0,0.0,777.0,528.0,2022-12-01,0,1
2023,1,A3122,BILBAO - SESTAO - Errepelega/Repelega,15.056,9500.0,3005.0,263.0,319.0,451.0,1.0,586.0,480.0,2023-01-01,0,1
2023,2,A3122,BILBAO - SESTAO - Errepelega/Repelega,13989.0,8609.0,2912.0,261.0,373.0,422.0,3.0,529.0,503.0,2023-02-01,0,1
2023,3,A3122,BILBAO - SESTAO - Errepelega/Repelega,15980.0,10087.0,3399.0,300.0,340.0,411.0,1.0,520.0,504.0,2023-03-01,0,1
2023,4,A3122,BILBAO - SESTAO - Errepelega/Repelega,17281.0,10908.0,3433.0,266.0,381.0,595.0,2.0,728.0,536.0,2023-04-01,0,1
2023,5,A3122,BILBAO - SESTAO - Errepelega/Repelega,19575.0,12535.0,3848.0,404.0,434.0,595.0,1.0,733.0,583.0,2023-05-01,0,1
2023,6,A3122,BILBAO - SESTAO - Errepelega/Repelega,19749.0,12610.0,3915.0,264.0,413.0,690.0,0.0,788.0,537.0,2023-06-01,0,1
2023,7,A3122,BILBAO - SESTAO - Errepelega/Repelega,18950.0,12204.0,3577.0,248.0,264.0,691.0,2.0,952.0,498.0,2023-07-01,0,1
2023,8,A3122,BILBAO - SESTAO - Errepelega/Repelega,18556.0,11875.0,3650.0,189.0,346.0,716.0,2.0,959.0,431.0,2023-08-01,0,1
2023,9,A3122,BILBAO - SESTAO - Errepelega/Repelega,19463.0,12703.0,3584.0,360.0,431.0,620.0,10.0,746.0,505.0,2023-09-01,0,1
2023,10,A3122,BILBAO - SESTAO - Errepelega/Repelega,20359.0,12857.0,4163.0,420.0,498.0,610.0,0.0,697.0,605.0,2023-10-01,0,1
2023,11,A3122,BILBAO - SESTAO - Errepelega/Repelega,20734.0,13263.0,4246.0,424.0,438.0,596.0,0.0,727.0,559.0,2023-11-01,0,1
2023,12,A3122,BILBAO - SESTAO - Errepelega/Repelega,23237.0,14897.0,4637.0,324.0,481.0,772.0,0.0,917.0,652.0,2023-12-01,0,1
2024,1,A3122,BILBAO - SESTAO - Errepelega/Repelega,21099.0,12264.0,4300.0,440.0,454.0,688.0,0.0,686.0,612.0,2024-01-01,0,1
2024,2,A3122,BILBAO - SESTAO - Errepelega/Repelega,20313.0,11693.0,4209.0,397.0,413.0,528.0,0.0,709.0,647.0,2024-02-01,0,1
2024,3,A3122,BILBAO - SESTAO - Errepelega/Repelega,20446.0,11619.0,4298.0,354.0,490.0,573.0,0.0,750.0,569.0,2024-03-01,0,1
2024,4,A3122,BILBAO - SESTAO - Errepelega/Repelega,22928.0,13000.0,4872.0,344.0,495.0,597.0,1.0,819.0,583.0,2024-04-01,0,1
2024,5,A3122,BILBAO - SESTAO - Errepelega/Repelega,25787.0,14718.0,5196.0,396.0,614.0,660.0,0.0,857.0,666.0,2024-05-01,0,1
2024,6,A3122,BILBAO - SESTAO - Errepelega/Repelega,24845.0,14453.0,4804.0,308.0,585.0,704.0,0.0,949.0,589.0,2024-06-01,0,1
2024,7,A3122,BILBAO - SESTAO - Errepelega/Repelega,22384.0,12964.0,4061.0,238.0,529.0,694.0,2.0,1055.0,458.0,2024-07-01,0,1
2024,8,A3122,BILBAO - SESTAO - Errepelega/Repelega,21638.0,12552.0,4062.0,239.0,420.0,720.0,1.0,1042.0,424.0,2024-08-01,0,1
2024,9,A3122,BILBAO - SESTAO - Errepelega/Repelega,22718.0,12994.0,4081.0,397.0,600.0,597.0,0.0,1014.0,487.0,2024-09-01,0,1
2024,10,A3122,BILBAO - SESTAO - Errepelega/Repelega,23008.0,12631.0,4539.0,374.0,813.0,556.0,0.0,802.0,557.0,2024-10-01,0,1
2024,11,A3122,BILBAO - SESTAO - Errepelega/Repelega,23795.0,13026.0,4740.0,401.0,737.0,551.0,0.0,860.0,627.0,2024-11-01,0,1
2024,12,A3122,BILBAO - SESTAO - Errepelega/Repelega,25247.0,14096.0,4959.0,448.0,725.0,682.0,0.0,965.0,653.0,2024-12-01,0,1
2025,1,A3122,BILBAO - SESTAO - Errepelega/Repelega,25136.0,14015.0,4962.0,451.0,649.0,557.0,1.0,948.0,624.0,2025-01-01,0,1
2025,2,A3122,BILBAO - SESTAO - Errepelega/Repelega,22662.0,12085.0,4704.0,430.0,618.0,432.0,0.0,815.0,602.0,2025-02-01,0,1
2025,3,A3122,BILBAO - SESTAO - Errepelega/Repelega,25058.0,13779.0,4731.0,503.0,746.0,508.0,0.0,872.0,611.0,2025-03-01,0,1
2025,4,A3122,BILBAO - SESTAO - Errepelega/Repelega,24972.0,13973.0,4724.0,415.0,666.0,490.0,0.0,856.0,600.0,2025-04-01,0,1
2025,5,A3122,BILBAO - SESTAO - Errepelega/Repelega,25605.0,14204.0,4857.0,442.0,757.0,437.0,2.0,900.0,567.0,2025-05-01,0,1
2025,6,A3122,BILBAO - SESTAO - Errepelega/Repelega,24479.0,13630.0,4687.0,346.0,574.0,434.0,1.0,948.0,581.0,2025-06-01,0,1
2025,7,A3122,BILBAO - SESTAO - Errepelega/Repelega,25813.0,14979.0,4534.0,311.0,557.0,467.0,0.0,1030.0,513.0,2025-07-01,0,1
2025,8,A3122,BILBAO - SESTAO - Errepelega/Repelega,24253.0,13865.0,4461.0,245.0,525.0,585.0,0.0,973.0,449.0,2025-08-01,0,1
2025,9,A3122,BILBAO - SESTAO - Errepelega/Repelega,26185.0,14299.0,4740.0,413.0,796.0,429.0,0.0,973.0,598.0,2025-09-01,0,1
2025,10,A3122,BILBAO - SESTAO - Errepelega/Repelega,28533.0,14932.0,5365.0,491.0,1001.0,430.0,0.0,930.0,748.0,2025-10-01,0,1
2025,11,A3122,BILBAO - SESTAO - Errepelega/Repelega,27830.0,14769.0,5294.0,554.0,923.0,459.0,2.0,861.0,659.0,2025-11-01,0,1
2025,12,A3122,BILBAO - SESTAO - Errepelega/Repelega,30383.0,16591.0,5552.0,511.0,947.0,490.0,1.0,1076.0,737.0,2025-12-01,0,1
2020,1,A3342,BILBAO - Sodupe - ARTZINIEGA,23871.0,13366.0,5785.0,620.0,1293.0,1319.0,23.0,298.0,324.0,2020-01-01,1,0
2020,2,A3342,BILBAO - Sodupe - ARTZINIEGA,24015.0,13485.0,5608.0,823.0,1244.0,1355.0,44.0,284.0,283.0,2020-02-01,1,0
2020,3,A3342,BILBAO - Sodupe - ARTZINIEGA,11126.0,6645.0,2431.0,340.0,505.0,575.0,5.0,123.0,147.0,2020-03-01,1,0
2020,4,A3342,BILBAO - Sodupe - ARTZINIEGA,2816.0,2293.0,440.0,0.0,9.0,0.0,0.0,3.0,40.0,2020-04-01,1,0
2020,5,A3342,BILBAO - Sodupe - ARTZINIEGA,6318.0,4612.0,1397.0,10.0,44.0,0.0,0.0,42.0,96.0,2020-05-01,1,0
2020,6,A3342,BILBAO - Sodupe - ARTZINIEGA,13596.0,9656.0,3055.0,67.0,198.0,0.0,0.0,73.0,130.0,2020-06-01,1,0
2020,7,A3342,BILBAO - Sodupe - ARTZINIEGA,15287.0,11103.0,2949.0,180.0,297.0,0.0,0.0,148.0,124.0,2020-07-01,1,0
2020,8,A3342,BILBAO - Sodupe - ARTZINIEGA,13005.0,9448.0,2512.0,104.0,253.0,0.0,0.0,151.0,124.0,2020-08-01,1,0
2020,9,A3342,BILBAO - Sodupe - ARTZINIEGA,16840.0,11481.0,3373.0,343.0,677.0,0.0,0.0,103.0,157.0,2020-09-01,1,0
2020,10,A3342,BILBAO - Sodupe - ARTZINIEGA,17875.0,11849.0,3186.0,657.0,1049.0,1.0,0.0,79.0,136.0,2020-10-01,1,0
2020,11,A3342,BILBAO - Sodupe - ARTZINIEGA,14917.0,10011.0,2482.0,526.0,975.0,0.0,0.0,84.0,91.0,2020-11-01,1,0
2020,12,A3342,BILBAO - Sodupe - ARTZINIEGA,15637.0,10475.0,2958.0,440.0,767.0,43.0,1.0,86.0,174.0,2020-12-01,1,0
2021,1,A3342,BILBAO - Sodupe - ARTZINIEGA,14484.0,9899.0,2380.0,343.0,698.0,245.0,0.0,116.0,135.0,2021-01-01,1,0
2021,2,A3342,BILBAO - Sodupe - ARTZINIEGA,13982.0,9290.0,2226.0,477.0,725.0,330.0,8.0,91.0,94.0,2021-02-01,1,0
2021,3,A3342,BILBAO - Sodupe - ARTZINIEGA,18185.0,11681.0,3401.0,562.0,711.0,500.0,9.0,117.0,188.0,2021-03-01,1,0
2021,4,A3342,BILBAO - Sodupe - ARTZINIEGA,15402.0,9914.0,2776.0,415.0,645.0,449.0,43.0,149.0,156.0,2021-04-01,1,0
2021,5,A3342,BILBAO - Sodupe - ARTZINIEGA,19222.0,12307.0,3479.0,582.0,846.0,565.0,48.0,171.0,179.0,2021-05-01,1,0
2021,6,A3342,BILBAO - Sodupe - ARTZINIEGA,19758.0,12614.0,3770.0,416.0,672.0,859.0,31.0,250.0,191.0,2021-06-01,1,0
2021,7,A3342,BILBAO - Sodupe - ARTZINIEGA,17735.0,11520.0,3375.0,269.0,589.0,950.0,13.0,221.0,137.0,2021-07-01,1,0
2021,8,A3342,BILBAO - Sodupe - ARTZINIEGA,14922.0,9732.0,3008.0,113.0,455.0,787.0,12.0,179.0,142.0,2021-08-01,1,0
2021,9,A3342,BILBAO - Sodupe - ARTZINIEGA,20989.0,13287.0,3875.0,472.0,877.0,987.0,4.0,255.0,134.0,2021-09-01,1,0
2021,10,A3342,BILBAO - Sodupe - ARTZINIEGA,22232.0,13708.0,4293.0,737.0,1004.0,954.0,4.0,273.0,181.0,2021-10-01,1,0
2021,11,A3342,BILBAO - Sodupe - ARTZINIEGA,21476.0,12847.0,4136.0,787.0,1280.0,899.0,3.0,189.0,199.0,2021-11-01,1,0
2021,12,A3342,BILBAO - Sodupe - ARTZINIEGA,22319.0,14241.0,4104.0,521.0,994.0,1011.0,4.0,233.0,224.0,2021-12-01,1,0
2022,1,A3342,BILBAO - Sodupe - ARTZINIEGA,19783.0,12212.0,3686.0,568.0,1071.0,857.0,0.0,202.0,193.0,2022-01-01,0,0
2022,2,A3342,BILBAO - Sodupe - ARTZINIEGA,21961.0,13385.0,4062.0,821.0,1276.0,887.0,0.0,192.0,244.0,2022-02-01,0,0
2022,3,A3342,BILBAO - Sodupe - ARTZINIEGA,26658.0,16274.0,4998.0,1045.0,1456.0,1064.0,1.0,232.0,261.0,2022-03-01,0,0
2022,4,A3342,BILBAO - Sodupe - ARTZINIEGA,22807.0,14468.0,4173.0,547.0,1100.0,1102.0,4.0,196.0,197.0,2022-04-01,0,0
2022,5,A3342,BILBAO - Sodupe - ARTZINIEGA,26072.0,16321.0,4903.0,744.0,1207.0,1167.0,0.0,244.0,241.0,2022-05-01,0,0
2022,6,A3342,BILBAO - Sodupe - ARTZINIEGA,25024.0,16330.0,4612.0,580.0,931.0,1206.0,12.0,199.0,188.0,2022-06-01,0,0
2022,7,A3342,BILBAO - Sodupe - ARTZINIEGA,20960.0,13437.0,3928.0,314.0,787.0,1323.0,15.0,234.0,195.0,2022-07-01,0,0
2022,8,A3342,BILBAO - Sodupe - ARTZINIEGA,19137.0,12359.0,3806.0,217.0,523.0,1282.0,5.0,252.0,147.0,2022-08-01,0,0
2022,9,A3342,BILBAO - Sodupe - ARTZINIEGA,24832.0,15811.0,4660.0,702.0,1243.0,846.0,9.0,179.0,198.0,2022-09-01,0,1
2022,10,A3342,BILBAO - Sodupe - ARTZINIEGA,25483.0,15754.0,4843.0,967.0,1537.0,779.0,4.0,188.0,206.0,2022-10-01,0,1
2022,11,A3342,BILBAO - Sodupe - ARTZINIEGA,24063.0,14647.0,4774.0,868.0,1590.0,693.0,7.0,158.0,223.0,2022-11-01,0,1
2022,12,A3342,BILBAO - Sodupe - ARTZINIEGA,23541.0,14800.0,4882.0,581.0,1182.0,745.0,12.0,188.0,245.0,2022-12-01,0,1
2023,1,A3342,BILBAO - Sodupe - ARTZINIEGA,22855.0,14756.0,4225.0,672.0,1274.0,666.0,6.0,136.0,196.0,2023-01-01,0,1
2023,2,A3342,BILBAO - Sodupe - ARTZINIEGA,22508.0,14176.0,4497.0,644.0,1300.0,543.0,1.0,116.0,180.0,2023-02-01,0,1
2023,3,A3342,BILBAO - Sodupe - ARTZINIEGA,26156.0,16542.0,5173.0,666.0,1450.0,668.0,2.0,128.0,249.0,2023-03-01,0,1
2023,4,A3342,BILBAO - Sodupe - ARTZINIEGA,22230.0,14022.0,4752.0,402.0,1079.0,742.0,0.0,205.0,173.0,2023-04-01,0,1
2023,5,A3342,BILBAO - Sodupe - ARTZINIEGA,26778.0,17121.0,5340.0,633.0,1397.0,739.0,10.0,151.0,210.0,2023-05-01,0,1
2023,6,A3342,BILBAO - Sodupe - ARTZINIEGA,25527.0,16686.0,5283.0,446.0,1061.0,747.0,6.0,210.0,201.0,2023-06-01,0,1
2023,7,A3342,BILBAO - Sodupe - ARTZINIEGA,22209.0,14875.0,4670.0,157.0,699.0,757.0,9.0,248.0,121.0,2023-07-01,0,1
2023,8,A3342,BILBAO - Sodupe - ARTZINIEGA,20763.0,14137.0,4064.0,89.0,511.0,931.0,4.0,299.0,140.0,2023-08-01,0,1
2023,9,A3342,BILBAO - Sodupe - ARTZINIEGA,27173.0,17361.0,5169.0,590.0,1445.0,905.0,2.0,246.0,173.0,2023-09-01,0,1
2023,10,A3342,BILBAO - Sodupe - ARTZINIEGA,28803.0,17725.0,5526.0,951.0,1825.0,849.0,1.0,235.0,174.0,2023-10-01,0,1
2023,11,A3342,BILBAO - Sodupe - ARTZINIEGA,28398.0,17583.0,5405.0,818.0,1872.0,774.0,3.0,171.0,210.0,2023-11-01,0,1
2023,12,A3342,BILBAO - Sodupe - ARTZINIEGA,26316.0,17062.0,5039.0,489.0,1266.0,810.0,1.0,220.0,199.0,2023-12-01,0,1
2024,1,A3342,BILBAO - Sodupe - ARTZINIEGA,27403.0,16247.0,5106.0,811.0,1458.0,835.0,6.0,190.0,187.0,2024-01-01,0,1
2024,2,A3342,BILBAO - Sodupe - ARTZINIEGA,28438.0,17288.0,5382.0,739.0,1471.0,737.0,2.0,192.0,165.0,2024-02-01,0,1
2024,3,A3342,BILBAO - Sodupe - ARTZINIEGA,27421.0,16204.0,5363.0,805.0,1396.0,725.0,3.0,216.0,166.0,2024-03-01,0,1
2024,4,A3342,BILBAO - Sodupe - ARTZINIEGA,28797.0,17142.0,5312.0,758.0,1377.0,752.0,2.0,282.0,192.0,2024-04-01,0,1
2024,5,A3342,BILBAO - Sodupe - ARTZINIEGA,29945.0,17922.0,5449.0,788.0,1452.0,691.0,1.0,237.0,213.0,2024-05-01,0,1
2024,6,A3342,BILBAO - Sodupe - ARTZINIEGA,26408.0,16309.0,5057.0,401.0,951.0,696.0,5.0,255.0,176.0,2024-06-01,0,1
2024,7,A3342,BILBAO - Sodupe - ARTZINIEGA,25157.0,15605.0,4964.0,369.0,621.0,789.0,4.0,390.0,154.0,2024-07-01,0,1
2024,8,A3342,BILBAO - Sodupe - ARTZINIEGA,22344.0,14077.0,4291.0,226.0,604.0,899.0,4.0,257.0,128.0,2024-08-01,0,1
2024,9,A3342,BILBAO - Sodupe - ARTZINIEGA,28392.0,17301.0,4871.0,653.0,1451.0,700.0,4.0,278.0,172.0,2024-09-01,0,1
2024,10,A3342,BILBAO - Sodupe - ARTZINIEGA,31464.0,18828.0,5254.0,1033.0,1754.0,681.0,4.0,291.0,159.0,2024-10-01,0,1
2024,11,A3342,BILBAO - Sodupe - ARTZINIEGA,28912.0,17261.0,4802.0,854.0,1720.0,603.0,0.0,236.0,175.0,2024-11-01,0,1
2024,12,A3342,BILBAO - Sodupe - ARTZINIEGA,28715.0,17252.0,5044.0,717.0,1263.0,665.0,0.0,326.0,159.0,2024-12-01,0,1
2025,1,A3342,BILBAO - Sodupe - ARTZINIEGA,30082.0,17509.0,4928.0,735.0,1540.0,656.0,2.0,339.0,177.0,2025-01-01,0,1
2025,2,A3342,BILBAO - Sodupe - ARTZINIEGA,30331.0,17205.0,4956.0,956.0,1830.0,609.0,0.0,350.0,159.0,2025-02-01,0,1
2025,3,A3342,BILBAO - Sodupe - ARTZINIEGA,33654.0,19456.0,5534.0,1006.0,1910.0,691.0,0.0,309.0,182.0,2025-03-01,0,1
2025,4,A3342,BILBAO - Sodupe - ARTZINIEGA,29421.0,17152.0,5031.0,782.0,1532.0,604.0,0.0,334.0,150.0,2025-04-01,0,1
2025,5,A3342,BILBAO - Sodupe - ARTZINIEGA,34330.0,20464.0,5734.0,744.0,1517.0,626.0,3.0,420.0,264.0,2025-05-01,0,1
2025,6,A3342,BILBAO - Sodupe - ARTZINIEGA,32846.0,19756.0,5812.0,392.0,1080.0,563.0,0.0,555.0,204.0,2025-06-01,0,1
2025,7,A3342,BILBAO - Sodupe - ARTZINIEGA,31685.0,19599.0,5717.0,381.0,660.0,562.0,0.0,548.0,138.0,2025-07-01,0,1
2025,8,A3342,BILBAO - Sodupe - ARTZINIEGA,26901.0,16591.0,4793.0,216.0,416.0,640.0,2.0,544.0,138.0,2025-08-01,0,1
2025,9,A3342,BILBAO - Sodupe - ARTZINIEGA,37127.0,21683.0,6216.0,758.0,1512.0,612.0,0.0,640.0,198.0,2025-09-01,0,1
2025,10,A3342,BILBAO - Sodupe - ARTZINIEGA,39591.0,22397.0,6690.0,959.0,2106.0,621.0,0.0,553.0,188.0,2025-10-01,0,1
2025,11,A3342,BILBAO - Sodupe - ARTZINIEGA,34996.0,19685.0,6106.0,907.0,1935.0,491.0,2.0,418.0,192.0,2025-11-01,0,1
2025,12,A3342,BILBAO - Sodupe - ARTZINIEGA,33631.0,19031.0,6055.0,689.0,1675.0,510.0,1.0,487.0,207.0,2025-12-01,0,1
2024,1,A3341,BILBAO - Sodupe - Arespalditza RESPALDIZA,5670.0,3303.0,1158.0,86.0,305.0,184.0,0.0,48.0,56.0,2024-01-01,0,1
2024,2,A3341,BILBAO - Sodupe - Arespalditza RESPALDIZA,5580.0,3337.0,1159.0,82.0,227.0,142.0,1.0,63.0,80.0,2024-02-01,0,1
2024,3,A3341,BILBAO - Sodupe - Arespalditza RESPALDIZA,5445.0,3324.0,997.0,94.0,251.0,140.0,0.0,54.0,75.0,2024-03-01,0,1
2024,4,A3341,BILBAO - Sodupe - Arespalditza RESPALDIZA,6262.0,3643.0,1342.0,100.0,226.0,175.0,5.0,87.0,70.0,2024-04-01,0,1
2024,5,A3341,BILBAO - Sodupe - Arespalditza RESPALDIZA,6387.0,3834.0,1255.0,78.0,262.0,180.0,0.0,90.0,108.0,2024-05-01,0,1
2024,6,A3341,BILBAO - Sodupe - Arespalditza RESPALDIZA,5568.0,3451.0,1047.0,39.0,168.0,137.0,0.0,119.0,99.0,2024-06-01,0,1
2020,1,A3341,BILBAO - Sodupe - Arespalditza Respaldiza,4659.0,2549.0,1160.0,190.0,207.0,287.0,7.0,86.0,40.0,2020-01-01,1,0
2020,2,A3341,BILBAO - Sodupe - Arespalditza Respaldiza,5156.0,2846.0,1223.0,211.0,242.0,285.0,16.0,107.0,61.0,2020-02-01,1,0
2020,3,A3341,BILBAO - Sodupe - Arespalditza Respaldiza,2474.0,1534.0,504.0,96.0,107.0,101.0,2.0,31.0,26.0,2020-03-01,1,0
2020,4,A3341,BILBAO - Sodupe - Arespalditza Respaldiza,573.0,488.0,54.0,0.0,8.0,0.0,0.0,1.0,10.0,2020-04-01,1,0
2020,5,A3341,BILBAO - Sodupe - Arespalditza Respaldiza,1398.0,1041.0,289.0,17.0,10.0,0.0,0.0,6.0,1.0,2020-05-01,1,0
2020,6,A3341,BILBAO - Sodupe - Arespalditza Respaldiza,2827.0,1914.0,658.0,38.0,95.0,0.0,0.0,25.0,9.0,2020-06-01,1,0
2020,7,A3341,BILBAO - Sodupe - Arespalditza Respaldiza,3277.0,2101.0,891.0,72.0,80.0,0.0,0.0,29.0,19.0,2020-07-01,1,0
2020,8,A3341,BILBAO - Sodupe - Arespalditza Respaldiza,2428.0,1692.0,560.0,39.0,56.0,0.0,0.0,31.0,17.0,2020-08-01,1,0
2020,9,A3341,BILBAO - Sodupe - Arespalditza Respaldiza,3407.0,2285.0,779.0,84.0,95.0,0.0,0.0,53.0,37.0,2020-09-01,1,0
2020,10,A3341,BILBAO - Sodupe - Arespalditza Respaldiza,3545.0,2325.0,769.0,139.0,157.0,0.0,0.0,31.0,56.0,2020-10-01,1,0
2020,11,A3341,BILBAO - Sodupe - Arespalditza Respaldiza,3045.0,2088.0,576.0,96.0,175.0,0.0,0.0,29.0,19.0,2020-11-01,1,0
2020,12,A3341,BILBAO - Sodupe - Arespalditza Respaldiza,3068.0,2110.0,625.0,76.0,118.0,19.0,0.0,34.0,46.0,2020-12-01,1,0
2021,1,A3341,BILBAO - Sodupe - Arespalditza Respaldiza,2900.0,2018.0,545.0,49.0,70.0,65.0,0.0,69.0,24.0,2021-01-01,1,0
2021,2,A3341,BILBAO - Sodupe - Arespalditza Respaldiza,2899.0,1925.0,542.0,103.0,85.0,89.0,0.0,47.0,52.0,2021-02-01,1,0
2021,3,A3341,BILBAO - Sodupe - Arespalditza Respaldiza,3767.0,2471.0,791.0,118.0,108.0,105.0,10.0,49.0,41.0,2021-03-01,1,0
2021,4,A3341,BILBAO - Sodupe - Arespalditza Respaldiza,3235.0,2033.0,671.0,98.0,93.0,94.0,15.0,68.0,36.0,2021-04-01,1,0
2021,5,A3341,BILBAO - Sodupe - Arespalditza Respaldiza,4070.0,2506.0,924.0,94.0,104.0,112.0,5.0,78.0,44.0,2021-05-01,1,0
2021,6,A3341,BILBAO - Sodupe - Arespalditza Respaldiza,4058.0,2600.0,886.0,54.0,89.0,148.0,11.0,90.0,64.0,2021-06-01,1,0
2021,7,A3341,BILBAO - Sodupe - Arespalditza Respaldiza,3925.0,2372.0,1013.0,44.0,96.0,156.0,2.0,79.0,58.0,2021-07-01,1,0
2021,8,A3341,BILBAO - Sodupe - Arespalditza Respaldiza,2878.0,1701.0,796.0,21.0,82.0,126.0,2.0,70.0,29.0,2021-08-01,1,0
2021,9,A3341,BILBAO - Sodupe - Arespalditza Respaldiza,4004.0,2319.0,935.0,79.0,211.0,169.0,3.0,61.0,56.0,2021-09-01,1,0
2021,10,A3341,BILBAO - Sodupe - Arespalditza Respaldiza,4404.0,2619.0,904.0,138.0,246.0,177.0,0.0,77.0,58.0,2021-10-01,1,0
2021,11,A3341,BILBAO - Sodupe - Arespalditza Respaldiza,4271.0,2463.0,910.0,182.0,243.0,205.0,0.0,37.0,53.0,2021-11-01,1,0
2021,12,A3341,BILBAO - Sodupe - Arespalditza Respaldiza,4650.0,2850.0,943.0,91.0,204.0,228.0,0.0,80.0,66.0,2021-12-01,1,0
2022,1,A3341,BILBAO - Sodupe - Arespalditza Respaldiza,4000.0,2363.0,846.0,111.0,222.0,199.0,2.0,57.0,47.0,2022-01-01,0,0
2022,2,A3341,BILBAO - Sodupe - Arespalditza Respaldiza,4664.0,2728.0,987.0,160.0,262.0,218.0,1.0,47.0,52.0,2022-02-01,0,0
2022,3,A3341,BILBAO - Sodupe - Arespalditza Respaldiza,5538.0,3264.0,1138.0,210.0,328.0,240.0,0.0,79.0,83.0,2022-03-01,0,0
2022,4,A3341,BILBAO - Sodupe - Arespalditza Respaldiza,4306.0,2591.0,868.0,133.0,210.0,216.0,5.0,81.0,60.0,2022-04-01,0,0
2022,5,A3341,BILBAO - Sodupe - Arespalditza Respaldiza,5276.0,3213.0,1079.0,141.0,281.0,268.0,1.0,71.0,61.0,2022-05-01,0,0
2022,6,A3341,BILBAO - Sodupe - Arespalditza Respaldiza,4982.0,3157.0,1077.0,95.0,215.0,197.0,0.0,68.0,72.0,2022-06-01,0,0
2022,7,A3341,BILBAO - Sodupe - Arespalditza Respaldiza,4573.0,2889.0,942.0,31.0,144.0,297.0,1.0,72.0,59.0,2022-07-01,0,0
2022,8,A3341,BILBAO - Sodupe - Arespalditza Respaldiza,3960.0,2501.0,830.0,35.0,102.0,260.0,0.0,62.0,66.0,2022-08-01,0,0
2022,9,A3341,BILBAO - Sodupe - Arespalditza Respaldiza,4869.0,3099.0,1006.0,105.0,246.0,161.0,6.0,56.0,60.0,2022-09-01,0,1
2022,10,A3341,BILBAO - Sodupe - Arespalditza Respaldiza,4938.0,3061.0,1080.0,117.0,280.0,195.0,1.0,35.0,54.0,2022-10-01,0,1
2022,11,A3341,BILBAO - Sodupe - Arespalditza Respaldiza,4700.0,2894.0,989.0,88.0,255.0,187.0,0.0,69.0,59.0,2022-11-01,0,1
2022,12,A3341,BILBAO - Sodupe - Arespalditza Respaldiza,4463.0,2871.0,945.0,61.0,186.0,161.0,2.0,55.0,39.0,2022-12-01,0,1
2023,1,A3341,BILBAO - Sodupe - Arespalditza Respaldiza,4512.0,2914.0,899.0,110.0,227.0,132.0,4.0,36.0,41.0,2023-01-01,0,1
2023,2,A3341,BILBAO - Sodupe - Arespalditza Respaldiza,4289.0,2737.0,893.0,83.0,218.0,132.0,0.0,43.0,36.0,2023-02-01,0,1
2023,3,A3341,BILBAO - Sodupe - Arespalditza Respaldiza,4983.0,3171.0,1045.0,90.0,309.0,146.0,2.0,39.0,30.0,2023-03-01,0,1
2023,4,A3341,BILBAO - Sodupe - Arespalditza Respaldiza,4146.0,2594.0,874.0,64.0,197.0,160.0,2.0,53.0,53.0,2023-04-01,0,1
2023,5,A3341,BILBAO - Sodupe - Arespalditza Respaldiza,5330.0,3272.0,1174.0,89.0,286.0,187.0,0.0,42.0,87.0,2023-05-01,0,1
2023,6,A3341,BILBAO - Sodupe - Arespalditza Respaldiza,5234.0,3354.0,1223.0,41.0,135.0,197.0,0.0,58.0,91.0,2023-06-01,0,1
2023,7,A3341,BILBAO - Sodupe - Arespalditza Respaldiza,4444.0,2904.0,967.0,36.0,91.0,200.0,3.0,43.0,66.0,2023-07-01,0,1
2023,8,A3341,BILBAO - Sodupe - Arespalditza Respaldiza,4071.0,2733.0,761.0,12.0,87.0,201.0,5.0,68.0,91.0,2023-08-01,0,1
2023,9,A3341,BILBAO - Sodupe - Arespalditza Respaldiza,5296.0,3420.0,990.0,88.0,218.0,177.0,0.0,85.0,112.0,2023-09-01,0,1
2023,10,A3341,BILBAO - Sodupe - Arespalditza Respaldiza,5508.0,3436.0,1108.0,119.0,317.0,172.0,0.0,63.0,87.0,2023-10-01,0,1
2023,11,A3341,BILBAO - Sodupe - Arespalditza Respaldiza,5757.0,3608.0,1061.0,119.0,367.0,152.0,0.0,95.0,99.0,2023-11-01,0,1
2023,12,A3341,BILBAO - Sodupe - Arespalditza Respaldiza,4961.0,3090.0,1076.0,74.0,217.0,170.0,0.0,73.0,83.0,2023-12-01,0,1
2024,7,A3341,BILBAO - Sodupe - Arespalditza Respaldiza,4963.0,3183.0,930.0,47.0,111.0,158.0,0.0,86.0,77.0,2024-07-01,0,1
2024,8,A3341,BILBAO - Sodupe - Arespalditza Respaldiza,4215.0,2530.0,861.0,33.0,78.0,184.0,0.0,89.0,60.0,2024-08-01,0,1
2024,9,A3341,BILBAO - Sodupe - Arespalditza Respaldiza,5466.0,3287.0,978.0,75.0,231.0,149.0,0.0,113.0,77.0,2024-09-01,0,1
2024,10,A3341,BILBAO - Sodupe - Arespalditza Respaldiza,6129.0,3669.0,1075.0,94.0,273.0,161.0,0.0,105.0,52.0,2024-10-01,0,1
2024,11,A3341,BILBAO - Sodupe - Arespalditza Respaldiza,5474.0,3148.0,1020.0,107.0,250.0,139.0,0.0,83.0,59.0,2024-11-01,0,1
2024,12,A3341,BILBAO - Sodupe - Arespalditza Respaldiza,5313.0,3099.0,988.0,85.0,201.0,151.0,0.0,87.0,44.0,2024-12-01,0,1
2025,1,A3341,BILBAO - Sodupe - Arespalditza Respaldiza,5495.0,3186.0,948.0,80.0,275.0,159.0,0.0,70.0,35.0,2025-01-01,0,1
2025,2,A3341,BILBAO - Sodupe - Arespalditza Respaldiza,5677.0,3238.0,963.0,131.0,306.0,133.0,0.0,75.0,96.0,2025-02-01,0,1
2025,3,A3341,BILBAO - Sodupe - Arespalditza Respaldiza,6096.0,3497.0,1173.0,89.0,285.0,139.0,0.0,89.0,27.0,2025-03-01,0,1
2025,4,A3341,BILBAO - Sodupe - Arespalditza Respaldiza,5246.0,2974.0,985.0,61.0,262.0,142.0,0.0,109.0,59.0,2025-04-01,0,1
2025,5,A3341,BILBAO - Sodupe - Arespalditza Respaldiza,6383.0,3927.0,1006.0,93.0,270.0,136.0,0.0,117.0,58.0,2025-05-01,0,1
2025,6,A3341,BILBAO - Sodupe - Arespalditza Respaldiza,6095.0,3798.0,1008.0,31.0,185.0,103.0,0.0,111.0,81.0,2025-06-01,0,1
2025,7,A3341,BILBAO - Sodupe - Arespalditza Respaldiza,5671.0,3497.0,1031.0,60.0,119.0,118.0,0.0,127.0,73.0,2025-07-01,0,1
2025,8,A3341,BILBAO - Sodupe - Arespalditza Respaldiza,5200.0,3180.0,936.0,49.0,121.0,127.0,0.0,105.0,73.0,2025-08-01,0,1
2025,9,A3341,BILBAO - Sodupe - Arespalditza Respaldiza,6912.0,4166.0,1099.0,133.0,284.0,137.0,0.0,131.0,81.0,2025-09-01,0,1
2025,10,A3341,BILBAO - Sodupe - Arespalditza Respaldiza,7327.0,4248.0,1308.0,149.0,393.0,121.0,0.0,92.0,75.0,2025-10-01,0,1
2025,11,A3341,BILBAO - Sodupe - Arespalditza Respaldiza,6833.0,4028.0,1183.0,131.0,355.0,98.0,0.0,113.0,58.0,2025-11-01,0,1
2025,12,A3341,BILBAO - Sodupe - Arespalditza Respaldiza,7027.0,4223.0,1183.0,118.0,328.0,116.0,1.0,106.0,76.0,2025-12-01,0,1
2020,1,A3343,BILBAO - Sodupe - GORDEXOLA,4895.0,2721.0,1314.0,143.0,222.0,285.0,4.0,50.0,29.0,2020-01-01,1,0
2020,2,A3343,BILBAO - Sodupe - GORDEXOLA,4713.0,2518.0,1228.0,213.0,264.0,250.0,6.0,40.0,42.0,2020-02-01,1,0
2020,3,A3343,BILBAO - Sodupe - GORDEXOLA,2281.0,1271.0,534.0,99.0,135.0,127.0,0.0,13.0,14.0,2020-03-01,1,0
2020,4,A3343,BILBAO - Sodupe - GORDEXOLA,0.0,0.0,0.0,0.0,0.0,0.0,0.0,0.0,0.0,2020-04-01,1,0
2020,5,A3343,BILBAO - Sodupe - GORDEXOLA,808.0,493.0,279.0,1.0,6.0,0.0,0.0,9.0,9.0,2020-05-01,1,0
2020,6,A3343,BILBAO - Sodupe - GORDEXOLA,2501.0,1720.0,629.0,11.0,57.0,0.0,0.0,22.0,11.0,2020-06-01,1,0
2020,7,A3343,BILBAO - Sodupe - GORDEXOLA,3068.0,2012.0,873.0,38.0,76.0,0.0,0.0,31.0,20.0,2020-07-01,1,0
2020,8,A3343,BILBAO - Sodupe - GORDEXOLA,2111.0,1425.0,543.0,22.0,57.0,0.0,0.0,35.0,8.0,2020-08-01,1,0
2020,9,A3343,BILBAO - Sodupe - GORDEXOLA,3220.0,2144.0,774.0,87.0,125.0,0.0,0.0,19.0,13.0,2020-09-01,1,0
2020,10,A3343,BILBAO - Sodupe - GORDEXOLA,3495.0,2282.0,734.0,160.0,216.0,0.0,0.0,19.0,12.0,2020-10-01,1,0
2020,11,A3343,BILBAO - Sodupe - GORDEXOLA,2994.0,2010.0,566.0,136.0,156.0,0.0,0.0,17.0,28.0,2020-11-01,1,0
2020,12,A3343,BILBAO - Sodupe - GORDEXOLA,3160.0,2100.0,728.0,88.0,110.0,14.0,0.0,29.0,26.0,2020-12-01,1,0
2021,1,A3343,BILBAO - Sodupe - GORDEXOLA,2788.0,1932.0,536.0,89.0,76.0,60.0,0.0,23.0,13.0,2021-01-01,1,0
2021,2,A3343,BILBAO - Sodupe - GORDEXOLA,3103.0,2101.0,563.0,104.0,141.0,77.0,0.0,22.0,16.0,2021-02-01,1,0
2021,3,A3343,BILBAO - Sodupe - GORDEXOLA,3741.0,2341.0,811.0,141.0,170.0,112.0,3.0,31.0,15.0,2021-03-01,1,0
2021,4,A3343,BILBAO - Sodupe - GORDEXOLA,2932.0,1819.0,608.0,110.0,136.0,92.0,7.0,29.0,24.0,2021-04-01,1,0
2021,5,A3343,BILBAO - Sodupe - GORDEXOLA,3697.0,2262.0,825.0,133.0,191.0,92.0,11.0,32.0,25.0,2021-05-01,1,0
2021,6,A3343,BILBAO - Sodupe - GORDEXOLA,3728.0,2375.0,853.0,71.0,135.0,116.0,5.0,37.0,29.0,2021-06-01,1,0
2021,7,A3343,BILBAO - Sodupe - GORDEXOLA,3481.0,2024.0,969.0,63.0,119.0,151.0,1.0,38.0,33.0,2021-07-01,1,0
2021,8,A3343,BILBAO - Sodupe - GORDEXOLA,2466.0,1497.0,602.0,24.0,100.0,119.0,3.0,41.0,18.0,2021-08-01,1,0
2021,9,A3343,BILBAO - Sodupe - GORDEXOLA,3937.0,2470.0,755.0,127.0,162.0,206.0,0.0,52.0,21.0,2021-09-01,1,0
2021,10,A3343,BILBAO - Sodupe - GORDEXOLA,4056.0,2350.0,889.0,175.0,221.0,211.0,1.0,27.0,24.0,2021-10-01,1,0
2021,11,A3343,BILBAO - Sodupe - GORDEXOLA,4288.0,2508.0,913.0,178.0,249.0,186.0,0.0,28.0,26.0,2021-11-01,1,0
2021,12,A3343,BILBAO - Sodupe - GORDEXOLA,4468.0,2724.0,1013.0,112.0,194.0,187.0,0.0,46.0,31.0,2021-12-01,1,0
2022,1,A3343,BILBAO - Sodupe - GORDEXOLA,3990.0,2349.0,886.0,124.0,222.0,194.0,0.0,41.0,21.0,2022-01-01,0,0
2022,2,A3343,BILBAO - Sodupe - GORDEXOLA,4287.0,2560.0,875.0,168.0,262.0,177.0,0.0,39.0,27.0,2022-02-01,0,0
2022,3,A3343,BILBAO - Sodupe - GORDEXOLA,5236.0,3021.0,1108.0,242.0,316.0,236.0,0.0,38.0,42.0,2022-03-01,0,0
2022,4,A3343,BILBAO - Sodupe - GORDEXOLA,4014.0,2480.0,795.0,127.0,217.0,187.0,0.0,50.0,25.0,2022-04-01,0,0
2022,5,A3343,BILBAO - Sodupe - GORDEXOLA,4941.0,3012.0,976.0,171.0,268.0,258.0,0.0,41.0,29.0,2022-05-01,0,0
2022,6,A3343,BILBAO - Sodupe - GORDEXOLA,4875.0,3098.0,963.0,168.0,240.0,214.0,1.0,50.0,33.0,2022-06-01,0,0
2022,7,A3343,BILBAO - Sodupe - GORDEXOLA,3698.0,2238.0,838.0,95.0,188.0,184.0,6.0,45.0,23.0,2022-07-01,0,0
2022,8,A3343,BILBAO - Sodupe - GORDEXOLA,3353.0,2102.0,747.0,81.0,98.0,147.0,0.0,54.0,28.0,2022-08-01,0,0
2022,9,A3343,BILBAO - Sodupe - GORDEXOLA,4650.0,2990.0,927.0,152.0,203.0,148.0,0.0,43.0,41.0,2022-09-01,0,1
2022,10,A3343,BILBAO - Sodupe - GORDEXOLA,5036.0,3047.0,1048.0,237.0,289.0,195.0,0.0,30.0,44.0,2022-10-01,0,1
2022,11,A3343,BILBAO - Sodupe - GORDEXOLA,4244.0,2632.0,881.0,165.0,227.0,147.0,0.0,25.0,39.0,2022-11-01,0,1
2022,12,A3343,BILBAO - Sodupe - GORDEXOLA,3920.0,2442.0,870.0,93.0,196.0,114.0,0.0,31.0,47.0,2022-12-01,0,1
2023,1,A3343,BILBAO - Sodupe - GORDEXOLA,3940.0,2556.0,754.0,133.0,174.0,114.0,0.0,24.0,31.0,2023-01-01,0,1
2023,2,A3343,BILBAO - Sodupe - GORDEXOLA,3724.0,2428.0,685.0,128.0,180.0,115.0,0.0,19.0,14.0,2023-02-01,0,1
2023,3,A3343,BILBAO - Sodupe - GORDEXOLA,4814.0,3051.0,949.0,153.0,252.0,148.0,0.0,28.0,25.0,2023-03-01,0,1
2023,4,A3343,BILBAO - Sodupe - GORDEXOLA,3750.0,2406.0,734.0,104.0,150.0,132.0,3.0,38.0,34.0,2023-04-01,0,1
2023,5,A3343,BILBAO - Sodupe - GORDEXOLA,5522.0,3694.0,982.0,173.0,250.0,148.0,1.0,49.0,20.0,2023-05-01,0,1
2023,6,A3343,BILBAO - Sodupe - GORDEXOLA,5547.0,3728.0,984.0,169.0,260.0,148.0,1.0,51.0,40.0,2023-06-01,0,1
2023,7,A3343,BILBAO - Sodupe - GORDEXOLA,4121.0,2724.0,882.0,83.0,133.0,138.0,0.0,67.0,25.0,2023-07-01,0,1
2023,8,A3343,BILBAO - Sodupe - GORDEXOLA,3418.0,2388.0,623.0,14.0,102.0,154.0,2.0,50.0,29.0,2023-08-01,0,1
2023,9,A3343,BILBAO - Sodupe - GORDEXOLA,4749.0,3113.0,905.0,108.0,285.0,138.0,0.0,27.0,31.0,2023-09-01,0,1
2023,10,A3343,BILBAO - Sodupe - GORDEXOLA,5767.0,3743.0,1015.0,172.0,372.0,140.0,0.0,50.0,37.0,2023-10-01,0,1
2023,11,A3343,BILBAO - Sodupe - GORDEXOLA,5813.0,3812.0,954.0,180.0,395.0,164.0,0.0,45.0,38.0,2023-11-01,0,1
2023,12,A3343,BILBAO - Sodupe - GORDEXOLA,4786.0,3186.0,924.0,112.0,231.0,117.0,0.0,36.0,24.0,2023-12-01,0,1
2024,1,A3343,BILBAO - Sodupe - GORDEXOLA,5767.0,3584.0,1055.0,180.0,283.0,139.0,0.0,40.0,28.0,2024-01-01,0,1
2024,2,A3343,BILBAO - Sodupe - GORDEXOLA,5996.0,3803.0,1006.0,151.0,306.0,203.0,0.0,47.0,37.0,2024-02-01,0,1
2024,3,A3343,BILBAO - Sodupe - GORDEXOLA,4972.0,3040.0,862.0,191.0,265.0,133.0,0.0,40.0,24.0,2024-03-01,0,1
2024,4,A3343,BILBAO - Sodupe - GORDEXOLA,6260.0,3806.0,1090.0,207.0,295.0,184.0,0.0,93.0,24.0,2024-04-01,0,1
2024,5,A3343,BILBAO - Sodupe - GORDEXOLA,6527.0,3950.0,1206.0,141.0,385.0,147.0,0.0,87.0,30.0,2024-05-01,0,1
2024,6,A3343,BILBAO - Sodupe - GORDEXOLA,5289.0,3280.0,1024.0,95.0,245.0,99.0,0.0,62.0,29.0,2024-06-01,0,1
2024,7,A3343,BILBAO - Sodupe - GORDEXOLA,4531.0,2872.0,954.0,44.0,151.0,109.0,1.0,75.0,30.0,2024-07-01,0,1
2024,8,A3343,BILBAO - Sodupe - GORDEXOLA,3466.0,2123.0,733.0,27.0,124.0,182.0,0.0,34.0,20.0,2024-08-01,0,1
2024,9,A3343,BILBAO - Sodupe - GORDEXOLA,5269.0,3160.0,995.0,136.0,278.0,172.0,0.0,43.0,34.0,2024-09-01,0,1
2024,10,A3343,BILBAO - Sodupe - GORDEXOLA,6140.0,3859.0,1006.0,179.0,321.0,146.0,0.0,59.0,27.0,2024-10-01,0,1
2024,11,A3343,BILBAO - Sodupe - GORDEXOLA,5219.0,3129.0,894.0,165.0,314.0,141.0,0.0,45.0,19.0,2024-11-01,0,1
2024,12,A3343,BILBAO - Sodupe - GORDEXOLA,5002.0,2996.0,952.0,159.0,199.0,100.0,0.0,40.0,23.0,2024-12-01,0,1
2025,1,A3343,BILBAO - Sodupe - GORDEXOLA,5619.0,3311.0,981.0,159.0,261.0,134.0,0.0,42.0,16.0,2025-01-01,0,1
2025,2,A3343,BILBAO - Sodupe - GORDEXOLA,6259.0,3584.0,995.0,180.0,396.0,125.0,0.0,66.0,34.0,2025-02-01,0,1
2025,3,A3343,BILBAO - Sodupe - GORDEXOLA,6312.0,3625.0,987.0,177.0,416.0,104.0,0.0,44.0,40.0,2025-03-01,0,1
2025,4,A3343,BILBAO - Sodupe - GORDEXOLA,5335.0,2963.0,953.0,103.0,329.0,125.0,0.0,48.0,42.0,2025-04-01,0,1
2025,5,A3343,BILBAO - Sodupe - GORDEXOLA,6983.0,4264.0,1014.0,163.0,361.0,110.0,0.0,72.0,66.0,2025-05-01,0,1
2025,6,A3343,BILBAO - Sodupe - GORDEXOLA,6389.0,4061.0,988.0,53.0,238.0,101.0,0.0,84.0,31.0,2025-06-01,0,1
2025,7,A3343,BILBAO - Sodupe - GORDEXOLA,5766.0,3615.0,957.0,83.0,138.0,104.0,0.0,78.0,32.0,2025-07-01,0,1
2025,8,A3343,BILBAO - Sodupe - GORDEXOLA,4041.0,2452.0,746.0,39.0,83.0,86.0,0.0,70.0,32.0,2025-08-01,0,1
2025,9,A3343,BILBAO - Sodupe - GORDEXOLA,7193.0,4283.0,1192.0,183.0,322.0,94.0,0.0,132.0,39.0,2025-09-01,0,1
2025,10,A3343,BILBAO - Sodupe - GORDEXOLA,8651.0,5177.0,1348.0,223.0,462.0,160.0,0.0,113.0,44.0,2025-10-01,0,1
2025,11,A3343,BILBAO - Sodupe - GORDEXOLA,7413.0,4492.0,1149.0,201.0,412.0,85.0,0.0,100.0,33.0,2025-11-01,0,1
2025,12,A3343,BILBAO - Sodupe - GORDEXOLA,7062.0,4204.0,1232.0,152.0,369.0,77.0,0.0,105.0,39.0,2025-12-01,0,1
2020,1,A3613,BILBAO - UGAO MIRABALLES - OROZKO,33506.0,16755.0,10458.0,812.0,827.0,2739.0,31.0,642.0,579.0,2020-01-01,1,0
2020,2,A3613,BILBAO - UGAO MIRABALLES - OROZKO,34392.0,17194.0,10341.0,1130.0,833.0,2769.0,37.0,778.0,534.0,2020-02-01,1,0
2020,3,A3613,BILBAO - UGAO MIRABALLES - OROZKO,15435.0,8465.0,3945.0,562.0,461.0,1158.0,10.0,247.0,208.0,2020-03-01,1,0
2020,4,A3613,BILBAO - UGAO MIRABALLES - OROZKO,3561.0,2948.0,491.0,34.0,9.0,0.0,0.0,3.0,1.0,2020-04-01,1,0
2020,5,A3613,BILBAO - UGAO MIRABALLES - OROZKO,9182.0,6733.0,2059.0,62.0,96.0,0.0,0.0,4.0,6.0,2020-05-01,1,0
2020,6,A3613,BILBAO - UGAO MIRABALLES - OROZKO,20697.0,13626.0,5682.0,232.0,372.0,0.0,0.0,142.0,192.0,2020-06-01,1,0
2020,7,A3613,BILBAO - UGAO MIRABALLES - OROZKO,21793.0,14240.0,6329.0,217.0,278.0,0.0,0.0,183.0,146.0,2020-07-01,1,0
2020,8,A3613,BILBAO - UGAO MIRABALLES - OROZKO,18232.0,12038.0,5045.0,165.0,258.0,0.0,0.0,200.0,127.0,2020-08-01,1,0
2020,9,A3613,BILBAO - UGAO MIRABALLES - OROZKO,24033.0,15643.0,6372.0,565.0,401.0,0.0,0.0,231.0,199.0,2020-09-01,1,0
2020,10,A3613,BILBAO - UGAO MIRABALLES - OROZKO,25141.0,16116.0,6373.0,926.0,460.0,0.0,0.0,273.0,258.0,2020-10-01,1,0
2020,11,A3613,BILBAO - UGAO MIRABALLES - OROZKO,21933.0,14827.0,4698.0,852.0,410.0,0.0,0.0,232.0,296.0,2020-11-01,1,0
2020,12,A3613,BILBAO - UGAO MIRABALLES - OROZKO,23405.0,15367.0,5852.0,608.0,247.0,145.0,0.0,227.0,333.0,2020-12-01,1,0
2021,1,A3613,BILBAO - UGAO MIRABALLES - OROZKO,21638.0,14039.0,4681.0,698.0,310.0,672.0,2.0,356.0,362.0,2021-01-01,1,0
2021,2,A3613,BILBAO - UGAO MIRABALLES - OROZKO,19813.0,12868.0,3909.0,683.0,352.0,794.0,0.0,447.0,303.0,2021-02-01,1,0
2021,3,A3613,BILBAO - UGAO MIRABALLES - OROZKO,26617.0,16221.0,6567.0,771.0,401.0,1091.0,4.0,527.0,461.0,2021-03-01,1,0
2021,4,A3613,BILBAO - UGAO MIRABALLES - OROZKO,22222.0,13589.0,5432.0,587.0,327.0,1053.0,5.0,367.0,351.0,2021-04-01,1,0
2021,5,A3613,BILBAO - UGAO MIRABALLES - OROZKO,26588.0,15300.0,7107.0,562.0,454.0,1476.0,5.0,594.0,498.0,2021-05-01,1,0
2021,6,A3613,BILBAO - UGAO MIRABALLES - OROZKO,30532.0,17969.0,8203.0,468.0,528.0,1724.0,13.0,600.0,427.0,2021-06-01,1,0
2021,7,A3613,BILBAO - UGAO MIRABALLES - OROZKO,26929.0,15796.0,7200.0,182.0,470.0,1815.0,4.0,613.0,328.0,2021-07-01,1,0
2021,8,A3613,BILBAO - UGAO MIRABALLES - OROZKO,20792.0,11252.0,6138.0,164.0,215.0,1583.0,15.0,713.0,325.0,2021-08-01,1,0
2021,9,A3613,BILBAO - UGAO MIRABALLES - OROZKO,27557.0,15510.0,7360.0,664.0,563.0,1725.0,14.0,581.0,492.0,2021-09-01,1,0
2021,10,A3613,BILBAO - UGAO MIRABALLES - OROZKO,30074.0,16012.0,8771.0,890.0,660.0,1877.0,5.0,569.0,541.0,2021-10-01,1,0
2021,11,A3613,BILBAO - UGAO MIRABALLES - OROZKO,29697.0,15778.0,8326.0,1057.0,854.0,1674.0,4.0,659.0,558.0,2021-11-01,1,0
2021,12,A3613,BILBAO - UGAO MIRABALLES - OROZKO,27280.0,14923.0,7638.0,523.0,619.0,1737.0,9.0,604.0,513.0,2021-12-01,1,0
2022,1,A3613,BILBAO - UGAO MIRABALLES - OROZKO,24691.0,13632.0,6625.0,639.0,590.0,1578.0,9.0,554.0,426.0,2022-01-01,0,0
2022,2,A3613,BILBAO - UGAO MIRABALLES - OROZKO,27556.0,15367.0,7259.0,811.0,786.0,1517.0,11.0,709.0,402.0,2022-02-01,0,0
2022,3,A3613,BILBAO - UGAO MIRABALLES - OROZKO,31434.0,16952.0,8634.0,926.0,1069.0,1691.0,14.0,762.0,484.0,2022-03-01,0,0
2022,4,A3613,BILBAO - UGAO MIRABALLES - OROZKO,26346.0,14051.0,7345.0,640.0,741.0,1735.0,9.0,630.0,443.0,2022-04-01,0,0
2022,5,A3613,BILBAO - UGAO MIRABALLES - OROZKO,30858.0,16494.0,8543.0,777.0,883.0,1969.0,14.0,874.0,467.0,2022-05-01,0,0
2022,6,A3613,BILBAO - UGAO MIRABALLES - OROZKO,32210.0,17592.0,9119.0,496.0,803.0,2034.0,5.0,806.0,517.0,2022-06-01,0,0
2022,7,A3613,BILBAO - UGAO MIRABALLES - OROZKO,28792.0,15836.0,8021.0,383.0,428.0,2285.0,31.0,699.0,332.0,2022-07-01,0,0
2022,8,A3613,BILBAO - UGAO MIRABALLES - OROZKO,25014.0,13306.0,7442.0,243.0,362.0,1995.0,10.0,788.0,321.0,2022-08-01,0,0
2022,9,A3613,BILBAO - UGAO MIRABALLES - OROZKO,27421.0,15367.0,7489.0,592.0,637.0,1413.0,8.0,834.0,353.0,2022-09-01,0,1
2022,10,A3613,BILBAO - UGAO MIRABALLES - OROZKO,29067.0,16102.0,8296.0,798.0,705.0,1270.0,11.0,761.0,410.0,2022-10-01,0,1
2022,11,A3613,BILBAO - UGAO MIRABALLES - OROZKO,29611.0,16735.0,8162.0,842.0,733.0,1270.0,11.0,761.0,410.0,2022-11-01,0,1
2022,12,A3613,BILBAO - UGAO MIRABALLES - OROZKO,29149.0,16313.0,8556.0,511.0,536.0,1344.0,4.0,704.0,498.0,2022-12-01,0,1
2023,1,A3613,BILBAO - UGAO MIRABALLES - OROZKO,27782.0,16032.0,7440.0,724.0,548.0,1236.0,1.0,704.0,463.0,2023-01-01,0,1
2023,2,A3613,BILBAO - UGAO MIRABALLES - OROZKO,27828.0,16259.0,7345.0,803.0,687.0,1049.0,1.0,618.0,314.0,2023-02-01,0,1
2023,3,A3613,BILBAO - UGAO MIRABALLES - OROZKO,31062.0,18454.0,8065.0,732.0,832.0,1132.0,0.0,762.0,382.0,2023-03-01,0,1
2023,4,A3613,BILBAO - UGAO MIRABALLES - OROZKO,25754.0,15293.0,6732.0,459.0,508.0,1207.0,6.0,600.0,345.0,2023-04-01,0,1
2023,5,A3613,BILBAO - UGAO MIRABALLES - OROZKO,30694.0,18003.0,8083.0,651.0,550.0,1326.0,14.0,838.0,401.0,2023-05-01,0,1
2023,6,A3613,BILBAO - UGAO MIRABALLES - OROZKO,31954.0,19319.0,8256.0,491.0,464.0,1349.0,0.0,858.0,419.0,2023-06-01,0,1
2023,7,A3613,BILBAO - UGAO MIRABALLES - OROZKO,27895.0,16953.0,7212.0,323.0,265.0,1350.0,4.0,763.0,306.0,2023-07-01,0,1
2023,8,A3613,BILBAO - UGAO MIRABALLES - OROZKO,23864.0,14425.0,6066.0,297.0,190.0,1367.0,0.0,719.0,247.0,2023-08-01,0,1
2023,9,A3613,BILBAO - UGAO MIRABALLES - OROZKO,32189.0,19838.0,7809.0,509.0,530.0,1533.0,0.0,926.0,381.0,2023-09-01,0,1
2023,10,A3613,BILBAO - UGAO MIRABALLES - OROZKO,31785.0,19149.0,8360.0,519.0,586.0,1352.0,0.0,681.0,465.0,2023-10-01,0,1
2023,11,A3613,BILBAO - UGAO MIRABALLES - OROZKO,33028.0,19677.0,8718.0,609.0,741.0,1337.0,0.0,716.0,475.0,2023-11-01,0,1
2023,12,A3613,BILBAO - UGAO MIRABALLES - OROZKO,30566.0,18033.0,8421.0,498.0,476.0,1293.0,0.0,753.0,489.0,2023-12-01,0,1
2024,1,A3613,BILBAO - UGAO MIRABALLES - OROZKO,30.896,17502.0,8300.0,679.0,479.0,1279.0,0.0,707.0,581.0,2024-01-01,0,1
2024,2,A3613,BILBAO - UGAO MIRABALLES - OROZKO,31903.0,18818.0,8043.0,632.0,522.0,1160.0,2.0,725.0,455.0,2024-02-01,0,1
2024,3,A3613,BILBAO - UGAO MIRABALLES - OROZKO,30933.0,17187.0,8307.0,698.0,608.0,1155.0,1.0,758.0,360.0,2024-03-01,0,1
2024,4,A3613,BILBAO - UGAO MIRABALLES - OROZKO,33554.0,18561.0,8745.0,788.0,658.0,1224.0,2.0,828.0,413.0,2024-04-01,0,1
2024,5,A3613,BILBAO - UGAO MIRABALLES - OROZKO,34711.0,19133.0,8840.0,840.0,757.0,1332.0,2.0,933.0,559.0,2024-05-01,0,1
2024,6,A3613,BILBAO - UGAO MIRABALLES - OROZKO,37074.0,20926.0,9420.0,614.0,717.0,1334.0,3.0,965.0,477.0,2024-06-01,0,1
2024,7,A3613,BILBAO - UGAO MIRABALLES - OROZKO,33825.0,19470.0,8382.0,347.0,517.0,1431.0,2.0,898.0,379.0,2024-07-01,0,1
2024,8,A3613,BILBAO - UGAO MIRABALLES - OROZKO,27718.0,15752.0,7271.0,244.0,348.0,1296.0,0.0,743.0,271.0,2024-08-01,0,1
2024,9,A3613,BILBAO - UGAO MIRABALLES - OROZKO,35326.0,20039.0,8411.0,697.0,707.0,1283.0,1.0,871.0,390.0,2024-09-01,0,1
2024,10,A3613,BILBAO - UGAO MIRABALLES - OROZKO,38465.0,21470.0,9369.0,788.0,886.0,1358.0,0.0,907.0,420.0,2024-10-01,0,1
2024,11,A3613,BILBAO - UGAO MIRABALLES - OROZKO,36055.0,19710.0,9292.0,640.0,839.0,1192.0,0.0,831.0,385.0,2024-11-01,0,1
2024,12,A3613,BILBAO - UGAO MIRABALLES - OROZKO,35502.0,19496.0,9324.0,560.0,628.0,1313.0,1.0,922.0,438.0,2024-12-01,0,1
2025,1,A3613,BILBAO - UGAO MIRABALLES - OROZKO,35935.0,19725.0,9286.0,682.0,651.0,1241.0,0.0,931.0,470.0,2025-01-01,0,1
2025,2,A3613,BILBAO - UGAO MIRABALLES - OROZKO,35355.0,19669.0,8804.0,662.0,795.0,1149.0,0.0,892.0,436.0,2025-02-01,0,1
2025,3,A3613,BILBAO - UGAO MIRABALLES - OROZKO,37467.0,21072.0,9173.0,716.0,901.0,1119.0,2.0,825.0,383.0,2025-03-01,0,1
2025,4,A3613,BILBAO - UGAO MIRABALLES - OROZKO,35284.0,19871.0,8730.0,473.0,776.0,1027.0,1.0,882.0,378.0,2025-04-01,0,1
2025,5,A3613,BILBAO - UGAO MIRABALLES - OROZKO,38107.0,21265.0,9424.0,604.0,831.0,1004.0,1.0,1017.0,378.0,2025-05-01,0,1
2025,6,A3613,BILBAO - UGAO MIRABALLES - OROZKO,39149.0,22701.0,9217.0,403.0,780.0,1155.0,2.0,939.0,457.0,2025-06-01,0,1
2025,7,A3613,BILBAO - UGAO MIRABALLES - OROZKO,40927.0,22870.0,10470.0,380.0,771.0,944.0,0.0,1109.0,387.0,2025-07-01,0,1
2025,8,A3613,BILBAO - UGAO MIRABALLES - OROZKO,33315.0,18668.0,8845.0,165.0,472.0,944.0,0.0,882.0,339.0,2025-08-01,0,1
2025,9,A3613,BILBAO - UGAO MIRABALLES - OROZKO,44475.0,24693.0,10990.0,701.0,1061.0,1014.0,0.0,1009.0,547.0,2025-09-01,0,1
2025,10,A3613,BILBAO - UGAO MIRABALLES - OROZKO,50561.0,27200.0,12946.0,998.0,1462.0,1029.0,1.0,1040.0,588.0,2025-10-01,0,1
2025,11,A3613,BILBAO - UGAO MIRABALLES - OROZKO,45980.0,24619.0,11873.0,921.0,1341.0,825.0,0.0,799.0,520.0,2025-11-01,0,1
2025,12,A3613,BILBAO - UGAO MIRABALLES - OROZKO,51653.0,30075.0,12398.0,823.0,1061.0,1026.0,0.0,1002.0,605.0,2025-12-01,0,1
2020,1,A2324,BILBAO - UPV/EHU (Enekuri),6479.0,5026.0,23.0,603.0,60.0,256.0,0.0,0.0,14.0,2020-01-01,1,0
2020,2,A2324,BILBAO - UPV/EHU (Enekuri),13987.0,9323.0,25.0,2617.0,272.0,382.0,1.0,1.0,28.0,2020-02-01,1,0
2020,3,A2324,BILBAO - UPV/EHU (Enekuri),6245.0,4166.0,9.0,1161.0,109.0,199.0,0.0,0.0,17.0,2020-03-01,1,0
2020,4,A2324,BILBAO - UPV/EHU (Enekuri),0.0,,,,,0.0,0.0,0.0,0.0,2020-04-01,1,0
2020,5,A2324,BILBAO - UPV/EHU (Enekuri),0.0,,,,,0.0,0.0,0.0,0.0,2020-05-01,1,0
2020,6,A2324,BILBAO - UPV/EHU (Enekuri),0.0,,,,,0.0,0.0,0.0,0.0,2020-06-01,1,0
2020,7,A2324,BILBAO - UPV/EHU (Enekuri),0.0,,,,,0.0,0.0,0.0,0.0,2020-07-01,1,0
2020,8,A2324,BILBAO - UPV/EHU (Enekuri),0.0,,,,,0.0,0.0,0.0,0.0,2020-08-01,1,0
2020,9,A2324,BILBAO - UPV/EHU (Enekuri),7008.0,5461.0,21.0,774.0,93.0,0.0,0.0,0.0,8.0,2020-09-01,1,0
2020,10,A2324,BILBAO - UPV/EHU (Enekuri),9912.0,7415.0,32.0,1352.0,88.0,0.0,0.0,0.0,22.0,2020-10-01,1,0
2020,11,A2324,BILBAO - UPV/EHU (Enekuri),10108.0,7797.0,21.0,1140.0,100.0,0.0,0.0,0.0,29.0,2020-11-01,1,0
2020,12,A2324,BILBAO - UPV/EHU (Enekuri),5331.0,4362.0,13.0,426.0,48.0,0.0,0.0,0.0,6.0,2020-12-01,1,0
2021,1,A2324,BILBAO - UPV/EHU (Enekuri),4946.0,4172.0,38.0,270.0,30.0,22.0,0.0,0.0,16.0,2021-01-01,1,0
2021,2,A2324,BILBAO - UPV/EHU (Enekuri),9339.0,7341.0,27.0,879.0,85.0,83.0,1.0,0.0,18.0,2021-02-01,1,0
2021,3,A2324,BILBAO - UPV/EHU (Enekuri),9676.0,7606.0,41.0,895.0,100.0,114.0,1.0,0.0,10.0,2021-03-01,1,0
2021,4,A2324,BILBAO - UPV/EHU (Enekuri),6674.0,5245.0,29.0,657.0,37.0,83.0,0.0,2.0,5.0,2021-04-01,1,0
2021,5,A2324,BILBAO - UPV/EHU (Enekuri),7316.0,5751.0,50.0,704.0,40.0,88.0,0.0,0.0,8.0,2021-05-01,1,0
2021,6,A2324,BILBAO - UPV/EHU (Enekuri),869.0,690.0,12.0,60.0,3.0,20.0,0.0,0.0,2.0,2021-06-01,1,0
2021,7,A2324,BILBAO - UPV/EHU (Enekuri),0.0,,,,,0.0,0.0,0.0,0.0,2021-07-01,1,0
2021,8,A2324,BILBAO - UPV/EHU (Enekuri),0.0,,,,,0.0,0.0,0.0,0.0,2021-08-01,1,0
2021,9,A2324,BILBAO - UPV/EHU (Enekuri),7671.0,6193.0,12.0,617.0,116.0,147.0,1.0,3.0,9.0,2021-09-01,1,0
2021,10,A2324,BILBAO - UPV/EHU (Enekuri),12790.0,9503.0,20.0,1541.0,233.0,213.0,1.0,0.0,15.0,2021-10-01,1,0
2021,11,A2324,BILBAO - UPV/EHU (Enekuri),14790.0,10759.0,33.0,1895.0,266.0,245.0,1.0,2.0,14.0,2021-11-01,1,0
2021,12,A2324,BILBAO - UPV/EHU (Enekuri),7379.0,5626.0,18.0,695.0,122.0,134.0,2.0,0.0,14.0,2021-12-01,1,0
2022,1,A2324,BILBAO - UPV/EHU (Enekuri),5648.0,4665.0,27.0,347.0,63.0,115.0,0.0,1.0,7.0,2022-01-01,0,0
2022,2,A2324,BILBAO - UPV/EHU (Enekuri),13275.0,9820.0,57.0,1674.0,212.0,247.0,1.0,6.0,15.0,2022-02-01,0,0
2022,3,A2324,BILBAO - UPV/EHU (Enekuri),15179.0,11340.0,59.0,1778.0,253.0,228.0,2.0,4.0,18.0,2022-03-01,0,0
2022,4,A2324,BILBAO - UPV/EHU (Enekuri),8037.0,6324.0,28.0,655.0,93.0,134.0,0.0,2.0,15.0,2022-04-01,0,0
2022,5,A2324,BILBAO - UPV/EHU (Enekuri),10928.0,8441.0,65.0,942.0,100.0,188.0,0.0,4.0,26.0,2022-05-01,0,0
2022,6,A2324,BILBAO - UPV/EHU (Enekuri),917.0,789.0,1.0,30.0,6.0,15.0,0.0,0.0,4.0,2022-06-01,0,0
2022,7,A2324,BILBAO - UPV/EHU (Enekuri),81.0,0.0,,68.0,4.0,0.0,0.0,0.0,0.0,2022-07-01,0,0
2022,8,A2324,BILBAO - UPV/EHU (Enekuri),0.0,0.0,,,,0.0,0.0,0.0,0.0,2022-08-01,0,0
2022,9,A2324,BILBAO - UPV/EHU (Enekuri),11344.0,8403.0,11.0,1333.0,318.0,179.0,3.0,5.0,25.0,2022-09-01,0,1
2022,10,A2324,BILBAO - UPV/EHU (Enekuri),14133.0,10325.0,23.0,1734.0,421.0,132.0,0.0,6.0,25.0,2022-10-01,0,1
2022,11,A2324,BILBAO - UPV/EHU (Enekuri),12746.0,9507.0,28.0,1434.0,455.0,85.0,2.0,0.0,27.0,2022-11-01,0,1
2022,12,A2324,BILBAO - UPV/EHU (Enekuri),5666.0,4376.0,7.0,528.0,173.0,47.0,0.0,0.0,19.0,2022-12-01,0,1
2023,1,A2324,BILBAO - UPV/EHU (Enekuri),4.882,3984.0,6.0,325.0,149.0,84.0,0.0,0.0,22.0,2023-01-01,0,1
2023,2,A2324,BILBAO - UPV/EHU (Enekuri),10995.0,8428.0,21.0,1105.0,317.0,111.0,0.0,2.0,24.0,2023-02-01,0,1
2023,3,A2324,BILBAO - UPV/EHU (Enekuri),12675.0,9766.0,27.0,1324.0,372.0,93.0,0.0,1.0,16.0,2023-03-01,0,1
2023,4,A2324,BILBAO - UPV/EHU (Enekuri),8247.0,6512.0,13.0,719.0,225.0,66.0,0.0,1.0,19.0,2023-04-01,0,1
2023,5,A2324,BILBAO - UPV/EHU (Enekuri),10878.0,9000.0,18.0,728.0,231.0,108.0,0.0,0.0,9.0,2023-05-01,0,1
2023,6,A2324,BILBAO - UPV/EHU (Enekuri),596.0,512.0,1.0,26.0,6.0,7.0,0.0,1.0,1.0,2023-06-01,0,1
2023,7,A2324,BILBAO - UPV/EHU (Enekuri),0.0,0.0,,,,0.0,0.0,0.0,0.0,2023-07-01,0,1
2023,8,A2324,BILBAO - UPV/EHU (Enekuri),0.0,0.0,,,,0.0,0.0,0.0,0.0,2023-08-01,0,1
2023,9,A2324,BILBAO - UPV/EHU (Enekuri),11751.0,9144.0,21.0,1063.0,295.0,127.0,0.0,0.0,24.0,2023-09-01,0,1
2023,10,A2324,BILBAO - UPV/EHU (Enekuri),16360.0,12353.0,36.0,1670.0,496.0,123.0,0.0,4.0,37.0,2023-10-01,0,1
2023,11,A2324,BILBAO - UPV/EHU (Enekuri),16486.0,12454.0,40.0,1642.0,473.0,134.0,0.0,7.0,45.0,2023-11-01,0,1
2023,12,A2324,BILBAO - UPV/EHU (Enekuri),8332.0,6465.0,27.0,682.0,224.0,68.0,0.0,11.0,15.0,2023-12-01,0,1
2024,1,A2324,BILBAO - UPV/EHU (Enekuri),7860.0,6159.0,20.0,488.0,200.0,84.0,0.0,7.0,25.0,2024-01-01,0,1
2024,2,A2324,BILBAO - UPV/EHU (Enekuri),15762.0,11880.0,39.0,1281.0,389.0,107.0,0.0,7.0,36.0,2024-02-01,0,1
2024,3,A2324,BILBAO - UPV/EHU (Enekuri),11652.0,8482.0,24.0,1041.0,312.0,67.0,0.0,2.0,25.0,2024-03-01,0,1
2024,4,A2324,BILBAO - UPV/EHU (Enekuri),12230.0,8973.0,49.0,1076.0,327.0,91.0,0.0,10.0,17.0,2024-04-01,0,1
2024,5,A2324,BILBAO - UPV/EHU (Enekuri),10813.0,8233.0,75.0,799.0,216.0,61.0,0.0,28.0,12.0,2024-05-01,0,1
2024,6,A2324,BILBAO - UPV/EHU (Enekuri),1.0,1.0,0.0,0.0,0.0,0.0,0.0,0.0,0.0,2024-06-01,0,1
2024,7,A2324,BILBAO - UPV/EHU (Enekuri),0.0,0.0,0.0,0.0,0.0,0.0,0.0,0.0,0.0,2024-07-01,0,1
2024,8,A2324,BILBAO - UPV/EHU (Enekuri),0.0,0.0,0.0,0.0,0.0,0.0,0.0,0.0,0.0,2024-08-01,0,1
2024,9,A2324,BILBAO - UPV/EHU (Enekuri),12113.0,8367.0,32.0,957.0,391.0,111.0,0.0,1.0,44.0,2024-09-01,0,1
2024,10,A2324,BILBAO - UPV/EHU (Enekuri),18508.0,11803.0,45.0,1696.0,697.0,92.0,0.0,5.0,64.0,2024-10-01,0,1
2024,11,A2324,BILBAO - UPV/EHU (Enekuri),16687.0,10149.0,45.0,1569.0,575.0,98.0,0.0,4.0,48.0,2024-11-01,0,1
2024,12,A2324,BILBAO - UPV/EHU (Enekuri),10088.0,6433.0,44.0,895.0,384.0,58.0,0.0,0.0,23.0,2024-12-01,0,1
2025,1,A2324,BILBAO - UPV/EHU (Enekuri),9184.0,6429.0,61.0,601.0,193.0,100.0,0.0,0.0,25.0,2025-01-01,0,1
2025,2,A2324,BILBAO - UPV/EHU (Enekuri),17116.0,10494.0,72.0,1588.0,559.0,76.0,0.0,0.0,37.0,2025-02-01,0,1
2025,3,A2324,BILBAO - UPV/EHU (Enekuri),16765.0,10036.0,68.0,1570.0,479.0,75.0,0.0,0.0,27.0,2025-03-01,0,1
2025,4,A2324,BILBAO - UPV/EHU (Enekuri),11082.0,7386.0,37.0,919.0,310.0,54.0,0.0,2.0,20.0,2025-04-01,0,1
2025,5,A2324,BILBAO - UPV/EHU (Enekuri),11642.0,7767.0,65.0,884.0,325.0,48.0,0.0,0.0,33.0,2025-05-01,0,1
2025,6,A2324,BILBAO - UPV/EHU (Enekuri),1722.0,1268.0,17.0,102.0,30.0,7.0,0.0,0.0,7.0,2025-06-01,0,1
2025,7,A2324,BILBAO - UPV/EHU (Enekuri),0.0,0.0,0.0,0.0,0.0,0.0,0.0,0.0,0.0,2025-07-01,0,1
2025,8,A2324,BILBAO - UPV/EHU (Enekuri),0.0,0.0,0.0,0.0,0.0,0.0,0.0,0.0,0.0,2025-08-01,0,1
2025,9,A2324,BILBAO - UPV/EHU (Enekuri),14178.0,7805.0,54.0,1403.0,535.0,101.0,0.0,3.0,38.0,2025-09-01,0,1
2025,10,A2324,BILBAO - UPV/EHU (Enekuri),18933.0,8919.0,89.0,2238.0,789.0,87.0,0.0,14.0,48.0,2025-10-01,0,1
2025,11,A2324,BILBAO - UPV/EHU (Enekuri),16148.0,7448.0,78.0,2046.0,685.0,90.0,0.0,8.0,40.0,2025-11-01,0,1
2025,12,A2324,BILBAO - UPV/EHU (Enekuri),9159.0,5104.0,42.0,979.0,362.0,50.0,0.0,10.0,27.0,2025-12-01,0,1
2020,1,A3247,BILBAO-Aireportua/Aeropuerto,66058.0,32332.0,2999.0,233.0,298.0,28275.0,78.0,656.0,211.0,2020-01-01,1,0
2020,2,A3247,BILBAO-Aireportua/Aeropuerto,68841.0,31917.0,3610.0,317.0,234.0,30900.0,63.0,635.0,243.0,2020-02-01,1,0
2020,3,A3247,BILBAO-Aireportua/Aeropuerto,30757.0,14419.0,2069.0,146.0,100.0,13245.0,11.0,241.0,88.0,2020-03-01,1,0
2020,4,A3247,BILBAO-Aireportua/Aeropuerto,744.0,661.0,16.0,,0.0,14.0,,1.0,48.0,2020-04-01,1,0
2020,5,A3247,BILBAO-Aireportua/Aeropuerto,1046.0,877.0,23.0,1.0,1.0,92.0,0.0,0.0,43.0,2020-05-01,1,0
2020,6,A3247,BILBAO-Aireportua/Aeropuerto,2954.0,2033.0,103.0,2.0,3.0,706.0,0.0,13.0,62.0,2020-06-01,1,0
2020,7,A3247,BILBAO-Aireportua/Aeropuerto,23752.0,14839.0,743.0,42.0,42.0,7452.0,0.0,164.0,87.0,2020-07-01,1,0
2020,8,A3247,BILBAO-Aireportua/Aeropuerto,32715.0,21083.0,741.0,81.0,37.0,9977.0,0.0,249.0,78.0,2020-08-01,1,0
2020,9,A3247,BILBAO-Aireportua/Aeropuerto,27256.0,16903.0,981.0,118.0,40.0,8580.0,5.0,155.0,83.0,2020-09-01,1,0
2020,10,A3247,BILBAO-Aireportua/Aeropuerto,22734.0,14013.0,899.0,88.0,43.0,7147.0,2.0,122.0,88.0,2020-10-01,1,0
2020,11,A3247,BILBAO-Aireportua/Aeropuerto,7732.0,5244.0,212.0,46.0,17.0,1976.0,,46.0,58.0,2020-11-01,1,0
2020,12,A3247,BILBAO-Aireportua/Aeropuerto,11829.0,7224.0,307.0,32.0,21.0,3844.0,2.0,125.0,60.0,2020-12-01,1,0
2021,1,A3247,BILBAO-Aireportua/Aeropuerto,9688.0,6034.0,199.0,41.0,23.0,3093.0,5.0,53.0,73.0,2021-01-01,1,0
2021,2,A3247,BILBAO-Aireportua/Aeropuerto,6794.0,4568.0,104.0,10.0,5.0,1865.0,3.0,43.0,51.0,2021-02-01,1,0
2021,3,A3247,BILBAO-Aireportua/Aeropuerto,8881.0,5682.0,197.0,23.0,50.0,2620.0,6.0,55.0,88.0,2021-03-01,1,0
2021,4,A3247,BILBAO-Aireportua/Aeropuerto,10274.0,6538.0,230.0,42.0,49.0,3077.0,4.0,88.0,71.0,2021-04-01,1,0
2021,5,A3247,BILBAO-Aireportua/Aeropuerto,16918.0,10330.0,613.0,106.0,62.0,5373.0,5.0,124.0,58.0,2021-05-01,1,0
2021,6,A3247,BILBAO-Aireportua/Aeropuerto,33729.0,18964.0,1774.0,100.0,89.0,11747.0,12.0,369.0,137.0,2021-06-01,1,0
2021,7,A3247,BILBAO-Aireportua/Aeropuerto,54776.0,28866.0,1889.0,132.0,153.0,21986.0,10.0,653.0,199.0,2021-07-01,1,0
2021,8,A3247,BILBAO-Aireportua/Aeropuerto,67922.0,35061.0,1723.0,132.0,113.0,28746.0,28.0,1019.0,141.0,2021-08-01,1,0
2021,9,A3247,BILBAO-Aireportua/Aeropuerto,56509.0,27990.0,2672.0,198.0,139.0,24103.0,12.0,516.0,155.0,2021-09-01,1,0
2021,10,A3247,BILBAO-Aireportua/Aeropuerto,55357.0,26603.0,2765.0,190.0,121.0,24165.0,11.0,570.0,179.0,2021-10-01,1,0
2021,11,A3247,BILBAO-Aireportua/Aeropuerto,43617.0,22963.0,1922.0,111.0,156.0,17327.0,5.0,450.0,120.0,2021-11-01,1,0
2021,12,A3247,BILBAO-Aireportua/Aeropuerto,45061.0,24516.0,1773.0,150.0,171.0,16991.0,10.0,606.0,135.0,2021-12-01,1,0
2022,1,A3247,BILBAO-Aireportua/Aeropuerto,31987.0,18139.0,1351.0,88.0,132.0,11302.0,8.0,361.0,81.0,2022-01-01,0,0
2022,2,A3247,BILBAO-Aireportua/Aeropuerto,35521.0,18819.0,2189.0,163.0,152.0,13109.0,15.0,308.0,131.0,2022-02-01,0,0
2022,3,A3247,BILBAO-Aireportua/Aeropuerto,47725.0,23267.0,3923.0,208.0,207.0,18799.0,9.0,414.0,154.0,2022-03-01,0,0
2022,4,A3247,BILBAO-Aireportua/Aeropuerto,75221.0,35215.0,4747.0,184.0,191.0,32631.0,18.0,895.0,204.0,2022-04-01,0,0
2022,5,A3247,BILBAO-Aireportua/Aeropuerto,77753.0,33963.0,5520.0,171.0,272.0,35976.0,17.0,706.0,240.0,2022-05-01,0,0
2022,6,A3247,BILBAO-Aireportua/Aeropuerto,86487.0,38903.0,4182.0,203.0,265.0,40479.0,24.0,930.0,250.0,2022-06-01,0,0
2022,7,A3247,BILBAO-Aireportua/Aeropuerto,99664.0,44572.0,2625.0,211.0,239.0,48878.0,46.0,1194.0,300.0,2022-07-01,0,0
2022,8,A3247,BILBAO-Aireportua/Aeropuerto,110187.0,49693.0,2587.0,232.0,260.0,53938.0,55.0,1713.0,334.0,2022-08-01,0,0
2022,9,A3247,BILBAO-Aireportua/Aeropuerto,97525.0,44092.0,3887.0,309.0,291.0,46571.0,33.0,921.0,289.0,2022-09-01,0,1
2022,10,A3247,BILBAO-Aireportua/Aeropuerto,93950.0,43387.0,4296.0,192.0,316.0,43557.0,13.0,883.0,305.0,2022-10-01,0,1
2022,11,A3247,BILBAO-Aireportua/Aeropuerto,69492.0,35421.0,3455.0,277.0,263.0,28448.0,17.0,607.0,218.0,2022-11-01,0,1
2022,12,A3247,BILBAO-Aireportua/Aeropuerto,76518.0,40638.0,3388.0,237.0,242.0,30041.0,40.0,850.0,221.0,2022-12-01,0,1
2023,1,A3247,BILBAO-Aireportua/Aeropuerto,66951.0,35374.0,3057.0,190.0,232.0,26484.0,40.0,664.0,151.0,2023-01-01,0,1
2023,2,A3247,BILBAO-Aireportua/Aeropuerto,65450.0,32219.0,3008.0,271.0,316.0,28046.0,14.0,630.0,143.0,2023-02-01,0,1
2023,3,A3247,BILBAO-Aireportua/Aeropuerto,76830.0,37025.0,4684.0,222.0,334.0,32868.0,27.0,649.0,205.0,2023-03-01,0,1
2023,4,A3247,BILBAO-Aireportua/Aeropuerto,98315.0,45920.0,4855.0,265.0,426.0,44073.0,34.0,1128.0,546.0,2023-04-01,0,1
2023,5,A3247,BILBAO-Aireportua/Aeropuerto,108967.0,46841.0,6233.0,232.0,483.0,53061.0,22.0,947.0,188.0,2023-05-01,0,1
2023,6,A3247,BILBAO-Aireportua/Aeropuerto,113209.0,52371.0,5024.0,273.0,390.0,52573.0,25.0,973.0,242.0,2023-06-01,0,1
2023,7,A3247,BILBAO-Aireportua/Aeropuerto,133743.0,59290.0,3475.0,369.0,390.0,66398.0,30.0,1596.0,377.0,2023-07-01,0,1
2023,8,A3247,BILBAO-Aireportua/Aeropuerto,145608.0,66239.0,3136.0,358.0,515.0,71335.0,66.0,1950.0,277.0,2023-08-01,0,1
2023,9,A3247,BILBAO-Aireportua/Aeropuerto,128236.0,56265.0,4612.0,451.0,448.0,63574.0,48.0,1244.0,276.0,2023-09-01,0,1
2023,10,A3247,BILBAO-Aireportua/Aeropuerto,123379.0,55917.0,4699.0,434.0,422.0,59405.0,20.0,1038.0,256.0,2023-10-01,0,1
2023,11,A3247,BILBAO-Aireportua/Aeropuerto,89510.0,44871.0,3235.0,355.0,519.0,38592.0,18.0,779.0,261.0,2023-11-01,0,1
2023,12,A3247,BILBAO-Aireportua/Aeropuerto,97074.0,51792.0,3464.0,417.0,541.0,38455.0,40.0,1238.0,160.0,2023-12-01,0,1
2024,1,A3247,BILBAO-Aireportua/Aeropuerto,81941.0,42513.0,3108.0,352.0,468.0,31988.0,35.0,877.0,195.0,2024-01-01,0,1
2024,2,A3247,BILBAO-Aireportua/Aeropuerto,83167.0,39412.0,4145.0,386.0,320.0,35643.0,17.0,711.0,171.0,2024-02-01,0,1
2024,3,A3247,BILBAO-Aireportua/Aeropuerto,99078.0,45045.0,5457.0,462.0,411.0,43337.0,27.0,909.0,195.0,2024-03-01,0,1
2024,4,A3247,BILBAO-Aireportua/Aeropuerto,113147.0,50330.0,6741.0,458.0,455.0,50358.0,6.0,1096.0,223.0,2024-04-01,0,1
2024,5,A3247,BILBAO-Aireportua/Aeropuerto,119611.0,49114.0,6834.0,524.0,477.0,57650.0,19.0,999.0,239.0,2024-05-01,0,1
2024,6,A3247,BILBAO-Aireportua/Aeropuerto,124934.0,55362.0,5660.0,475.0,606.0,57119.0,33.0,1152.0,344.0,2024-06-01,0,1
2024,7,A3247,BILBAO-Aireportua/Aeropuerto,138823.0,60553.0,3907.0,508.0,729.0,64739.0,47.0,1859.0,365.0,2024-07-01,0,1
2024,8,A3247,BILBAO-Aireportua/Aeropuerto,142793.0,65724.0,3476.0,0.0,1.0,67974.0,32.0,2170.0,401.0,2024-08-01,0,1
2024,9,A3247,BILBAO-Aireportua/Aeropuerto,136340.0,58316.0,5068.0,562.0,730.0,64015.0,19.0,1281.0,343.0,2024-09-01,0,1
2024,10,A3247,BILBAO-Aireportua/Aeropuerto,98501.0,47863.0,4240.0,427.0,650.0,38584.0,24.0,1015.0,282.0,2024-10-01,0,1
2024,11,A3247,BILBAO-Aireportua/Aeropuerto,97222.0,45504.0,4228.0,400.0,595.0,40084.0,25.0,865.0,247.0,2024-11-01,0,1
2024,12,A3247,BILBAO-Aireportua/Aeropuerto,99780.0,50222.0,4251.0,454.0,706.0,37084.0,23.0,1165.0,318.0,2024-12-01,0,1
2025,1,A3247,BILBAO-Aireportua/Aeropuerto,85369.0,43409.0,3305.0,370.0,727.0,31458.0,25.0,939.0,160.0,2025-01-01,0,1
2025,2,A3247,BILBAO-Aireportua/Aeropuerto,89352.0,41548.0,4277.0,430.0,642.0,36413.0,21.0,856.0,209.0,2025-02-01,0,1
2025,3,A3247,BILBAO-Aireportua/Aeropuerto,107641.0,49494.0,5981.0,484.0,675.0,43907.0,15.0,868.0,295.0,2025-03-01,0,1
2025,4,A3247,BILBAO-Aireportua/Aeropuerto,129031.0,58851.0,6730.0,467.0,724.0,53277.0,30.0,1471.0,242.0,2025-04-01,0,1
2025,5,A3247,BILBAO-Aireportua/Aeropuerto,136679.0,58067.0,7187.0,410.0,689.0,61780.0,17.0,1156.0,277.0,2025-05-01,0,1
2025,6,A3247,BILBAO-Aireportua/Aeropuerto,133060.0,60765.0,5900.0,426.0,771.0,56135.0,24.0,1262.0,291.0,2025-06-01,0,1
2025,7,A3247,BILBAO-Aireportua/Aeropuerto,134767.0,62971.0,4216.0,449.0,738.0,57411.0,20.0,1605.0,373.0,2025-07-01,0,1
2025,8,A3247,BILBAO-Aireportua/Aeropuerto,141678.0,68685.0,3607.0,424.0,829.0,58918.0,28.0,1952.0,314.0,2025-08-01,0,1
2025,9,A3247,BILBAO-Aireportua/Aeropuerto,135795.0,62770.0,5489.0,562.0,952.0,57508.0,18.0,1138.0,346.0,2025-09-01,0,1
2025,10,A3247,BILBAO-Aireportua/Aeropuerto,133316.0,61188.0,5507.0,593.0,920.0,56494.0,8.0,1260.0,328.0,2025-10-01,0,1
2025,11,A3247,BILBAO-Aireportua/Aeropuerto,104918.0,52732.0,4640.0,600.0,910.0,38244.0,12.0,834.0,362.0,2025-11-01,0,1
2025,12,A3247,BILBAO-Aireportua/Aeropuerto,100881.0,55722.0,4153.0,540.0,1044.0,31604.0,13.0,1269.0,271.0,2025-12-01,0,1
2024,1,A2153,BILBAO-Corredor Txorierri-ko Korridorea-LARRABETZU,20226.0,11153.0,1603.0,579.0,3433.0,1206.0,,114.0,125.0,2024-01-01,0,1
2024,2,A2153,BILBAO-Corredor Txorierri-ko Korridorea-LARRABETZU,21272.0,11523.0,1574.0,907.0,3604.0,1189.0,5.0,77.0,88.0,2024-02-01,0,1
2024,3,A2153,BILBAO-Corredor Txorierri-ko Korridorea-LARRABETZU,21215.0,11333.0,1477.0,897.0,3710.0,1290.0,,97.0,100.0,2024-03-01,0,1
2024,4,A2153,BILBAO-Corredor Txorierri-ko Korridorea-LARRABETZU,23109.0,12113.0,1678.0,882.0,3936.0,1584.0,9.0,121.0,115.0,2024-04-01,0,1
2024,5,A2153,BILBAO-Corredor Txorierri-ko Korridorea-LARRABETZU,26794.0,14507.0,1807.0,833.0,4342.0,1526.0,1.0,123.0,135.0,2024-05-01,0,1
2024,6,A2153,BILBAO-Corredor Txorierri-ko Korridorea-LARRABETZU,19772.0,13154.0,1612.0,464.0,659.0,1208.0,1.0,148.0,133.0,2024-06-01,0,1
2024,7,A2153,BILBAO-Corredor Txorierri-ko Korridorea-LARRABETZU,19101.0,10307.0,1504.0,355.0,3226.0,1410.0,2.0,164.0,89.0,2024-07-01,0,1
2024,8,A2153,BILBAO-Corredor Txorierri-ko Korridorea-LARRABETZU,18187.0,10103.0,1354.0,239.0,2709.0,1636.0,0.0,153.0,92.0,2024-08-01,0,1
2024,9,A2153,BILBAO-Corredor Txorierri-ko Korridorea-LARRABETZU,24604.0,13317.0,1719.0,700.0,3755.0,1588.0,1.0,150.0,140.0,2024-09-01,0,1
2024,10,A2153,BILBAO-Corredor Txorierri-ko Korridorea-LARRABETZU,23334.0,11228.0,1906.0,818.0,4632.0,1006.0,3.0,117.0,120.0,2024-10-01,0,1
2024,11,A2153,BILBAO-Corredor Txorierri-ko Korridorea-LARRABETZU,24106.0,11475.0,1925.0,963.0,4797.0,983.0,5.0,129.0,135.0,2024-11-01,0,1
2024,12,A2153,BILBAO-Corredor Txorierri-ko Korridorea-LARRABETZU,22561.0,10981.0,1887.0,672.0,4466.0,1028.0,1.0,105.0,105.0,2024-12-01,0,1
2025,1,A2153,BILBAO-Corredor Txorierri-ko Korridorea-LARRABETZU,23605.0,11741.0,1636.0,780.0,4622.0,897.0,0.0,115.0,122.0,2025-01-01,0,1
2025,2,A2153,BILBAO-Corredor Txorierri-ko Korridorea-LARRABETZU,23558.0,11652.0,1668.0,892.0,4397.0,823.0,0.0,162.0,177.0,2025-02-01,0,1
2025,3,A2153,BILBAO-Corredor Txorierri-ko Korridorea-LARRABETZU,25664.0,12460.0,1863.0,1029.0,4719.0,999.0,1.0,146.0,120.0,2025-03-01,0,1
2025,4,A2153,BILBAO-Corredor Txorierri-ko Korridorea-LARRABETZU,24733.0,12112.0,1962.0,777.0,4438.0,1211.0,0.0,181.0,130.0,2025-04-01,0,1
2025,5,A2153,BILBAO-Corredor Txorierri-ko Korridorea-LARRABETZU,30854.0,16001.0,2250.0,758.0,4908.0,1421.0,0.0,193.0,149.0,2025-05-01,0,1
2025,6,A2153,BILBAO-Corredor Txorierri-ko Korridorea-LARRABETZU,27548.0,14433.0,1996.0,596.0,4245.0,1564.0,4.0,172.0,124.0,2025-06-01,0,1
2025,7,A2153,BILBAO-Corredor Txorierri-ko Korridorea-LARRABETZU,22013.0,11547.0,1810.0,304.0,3365.0,1489.0,4.0,164.0,150.0,2025-07-01,0,1
2025,8,A2153,BILBAO-Corredor Txorierri-ko Korridorea-LARRABETZU,18849.0,10074.0,1408.0,196.0,2648.0,1562.0,0.0,229.0,101.0,2025-08-01,0,1
2025,9,A2153,BILBAO-Corredor Txorierri-ko Korridorea-LARRABETZU,26899.0,14147.0,1864.0,733.0,4048.0,1453.0,1.0,166.0,118.0,2025-09-01,0,1
2025,10,A2153,BILBAO-Corredor Txorierri-ko Korridorea-LARRABETZU,28661.0,14170.0,2161.0,969.0,4638.0,1274.0,0.0,139.0,153.0,2025-10-01,0,1
2025,11,A2153,BILBAO-Corredor Txorierri-ko Korridorea-LARRABETZU,25691.0,12328.0,1975.0,868.0,4404.0,918.0,0.0,140.0,125.0,2025-11-01,0,1
2025,12,A2153,BILBAO-Corredor Txorierri-ko Korridorea-LARRABETZU,24369.0,12587.0,1886.0,623.0,3801.0,953.0,1.0,172.0,127.0,2025-12-01,0,1
2020,1,A3224,BILBAO-DERIO-Teknologia parkea/Parque Tecnologico,11700.0,8388.0,1551.0,521.0,282.0,462.0,2.0,28.0,199.0,2020-01-01,1,0
2020,2,A3224,BILBAO-DERIO-Teknologia parkea/Parque Tecnologico,11593.0,8338.0,1433.0,633.0,303.0,358.0,0.0,29.0,246.0,2020-02-01,1,0
2020,3,A3224,BILBAO-DERIO-Teknologia parkea/Parque Tecnologico,6513.0,4913.0,643.0,362.0,169.0,175.0,0.0,14.0,104.0,2020-03-01,1,0
2020,4,A3224,BILBAO-DERIO-Teknologia parkea/Parque Tecnologico,1711.0,1425.0,174.0,37.0,26.0,,,,17.0,2020-04-01,1,0
2020,5,A3224,BILBAO-DERIO-Teknologia parkea/Parque Tecnologico,3383.0,2768.0,369.0,93.0,64.0,0.0,0.0,2.0,16.0,2020-05-01,1,0
2020,6,A3224,BILBAO-DERIO-Teknologia parkea/Parque Tecnologico,5791.0,4478.0,890.0,138.0,111.0,0.0,0.0,8.0,34.0,2020-06-01,1,0
2020,7,A3224,BILBAO-DERIO-Teknologia parkea/Parque Tecnologico,6502.0,5026.0,979.0,117.0,113.0,0.0,0.0,33.0,47.0,2020-07-01,1,0
2020,8,A3224,BILBAO-DERIO-Teknologia parkea/Parque Tecnologico,5156.0,3978.0,752.0,169.0,97.0,0.0,0.0,21.0,36.0,2020-08-01,1,0
2020,9,A3224,BILBAO-DERIO-Teknologia parkea/Parque Tecnologico,7371.0,5926.0,928.0,146.0,161.0,,,5.0,26.0,2020-09-01,1,0
2020,10,A3224,BILBAO-DERIO-Teknologia parkea/Parque Tecnologico,7402.0,5810.0,799.0,313.0,204.0,,,12.0,65.0,2020-10-01,1,0
2020,11,A3224,BILBAO-DERIO-Teknologia parkea/Parque Tecnologico,5878.0,4756.0,554.0,229.0,137.0,,,9.0,54.0,2020-11-01,1,0
2020,12,A3224,BILBAO-DERIO-Teknologia parkea/Parque Tecnologico,5343.0,4166.0,637.0,223.0,87.0,9.0,0.0,17.0,64.0,2020-12-01,1,0
2021,1,A3224,BILBAO-DERIO-Teknologia parkea/Parque Tecnologico,5529.0,4442.0,586.0,81.0,110.0,56.0,0.0,10.0,98.0,2021-01-01,1,0
2021,2,A3224,BILBAO-DERIO-Teknologia parkea/Parque Tecnologico,6430.0,5115.0,661.0,195.0,94.0,83.0,0.0,17.0,95.0,2021-02-01,1,0
2021,3,A3224,BILBAO-DERIO-Teknologia parkea/Parque Tecnologico,7173.0,5597.0,858.0,202.0,88.0,104.0,0.0,24.0,119.0,2021-03-01,1,0
2021,4,A3224,BILBAO-DERIO-Teknologia parkea/Parque Tecnologico,6737.0,5286.0,749.0,186.0,112.0,138.0,,16.0,66.0,2021-04-01,1,0
2021,5,A3224,BILBAO-DERIO-Teknologia parkea/Parque Tecnologico,7975.0,5991.0,997.0,195.0,170.0,183.0,0.0,30.0,137.0,2021-05-01,1,0
2021,6,A3224,BILBAO-DERIO-Teknologia parkea/Parque Tecnologico,7882.0,6036.0,908.0,183.0,172.0,220.0,0.0,21.0,131.0,2021-06-01,1,0
2021,7,A3224,BILBAO-DERIO-Teknologia parkea/Parque Tecnologico,6293.0,4672.0,897.0,138.0,131.0,162.0,,43.0,96.0,2021-07-01,1,0
2021,8,A3224,BILBAO-DERIO-Teknologia parkea/Parque Tecnologico,5418.0,3886.0,917.0,67.0,83.0,206.0,,18.0,55.0,2021-08-01,1,0
2021,9,A3224,BILBAO-DERIO-Teknologia parkea/Parque Tecnologico,7830.0,5917.0,966.0,141.0,133.0,240.0,,59.0,102.0,2021-09-01,1,0
2021,10,A3224,BILBAO-DERIO-Teknologia parkea/Parque Tecnologico,8003.0,5697.0,1244.0,283.0,209.0,169.0,,30.0,100.0,2021-10-01,1,0
2021,11,A3224,BILBAO-DERIO-Teknologia parkea/Parque Tecnologico,8621.0,6277.0,1078.0,383.0,257.0,207.0,0.0,25.0,93.0,2021-11-01,1,0
2021,12,A3224,BILBAO-DERIO-Teknologia parkea/Parque Tecnologico,6985.0,5086.0,972.0,232.0,148.0,229.0,,34.0,75.0,2021-12-01,1,0
2022,1,A3224,BILBAO-DERIO-Teknologia parkea/Parque Tecnologico,7272.0,5335.0,990.0,223.0,203.0,193.0,,12.0,111.0,2022-01-01,0,0
2022,2,A3224,BILBAO-DERIO-Teknologia parkea/Parque Tecnologico,7918.0,5722.0,949.0,348.0,228.0,293.0,,27.0,96.0,2022-02-01,0,0
2022,3,A3224,BILBAO-DERIO-Teknologia parkea/Parque Tecnologico,9762.0,7225.0,1132.0,421.0,263.0,276.0,0.0,35.0,123.0,2022-03-01,0,0
2022,4,A3224,BILBAO-DERIO-Teknologia parkea/Parque Tecnologico,7714.0,5585.0,1004.0,255.0,233.0,249.0,,38.0,122.0,2022-04-01,0,0
2022,5,A3224,BILBAO-DERIO-Teknologia parkea/Parque Tecnologico,10445.0,7620.0,1376.0,313.0,258.0,357.0,,55.0,146.0,2022-05-01,0,0
2022,6,A3224,BILBAO-DERIO-Teknologia parkea/Parque Tecnologico,10155.0,7543.0,1324.0,175.0,235.0,371.0,,71.0,186.0,2022-06-01,0,0
2022,7,A3224,BILBAO-DERIO-Teknologia parkea/Parque Tecnologico,7205.0,5316.0,987.0,131.0,135.0,270.0,1.0,51.0,129.0,2022-07-01,0,0
2022,8,A3224,BILBAO-DERIO-Teknologia parkea/Parque Tecnologico,7832.0,5715.0,1032.0,143.0,118.0,401.0,0.0,95.0,88.0,2022-08-01,0,0
2022,9,A3224,BILBAO-DERIO-Teknologia parkea/Parque Tecnologico,9862.0,7344.0,1175.0,380.0,218.0,225.0,,64.0,193.0,2022-09-01,0,1
2022,10,A3224,BILBAO-DERIO-Teknologia parkea/Parque Tecnologico,10307.0,7506.0,1448.0,394.0,231.0,192.0,,80.0,172.0,2022-10-01,0,1
2022,11,A3224,BILBAO-DERIO-Teknologia parkea/Parque Tecnologico,10999.0,8292.0,1229.0,392.0,284.0,195.0,,86.0,185.0,2022-11-01,0,1
2022,12,A3224,BILBAO-DERIO-Teknologia parkea/Parque Tecnologico,8705.0,6614.0,1097.0,208.0,211.0,136.0,,45.0,155.0,2022-12-01,0,1
2023,1,A3224,BILBAO-DERIO-Teknologia parkea/Parque Tecnologico,8900.0,6991.0,975.0,211.0,188.0,125.0,,42.0,115.0,2023-01-01,0,1
2023,2,A3224,BILBAO-DERIO-Teknologia parkea/Parque Tecnologico,7705.0,5888.0,968.0,225.0,196.0,92.0,,36.0,118.0,2023-02-01,0,1
2023,3,A3224,BILBAO-DERIO-Teknologia parkea/Parque Tecnologico,8035.0,6070.0,968.0,297.0,217.0,110.0,,49.0,136.0,2023-03-01,0,1
2023,4,A3224,BILBAO-DERIO-Teknologia parkea/Parque Tecnologico,5523.0,4021.0,828.0,179.0,129.0,103.0,,53.0,98.0,2023-04-01,0,1
2023,5,A3224,BILBAO-DERIO-Teknologia parkea/Parque Tecnologico,9299.0,6989.0,1190.0,290.0,233.0,175.0,,75.0,141.0,2023-05-01,0,1
2023,6,A3224,BILBAO-DERIO-Teknologia parkea/Parque Tecnologico,10399.0,7726.0,1304.0,325.0,271.0,302.0,,80.0,122.0,2023-06-01,0,1
2023,7,A3224,BILBAO-DERIO-Teknologia parkea/Parque Tecnologico,7434.0,5453.0,1037.0,182.0,166.0,196.0,,46.0,110.0,2023-07-01,0,1
2023,8,A3224,BILBAO-DERIO-Teknologia parkea/Parque Tecnologico,7775.0,5588.0,1187.0,178.0,166.0,298.0,0.0,79.0,110.0,2023-08-01,0,1
2023,9,A3224,BILBAO-DERIO-Teknologia parkea/Parque Tecnologico,10258.0,7528.0,1254.0,415.0,319.0,283.0,0.0,66.0,152.0,2023-09-01,0,1
2023,10,A3224,BILBAO-DERIO-Teknologia parkea/Parque Tecnologico,11408.0,8204.0,1630.0,513.0,338.0,191.0,0.0,88.0,169.0,2023-10-01,0,1
2023,11,A3224,BILBAO-DERIO-Teknologia parkea/Parque Tecnologico,11414.0,8451.0,1487.0,444.0,301.0,203.0,0.0,80.0,182.0,2023-11-01,0,1
2023,12,A3224,BILBAO-DERIO-Teknologia parkea/Parque Tecnologico,9031.0,6631.0,1324.0,301.0,197.0,169.0,0.0,49.0,117.0,2023-12-01,0,1
2024,1,A3224,BILBAO-DERIO-Teknologia parkea/Parque Tecnologico,11025.0,7414.0,1455.0,377.0,289.0,180.0,,82.0,187.0,2024-01-01,0,1
2024,2,A3224,BILBAO-DERIO-Teknologia parkea/Parque Tecnologico,11427.0,7771.0,1410.0,389.0,313.0,178.0,1.0,78.0,196.0,2024-02-01,0,1
2024,3,A3224,BILBAO-DERIO-Teknologia parkea/Parque Tecnologico,10518.0,6864.0,1315.0,435.0,341.0,167.0,,72.0,166.0,2024-03-01,0,1
2024,4,A3224,BILBAO-DERIO-Teknologia parkea/Parque Tecnologico,11996.0,7639.0,1531.0,466.0,434.0,175.0,0.0,60.0,210.0,2024-04-01,0,1
2024,5,A3224,BILBAO-DERIO-Teknologia parkea/Parque Tecnologico,13012.0,8317.0,1512.0,465.0,503.0,232.0,0.0,70.0,264.0,2024-05-01,0,1
2024,6,A3224,BILBAO-DERIO-Teknologia parkea/Parque Tecnologico,12116.0,7779.0,1555.0,305.0,354.0,236.0,0.0,123.0,221.0,2024-06-01,0,1
2024,7,A3224,BILBAO-DERIO-Teknologia parkea/Parque Tecnologico,9939.0,6348.0,1288.0,260.0,286.0,163.0,0.0,78.0,99.0,2024-07-01,0,1
2024,8,A3224,BILBAO-DERIO-Teknologia parkea/Parque Tecnologico,9638.0,5907.0,1288.0,321.0,412.0,289.0,0.0,104.0,80.0,2024-08-01,0,1
2024,9,A3224,BILBAO-DERIO-Teknologia parkea/Parque Tecnologico,11993.0,7711.0,1333.0,247.0,421.0,265.0,0.0,83.0,176.0,2024-09-01,0,1
2024,10,A3224,BILBAO-DERIO-Teknologia parkea/Parque Tecnologico,10842.0,6462.0,1481.0,388.0,453.0,137.0,1.0,60.0,140.0,2024-10-01,0,1
2024,11,A3224,BILBAO-DERIO-Teknologia parkea/Parque Tecnologico,12060.0,7228.0,1557.0,467.0,514.0,134.0,0.0,55.0,150.0,2024-11-01,0,1
2024,12,A3224,BILBAO-DERIO-Teknologia parkea/Parque Tecnologico,9623.0,5696.0,1405.0,310.0,392.0,140.0,2.0,64.0,129.0,2024-12-01,0,1
2025,1,A3224,BILBAO-DERIO-Teknologia parkea/Parque Tecnologico,11724.0,6930.0,1542.0,493.0,471.0,164.0,0.0,86.0,138.0,2025-01-01,0,1
2025,2,A3224,BILBAO-DERIO-Teknologia parkea/Parque Tecnologico,12441.0,7315.0,1584.0,584.0,617.0,155.0,0.0,58.0,128.0,2025-02-01,0,1
2025,3,A3224,BILBAO-DERIO-Teknologia parkea/Parque Tecnologico,13291.0,7674.0,1758.0,711.0,721.0,145.0,0.0,45.0,145.0,2025-03-01,0,1
2025,4,A3224,BILBAO-DERIO-Teknologia parkea/Parque Tecnologico,11219.0,6577.0,1499.0,462.0,596.0,158.0,0.0,70.0,149.0,2025-04-01,0,1
2025,5,A3224,BILBAO-DERIO-Teknologia parkea/Parque Tecnologico,13425.0,8212.0,1622.0,575.0,639.0,174.0,0.0,53.0,111.0,2025-05-01,0,1
2025,6,A3224,BILBAO-DERIO-Teknologia parkea/Parque Tecnologico,13198.0,8057.0,1612.0,455.0,509.0,165.0,0.0,64.0,167.0,2025-06-01,0,1
2025,7,A3224,BILBAO-DERIO-Teknologia parkea/Parque Tecnologico,12122.0,7679.0,1441.0,340.0,402.0,174.0,1.0,57.0,137.0,2025-07-01,0,1
2025,8,A3224,BILBAO-DERIO-Teknologia parkea/Parque Tecnologico,9542.0,5677.0,1302.0,262.0,386.0,232.0,0.0,76.0,92.0,2025-08-01,0,1
2025,9,A3224,BILBAO-DERIO-Teknologia parkea/Parque Tecnologico,12842.0,7623.0,1548.0,544.0,590.0,177.0,0.0,61.0,151.0,2025-09-01,0,1
2025,10,A3224,BILBAO-DERIO-Teknologia parkea/Parque Tecnologico,14633.0,8266.0,1789.0,724.0,970.0,177.0,0.0,50.0,181.0,2025-10-01,0,1
2025,11,A3224,BILBAO-DERIO-Teknologia parkea/Parque Tecnologico,13468.0,7560.0,1574.0,605.0,989.0,131.0,0.0,71.0,187.0,2025-11-01,0,1
2025,12,A3224,BILBAO-DERIO-Teknologia parkea/Parque Tecnologico,11234.0,6558.0,1351.0,389.0,710.0,115.0,0.0,67.0,150.0,2025-12-01,0,1
2020,1,A2322,BILBAO-ERANDIO-Astrabudua-UPV/EHU,9713.0,5767.0,1523.0,664.0,593.0,497.0,1.0,84.0,321.0,2020-01-01,1,0
2020,2,A2322,BILBAO-ERANDIO-Astrabudua-UPV/EHU,11168.0,6170.0,1484.0,1445.0,717.0,527.0,0.0,76.0,369.0,2020-02-01,1,0
2020,3,A2322,BILBAO-ERANDIO-Astrabudua-UPV/EHU,5354.0,3171.0,640.0,633.0,333.0,231.0,0.0,31.0,147.0,2020-03-01,1,0
2020,4,A2322,BILBAO-ERANDIO-Astrabudua-UPV/EHU,908.0,729.0,104.0,6.0,24.0,,,,8.0,2020-04-01,1,0
2020,5,A2322,BILBAO-ERANDIO-Astrabudua-UPV/EHU,2949.0,2275.0,470.0,8.0,58.0,0.0,0.0,8.0,86.0,2020-05-01,1,0
2020,6,A2322,BILBAO-ERANDIO-Astrabudua-UPV/EHU,6252.0,4568.0,1001.0,74.0,225.0,0.0,0.0,35.0,159.0,2020-06-01,1,0
2020,7,A2322,BILBAO-ERANDIO-Astrabudua-UPV/EHU,7417.0,5357.0,1246.0,174.0,235.0,0.0,0.0,59.0,168.0,2020-07-01,1,0
2020,8,A2322,BILBAO-ERANDIO-Astrabudua-UPV/EHU,6223.0,4390.0,1197.0,97.0,194.0,0.0,0.0,63.0,115.0,2020-08-01,1,0
2020,9,A2322,BILBAO-ERANDIO-Astrabudua-UPV/EHU,9210.0,6314.0,1212.0,651.0,404.0,,,57.0,269.0,2020-09-01,1,0
2020,10,A2322,BILBAO-ERANDIO-Astrabudua-UPV/EHU,9688.0,6157.0,1231.0,1003.0,663.0,,,45.0,203.0,2020-10-01,1,0
2020,11,A2322,BILBAO-ERANDIO-Astrabudua-UPV/EHU,7629.0,4905.0,847.0,946.0,414.0,,,18.0,204.0,2020-11-01,1,0
2020,12,A2322,BILBAO-ERANDIO-Astrabudua-UPV/EHU,7239.0,5000.0,823.0,545.0,335.0,23.0,0.0,45.0,174.0,2020-12-01,1,0
2021,1,A2322,BILBAO-ERANDIO-Astrabudua-UPV/EHU,6907.0,4794.0,770.0,432.0,280.0,113.0,0.0,45.0,217.0,2021-01-01,1,0
2021,2,A2322,BILBAO-ERANDIO-Astrabudua-UPV/EHU,8515.0,5644.0,820.0,861.0,418.0,135.0,0.0,35.0,244.0,2021-02-01,1,0
2021,3,A2322,BILBAO-ERANDIO-Astrabudua-UPV/EHU,9207.0,5881.0,1083.0,818.0,502.0,199.0,0.0,83.0,277.0,2021-03-01,1,0
2021,4,A2322,BILBAO-ERANDIO-Astrabudua-UPV/EHU,9701.0,6366.0,1170.0,750.0,430.0,240.0,,110.0,251.0,2021-04-01,1,0
2021,5,A2322,BILBAO-ERANDIO-Astrabudua-UPV/EHU,10001.0,6391.0,1234.0,686.0,502.0,300.0,1.0,113.0,315.0,2021-05-01,1,0
2021,6,A2322,BILBAO-ERANDIO-Astrabudua-UPV/EHU,8931.0,5847.0,1284.0,344.0,467.0,298.0,0.0,96.0,267.0,2021-06-01,1,0
2021,7,A2322,BILBAO-ERANDIO-Astrabudua-UPV/EHU,8338.0,5488.0,1371.0,164.0,326.0,258.0,,90.0,285.0,2021-07-01,1,0
2021,8,A2322,BILBAO-ERANDIO-Astrabudua-UPV/EHU,7333.0,4777.0,1270.0,120.0,290.0,331.0,3.0,93.0,207.0,2021-08-01,1,0
2021,9,A2322,BILBAO-ERANDIO-Astrabudua-UPV/EHU,10318.0,6603.0,1175.0,715.0,539.0,402.0,,90.0,361.0,2021-09-01,1,0
2021,10,A2322,BILBAO-ERANDIO-Astrabudua-UPV/EHU,12057.0,7077.0,1533.0,1203.0,798.0,410.0,,105.0,369.0,2021-10-01,1,0
2021,11,A2322,BILBAO-ERANDIO-Astrabudua-UPV/EHU,11559.0,6581.0,1312.0,1471.0,772.0,410.0,0.0,85.0,371.0,2021-11-01,1,0
2021,12,A2322,BILBAO-ERANDIO-Astrabudua-UPV/EHU,9996.0,5971.0,1355.0,708.0,589.0,455.0,1.0,119.0,352.0,2021-12-01,1,0
2022,1,A2322,BILBAO-ERANDIO-Astrabudua-UPV/EHU,9974.0,5825.0,1369.0,674.0,661.0,453.0,,155.0,373.0,2022-01-01,0,0
2022,2,A2322,BILBAO-ERANDIO-Astrabudua-UPV/EHU,10919.0,6247.0,1269.0,1360.0,697.0,361.0,,137.0,358.0,2022-02-01,0,0
2022,3,A2322,BILBAO-ERANDIO-Astrabudua-UPV/EHU,12388.0,7184.0,1456.0,1599.0,644.0,358.0,1.0,125.0,431.0,2022-03-01,0,0
2022,4,A2322,BILBAO-ERANDIO-Astrabudua-UPV/EHU,10668.0,6578.0,1553.0,852.0,402.0,417.0,,124.0,343.0,2022-04-01,0,0
2022,5,A2322,BILBAO-ERANDIO-Astrabudua-UPV/EHU,11512.0,6924.0,1639.0,987.0,470.0,477.0,,167.0,368.0,2022-05-01,0,0
2022,6,A2322,BILBAO-ERANDIO-Astrabudua-UPV/EHU,10911.0,7172.0,1645.0,387.0,313.0,529.0,,154.0,344.0,2022-06-01,0,0
2022,7,A2322,BILBAO-ERANDIO-Astrabudua-UPV/EHU,9146.0,5857.0,1668.0,187.0,313.0,474.0,,156.0,226.0,2022-07-01,0,0
2022,8,A2322,BILBAO-ERANDIO-Astrabudua-UPV/EHU,8266.0,5269.0,1526.0,136.0,243.0,498.0,0.0,135.0,237.0,2022-08-01,0,0
2022,9,A2322,BILBAO-ERANDIO-Astrabudua-UPV/EHU,12092.0,7204.0,1452.0,1202.0,945.0,319.0,4.0,94.0,319.0,2022-09-01,0,1
2022,10,A2322,BILBAO-ERANDIO-Astrabudua-UPV/EHU,14228.0,8197.0,1881.0,1406.0,1378.0,316.0,,151.0,339.0,2022-10-01,0,1
2022,11,A2322,BILBAO-ERANDIO-Astrabudua-UPV/EHU,14097.0,8399.0,1648.0,1456.0,1274.0,258.0,,89.0,352.0,2022-11-01,0,1
2022,12,A2322,BILBAO-ERANDIO-Astrabudua-UPV/EHU,11597.0,7035.0,1688.0,767.0,965.0,215.0,,115.0,337.0,2022-12-01,0,1
2023,1,A2322,BILBAO-ERANDIO-Astrabudua-UPV/EHU,9567.0,5882.0,1267.0,527.0,838.0,198.0,,95.0,342.0,2023-01-01,0,1
2023,2,A2322,BILBAO-ERANDIO-Astrabudua-UPV/EHU,9522.0,5574.0,1286.0,810.0,870.0,155.0,,80.0,293.0,2023-02-01,0,1
2023,3,A2322,BILBAO-ERANDIO-Astrabudua-UPV/EHU,10186.0,5846.0,1411.0,782.0,1055.0,214.0,,101.0,317.0,2023-03-01,0,1
2023,4,A2322,BILBAO-ERANDIO-Astrabudua-UPV/EHU,7191.0,4356.0,1215.0,434.0,522.0,155.0,,68.0,202.0,2023-04-01,0,1
2023,5,A2322,BILBAO-ERANDIO-Astrabudua-UPV/EHU,10546.0,6338.0,1554.0,528.0,1145.0,164.0,,139.0,295.0,2023-05-01,0,1
2023,6,A2322,BILBAO-ERANDIO-Astrabudua-UPV/EHU,10892.0,7232.0,1783.0,348.0,539.0,239.0,,116.0,319.0,2023-06-01,0,1
2023,7,A2322,BILBAO-ERANDIO-Astrabudua-UPV/EHU,8756.0,5794.0,1742.0,203.0,282.0,230.0,,92.0,246.0,2023-07-01,0,1
2023,8,A2322,BILBAO-ERANDIO-Astrabudua-UPV/EHU,9285.0,6388.0,1716.0,132.0,338.0,227.0,0.0,99.0,242.0,2023-08-01,0,1
2023,9,A2322,BILBAO-ERANDIO-Astrabudua-UPV/EHU,15493.0,9924.0,1767.0,1208.0,1245.0,272.0,2.0,139.0,420.0,2023-09-01,0,1
2023,10,A2322,BILBAO-ERANDIO-Astrabudua-UPV/EHU,15798.0,9369.0,1763.0,1445.0,1830.0,249.0,0.0,138.0,472.0,2023-10-01,0,1
2023,11,A2322,BILBAO-ERANDIO-Astrabudua-UPV/EHU,15309.0,8970.0,1529.0,1641.0,1882.0,189.0,1.0,115.0,437.0,2023-11-01,0,1
2023,12,A2322,BILBAO-ERANDIO-Astrabudua-UPV/EHU,12795.0,7980.0,1540.0,972.0,1200.0,220.0,1.0,127.0,377.0,2023-12-01,0,1
2024,1,A2322,BILBAO-ERANDIO-Astrabudua-UPV/EHU,13290.0,7619.0,1695.0,948.0,1262.0,238.0,,80.0,379.0,2024-01-01,0,1
2024,2,A2322,BILBAO-ERANDIO-Astrabudua-UPV/EHU,14899.0,8160.0,1675.0,1616.0,1314.0,211.0,,105.0,454.0,2024-02-01,0,1
2024,3,A2322,BILBAO-ERANDIO-Astrabudua-UPV/EHU,13585.0,7295.0,1577.0,1137.0,1213.0,185.0,1.0,120.0,462.0,2024-03-01,0,1
2024,4,A2322,BILBAO-ERANDIO-Astrabudua-UPV/EHU,15131.0,7937.0,1795.0,1316.0,1383.0,257.0,0.0,130.0,454.0,2024-04-01,0,1
2024,5,A2322,BILBAO-ERANDIO-Astrabudua-UPV/EHU,15656.0,8411.0,1999.0,1133.0,1387.0,249.0,0.0,129.0,395.0,2024-05-01,0,1
2024,6,A2322,BILBAO-ERANDIO-Astrabudua-UPV/EHU,13217.0,7548.0,1899.0,590.0,651.0,234.0,0.0,145.0,355.0,2024-06-01,0,1
2024,7,A2322,BILBAO-ERANDIO-Astrabudua-UPV/EHU,12300.0,7097.0,2050.0,277.0,531.0,281.0,0.0,198.0,278.0,2024-07-01,0,1
2024,8,A2322,BILBAO-ERANDIO-Astrabudua-UPV/EHU,9908.0,6907.0,2196.0,0.0,0.0,293.0,0.0,163.0,249.0,2024-08-01,0,1
2024,9,A2322,BILBAO-ERANDIO-Astrabudua-UPV/EHU,17852.0,9485.0,2024.0,1555.0,1194.0,334.0,0.0,142.0,370.0,2024-09-01,0,1
2024,10,A2322,BILBAO-ERANDIO-Astrabudua-UPV/EHU,16260.0,8194.0,1748.0,1448.0,1424.0,261.0,0.0,121.0,354.0,2024-10-01,0,1
2024,11,A2322,BILBAO-ERANDIO-Astrabudua-UPV/EHU,17352.0,8507.0,1767.0,1684.0,1622.0,268.0,0.0,126.0,352.0,2024-11-01,0,1
2024,12,A2322,BILBAO-ERANDIO-Astrabudua-UPV/EHU,15169.0,7881.0,1729.0,1211.0,1225.0,254.0,0.0,116.0,355.0,2024-12-01,0,1
2025,1,A2322,BILBAO-ERANDIO-Astrabudua-UPV/EHU,16671.0,8758.0,1843.0,1111.0,1302.0,318.0,0.0,140.0,369.0,2025-01-01,0,1
2025,2,A2322,BILBAO-ERANDIO-Astrabudua-UPV/EHU,17762.0,8792.0,1872.0,1807.0,1438.0,240.0,0.0,119.0,327.0,2025-02-01,0,1
2025,3,A2322,BILBAO-ERANDIO-Astrabudua-UPV/EHU,18984.0,9186.0,2078.0,1781.0,1473.0,304.0,1.0,131.0,394.0,2025-03-01,0,1
2025,4,A2322,BILBAO-ERANDIO-Astrabudua-UPV/EHU,17048.0,8504.0,2063.0,1453.0,1203.0,263.0,0.0,105.0,329.0,2025-04-01,0,1
2025,5,A2322,BILBAO-ERANDIO-Astrabudua-UPV/EHU,18093.0,9081.0,2165.0,1365.0,1387.0,336.0,0.0,135.0,333.0,2025-05-01,0,1
2025,6,A2322,BILBAO-ERANDIO-Astrabudua-UPV/EHU,16459.0,9079.0,2254.0,615.0,924.0,293.0,2.0,159.0,331.0,2025-06-01,0,1
2025,7,A2322,BILBAO-ERANDIO-Astrabudua-UPV/EHU,14213.0,7870.0,2265.0,279.0,669.0,300.0,0.0,197.0,250.0,2025-07-01,0,1
2025,8,A2322,BILBAO-ERANDIO-Astrabudua-UPV/EHU,12790.0,7239.0,2006.0,293.0,535.0,298.0,0.0,163.0,234.0,2025-08-01,0,1
2025,9,A2322,BILBAO-ERANDIO-Astrabudua-UPV/EHU,20235.0,10287.0,2071.0,1806.0,1596.0,342.0,0.0,174.0,391.0,2025-09-01,0,1
2025,10,A2322,BILBAO-ERANDIO-Astrabudua-UPV/EHU,21685.0,10000.0,2071.0,2232.0,2309.0,328.0,1.0,167.0,426.0,2025-10-01,0,1
2025,11,A2322,BILBAO-ERANDIO-Astrabudua-UPV/EHU,18694.0,9007.0,1797.0,1878.0,1800.0,238.0,0.0,142.0,329.0,2025-11-01,0,1
2025,12,A2322,BILBAO-ERANDIO-Astrabudua-UPV/EHU,16343.0,8438.0,1837.0,1188.0,1471.0,216.0,0.0,150.0,287.0,2025-12-01,0,1
2020,1,A3223,BILBAO-LARRABETZU(Artxandako tunelak/Tuneles Artxanda),17257.0,12218.0,1906.0,606.0,443.0,931.0,0.0,161.0,146.0,2020-01-01,1,0
2020,2,A3223,BILBAO-LARRABETZU(Artxandako tunelak/Tuneles Artxanda),16907.0,11688.0,1784.0,896.0,536.0,927.0,2.0,159.0,100.0,2020-02-01,1,0
2020,3,A3223,BILBAO-LARRABETZU(Artxandako tunelak/Tuneles Artxanda),7671.0,5486.0,691.0,373.0,243.0,411.0,0.0,40.0,66.0,2020-03-01,1,0
2020,4,A3223,BILBAO-LARRABETZU(Artxandako tunelak/Tuneles Artxanda),600.0,536.0,29.0,,12.0,,,,12.0,2020-04-01,1,0
2020,5,A3223,BILBAO-LARRABETZU(Artxandako tunelak/Tuneles Artxanda),3076.0,2584.0,260.0,56.0,28.0,0.0,0.0,12.0,42.0,2020-05-01,1,0
2020,6,A3223,BILBAO-LARRABETZU(Artxandako tunelak/Tuneles Artxanda),8764.0,7106.0,829.0,163.0,99.0,0.0,0.0,49.0,66.0,2020-06-01,1,0
2020,7,A3223,BILBAO-LARRABETZU(Artxandako tunelak/Tuneles Artxanda),9451.0,7608.0,949.0,220.0,109.0,0.0,0.0,64.0,37.0,2020-07-01,1,0
2020,8,A3223,BILBAO-LARRABETZU(Artxandako tunelak/Tuneles Artxanda),6512.0,5352.0,646.0,151.0,47.0,0.0,0.0,38.0,19.0,2020-08-01,1,0
2020,9,A3223,BILBAO-LARRABETZU(Artxandako tunelak/Tuneles Artxanda),11216.0,8820.0,970.0,375.0,303.0,,,62.0,48.0,2020-09-01,1,0
2020,10,A3223,BILBAO-LARRABETZU(Artxandako tunelak/Tuneles Artxanda),11362.0,8568.0,985.0,552.0,478.0,,,41.0,89.0,2020-10-01,1,0
2020,11,A3223,BILBAO-LARRABETZU(Artxandako tunelak/Tuneles Artxanda),7576.0,5835.0,503.0,353.0,339.0,,,20.0,86.0,2020-11-01,1,0
2020,12,A3223,BILBAO-LARRABETZU(Artxandako tunelak/Tuneles Artxanda),8333.0,6457.0,684.0,293.0,275.0,39.0,0.0,53.0,76.0,2020-12-01,1,0
2021,1,A3223,BILBAO-LARRABETZU(Artxandako tunelak/Tuneles Artxanda),8028.0,6241.0,587.0,282.0,272.0,97.0,0.0,56.0,93.0,2021-01-01,1,0
2021,2,A3223,BILBAO-LARRABETZU(Artxandako tunelak/Tuneles Artxanda),8360.0,6308.0,580.0,412.0,374.0,137.0,0.0,55.0,76.0,2021-02-01,1,0
2021,3,A3223,BILBAO-LARRABETZU(Artxandako tunelak/Tuneles Artxanda),10675.0,7860.0,931.0,540.0,443.0,184.0,0.0,86.0,123.0,2021-03-01,1,0
2021,4,A3223,BILBAO-LARRABETZU(Artxandako tunelak/Tuneles Artxanda),9461.0,7029.0,647.0,470.0,471.0,234.0,1.0,87.0,85.0,2021-04-01,1,0
2021,5,A3223,BILBAO-LARRABETZU(Artxandako tunelak/Tuneles Artxanda),11157.0,8040.0,1072.0,433.0,530.0,282.0,0.0,76.0,133.0,2021-05-01,1,0
2021,6,A3223,BILBAO-LARRABETZU(Artxandako tunelak/Tuneles Artxanda),11559.0,8594.0,1120.0,359.0,302.0,363.0,0.0,129.0,75.0,2021-06-01,1,0
2021,7,A3223,BILBAO-LARRABETZU(Artxandako tunelak/Tuneles Artxanda),10585.0,7666.0,1069.0,336.0,244.0,538.0,,146.0,101.0,2021-07-01,1,0
2021,8,A3223,BILBAO-LARRABETZU(Artxandako tunelak/Tuneles Artxanda),7918.0,5793.0,794.0,167.0,172.0,481.0,,141.0,38.0,2021-08-01,1,0
2021,9,A3223,BILBAO-LARRABETZU(Artxandako tunelak/Tuneles Artxanda),12511.0,8799.0,1249.0,646.0,528.0,603.0,,87.0,111.0,2021-09-01,1,0
2021,10,A3223,BILBAO-LARRABETZU(Artxandako tunelak/Tuneles Artxanda),14017.0,9499.0,1437.0,852.0,651.0,576.0,,75.0,187.0,2021-10-01,1,0
2021,11,A3223,BILBAO-LARRABETZU(Artxandako tunelak/Tuneles Artxanda),14412.0,9757.0,1483.0,1008.0,656.0,550.0,0.0,81.0,187.0,2021-11-01,1,0
2021,12,A3223,BILBAO-LARRABETZU(Artxandako tunelak/Tuneles Artxanda),12225.0,8439.0,1346.0,695.0,496.0,487.0,,67.0,125.0,2021-12-01,1,0
2022,1,A3223,BILBAO-LARRABETZU(Artxandako tunelak/Tuneles Artxanda),11415.0,7840.0,1381.0,629.0,430.0,397.0,,60.0,126.0,2022-01-01,0,0
2022,2,A3223,BILBAO-LARRABETZU(Artxandako tunelak/Tuneles Artxanda),12614.0,8565.0,1491.0,791.0,555.0,431.0,1.0,90.0,143.0,2022-02-01,0,0
2022,3,A3223,BILBAO-LARRABETZU(Artxandako tunelak/Tuneles Artxanda),15115.0,10520.0,1629.0,972.0,537.0,573.0,0.0,134.0,171.0,2022-03-01,0,0
2022,4,A3223,BILBAO-LARRABETZU(Artxandako tunelak/Tuneles Artxanda),12897.0,9070.0,1324.0,630.0,389.0,708.0,,104.0,152.0,2022-04-01,0,0
2022,5,A3223,BILBAO-LARRABETZU(Artxandako tunelak/Tuneles Artxanda),15633.0,10953.0,1613.0,823.0,497.0,782.0,1.0,161.0,174.0,2022-05-01,0,0
2022,6,A3223,BILBAO-LARRABETZU(Artxandako tunelak/Tuneles Artxanda),14459.0,10459.0,1563.0,527.0,291.0,732.0,3.0,135.0,179.0,2022-06-01,0,0
2022,7,A3223,BILBAO-LARRABETZU(Artxandako tunelak/Tuneles Artxanda),11545.0,8252.0,1265.0,359.0,228.0,663.0,,187.0,95.0,2022-07-01,0,0
2022,8,A3223,BILBAO-LARRABETZU(Artxandako tunelak/Tuneles Artxanda),10647.0,7407.0,1218.0,224.0,144.0,933.0,0.0,217.0,115.0,2022-08-01,0,0
2022,9,A3223,BILBAO-LARRABETZU(Artxandako tunelak/Tuneles Artxanda),15051.0,10328.0,1605.0,849.0,515.0,611.0,,130.0,161.0,2022-09-01,0,1
2022,10,A3223,BILBAO-LARRABETZU(Artxandako tunelak/Tuneles Artxanda),16713.0,11224.0,1968.0,1098.0,787.0,421.0,1.0,142.0,157.0,2022-10-01,0,1
2022,11,A3223,BILBAO-LARRABETZU(Artxandako tunelak/Tuneles Artxanda),17115.0,11545.0,2175.0,905.0,946.0,374.0,,114.0,200.0,2022-11-01,0,1
2022,12,A3223,BILBAO-LARRABETZU(Artxandako tunelak/Tuneles Artxanda),15292.0,10832.0,1742.0,706.0,703.0,281.0,,152.0,164.0,2022-12-01,0,1
2023,1,A3223,BILBAO-LARRABETZU(Artxandako tunelak/Tuneles Artxanda),14124.0,10105.0,1670.0,528.0,622.0,279.0,,135.0,126.0,2023-01-01,0,1
2023,2,A3223,BILBAO-LARRABETZU(Artxandako tunelak/Tuneles Artxanda),12008.0,8389.0,1419.0,570.0,494.0,217.0,,112.0,131.0,2023-02-01,0,1
2023,3,A3223,BILBAO-LARRABETZU(Artxandako tunelak/Tuneles Artxanda),12324.0,8405.0,1631.0,645.0,492.0,268.0,,82.0,118.0,2023-03-01,0,1
2023,4,A3223,BILBAO-LARRABETZU(Artxandako tunelak/Tuneles Artxanda),9626.0,6740.0,1055.0,446.0,372.0,335.0,,82.0,126.0,2023-04-01,0,1
2023,5,A3223,BILBAO-LARRABETZU(Artxandako tunelak/Tuneles Artxanda),14898.0,10435.0,1735.0,577.0,597.0,564.0,6.0,98.0,118.0,2023-05-01,0,1
2023,6,A3223,BILBAO-LARRABETZU(Artxandako tunelak/Tuneles Artxanda),15590.0,11155.0,1848.0,611.0,423.0,481.0,,121.0,174.0,2023-06-01,0,1
2023,7,A3223,BILBAO-LARRABETZU(Artxandako tunelak/Tuneles Artxanda),12990.0,9572.0,1493.0,332.0,246.0,569.0,,161.0,133.0,2023-07-01,0,1
2023,8,A3223,BILBAO-LARRABETZU(Artxandako tunelak/Tuneles Artxanda),11932.0,8436.0,1431.0,269.0,279.0,703.0,0.0,173.0,145.0,2023-08-01,0,1
2023,9,A3223,BILBAO-LARRABETZU(Artxandako tunelak/Tuneles Artxanda),17703.0,12493.0,1619.0,829.0,675.0,701.0,0.0,211.0,219.0,2023-09-01,0,1
2023,10,A3223,BILBAO-LARRABETZU(Artxandako tunelak/Tuneles Artxanda),18743.0,12792.0,1931.0,1112.0,945.0,605.0,0.0,188.0,178.0,2023-10-01,0,1
2023,11,A3223,BILBAO-LARRABETZU(Artxandako tunelak/Tuneles Artxanda),18547.0,12550.0,2074.0,1192.0,1099.0,408.0,0.0,159.0,170.0,2023-11-01,0,1
2023,12,A3223,BILBAO-LARRABETZU(Artxandako tunelak/Tuneles Artxanda),17517.0,12337.0,1984.0,808.0,851.0,435.0,0.0,204.0,142.0,2023-12-01,0,1
2024,1,A3223,BILBAO-LARRABETZU(Artxandako tunelak/Tuneles Artxanda),19017.0,12244.0,2248.0,916.0,1038.0,472.0,,200.0,211.0,2024-01-01,0,1
2024,2,A3223,BILBAO-LARRABETZU(Artxandako tunelak/Tuneles Artxanda),18515.0,12243.0,2057.0,967.0,852.0,353.0,,207.0,201.0,2024-02-01,0,1
2024,3,A3223,BILBAO-LARRABETZU(Artxandako tunelak/Tuneles Artxanda),17335.0,11105.0,1888.0,930.0,848.0,377.0,,196.0,156.0,2024-03-01,0,1
2024,4,A3223,BILBAO-LARRABETZU(Artxandako tunelak/Tuneles Artxanda),17828.0,11520.0,1857.0,865.0,770.0,479.0,0.0,182.0,193.0,2024-04-01,0,1
2024,5,A3223,BILBAO-LARRABETZU(Artxandako tunelak/Tuneles Artxanda),19873.0,12567.0,2030.0,899.0,834.0,733.0,0.0,203.0,219.0,2024-05-01,0,1
2024,6,A3223,BILBAO-LARRABETZU(Artxandako tunelak/Tuneles Artxanda),18135.0,11885.0,1937.0,646.0,623.0,580.0,0.0,210.0,258.0,2024-06-01,0,1
2024,7,A3223,BILBAO-LARRABETZU(Artxandako tunelak/Tuneles Artxanda),16219.0,10974.0,1710.0,488.0,464.0,672.0,0.0,193.0,169.0,2024-07-01,0,1
2024,8,A3223,BILBAO-LARRABETZU(Artxandako tunelak/Tuneles Artxanda),15240.0,9922.0,1544.0,177.0,413.0,967.0,0.0,256.0,127.0,2024-08-01,0,1
2024,9,A3223,BILBAO-LARRABETZU(Artxandako tunelak/Tuneles Artxanda),19803.0,12613.0,1896.0,990.0,884.0,702.0,0.0,235.0,173.0,2024-09-01,0,1
2024,10,A3223,BILBAO-LARRABETZU(Artxandako tunelak/Tuneles Artxanda),19708.0,12132.0,2242.0,1059.0,1034.0,368.0,0.0,223.0,168.0,2024-10-01,0,1
2024,11,A3223,BILBAO-LARRABETZU(Artxandako tunelak/Tuneles Artxanda),20491.0,12364.0,2281.0,1214.0,1102.0,385.0,0.0,226.0,181.0,2024-11-01,0,1
2024,12,A3223,BILBAO-LARRABETZU(Artxandako tunelak/Tuneles Artxanda),18926.0,11899.0,2202.0,904.0,966.0,352.0,0.0,220.0,156.0,2024-12-01,0,1
2025,1,A3223,BILBAO-LARRABETZU(Artxandako tunelak/Tuneles Artxanda),19716.0,12381.0,2281.0,843.0,1069.0,332.0,0.0,234.0,193.0,2025-01-01,0,1
2025,2,A3223,BILBAO-LARRABETZU(Artxandako tunelak/Tuneles Artxanda),20117.0,12478.0,2093.0,1064.0,1097.0,386.0,1.0,224.0,178.0,2025-02-01,0,1
2025,3,A3223,BILBAO-LARRABETZU(Artxandako tunelak/Tuneles Artxanda),22240.0,13510.0,2280.0,1164.0,1286.0,402.0,0.0,202.0,221.0,2025-03-01,0,1
2025,4,A3223,BILBAO-LARRABETZU(Artxandako tunelak/Tuneles Artxanda),21033.0,13037.0,1925.0,1041.0,1089.0,573.0,0.0,231.0,237.0,2025-04-01,0,1
2025,5,A3223,BILBAO-LARRABETZU(Artxandako tunelak/Tuneles Artxanda),22221.0,13619.0,2119.0,1078.0,1103.0,601.0,0.0,211.0,220.0,2025-05-01,0,1
2025,6,A3223,BILBAO-LARRABETZU(Artxandako tunelak/Tuneles Artxanda),20614.0,13064.0,2015.0,771.0,765.0,500.0,0.0,196.0,180.0,2025-06-01,0,1
2025,7,A3223,BILBAO-LARRABETZU(Artxandako tunelak/Tuneles Artxanda),17576.0,11446.0,1831.0,420.0,661.0,492.0,0.0,211.0,175.0,2025-07-01,0,1
2025,8,A3223,BILBAO-LARRABETZU(Artxandako tunelak/Tuneles Artxanda),14768.0,9742.0,1683.0,307.0,439.0,579.0,1.0,155.0,159.0,2025-08-01,0,1
2025,9,A3223,BILBAO-LARRABETZU(Artxandako tunelak/Tuneles Artxanda),21627.0,13481.0,2217.0,1068.0,959.0,613.0,1.0,177.0,202.0,2025-09-01,0,1
2025,10,A3223,BILBAO-LARRABETZU(Artxandako tunelak/Tuneles Artxanda),22669.0,13613.0,2532.0,1075.0,1276.0,458.0,0.0,139.0,211.0,2025-10-01,0,1
2025,11,A3223,BILBAO-LARRABETZU(Artxandako tunelak/Tuneles Artxanda),20485.0,12373.0,2457.0,1049.0,1152.0,245.0,1.0,143.0,190.0,2025-11-01,0,1
2025,12,A3223,BILBAO-LARRABETZU(Artxandako tunelak/Tuneles Artxanda),21102.0,13114.0,2525.0,907.0,1183.0,325.0,0.0,200.0,248.0,2025-12-01,0,1
2020,1,A3225,BILBAO-LAUKIZ,5293.0,2893.0,431.0,88.0,1090.0,394.0,0.0,45.0,64.0,2020-01-01,1,0
2020,2,A3225,BILBAO-LAUKIZ,5233.0,2524.0,469.0,140.0,1337.0,378.0,0.0,61.0,48.0,2020-02-01,1,0
2020,3,A3225,BILBAO-LAUKIZ,2454.0,1318.0,184.0,42.0,628.0,125.0,0.0,21.0,16.0,2020-03-01,1,0
2020,4,A3225,BILBAO-LAUKIZ,498.0,471.0,12.0,,6.0,,,,,2020-04-01,1,0
2020,5,A3225,BILBAO-LAUKIZ,1547.0,1318.0,99.0,,70.0,0.0,0.0,6.0,7.0,2020-05-01,1,0
2020,6,A3225,BILBAO-LAUKIZ,3670.0,2502.0,332.0,9.0,585.0,0.0,0.0,26.0,43.0,2020-06-01,1,0
2020,7,A3225,BILBAO-LAUKIZ,4147.0,2832.0,359.0,14.0,697.0,0.0,0.0,19.0,37.0,2020-07-01,1,0
2020,8,A3225,BILBAO-LAUKIZ,2931.0,2115.0,260.0,25.0,398.0,0.0,0.0,21.0,17.0,2020-08-01,1,0
2020,9,A3225,BILBAO-LAUKIZ,3995.0,2709.0,350.0,23.0,658.0,,,25.0,57.0,2020-09-01,1,0
2020,10,A3225,BILBAO-LAUKIZ,4192.0,2431.0,331.0,75.0,1089.0,,,26.0,38.0,2020-10-01,1,0
2020,11,A3225,BILBAO-LAUKIZ,3976.0,2299.0,330.0,108.0,927.0,,,22.0,60.0,2020-11-01,1,0
2020,12,A3225,BILBAO-LAUKIZ,3470.0,2188.0,265.0,68.0,637.0,28.0,0.0,18.0,64.0,2020-12-01,1,0
2021,1,A3225,BILBAO-LAUKIZ,3103.0,1913.0,240.0,87.0,578.0,52.0,0.0,18.0,70.0,2021-01-01,1,0
2021,2,A3225,BILBAO-LAUKIZ,3482.0,2091.0,279.0,94.0,684.0,73.0,0.0,12.0,65.0,2021-02-01,1,0
2021,3,A3225,BILBAO-LAUKIZ,4156.0,2470.0,424.0,96.0,725.0,102.0,0.0,38.0,81.0,2021-03-01,1,0
2021,4,A3225,BILBAO-LAUKIZ,3674.0,2378.0,343.0,89.0,426.0,123.0,,46.0,60.0,2021-04-01,1,0
2021,5,A3225,BILBAO-LAUKIZ,4083.0,2597.0,452.0,102.0,505.0,108.0,0.0,52.0,80.0,2021-05-01,1,0
2021,6,A3225,BILBAO-LAUKIZ,4274.0,2738.0,421.0,95.0,517.0,197.0,0.0,60.0,72.0,2021-06-01,1,0
2021,7,A3225,BILBAO-LAUKIZ,3792.0,2653.0,367.0,44.0,375.0,147.0,,30.0,61.0,2021-07-01,1,0
2021,8,A3225,BILBAO-LAUKIZ,3070.0,2125.0,311.0,17.0,211.0,236.0,,53.0,53.0,2021-08-01,1,0
2021,9,A3225,BILBAO-LAUKIZ,4436.0,2978.0,456.0,109.0,366.0,235.0,,45.0,69.0,2021-09-01,1,0
2021,10,A3225,BILBAO-LAUKIZ,4531.0,2836.0,454.0,177.0,523.0,182.0,,48.0,117.0,2021-10-01,1,0
2021,11,A3225,BILBAO-LAUKIZ,4451.0,2788.0,447.0,185.0,493.0,192.0,0.0,29.0,115.0,2021-11-01,1,0
2021,12,A3225,BILBAO-LAUKIZ,3824.0,2463.0,386.0,104.0,357.0,197.0,1.0,43.0,103.0,2021-12-01,1,0
2022,1,A3225,BILBAO-LAUKIZ,3733.0,2362.0,454.0,163.0,306.0,182.0,,48.0,76.0,2022-01-01,0,0
2022,2,A3225,BILBAO-LAUKIZ,4115.0,2583.0,474.0,100.0,435.0,189.0,,50.0,146.0,2022-02-01,0,0
2022,3,A3225,BILBAO-LAUKIZ,5106.0,3136.0,616.0,116.0,571.0,269.0,0.0,92.0,157.0,2022-03-01,0,0
2022,4,A3225,BILBAO-LAUKIZ,4186.0,2691.0,499.0,102.0,346.0,232.0,,67.0,84.0,2022-04-01,0,0
2022,5,A3225,BILBAO-LAUKIZ,5239.0,3284.0,688.0,141.0,604.0,205.0,,57.0,90.0,2022-05-01,0,0
2022,6,A3225,BILBAO-LAUKIZ,5114.0,3292.0,740.0,98.0,355.0,235.0,,143.0,80.0,2022-06-01,0,0
2022,7,A3225,BILBAO-LAUKIZ,4503.0,3039.0,531.0,20.0,293.0,297.0,1.0,116.0,55.0,2022-07-01,0,0
2022,8,A3225,BILBAO-LAUKIZ,4072.0,2828.0,505.0,4.0,226.0,318.0,0.0,87.0,24.0,2022-08-01,0,0
2022,9,A3225,BILBAO-LAUKIZ,4927.0,3360.0,579.0,72.0,370.0,186.0,,57.0,115.0,2022-09-01,0,1
2022,10,A3225,BILBAO-LAUKIZ,5371.0,3674.0,560.0,110.0,429.0,229.0,,41.0,136.0,2022-10-01,0,1
2022,11,A3225,BILBAO-LAUKIZ,5524.0,3694.0,566.0,76.0,620.0,126.0,,34.0,182.0,2022-11-01,0,1
2022,12,A3225,BILBAO-LAUKIZ,5206.0,3536.0,534.0,47.0,471.0,231.0,,70.0,118.0,2022-12-01,0,1
2023,1,A3225,BILBAO-LAUKIZ,4938.0,3392.0,478.0,45.0,521.0,156.0,,62.0,90.0,2023-01-01,0,1
2023,2,A3225,BILBAO-LAUKIZ,4915.0,3423.0,423.0,69.0,575.0,124.0,,38.0,131.0,2023-02-01,0,1
2023,3,A3225,BILBAO-LAUKIZ,4981.0,3248.0,462.0,60.0,818.0,109.0,,38.0,146.0,2023-03-01,0,1
2023,4,A3225,BILBAO-LAUKIZ,3948.0,2680.0,370.0,56.0,479.0,106.0,,49.0,85.0,2023-04-01,0,1
2023,5,A3225,BILBAO-LAUKIZ,5336.0,3468.0,453.0,112.0,812.0,149.0,,64.0,145.0,2023-05-01,0,1
2023,6,A3225,BILBAO-LAUKIZ,5423.0,3775.0,599.0,47.0,575.0,159.0,,45.0,96.0,2023-06-01,0,1
2023,7,A3225,BILBAO-LAUKIZ,4963.0,3714.0,458.0,78.0,255.0,199.0,,84.0,56.0,2023-07-01,0,1
2023,8,A3225,BILBAO-LAUKIZ,4544.0,3430.0,435.0,40.0,192.0,277.0,0.0,30.0,34.0,2023-08-01,0,1
2023,9,A3225,BILBAO-LAUKIZ,5513.0,3871.0,466.0,69.0,558.0,214.0,0.0,31.0,73.0,2023-09-01,0,1
2023,10,A3225,BILBAO-LAUKIZ,6224.0,4328.0,477.0,65.0,791.0,166.0,0.0,16.0,66.0,2023-10-01,0,1
2023,11,A3225,BILBAO-LAUKIZ,5691.0,3816.0,395.0,67.0,866.0,140.0,0.0,52.0,86.0,2023-11-01,0,1
2023,12,A3225,BILBAO-LAUKIZ,4968.0,3419.0,387.0,42.0,629.0,149.0,0.0,97.0,64.0,2023-12-01,0,1
2020,1,A2153,BILBAO-LOIU-Lauroeta-DERIO,15491.0,8503.0,1175.0,484.0,3633.0,867.0,5.0,74.0,76.0,2020-01-01,1,0
2020,2,A2153,BILBAO-LOIU-Lauroeta-DERIO,15788.0,8500.0,1286.0,607.0,3466.0,980.0,3.0,86.0,70.0,2020-02-01,1,0
2020,3,A2153,BILBAO-LOIU-Lauroeta-DERIO,7528.0,4516.0,464.0,290.0,1486.0,374.0,2.0,32.0,29.0,2020-03-01,1,0
2020,4,A2153,BILBAO-LOIU-Lauroeta-DERIO,1070.0,963.0,37.0,2.0,5.0,,,,14.0,2020-04-01,1,0
2020,5,A2153,BILBAO-LOIU-Lauroeta-DERIO,3500.0,2811.0,212.0,75.0,270.0,0.0,0.0,2.0,25.0,2020-05-01,1,0
2020,6,A2153,BILBAO-LOIU-Lauroeta-DERIO,9762.0,6270.0,701.0,214.0,2227.0,0.0,0.0,4.0,26.0,2020-06-01,1,0
2020,7,A2153,BILBAO-LOIU-Lauroeta-DERIO,10447.0,6367.0,798.0,116.0,2771.0,0.0,0.0,15.0,29.0,2020-07-01,1,0
2020,8,A2153,BILBAO-LOIU-Lauroeta-DERIO,7578.0,4296.0,620.0,63.0,2307.0,0.0,0.0,21.0,29.0,2020-08-01,1,0
2020,9,A2153,BILBAO-LOIU-Lauroeta-DERIO,11897.0,7618.0,751.0,320.0,2634.0,,,28.0,31.0,2020-09-01,1,0
2020,10,A2153,BILBAO-LOIU-Lauroeta-DERIO,12391.0,7347.0,753.0,462.0,3111.0,,,29.0,35.0,2020-10-01,1,0
2020,11,A2153,BILBAO-LOIU-Lauroeta-DERIO,9654.0,5913.0,604.0,371.0,2203.0,,,16.0,20.0,2020-11-01,1,0
2020,12,A2153,BILBAO-LOIU-Lauroeta-DERIO,9179.0,5695.0,593.0,357.0,1983.0,35.0,0.0,17.0,38.0,2020-12-01,1,0
2021,1,A2153,BILBAO-LOIU-Lauroeta-DERIO,9109.0,5710.0,532.0,331.0,1860.0,188.0,0.0,39.0,46.0,2021-01-01,1,0
2021,2,A2153,BILBAO-LOIU-Lauroeta-DERIO,10204.0,6473.0,511.0,456.0,1936.0,187.0,2.0,53.0,59.0,2021-02-01,1,0
2021,3,A2153,BILBAO-LOIU-Lauroeta-DERIO,12789.0,8049.0,771.0,481.0,2220.0,380.0,2.0,92.0,112.0,2021-03-01,1,0
2021,4,A2153,BILBAO-LOIU-Lauroeta-DERIO,11427.0,7532.0,675.0,460.0,1453.0,385.0,2.0,106.0,115.0,2021-04-01,1,0
2021,5,A2153,BILBAO-LOIU-Lauroeta-DERIO,14218.0,9219.0,816.0,597.0,1609.0,628.0,3.0,172.0,123.0,2021-05-01,1,0
2021,6,A2153,BILBAO-LOIU-Lauroeta-DERIO,14483.0,9344.0,994.0,408.0,1987.0,731.0,3.0,150.0,113.0,2021-06-01,1,0
2021,7,A2153,BILBAO-LOIU-Lauroeta-DERIO,11569.0,7261.0,1014.0,215.0,1840.0,732.0,,140.0,93.0,2021-07-01,1,0
2021,8,A2153,BILBAO-LOIU-Lauroeta-DERIO,9226.0,5867.0,824.0,186.0,1034.0,914.0,2.0,78.0,95.0,2021-08-01,1,0
2021,9,A2153,BILBAO-LOIU-Lauroeta-DERIO,14130.0,8888.0,865.0,668.0,1710.0,965.0,,134.0,107.0,2021-09-01,1,0
2021,10,A2153,BILBAO-LOIU-Lauroeta-DERIO,15055.0,9167.0,1106.0,792.0,1810.0,1040.0,9.0,70.0,126.0,2021-10-01,1,0
2021,11,A2153,BILBAO-LOIU-Lauroeta-DERIO,14459.0,8778.0,1060.0,840.0,1730.0,947.0,3.0,67.0,119.0,2021-11-01,1,0
2021,12,A2153,BILBAO-LOIU-Lauroeta-DERIO,13492.0,8613.0,1103.0,555.0,1418.0,889.0,,82.0,101.0,2021-12-01,1,0
2022,1,A2153,BILBAO-LOIU-Lauroeta-DERIO,12908.0,8170.0,985.0,527.0,1417.0,893.0,6.0,65.0,91.0,2022-01-01,0,0
2022,2,A2153,BILBAO-LOIU-Lauroeta-DERIO,13846.0,8417.0,1091.0,734.0,1493.0,883.0,22.0,77.0,120.0,2022-02-01,0,0
2022,3,A2153,BILBAO-LOIU-Lauroeta-DERIO,16549.0,10205.0,1420.0,882.0,1595.0,1067.0,4.0,93.0,130.0,2022-03-01,0,0
2022,4,A2153,BILBAO-LOIU-Lauroeta-DERIO,14645.0,9070.0,1275.0,583.0,1180.0,1327.0,4.0,212.0,124.0,2022-04-01,0,0
2022,5,A2153,BILBAO-LOIU-Lauroeta-DERIO,19394.0,12183.0,1402.0,802.0,1532.0,1543.0,9.0,233.0,172.0,2022-05-01,0,0
2022,6,A2153,BILBAO-LOIU-Lauroeta-DERIO,17176.0,11156.0,1335.0,468.0,1334.0,1525.0,7.0,234.0,114.0,2022-06-01,0,0
2022,7,A2153,BILBAO-LOIU-Lauroeta-DERIO,13584.0,8712.0,1216.0,266.0,1167.0,1427.0,4.0,261.0,83.0,2022-07-01,0,0
2022,8,A2153,BILBAO-LOIU-Lauroeta-DERIO,12247.0,7668.0,1174.0,327.0,845.0,1648.0,1.0,204.0,81.0,2022-08-01,0,0
2022,9,A2153,BILBAO-LOIU-Lauroeta-DERIO,18311.0,11674.0,1510.0,669.0,1802.0,1335.0,3.0,170.0,152.0,2022-09-01,0,1
2022,10,A2153,BILBAO-LOIU-Lauroeta-DERIO,19543.0,12523.0,1757.0,869.0,1819.0,1207.0,4.0,134.0,127.0,2022-10-01,0,1
2022,11,A2153,BILBAO-LOIU-Lauroeta-DERIO,19379.0,12224.0,1686.0,887.0,2142.0,1023.0,,94.0,144.0,2022-11-01,0,1
2022,12,A2153,BILBAO-LOIU-Lauroeta-DERIO,17660.0,11219.0,1494.0,589.0,2258.0,937.0,1.0,156.0,129.0,2022-12-01,0,1
2023,1,A2153,BILBAO-LOIU-Lauroeta-DERIO,15617.0,10272.0,1338.0,601.0,1645.0,805.0,1.0,94.0,91.0,2023-01-01,0,1
2023,2,A2153,BILBAO-LOIU-Lauroeta-DERIO,14834.0,9672.0,1146.0,556.0,1761.0,795.0,3.0,81.0,77.0,2023-02-01,0,1
2023,3,A2153,BILBAO-LOIU-Lauroeta-DERIO,16623.0,10733.0,1349.0,516.0,2203.0,837.0,1.0,114.0,107.0,2023-03-01,0,1
2023,4,A2153,BILBAO-LOIU-Lauroeta-DERIO,12945.0,8156.0,1180.0,340.0,1720.0,835.0,2.0,131.0,87.0,2023-04-01,0,1
2023,5,A2153,BILBAO-LOIU-Lauroeta-DERIO,19695.0,12866.0,1619.0,519.0,2089.0,1215.0,8.0,132.0,93.0,2023-05-01,0,1
2023,6,A2153,BILBAO-LOIU-Lauroeta-DERIO,19908.0,13291.0,1818.0,376.0,1922.0,1274.0,13.0,166.0,109.0,2023-06-01,0,1
2023,7,A2153,BILBAO-LOIU-Lauroeta-DERIO,15364.0,10080.0,1575.0,229.0,1331.0,1475.0,5.0,174.0,82.0,2023-07-01,0,1
2023,8,A2153,BILBAO-LOIU-Lauroeta-DERIO,14620.0,9398.0,1340.0,148.0,1150.0,1980.0,0.0,208.0,60.0,2023-08-01,0,1
2023,9,A2153,BILBAO-LOIU-Lauroeta-DERIO,20747.0,13236.0,1451.0,671.0,2133.0,1975.0,2.0,167.0,136.0,2023-09-01,0,1
2023,10,A2153,BILBAO-LOIU-Lauroeta-DERIO,22102.0,13903.0,1663.0,784.0,2793.0,1812.0,4.0,120.0,145.0,2023-10-01,0,1
2023,11,A2153,BILBAO-LOIU-Lauroeta-DERIO,21460.0,13093.0,1648.0,821.0,3442.0,1324.0,1.0,108.0,158.0,2023-11-01,0,1
2023,12,A2153,BILBAO-LOIU-Lauroeta-DERIO,20058.0,11963.0,1475.0,634.0,3508.0,1401.0,0.0,149.0,153.0,2023-12-01,0,1
2020,1,A3250,BILBAO-Teknologia Parkea/Parque Tecnologico (Artxandako tunelak/Tuneles Artxanda),22615.0,17908.0,932.0,1367.0,861.0,714.0,1.0,2.0,103.0,2020-01-01,1,0
2020,2,A3250,BILBAO-Teknologia Parkea/Parque Tecnologico (Artxandako tunelak/Tuneles Artxanda),23805.0,18818.0,997.0,1415.0,967.0,639.0,1.0,4.0,88.0,2020-02-01,1,0
2020,3,A3250,BILBAO-Teknologia Parkea/Parque Tecnologico (Artxandako tunelak/Tuneles Artxanda),12465.0,9902.0,530.0,741.0,552.0,316.0,0.0,0.0,50.0,2020-03-01,1,0
2020,4,A3250,BILBAO-Teknologia Parkea/Parque Tecnologico (Artxandako tunelak/Tuneles Artxanda),2010.0,1755.0,110.0,53.0,27.0,,,,,2020-04-01,1,0
2020,5,A3250,BILBAO-Teknologia Parkea/Parque Tecnologico (Artxandako tunelak/Tuneles Artxanda),3916.0,3414.0,230.0,105.0,65.0,0.0,0.0,0.0,11.0,2020-05-01,1,0
2020,6,A3250,BILBAO-Teknologia Parkea/Parque Tecnologico (Artxandako tunelak/Tuneles Artxanda),7822.0,6509.0,589.0,224.0,264.0,0.0,0.0,0.0,15.0,2020-06-01,1,0
2020,7,A3250,BILBAO-Teknologia Parkea/Parque Tecnologico (Artxandako tunelak/Tuneles Artxanda),8973.0,7654.0,516.0,336.0,230.0,0.0,0.0,1.0,13.0,2020-07-01,1,0
2020,8,A3250,BILBAO-Teknologia Parkea/Parque Tecnologico (Artxandako tunelak/Tuneles Artxanda),4395.0,3829.0,230.0,131.0,108.0,0.0,0.0,0.0,9.0,2020-08-01,1,0
2020,9,A3250,BILBAO-Teknologia Parkea/Parque Tecnologico (Artxandako tunelak/Tuneles Artxanda),10610.0,8948.0,499.0,418.0,298.0,,,,51.0,2020-09-01,1,0
2020,10,A3250,BILBAO-Teknologia Parkea/Parque Tecnologico (Artxandako tunelak/Tuneles Artxanda),11586.0,9383.0,569.0,468.0,456.0,,,,74.0,2020-10-01,1,0
2020,11,A3250,BILBAO-Teknologia Parkea/Parque Tecnologico (Artxandako tunelak/Tuneles Artxanda),9197.0,7529.0,448.0,399.0,352.0,,,,50.0,2020-11-01,1,0
2020,12,A3250,BILBAO-Teknologia Parkea/Parque Tecnologico (Artxandako tunelak/Tuneles Artxanda),6810.0,5586.0,454.0,237.0,215.0,13.0,0.0,0.0,53.0,2020-12-01,1,0
2021,1,A3250,BILBAO-Teknologia Parkea/Parque Tecnologico (Artxandako tunelak/Tuneles Artxanda),7494.0,6171.0,421.0,264.0,235.0,40.0,0.0,2.0,100.0,2021-01-01,1,0
2021,2,A3250,BILBAO-Teknologia Parkea/Parque Tecnologico (Artxandako tunelak/Tuneles Artxanda),9463.0,7969.0,445.0,317.0,269.0,60.0,1.0,0.0,113.0,2021-02-01,1,0
2021,3,A3250,BILBAO-Teknologia Parkea/Parque Tecnologico (Artxandako tunelak/Tuneles Artxanda),10389.0,8679.0,510.0,379.0,299.0,91.0,0.0,2.0,143.0,2021-03-01,1,0
2021,4,A3250,BILBAO-Teknologia Parkea/Parque Tecnologico (Artxandako tunelak/Tuneles Artxanda),9757.0,8019.0,466.0,463.0,313.0,92.0,,1.0,112.0,2021-04-01,1,0
2021,5,A3250,BILBAO-Teknologia Parkea/Parque Tecnologico (Artxandako tunelak/Tuneles Artxanda),11393.0,9237.0,595.0,549.0,380.0,97.0,0.0,0.0,179.0,2021-05-01,1,0
2021,6,A3250,BILBAO-Teknologia Parkea/Parque Tecnologico (Artxandako tunelak/Tuneles Artxanda),11656.0,9547.0,589.0,397.0,435.0,147.0,0.0,0.0,163.0,2021-06-01,1,0
2021,7,A3250,BILBAO-Teknologia Parkea/Parque Tecnologico (Artxandako tunelak/Tuneles Artxanda),10370.0,8653.0,570.0,322.0,340.0,111.0,,1.0,112.0,2021-07-01,1,0
2021,8,A3250,BILBAO-Teknologia Parkea/Parque Tecnologico (Artxandako tunelak/Tuneles Artxanda),5558.0,4600.0,355.0,169.0,174.0,76.0,,,81.0,2021-08-01,1,0
2021,9,A3250,BILBAO-Teknologia Parkea/Parque Tecnologico (Artxandako tunelak/Tuneles Artxanda),12462.0,9864.0,652.0,592.0,480.0,229.0,,1.0,179.0,2021-09-01,1,0
2021,10,A3250,BILBAO-Teknologia Parkea/Parque Tecnologico (Artxandako tunelak/Tuneles Artxanda),13291.0,10340.0,704.0,691.0,585.0,280.0,,,181.0,2021-10-01,1,0
2021,11,A3250,BILBAO-Teknologia Parkea/Parque Tecnologico (Artxandako tunelak/Tuneles Artxanda),16033.0,12282.0,726.0,837.0,767.0,460.0,0.0,4.0,217.0,2021-11-01,1,0
2021,12,A3250,BILBAO-Teknologia Parkea/Parque Tecnologico (Artxandako tunelak/Tuneles Artxanda),10288.0,8032.0,567.0,486.0,494.0,148.0,,,158.0,2021-12-01,1,0
2022,1,A3250,BILBAO-Teknologia Parkea/Parque Tecnologico (Artxandako tunelak/Tuneles Artxanda),11341.0,8941.0,513.0,408.0,658.0,208.0,,4.0,170.0,2022-01-01,0,0
2022,2,A3250,BILBAO-Teknologia Parkea/Parque Tecnologico (Artxandako tunelak/Tuneles Artxanda),14231.0,11294.0,526.0,706.0,696.0,215.0,,,194.0,2022-02-01,0,0
2022,3,A3250,BILBAO-Teknologia Parkea/Parque Tecnologico (Artxandako tunelak/Tuneles Artxanda),19425.0,15252.0,723.0,1119.0,923.0,421.0,0.0,0.0,221.0,2022-03-01,0,0
2022,4,A3250,BILBAO-Teknologia Parkea/Parque Tecnologico (Artxandako tunelak/Tuneles Artxanda),12794.0,10259.0,493.0,672.0,574.0,253.0,,3.0,132.0,2022-04-01,0,0
2022,5,A3250,BILBAO-Teknologia Parkea/Parque Tecnologico (Artxandako tunelak/Tuneles Artxanda),18715.0,14875.0,688.0,951.0,904.0,409.0,,,202.0,2022-05-01,0,0
2022,6,A3250,BILBAO-Teknologia Parkea/Parque Tecnologico (Artxandako tunelak/Tuneles Artxanda),16589.0,13860.0,631.0,643.0,541.0,337.0,,2.0,163.0,2022-06-01,0,0
2022,7,A3250,BILBAO-Teknologia Parkea/Parque Tecnologico (Artxandako tunelak/Tuneles Artxanda),12756.0,10558.0,553.0,504.0,366.0,276.0,,5.0,109.0,2022-07-01,0,0
2022,8,A3250,BILBAO-Teknologia Parkea/Parque Tecnologico (Artxandako tunelak/Tuneles Artxanda),8145.0,6920.0,354.0,214.0,252.0,183.0,0.0,0.0,48.0,2022-08-01,0,0
2022,9,A3250,BILBAO-Teknologia Parkea/Parque Tecnologico (Artxandako tunelak/Tuneles Artxanda),17295.0,13843.0,720.0,838.0,717.0,296.0,,0.0,171.0,2022-09-01,0,1
2022,10,A3250,BILBAO-Teknologia Parkea/Parque Tecnologico (Artxandako tunelak/Tuneles Artxanda),18067.0,14414.0,690.0,846.0,879.0,306.0,,,164.0,2022-10-01,0,1
2022,11,A3250,BILBAO-Teknologia Parkea/Parque Tecnologico (Artxandako tunelak/Tuneles Artxanda),20188.0,16358.0,781.0,929.0,996.0,250.0,,1.0,139.0,2022-11-01,0,1
2022,12,A3250,BILBAO-Teknologia Parkea/Parque Tecnologico (Artxandako tunelak/Tuneles Artxanda),14059.0,11599.0,656.0,517.0,541.0,203.0,,1.0,109.0,2022-12-01,0,1
2023,1,A3250,BILBAO-Teknologia Parkea/Parque Tecnologico (Artxandako tunelak/Tuneles Artxanda),17586.0,14649.0,668.0,670.0,619.0,297.0,,11.0,135.0,2023-01-01,0,1
2023,2,A3250,BILBAO-Teknologia Parkea/Parque Tecnologico (Artxandako tunelak/Tuneles Artxanda),18100.0,14880.0,671.0,668.0,808.0,321.0,,14.0,145.0,2023-02-01,0,1
2023,3,A3250,BILBAO-Teknologia Parkea/Parque Tecnologico (Artxandako tunelak/Tuneles Artxanda),19968.0,16353.0,718.0,900.0,1135.0,225.0,,14.0,144.0,2023-03-01,0,1
2023,4,A3250,BILBAO-Teknologia Parkea/Parque Tecnologico (Artxandako tunelak/Tuneles Artxanda),12476.0,10579.0,355.0,489.0,625.0,77.0,,7.0,83.0,2023-04-01,0,1
2023,5,A3250,BILBAO-Teknologia Parkea/Parque Tecnologico (Artxandako tunelak/Tuneles Artxanda),20324.0,17342.0,631.0,743.0,861.0,219.0,,15.0,128.0,2023-05-01,0,1
2023,6,A3250,BILBAO-Teknologia Parkea/Parque Tecnologico (Artxandako tunelak/Tuneles Artxanda),19140.0,16651.0,692.0,483.0,611.0,261.0,,23.0,140.0,2023-06-01,0,1
2023,7,A3250,BILBAO-Teknologia Parkea/Parque Tecnologico (Artxandako tunelak/Tuneles Artxanda),15187.0,13194.0,679.0,385.0,379.0,215.0,,22.0,57.0,2023-07-01,0,1
2023,8,A3250,BILBAO-Teknologia Parkea/Parque Tecnologico (Artxandako tunelak/Tuneles Artxanda),9554.0,8290.0,435.0,224.0,254.0,141.0,0.0,4.0,35.0,2023-08-01,0,1
2023,9,A3250,BILBAO-Teknologia Parkea/Parque Tecnologico (Artxandako tunelak/Tuneles Artxanda),18897.0,15581.0,724.0,859.0,767.0,332.0,0.0,2.0,98.0,2023-09-01,0,1
2023,10,A3250,BILBAO-Teknologia Parkea/Parque Tecnologico (Artxandako tunelak/Tuneles Artxanda),21664.0,17709.0,817.0,1021.0,1135.0,297.0,2.0,2.0,56.0,2023-10-01,0,1
2023,11,A3250,BILBAO-Teknologia Parkea/Parque Tecnologico (Artxandako tunelak/Tuneles Artxanda),21833.0,17802.0,835.0,971.0,1150.0,342.0,2.0,5.0,93.0,2023-11-01,0,1
2023,12,A3250,BILBAO-Teknologia Parkea/Parque Tecnologico (Artxandako tunelak/Tuneles Artxanda),14113.0,11649.0,584.0,602.0,601.0,195.0,0.0,0.0,49.0,2023-12-01,0,1
2024,1,A3250,BILBAO-Teknologia Parkea/Parque Tecnologico (Artxandako tunelak/Tuneles Artxanda),20769.0,15093.0,721.0,865.0,1106.0,261.0,2.0,6.0,83.0,2024-01-01,0,1
2024,2,A3250,BILBAO-Teknologia Parkea/Parque Tecnologico (Artxandako tunelak/Tuneles Artxanda),22636.0,17081.0,837.0,845.0,1022.0,261.0,,2.0,78.0,2024-02-01,0,1
2024,3,A3250,BILBAO-Teknologia Parkea/Parque Tecnologico (Artxandako tunelak/Tuneles Artxanda),19960.0,14031.0,734.0,796.0,1223.0,254.0,,,72.0,2024-03-01,0,1
2024,4,A3250,BILBAO-Teknologia Parkea/Parque Tecnologico (Artxandako tunelak/Tuneles Artxanda),22758.0,16056.0,768.0,810.0,1364.0,295.0,0.0,3.0,53.0,2024-04-01,0,1
2024,5,A3250,BILBAO-Teknologia Parkea/Parque Tecnologico (Artxandako tunelak/Tuneles Artxanda),23749.0,16599.0,802.0,868.0,1423.0,263.0,0.0,2.0,65.0,2024-05-01,0,1
2024,6,A3250,BILBAO-Teknologia Parkea/Parque Tecnologico (Artxandako tunelak/Tuneles Artxanda),20895.0,14929.0,836.0,623.0,1169.0,203.0,0.0,4.0,51.0,2024-06-01,0,1
2024,7,A3250,BILBAO-Teknologia Parkea/Parque Tecnologico (Artxandako tunelak/Tuneles Artxanda),18458.0,13029.0,724.0,519.0,1068.0,202.0,0.0,3.0,59.0,2024-07-01,0,1
2024,8,A3250,BILBAO-Teknologia Parkea/Parque Tecnologico (Artxandako tunelak/Tuneles Artxanda),7840.0,7386.0,303.0,0.0,0.0,73.0,0.0,8.0,18.0,2024-08-01,0,1
2024,9,A3250,BILBAO-Teknologia Parkea/Parque Tecnologico (Artxandako tunelak/Tuneles Artxanda),20947.0,14465.0,705.0,737.0,1251.0,295.0,0.0,3.0,108.0,2024-09-01,0,1
2024,10,A3250,BILBAO-Teknologia Parkea/Parque Tecnologico (Artxandako tunelak/Tuneles Artxanda),18012.0,12418.0,579.0,543.0,1244.0,176.0,0.0,0.0,119.0,2024-10-01,0,1
2024,11,A3250,BILBAO-Teknologia Parkea/Parque Tecnologico (Artxandako tunelak/Tuneles Artxanda),21009.0,14418.0,565.0,641.0,1542.0,224.0,0.0,0.0,150.0,2024-11-01,0,1
2024,12,A3250,BILBAO-Teknologia Parkea/Parque Tecnologico (Artxandako tunelak/Tuneles Artxanda),15016.0,10419.0,593.0,445.0,946.0,129.0,0.0,0.0,88.0,2024-12-01,0,1
2025,1,A3250,BILBAO-Teknologia Parkea/Parque Tecnologico (Artxandako tunelak/Tuneles Artxanda),20771.0,14486.0,787.0,604.0,1363.0,209.0,0.0,1.0,100.0,2025-01-01,0,1
2025,2,A3250,BILBAO-Teknologia Parkea/Parque Tecnologico (Artxandako tunelak/Tuneles Artxanda),22890.0,15544.0,768.0,908.0,1606.0,160.0,1.0,2.0,97.0,2025-02-01,0,1
2025,3,A3250,BILBAO-Teknologia Parkea/Parque Tecnologico (Artxandako tunelak/Tuneles Artxanda),24365.0,16046.0,823.0,1208.0,1945.0,138.0,0.0,4.0,97.0,2025-03-01,0,1
2025,4,A3250,BILBAO-Teknologia Parkea/Parque Tecnologico (Artxandako tunelak/Tuneles Artxanda),19797.0,13188.0,717.0,830.0,1534.0,341.0,0.0,1.0,111.0,2025-04-01,0,1
2025,5,A3250,BILBAO-Teknologia Parkea/Parque Tecnologico (Artxandako tunelak/Tuneles Artxanda),22724.0,15164.0,677.0,890.0,1645.0,314.0,0.0,0.0,113.0,2025-05-01,0,1
2025,6,A3250,BILBAO-Teknologia Parkea/Parque Tecnologico (Artxandako tunelak/Tuneles Artxanda),22067.0,15471.0,680.0,509.0,1196.0,221.0,0.0,31.0,109.0,2025-06-01,0,1
2025,7,A3250,BILBAO-Teknologia Parkea/Parque Tecnologico (Artxandako tunelak/Tuneles Artxanda),20624.0,14423.0,688.0,381.0,1237.0,192.0,0.0,4.0,130.0,2025-07-01,0,1
2025,8,A3250,BILBAO-Teknologia Parkea/Parque Tecnologico (Artxandako tunelak/Tuneles Artxanda),9418.0,6513.0,203.0,170.0,623.0,91.0,0.0,0.0,64.0,2025-08-01,0,1
2025,9,A3250,BILBAO-Teknologia Parkea/Parque Tecnologico (Artxandako tunelak/Tuneles Artxanda),22542.0,15201.0,741.0,650.0,1289.0,267.0,0.0,3.0,116.0,2025-09-01,0,1
2025,10,A3250,BILBAO-Teknologia Parkea/Parque Tecnologico (Artxandako tunelak/Tuneles Artxanda),25116.0,16640.0,814.0,729.0,1604.0,235.0,0.0,4.0,155.0,2025-10-01,0,1
2025,11,A3250,BILBAO-Teknologia Parkea/Parque Tecnologico (Artxandako tunelak/Tuneles Artxanda),21707.0,14208.0,754.0,504.0,1549.0,201.0,0.0,10.0,145.0,2025-11-01,0,1
2025,12,A3250,BILBAO-Teknologia Parkea/Parque Tecnologico (Artxandako tunelak/Tuneles Artxanda),16415.0,11172.0,572.0,364.0,969.0,121.0,0.0,12.0,97.0,2025-12-01,0,1
2020,1,A2161,Bizkaia Zubia/Puente Bizkaia-UPV/EHU,21728.0,12126.0,3372.0,2117.0,706.0,1294.0,0.0,303.0,382.0,2020-01-01,1,0
2020,2,A2161,Bizkaia Zubia/Puente Bizkaia-UPV/EHU,26993.0,13710.0,3530.0,4399.0,1085.0,1508.0,1.0,294.0,339.0,2020-02-01,1,0
2020,3,A2161,Bizkaia Zubia/Puente Bizkaia-UPV/EHU,12487.0,6583.0,1515.0,2098.0,482.0,593.0,1.0,136.0,204.0,2020-03-01,1,0
2020,4,A2161,Bizkaia Zubia/Puente Bizkaia-UPV/EHU,871.0,718.0,100.0,7.0,,,,,26.0,2020-04-01,1,0
2020,5,A2161,Bizkaia Zubia/Puente Bizkaia-UPV/EHU,3579.0,2460.0,916.0,18.0,22.0,0.0,0.0,37.0,67.0,2020-05-01,1,0
2020,6,A2161,Bizkaia Zubia/Puente Bizkaia-UPV/EHU,8480.0,5855.0,2023.0,70.0,191.0,0.0,0.0,68.0,103.0,2020-06-01,1,0
2020,7,A2161,Bizkaia Zubia/Puente Bizkaia-UPV/EHU,8187.0,5878.0,1701.0,100.0,125.0,0.0,0.0,93.0,58.0,2020-07-01,1,0
2020,8,A2161,Bizkaia Zubia/Puente Bizkaia-UPV/EHU,4868.0,3199.0,1199.0,83.0,64.0,0.0,0.0,71.0,74.0,2020-08-01,1,0
2020,9,A2161,Bizkaia Zubia/Puente Bizkaia-UPV/EHU,15312.0,10175.0,2029.0,1459.0,401.0,,,76.0,104.0,2020-09-01,1,0
2020,10,A2161,Bizkaia Zubia/Puente Bizkaia-UPV/EHU,20074.0,12485.0,2262.0,2640.0,692.0,,,139.0,157.0,2020-10-01,1,0
2020,11,A2161,Bizkaia Zubia/Puente Bizkaia-UPV/EHU,17479.0,11120.0,1932.0,2079.0,568.0,,,60.0,114.0,2020-11-01,1,0
2020,12,A2161,Bizkaia Zubia/Puente Bizkaia-UPV/EHU,12710.0,8350.0,1619.0,1123.0,308.0,13.0,0.0,136.0,135.0,2020-12-01,1,0
2021,1,A2161,Bizkaia Zubia/Puente Bizkaia-UPV/EHU,12492.0,8303.0,1526.0,982.0,345.0,176.0,0.0,89.0,191.0,2021-01-01,1,0
2021,2,A2161,Bizkaia Zubia/Puente Bizkaia-UPV/EHU,16997.0,11005.0,1716.0,1635.0,555.0,275.0,0.0,127.0,260.0,2021-02-01,1,0
2021,3,A2161,Bizkaia Zubia/Puente Bizkaia-UPV/EHU,18257.0,11690.0,2216.0,1629.0,518.0,414.0,0.0,176.0,293.0,2021-03-01,1,0
2021,4,A2161,Bizkaia Zubia/Puente Bizkaia-UPV/EHU,15300.0,9666.0,2022.0,1380.0,380.0,441.0,,187.0,232.0,2021-04-01,1,0
2021,5,A2161,Bizkaia Zubia/Puente Bizkaia-UPV/EHU,17111.0,10750.0,2573.0,1275.0,386.0,558.0,0.0,190.0,250.0,2021-05-01,1,0
2021,6,A2161,Bizkaia Zubia/Puente Bizkaia-UPV/EHU,14363.0,9443.0,2614.0,490.0,228.0,499.0,0.0,243.0,175.0,2021-06-01,1,0
2021,7,A2161,Bizkaia Zubia/Puente Bizkaia-UPV/EHU,9309.0,6105.0,2023.0,212.0,95.0,347.0,,157.0,88.0,2021-07-01,1,0
2021,8,A2161,Bizkaia Zubia/Puente Bizkaia-UPV/EHU,5542.0,3375.0,1384.0,79.0,66.0,305.0,,118.0,50.0,2021-08-01,1,0
2021,9,A2161,Bizkaia Zubia/Puente Bizkaia-UPV/EHU,18044.0,11692.0,2299.0,1435.0,476.0,664.0,,213.0,219.0,2021-09-01,1,0
2021,10,A2161,Bizkaia Zubia/Puente Bizkaia-UPV/EHU,22257.0,13080.0,2733.0,2857.0,888.0,775.0,,211.0,217.0,2021-10-01,1,0
2021,11,A2161,Bizkaia Zubia/Puente Bizkaia-UPV/EHU,24882.0,14764.0,2726.0,3387.0,893.0,871.0,0.0,206.0,267.0,2021-11-01,1,0
2021,12,A2161,Bizkaia Zubia/Puente Bizkaia-UPV/EHU,17231.0,10740.0,2348.0,1557.0,540.0,663.0,1.0,186.0,183.0,2021-12-01,1,0
2022,1,A2161,Bizkaia Zubia/Puente Bizkaia-UPV/EHU,16680.0,10442.0,2413.0,1302.0,478.0,622.0,,215.0,172.0,2022-01-01,0,0
2022,2,A2161,Bizkaia Zubia/Puente Bizkaia-UPV/EHU,22386.0,13268.0,2704.0,2850.0,827.0,813.0,,186.0,197.0,2022-02-01,0,0
2022,3,A2161,Bizkaia Zubia/Puente Bizkaia-UPV/EHU,25020.0,14559.0,3218.0,3295.0,849.0,909.0,0.0,258.0,206.0,2022-03-01,0,0
2022,4,A2161,Bizkaia Zubia/Puente Bizkaia-UPV/EHU,17391.0,10489.0,2313.0,1778.0,586.0,728.0,,300.0,130.0,2022-04-01,0,0
2022,5,A2161,Bizkaia Zubia/Puente Bizkaia-UPV/EHU,21970.0,13024.0,3270.0,2117.0,710.0,919.0,,298.0,222.0,2022-05-01,0,0
2022,6,A2161,Bizkaia Zubia/Puente Bizkaia-UPV/EHU,17635.0,11159.0,3233.0,659.0,441.0,756.0,,325.0,168.0,2022-06-01,0,0
2022,7,A2161,Bizkaia Zubia/Puente Bizkaia-UPV/EHU,9875.0,6026.0,2332.0,254.0,119.0,502.0,,259.0,89.0,2022-07-01,0,0
2022,8,A2161,Bizkaia Zubia/Puente Bizkaia-UPV/EHU,6296.0,3609.0,1788.0,126.0,65.0,345.0,0.0,127.0,44.0,2022-08-01,0,0
2022,9,A2161,Bizkaia Zubia/Puente Bizkaia-UPV/EHU,23634.0,14098.0,2997.0,2733.0,1065.0,598.0,,225.0,167.0,2022-09-01,0,1
2022,10,A2161,Bizkaia Zubia/Puente Bizkaia-UPV/EHU,28734.0,16656.0,3477.0,3704.0,1713.0,491.0,,295.0,176.0,2022-10-01,0,1
2022,11,A2161,Bizkaia Zubia/Puente Bizkaia-UPV/EHU,33843.0,20260.0,3757.0,4319.0,1994.0,569.0,2.0,276.0,215.0,2022-11-01,0,1
2022,12,A2161,Bizkaia Zubia/Puente Bizkaia-UPV/EHU,23284.0,14314.0,3241.0,2097.0,1243.0,436.0,,297.0,157.0,2022-12-01,0,1
2023,1,A2161,Bizkaia Zubia/Puente Bizkaia-UPV/EHU,22266.0,13972.0,3025.0,1758.0,1234.0,494.0,,297.0,158.0,2023-01-01,0,1
2023,2,A2161,Bizkaia Zubia/Puente Bizkaia-UPV/EHU,25028.0,15158.0,2997.0,2764.0,1381.0,443.0,,253.0,145.0,2023-02-01,0,1
2023,3,A2161,Bizkaia Zubia/Puente Bizkaia-UPV/EHU,26467.0,15615.0,3403.0,2870.0,1577.0,556.0,,313.0,142.0,2023-03-01,0,1
2023,4,A2161,Bizkaia Zubia/Puente Bizkaia-UPV/EHU,16254.0,9819.0,2391.0,1461.0,929.0,327.0,3.0,217.0,80.0,2023-04-01,0,1
2023,5,A2161,Bizkaia Zubia/Puente Bizkaia-UPV/EHU,25292.0,15675.0,3619.0,1944.0,1365.0,479.0,,328.0,183.0,2023-05-01,0,1
2023,6,A2161,Bizkaia Zubia/Puente Bizkaia-UPV/EHU,21967.0,14292.0,3911.0,701.0,925.0,481.0,,409.0,160.0,2023-06-01,0,1
2023,7,A2161,Bizkaia Zubia/Puente Bizkaia-UPV/EHU,12422.0,8137.0,2668.0,165.0,339.0,376.0,,315.0,72.0,2023-07-01,0,1
2023,8,A2161,Bizkaia Zubia/Puente Bizkaia-UPV/EHU,8697.0,5486.0,2000.0,158.0,222.0,256.0,0.0,170.0,55.0,2023-08-01,0,1
2023,9,A2161,Bizkaia Zubia/Puente Bizkaia-UPV/EHU,27538.0,17020.0,3272.0,2366.0,1733.0,562.0,1.0,394.0,152.0,2023-09-01,0,1
2023,10,A2161,Bizkaia Zubia/Puente Bizkaia-UPV/EHU,33509.0,19969.0,4034.0,3525.0,2307.0,609.0,0.0,343.0,215.0,2023-10-01,0,1
2023,11,A2161,Bizkaia Zubia/Puente Bizkaia-UPV/EHU,34482.0,20869.0,4109.0,3375.0,2442.0,559.0,1.0,336.0,178.0,2023-11-01,0,1
2023,12,A2161,Bizkaia Zubia/Puente Bizkaia-UPV/EHU,23627.0,14636.0,3471.0,1620.0,1474.0,460.0,1.0,266.0,131.0,2023-12-01,0,1
2024,1,A2161,Bizkaia Zubia/Puente Bizkaia-UPV/EHU,26099.0,15198.0,3981.0,1812.0,1551.0,516.0,1.0,277.0,170.0,2024-01-01,0,1
2024,2,A2161,Bizkaia Zubia/Puente Bizkaia-UPV/EHU,31874.0,18686.0,4163.0,2614.0,1792.0,656.0,1.0,339.0,164.0,2024-02-01,0,1
2024,3,A2161,Bizkaia Zubia/Puente Bizkaia-UPV/EHU,28300.0,15713.0,4070.0,2440.0,1767.0,485.0,,363.0,189.0,2024-03-01,0,1
2024,4,A2161,Bizkaia Zubia/Puente Bizkaia-UPV/EHU,28938.0,16467.0,3932.0,2207.0,1715.0,514.0,0.0,445.0,187.0,2024-04-01,0,1
2024,5,A2161,Bizkaia Zubia/Puente Bizkaia-UPV/EHU,32032.0,18196.0,4491.0,2064.0,1985.0,623.0,0.0,442.0,233.0,2024-05-01,0,1
2024,6,A2161,Bizkaia Zubia/Puente Bizkaia-UPV/EHU,25907.0,13341.0,3962.0,516.0,3815.0,579.0,0.0,508.0,204.0,2024-06-01,0,1
2024,7,A2161,Bizkaia Zubia/Puente Bizkaia-UPV/EHU,14989.0,8610.0,3118.0,283.0,551.0,341.0,0.0,387.0,107.0,2024-07-01,0,1
2024,8,A2161,Bizkaia Zubia/Puente Bizkaia-UPV/EHU,9603.0,5225.0,2220.0,161.0,368.0,192.0,0.0,283.0,60.0,2024-08-01,0,1
2024,9,A2161,Bizkaia Zubia/Puente Bizkaia-UPV/EHU,31378.0,16924.0,3772.0,3095.0,2020.0,551.0,0.0,403.0,188.0,2024-09-01,0,1
2024,10,A2161,Bizkaia Zubia/Puente Bizkaia-UPV/EHU,30562.0,15584.0,3985.0,3140.0,1976.0,442.0,0.0,430.0,186.0,2024-10-01,0,1
2024,11,A2161,Bizkaia Zubia/Puente Bizkaia-UPV/EHU,35420.0,17756.0,4322.0,3995.0,2438.0,475.0,0.0,458.0,212.0,2024-11-01,0,1
2024,12,A2161,Bizkaia Zubia/Puente Bizkaia-UPV/EHU,25705.0,13411.0,3648.0,2286.0,1514.0,408.0,0.0,402.0,161.0,2024-12-01,0,1
2025,1,A2161,Bizkaia Zubia/Puente Bizkaia-UPV/EHU,29370.0,15369.0,4016.0,2570.0,1776.0,472.0,1.0,431.0,191.0,2025-01-01,0,1
2025,2,A2161,Bizkaia Zubia/Puente Bizkaia-UPV/EHU,33336.0,16973.0,4058.0,3570.0,2121.0,478.0,1.0,429.0,219.0,2025-02-01,0,1
2025,3,A2161,Bizkaia Zubia/Puente Bizkaia-UPV/EHU,33581.0,16809.0,4524.0,3478.0,2285.0,375.0,0.0,535.0,232.0,2025-03-01,0,1
2025,4,A2161,Bizkaia Zubia/Puente Bizkaia-UPV/EHU,25180.0,12738.0,3665.0,2147.0,1697.0,337.0,1.0,396.0,216.0,2025-04-01,0,1
2025,5,A2161,Bizkaia Zubia/Puente Bizkaia-UPV/EHU,31796.0,17225.0,4474.0,2617.0,1767.0,370.0,0.0,450.0,259.0,2025-05-01,0,1
2025,6,A2161,Bizkaia Zubia/Puente Bizkaia-UPV/EHU,25621.0,14232.0,4293.0,1099.0,1126.0,366.0,0.0,545.0,185.0,2025-06-01,0,1
2025,7,A2161,Bizkaia Zubia/Puente Bizkaia-UPV/EHU,16354.0,9327.0,3324.0,338.0,482.0,280.0,0.0,397.0,90.0,2025-07-01,0,1
2025,8,A2161,Bizkaia Zubia/Puente Bizkaia-UPV/EHU,9441.0,5264.0,2273.0,178.0,295.0,159.0,0.0,179.0,56.0,2025-08-01,0,1
2025,9,A2161,Bizkaia Zubia/Puente Bizkaia-UPV/EHU,33214.0,18252.0,4023.0,2656.0,2091.0,415.0,0.0,473.0,234.0,2025-09-01,0,1
2025,10,A2161,Bizkaia Zubia/Puente Bizkaia-UPV/EHU,39392.0,19646.0,4951.0,3728.0,2739.0,429.0,0.0,529.0,321.0,2025-10-01,0,1
2025,11,A2161,Bizkaia Zubia/Puente Bizkaia-UPV/EHU,35717.0,17601.0,4316.0,3278.0,2744.0,342.0,1.0,413.0,257.0,2025-11-01,0,1
2025,12,A2161,Bizkaia Zubia/Puente Bizkaia-UPV/EHU,27706.0,14210.0,3967.0,2082.0,1832.0,320.0,0.0,468.0,219.0,2025-12-01,0,1
2020,1,A2163,ERANDIO-UPV/EHU,851.0,469.0,42.0,161.0,78.0,22.0,0.0,1.0,33.0,2020-01-01,1,0
2020,2,A2163,ERANDIO-UPV/EHU,1072.0,477.0,49.0,316.0,110.0,26.0,0.0,1.0,37.0,2020-02-01,1,0
2020,3,A2163,ERANDIO-UPV/EHU,554.0,254.0,24.0,160.0,53.0,16.0,0.0,1.0,16.0,2020-03-01,1,0
2020,4,A2163,ERANDIO-UPV/EHU,0.0,,,,,,,,,2020-04-01,1,0
2020,5,A2163,ERANDIO-UPV/EHU,0.0,,,,,,,,,2020-05-01,1,0
2020,6,A2163,ERANDIO-UPV/EHU,0.0,,,,,,,,,2020-06-01,1,0
2020,7,A2163,ERANDIO-UPV/EHU,0.0,,,,,,,,,2020-07-01,1,0
2020,8,A2163,ERANDIO-UPV/EHU,0.0,,,,,,,,,2020-08-01,1,0
2020,9,A2163,ERANDIO-UPV/EHU,607.0,376.0,23.0,135.0,24.0,,,,7.0,2020-09-01,1,0
2020,10,A2163,ERANDIO-UPV/EHU,1046.0,556.0,26.0,321.0,72.0,,,1.0,5.0,2020-10-01,1,0
2020,11,A2163,ERANDIO-UPV/EHU,500.0,296.0,22.0,142.0,11.0,,,,2.0,2020-11-01,1,0
2020,12,A2163,ERANDIO-UPV/EHU,450.0,302.0,19.0,110.0,7.0,0.0,0.0,0.0,1.0,2020-12-01,1,0
2021,1,A2163,ERANDIO-UPV/EHU,415.0,296.0,20.0,69.0,11.0,1.0,0.0,3.0,9.0,2021-01-01,1,0
2021,2,A2163,ERANDIO-UPV/EHU,766.0,473.0,28.0,181.0,48.0,5.0,0.0,2.0,6.0,2021-02-01,1,0
2021,3,A2163,ERANDIO-UPV/EHU,703.0,405.0,33.0,187.0,34.0,6.0,0.0,1.0,11.0,2021-03-01,1,0
2021,4,A2163,ERANDIO-UPV/EHU,528.0,320.0,18.0,132.0,15.0,3.0,,1.0,2.0,2021-04-01,1,0
2021,5,A2163,ERANDIO-UPV/EHU,474.0,298.0,20.0,114.0,4.0,9.0,0.0,0.0,6.0,2021-05-01,1,0
2021,6,A2163,ERANDIO-UPV/EHU,64.0,51.0,4.0,5.0,,0.0,0.0,0.0,0.0,2021-06-01,1,0
2021,7,A2163,ERANDIO-UPV/EHU,0.0,,,,,,,,,2021-07-01,1,0
2021,8,A2163,ERANDIO-UPV/EHU,0.0,,,,,,,,,2021-08-01,1,0
2021,9,A2163,ERANDIO-UPV/EHU,652.0,410.0,19.0,154.0,3.0,14.0,,1.0,30.0,2021-09-01,1,0
2021,10,A2163,ERANDIO-UPV/EHU,1056.0,568.0,12.0,308.0,36.0,9.0,,0.0,28.0,2021-10-01,1,0
2021,11,A2163,ERANDIO-UPV/EHU,1311.0,649.0,25.0,397.0,74.0,18.0,0.0,5.0,46.0,2021-11-01,1,0
2021,12,A2163,ERANDIO-UPV/EHU,767.0,418.0,15.0,197.0,46.0,13.0,,13.0,29.0,2021-12-01,1,0
2022,1,A2163,ERANDIO-UPV/EHU,618.0,362.0,19.0,109.0,27.0,18.0,,3.0,29.0,2022-01-01,0,0
2022,2,A2163,ERANDIO-UPV/EHU,1258.0,628.0,35.0,393.0,68.0,14.0,,9.0,36.0,2022-02-01,0,0
2022,3,A2163,ERANDIO-UPV/EHU,1366.0,662.0,27.0,468.0,56.0,21.0,0.0,0.0,52.0,2022-03-01,0,0
2022,4,A2163,ERANDIO-UPV/EHU,819.0,447.0,12.0,216.0,30.0,20.0,,1.0,47.0,2022-04-01,0,0
2022,5,A2163,ERANDIO-UPV/EHU,947.0,500.0,21.0,263.0,35.0,24.0,,4.0,53.0,2022-05-01,0,0
2022,6,A2163,ERANDIO-UPV/EHU,90.0,62.0,7.0,8.0,,3.0,,3.0,2.0,2022-06-01,0,0
2022,7,A2163,ERANDIO-UPV/EHU,0.0,,,,,,,,,2022-07-01,0,0
2022,8,A2163,ERANDIO-UPV/EHU,0.0,,,,,,,,,2022-08-01,0,0
2022,9,A2163,ERANDIO-UPV/EHU,1205.0,678.0,15.0,284.0,102.0,13.0,,3.0,15.0,2022-09-01,0,1
2022,10,A2163,ERANDIO-UPV/EHU,1461.0,729.0,27.0,367.0,158.0,6.0,,12.0,33.0,2022-10-01,0,1
2022,11,A2163,ERANDIO-UPV/EHU,1862.0,903.0,21.0,450.0,259.0,15.0,,16.0,45.0,2022-11-01,0,1
2022,12,A2163,ERANDIO-UPV/EHU,1015.0,517.0,11.0,240.0,130.0,9.0,,5.0,23.0,2022-12-01,0,1
2023,1,A2163,ERANDIO-UPV/EHU,672.0,383.0,8.0,111.0,64.0,7.0,,4.0,30.0,2023-01-01,0,1
2023,2,A2163,ERANDIO-UPV/EHU,882.0,428.0,4.0,233.0,98.0,11.0,,2.0,31.0,2023-02-01,0,1
2023,3,A2163,ERANDIO-UPV/EHU,859.0,434.0,7.0,214.0,96.0,7.0,,8.0,26.0,2023-03-01,0,1
2023,4,A2163,ERANDIO-UPV/EHU,408.0,211.0,4.0,89.0,49.0,6.0,,,13.0,2023-04-01,0,1
2023,5,A2163,ERANDIO-UPV/EHU,795.0,452.0,18.0,142.0,78.0,11.0,,14.0,9.0,2023-05-01,0,1
2023,6,A2163,ERANDIO-UPV/EHU,60.0,43.0,1.0,1.0,5.0,1.0,,4.0,0.0,2023-06-01,0,1
2023,7,A2163,ERANDIO-UPV/EHU,0.0,,,,,,,,,2023-07-01,0,1
2023,8,A2163,ERANDIO-UPV/EHU,0.0,,,,,,,,,2023-08-01,0,1
2023,9,A2163,ERANDIO-UPV/EHU,1101.0,602.0,11.0,227.0,149.0,8.0,0.0,16.0,27.0,2023-09-01,0,1
2023,10,A2163,ERANDIO-UPV/EHU,1482.0,773.0,13.0,341.0,224.0,12.0,0.0,7.0,40.0,2023-10-01,0,1
2023,11,A2163,ERANDIO-UPV/EHU,1513.0,792.0,9.0,379.0,208.0,15.0,0.0,5.0,34.0,2023-11-01,0,1
2023,12,A2163,ERANDIO-UPV/EHU,867.0,469.0,16.0,190.0,123.0,4.0,0.0,6.0,19.0,2023-12-01,0,1
2024,1,A2163,ERANDIO-UPV/EHU,940.0,535.0,19.0,176.0,112.0,10.0,,4.0,32.0,2024-01-01,0,1
2024,2,A2163,ERANDIO-UPV/EHU,1274.0,724.0,12.0,226.0,133.0,14.0,,5.0,45.0,2024-02-01,0,1
2024,3,A2163,ERANDIO-UPV/EHU,956.0,461.0,13.0,249.0,113.0,9.0,,4.0,29.0,2024-03-01,0,1
2024,4,A2163,ERANDIO-UPV/EHU,951.0,474.0,15.0,219.0,124.0,14.0,0.0,6.0,49.0,2024-04-01,0,1
2024,5,A2163,ERANDIO-UPV/EHU,775.0,403.0,15.0,174.0,94.0,9.0,0.0,4.0,20.0,2024-05-01,0,1
2024,6,A2163,ERANDIO-UPV/EHU,983.0,0.0,0.0,388.0,202.0,0.0,0.0,0.0,0.0,2024-06-01,0,1
2024,7,A2163,ERANDIO-UPV/EHU,0.0,0.0,0.0,0.0,0.0,0.0,0.0,0.0,0.0,2024-07-01,0,1
2024,8,A2163,ERANDIO-UPV/EHU,0.0,0.0,0.0,0.0,0.0,0.0,0.0,0.0,0.0,2024-08-01,0,1
2024,9,A2163,ERANDIO-UPV/EHU,1069.0,558.0,13.0,204.0,113.0,7.0,0.0,4.0,17.0,2024-09-01,0,1
2024,10,A2163,ERANDIO-UPV/EHU,1284.0,538.0,24.0,313.0,168.0,4.0,0.0,4.0,15.0,2024-10-01,0,1
2024,11,A2163,ERANDIO-UPV/EHU,1508.0,613.0,28.0,366.0,204.0,6.0,0.0,6.0,19.0,2024-11-01,0,1
2024,12,A2163,ERANDIO-UPV/EHU,1060.0,463.0,21.0,260.0,132.0,2.0,0.0,1.0,11.0,2024-12-01,0,1
2025,1,A2163,ERANDIO-UPV/EHU,1031.0,521.0,27.0,191.0,77.0,8.0,0.0,5.0,2.0,2025-01-01,0,1
2025,2,A2163,ERANDIO-UPV/EHU,1474.0,608.0,21.0,348.0,166.0,9.0,0.0,2.0,8.0,2025-02-01,0,1
2025,3,A2163,ERANDIO-UPV/EHU,1347.0,553.0,32.0,350.0,162.0,10.0,0.0,4.0,10.0,2025-03-01,0,1
2025,4,A2163,ERANDIO-UPV/EHU,974.0,435.0,14.0,229.0,113.0,5.0,0.0,2.0,4.0,2025-04-01,0,1
2025,5,A2163,ERANDIO-UPV/EHU,999.0,532.0,30.0,168.0,79.0,5.0,0.0,9.0,4.0,2025-05-01,0,1
2025,6,A2163,ERANDIO-UPV/EHU,148.0,84.0,5.0,19.0,8.0,1.0,0.0,1.0,2.0,2025-06-01,0,1
2025,7,A2163,ERANDIO-UPV/EHU,0.0,0.0,0.0,0.0,0.0,0.0,0.0,0.0,0.0,2025-07-01,0,1
2025,8,A2163,ERANDIO-UPV/EHU,0.0,0.0,0.0,0.0,0.0,0.0,0.0,0.0,0.0,2025-08-01,0,1
2025,9,A2163,ERANDIO-UPV/EHU,1244.0,580.0,17.0,311.0,118.0,5.0,0.0,0.0,0.0,2025-09-01,0,1
2025,10,A2163,ERANDIO-UPV/EHU,1614.0,705.0,37.0,432.0,166.0,7.0,0.0,1.0,6.0,2025-10-01,0,1
2025,11,A2163,ERANDIO-UPV/EHU,1437.0,570.0,25.0,392.0,198.0,7.0,0.0,1.0,4.0,2025-11-01,0,1
2025,12,A2163,ERANDIO-UPV/EHU,878.0,417.0,18.0,186.0,109.0,5.0,0.0,5.0,5.0,2025-12-01,0,1
2020,1,A3924,ERMUA - DURANGO - UPV/EHU,6729.0,4037.0,121.0,1484.0,134.0,302.0,0.0,2.0,24.0,2020-01-01,1,0
2020,2,A3924,ERMUA - DURANGO - UPV/EHU,12229.0,4680.0,97.0,5307.0,298.0,347.0,3.0,7.0,45.0,2020-02-01,1,0
2020,3,A3924,ERMUA - DURANGO - UPV/EHU,5467.0,2127.0,67.0,2303.0,121.0,154.0,0.0,2.0,24.0,2020-03-01,1,0
2020,4,A3924,ERMUA - DURANGO - UPV/EHU,0.0,0.0,0.0,0.0,0.0,0.0,0.0,0.0,0.0,2020-04-01,1,0
2020,5,A3924,ERMUA - DURANGO - UPV/EHU,0.0,0.0,0.0,0.0,0.0,0.0,0.0,0.0,0.0,2020-05-01,1,0
2020,6,A3924,ERMUA - DURANGO - UPV/EHU,0.0,0.0,0.0,0.0,0.0,0.0,0.0,0.0,0.0,2020-06-01,1,0
2020,7,A3924,ERMUA - DURANGO - UPV/EHU,0.0,0.0,0.0,0.0,0.0,0.0,0.0,0.0,0.0,2020-07-01,1,0
2020,8,A3924,ERMUA - DURANGO - UPV/EHU,0.0,0.0,0.0,0.0,0.0,0.0,0.0,0.0,0.0,2020-08-01,1,0
2020,9,A3924,ERMUA - DURANGO - UPV/EHU,7992.0,4627.0,47.0,2238.0,238.0,0.0,0.0,0.0,13.0,2020-09-01,1,0
2020,10,A3924,ERMUA - DURANGO - UPV/EHU,10245.0,5367.0,46.0,3390.0,318.0,0.0,0.0,4.0,18.0,2020-10-01,1,0
2020,11,A3924,ERMUA - DURANGO - UPV/EHU,9750.0,5743.0,53.0,2650.0,245.0,0.0,0.0,1.0,21.0,2020-11-01,1,0
2020,12,A3924,ERMUA - DURANGO - UPV/EHU,5334.0,3626.0,29.0,1063.0,61.0,0.0,0.0,0.0,12.0,2020-12-01,1,0
2021,1,A3924,ERMUA - DURANGO - UPV/EHU,4852.0,3556.0,33.0,739.0,55.0,46.0,0.0,0.0,16.0,2021-01-01,1,0
2021,2,A3924,ERMUA - DURANGO - UPV/EHU,7680.0,4816.0,39.0,1837.0,119.0,77.0,0.0,1.0,46.0,2021-02-01,1,0
2021,3,A3924,ERMUA - DURANGO - UPV/EHU,7889.0,5145.0,42.0,1679.0,140.0,73.0,0.0,4.0,48.0,2021-03-01,1,0
2021,4,A3924,ERMUA - DURANGO - UPV/EHU,5429.0,3591.0,45.0,1119.0,72.0,62.0,0.0,1.0,28.0,2021-04-01,1,0
2021,5,A3924,ERMUA - DURANGO - UPV/EHU,5233.0,3760.0,47.0,693.0,73.0,105.0,0.0,3.0,26.0,2021-05-01,1,0
2021,6,A3924,ERMUA - DURANGO - UPV/EHU,2265.0,1670.0,25.0,284.0,21.0,34.0,0.0,0.0,8.0,2021-06-01,1,0
2021,7,A3924,ERMUA - DURANGO - UPV/EHU,0.0,0.0,0.0,0.0,0.0,0.0,0.0,0.0,0.0,2021-07-01,1,0
2021,8,A3924,ERMUA - DURANGO - UPV/EHU,0.0,0.0,0.0,0.0,0.0,0.0,0.0,0.0,0.0,2021-08-01,1,0
2021,9,A3924,ERMUA - DURANGO - UPV/EHU,7887.0,4585.0,66.0,2029.0,209.0,169.0,0.0,0.0,21.0,2021-09-01,1,0
2021,10,A3924,ERMUA - DURANGO - UPV/EHU,11753.0,5699.0,89.0,4006.0,448.0,298.0,1.0,2.0,39.0,2021-10-01,1,0
2021,11,A3924,ERMUA - DURANGO - UPV/EHU,12895.0,5802.0,86.0,4913.0,467.0,286.0,1.0,3.0,42.0,2021-11-01,1,0
2021,12,A3924,ERMUA - DURANGO - UPV/EHU,7153.0,4153.0,90.0,1739.0,153.0,230.0,0.0,1.0,31.0,2021-12-01,1,0
2022,1,A3924,ERMUA - DURANGO - UPV/EHU,5529.0,3411.0,55.0,1142.0,153.0,223.0,2.0,0.0,12.0,2022-01-01,0,0
2022,2,A3924,ERMUA - DURANGO - UPV/EHU,11199.0,4998.0,113.0,4207.0,387.0,344.0,0.0,3.0,37.0,2022-02-01,0,0
2022,3,A3924,ERMUA - DURANGO - UPV/EHU,13011.0,6081.0,143.0,4798.0,428.0,279.0,1.0,5.0,41.0,2022-03-01,0,0
2022,4,A3924,ERMUA - DURANGO - UPV/EHU,6877.0,4113.0,91.0,1649.0,176.0,172.0,0.0,2.0,30.0,2022-04-01,0,0
2022,5,A3924,ERMUA - DURANGO - UPV/EHU,7928.0,4761.0,157.0,1848.0,132.0,203.0,0.0,4.0,34.0,2022-05-01,0,0
2022,6,A3924,ERMUA - DURANGO - UPV/EHU,1296.0,981.0,55.0,72.0,7.0,40.0,1.0,1.0,3.0,2022-06-01,0,0
2022,7,A3924,ERMUA - DURANGO - UPV/EHU,0.0,0.0,0.0,0.0,0.0,0.0,0.0,0.0,0.0,2022-07-01,0,0
2022,8,A3924,ERMUA - DURANGO - UPV/EHU,0.0,0.0,0.0,0.0,0.0,0.0,0.0,0.0,0.0,2022-08-01,0,0
2022,9,A3924,ERMUA - DURANGO - UPV/EHU,10903.0,5847.0,112.0,3421.0,434.0,125.0,1.0,0.0,31.0,2022-09-01,0,1
2022,10,A3924,ERMUA - DURANGO - UPV/EHU,13373.0,6698.0,183.0,4655.0,551.0,116.0,2.0,2.0,43.0,2022-10-01,0,1
2022,11,A3924,ERMUA - DURANGO - UPV/EHU,14825.0,7385.0,193.0,5094.0,722.0,116.0,2.0,2.0,43.0,2022-11-01,0,1
2022,12,A3924,ERMUA - DURANGO - UPV/EHU,8297.0,4998.0,136.0,2103.0,271.0,95.0,0.0,3.0,23.0,2022-12-01,0,1
2023,1,A3924,ERMUA - DURANGO - UPV/EHU,7299.0,4897.0,155.0,1274.0,198.0,95.0,0.0,2.0,18.0,2023-01-01,0,1
2023,2,A3924,ERMUA - DURANGO - UPV/EHU,12864.0,6808.0,153.0,4124.0,503.0,150.0,0.0,3.0,31.0,2023-02-01,0,1
2023,3,A3924,ERMUA - DURANGO - UPV/EHU,14596.0,7703.0,250.0,4711.0,546.0,127.0,0.0,5.0,33.0,2023-03-01,0,1
2023,4,A3924,ERMUA - DURANGO - UPV/EHU,7491.0,4241.0,108.0,2167.0,243.0,78.0,0.0,6.0,18.0,2023-04-01,0,1
2023,5,A3924,ERMUA - DURANGO - UPV/EHU,8814.0,5438.0,192.0,2071.0,224.0,95.0,0.0,14.0,21.0,2023-05-01,0,1
2023,6,A3924,ERMUA - DURANGO - UPV/EHU,1272.0,1042.0,27.0,51.0,7.0,11.0,0.0,3.0,20.0,2023-06-01,0,1
2023,7,A3924,ERMUA - DURANGO - UPV/EHU,0.0,0.0,0.0,0.0,0.0,0.0,0.0,0.0,0.0,2023-07-01,0,1
2023,8,A3924,ERMUA - DURANGO - UPV/EHU,0.0,0.0,0.0,0.0,0.0,0.0,0.0,0.0,0.0,2023-08-01,0,1
2023,9,A3924,ERMUA - DURANGO - UPV/EHU,11684.0,5933.0,135.0,3811.0,521.0,113.0,0.0,5.0,10.0,2023-09-01,0,1
2023,10,A3924,ERMUA - DURANGO - UPV/EHU,14395.0,6790.0,179.0,5022.0,766.0,148.0,0.0,5.0,28.0,2023-10-01,0,1
2023,11,A3924,ERMUA - DURANGO - UPV/EHU,15056.0,6936.0,190.0,5398.0,785.0,137.0,0.0,6.0,11.0,2023-11-01,0,1
2023,12,A3924,ERMUA - DURANGO - UPV/EHU,8179.0,4736.0,109.0,2182.0,257.0,92.0,0.0,3.0,11.0,2023-12-01,0,1
2024,1,A3924,ERMUA - DURANGO - UPV/EHU,8.054,5150.0,132.0,1523.0,210.0,110.0,0.0,3.0,39.0,2024-01-01,0,1
2024,2,A3924,ERMUA - DURANGO - UPV/EHU,14011.0,7865.0,173.0,3884.0,464.0,144.0,0.0,1.0,41.0,2024-02-01,0,1
2024,3,A3924,ERMUA - DURANGO - UPV/EHU,10524.0,5658.0,149.0,2987.0,465.0,97.0,0.0,10.0,40.0,2024-03-01,0,1
2024,4,A3924,ERMUA - DURANGO - UPV/EHU,10208.0,5364.0,172.0,3033.0,392.0,85.0,0.0,9.0,33.0,2024-04-01,0,1
2024,5,A3924,ERMUA - DURANGO - UPV/EHU,8529.0,5267.0,207.0,1704.0,276.0,105.0,0.0,9.0,48.0,2024-05-01,0,1
2024,6,A3924,ERMUA - DURANGO - UPV/EHU,881.0,693.0,25.0,35.0,8.0,9.0,0.0,0.0,20.0,2024-06-01,0,1
2024,7,A3924,ERMUA - DURANGO - UPV/EHU,0.0,0.0,0.0,0.0,0.0,0.0,0.0,0.0,0.0,2024-07-01,0,1
2024,8,A3924,ERMUA - DURANGO - UPV/EHU,0.0,0.0,0.0,0.0,0.0,0.0,0.0,0.0,0.0,2024-08-01,0,1
2024,9,A3924,ERMUA - DURANGO - UPV/EHU,12209.0,6308.0,144.0,3618.0,654.0,129.0,0.0,3.0,38.0,2024-09-01,0,1
2024,10,A3924,ERMUA - DURANGO - UPV/EHU,17078.0,8117.0,229.0,5474.0,1038.0,161.0,0.0,11.0,56.0,2024-10-01,0,1
2024,11,A3924,ERMUA - DURANGO - UPV/EHU,14613.0,6745.0,220.0,4759.0,868.0,126.0,0.0,11.0,42.0,2024-11-01,0,1
2024,12,A3924,ERMUA - DURANGO - UPV/EHU,8645.0,4804.0,155.0,2248.0,390.0,81.0,0.0,9.0,13.0,2024-12-01,0,1
2025,1,A3924,ERMUA - DURANGO - UPV/EHU,7950.0,5089.0,144.0,1482.0,234.0,98.0,0.0,4.0,37.0,2025-01-01,0,1
2025,2,A3924,ERMUA - DURANGO - UPV/EHU,14460.0,6977.0,225.0,4670.0,724.0,122.0,0.0,12.0,41.0,2025-02-01,0,1
2025,3,A3924,ERMUA - DURANGO - UPV/EHU,13711.0,6383.0,198.0,4588.0,669.0,131.0,0.0,4.0,71.0,2025-03-01,0,1
2025,4,A3924,ERMUA - DURANGO - UPV/EHU,9290.0,5319.0,150.0,2351.0,385.0,65.0,0.0,4.0,28.0,2025-04-01,0,1
2025,5,A3924,ERMUA - DURANGO - UPV/EHU,9076.0,5572.0,217.0,1884.0,308.0,75.0,0.0,8.0,52.0,2025-05-01,0,1
2025,6,A3924,ERMUA - DURANGO - UPV/EHU,2070.0,1583.0,46.0,131.0,20.0,23.0,0.0,1.0,25.0,2025-06-01,0,1
2025,7,A3924,ERMUA - DURANGO - UPV/EHU,0.0,0.0,0.0,0.0,0.0,0.0,0.0,0.0,0.0,2025-07-01,0,1
2025,8,A3924,ERMUA - DURANGO - UPV/EHU,0.0,0.0,0.0,0.0,0.0,0.0,0.0,0.0,0.0,2025-08-01,0,1
2025,9,A3924,ERMUA - DURANGO - UPV/EHU,13402.0,6631.0,165.0,4040.0,679.0,87.0,0.0,7.0,25.0,2025-09-01,0,1
2025,10,A3924,ERMUA - DURANGO - UPV/EHU,17312.0,8006.0,225.0,5237.0,959.0,103.0,0.0,25.0,29.0,2025-10-01,0,1
2025,11,A3924,ERMUA - DURANGO - UPV/EHU,16221.0,7161.0,301.0,5221.0,982.0,106.0,0.0,36.0,9.0,2025-11-01,0,1
2025,12,A3924,ERMUA - DURANGO - UPV/EHU,11161.0,6471.0,175.0,2610.0,460.0,88.0,0.0,30.0,12.0,2025-12-01,0,1
2025,10,A3534,ERRIGOITI - GERNIKA LUMO - EREÃO,1886.0,1156.0,494.0,6.0,31.0,36.0,1.0,9.0,21.0,2025-10-01,0,1
2025,11,A3534,ERRIGOITI - GERNIKA LUMO - EREÃO,1714.0,1068.0,482.0,2.0,7.0,28.0,0.0,26.0,6.0,2025-11-01,0,1
2025,12,A3534,ERRIGOITI - GERNIKA LUMO - EREÃO,1599.0,1021.0,408.0,0.0,1.0,28.0,0.0,31.0,6.0,2025-12-01,0,1
2020,1,A3932,GALDAKAO - Metro Bolueta,67977.0,33278.0,14102.0,23.0,16.0,1358.0,1.0,933.0,367.0,2020-01-01,1,0
2020,2,A3932,GALDAKAO - Metro Bolueta,65234.0,30353.0,13687.0,46.0,22.0,1101.0,0.0,815.0,367.0,2020-02-01,1,0
2020,3,A3932,GALDAKAO - Metro Bolueta,31660.0,15619.0,5273.0,13.0,8.0,478.0,0.0,334.0,146.0,2020-03-01,1,0
2020,4,A3932,GALDAKAO - Metro Bolueta,9488.0,6874.0,719.0,3.0,8.0,0.0,0.0,5.0,10.0,2020-04-01,1,0
2020,5,A3932,GALDAKAO - Metro Bolueta,17657.0,12305.0,2401.0,114.0,76.0,0.0,0.0,14.0,12.0,2020-05-01,1,0
2020,6,A3932,GALDAKAO - Metro Bolueta,34964.0,21199.0,6071.0,13.0,26.0,0.0,0.0,156.0,97.0,2020-06-01,1,0
2020,7,A3932,GALDAKAO - Metro Bolueta,37588.0,22726.0,6243.0,28.0,41.0,0.0,0.0,299.0,148.0,2020-07-01,1,0
2020,8,A3932,GALDAKAO - Metro Bolueta,31815.0,20264.0,5220.0,54.0,47.0,0.0,0.0,270.0,171.0,2020-08-01,1,0
2020,9,A3932,GALDAKAO - Metro Bolueta,39975.0,23502.0,5946.0,39.0,36.0,0.0,0.0,181.0,157.0,2020-09-01,1,0
2020,10,A3932,GALDAKAO - Metro Bolueta,43025.0,23196.0,6096.0,91.0,67.0,0.0,0.0,300.0,194.0,2020-10-01,1,0
2020,11,A3932,GALDAKAO - Metro Bolueta,36632.0,20367.0,4492.0,49.0,31.0,0.0,0.0,243.0,147.0,2020-11-01,1,0
2020,12,A3932,GALDAKAO - Metro Bolueta,37872.0,21808.0,5586.0,21.0,20.0,84.0,0.0,254.0,224.0,2020-12-01,1,0
2021,1,A3932,GALDAKAO - Metro Bolueta,33332.0,20535.0,4944.0,6.0,1.0,244.0,0.0,440.0,245.0,2021-01-01,1,0
2021,2,A3932,GALDAKAO - Metro Bolueta,35529.0,18294.0,4277.0,7.0,5.0,324.0,0.0,366.0,246.0,2021-02-01,1,0
2021,3,A3932,GALDAKAO - Metro Bolueta,46359.0,24009.0,6696.0,7.0,7.0,479.0,1.0,481.0,242.0,2021-03-01,1,0
2021,4,A3932,GALDAKAO - Metro Bolueta,39596.0,20429.0,5869.0,11.0,1.0,436.0,0.0,492.0,265.0,2021-04-01,1,0
2021,5,A3932,GALDAKAO - Metro Bolueta,44498.0,22543.0,6874.0,2.0,5.0,516.0,0.0,603.0,238.0,2021-05-01,1,0
2021,6,A3932,GALDAKAO - Metro Bolueta,43681.0,26533.0,8197.0,11.0,6.0,586.0,2.0,569.0,331.0,2021-06-01,1,0
2021,7,A3932,GALDAKAO - Metro Bolueta,39260.0,23023.0,6452.0,8.0,5.0,560.0,1.0,441.0,249.0,2021-07-01,1,0
2021,8,A3932,GALDAKAO - Metro Bolueta,34807.0,21090.0,5874.0,5.0,2.0,680.0,1.0,408.0,279.0,2021-08-01,1,0
2021,9,A3932,GALDAKAO - Metro Bolueta,46033.0,24584.0,7315.0,17.0,11.0,591.0,0.0,635.0,285.0,2021-09-01,1,0
2021,10,A3932,GALDAKAO - Metro Bolueta,51811.0,26492.0,9156.0,35.0,9.0,708.0,0.0,648.0,340.0,2021-10-01,1,0
2021,11,A3932,GALDAKAO - Metro Bolueta,51516.0,25802.0,9057.0,30.0,14.0,630.0,0.0,509.0,366.0,2021-11-01,1,0
2021,12,A3932,GALDAKAO - Metro Bolueta,46391.0,24818.0,8549.0,14.0,10.0,522.0,0.0,565.0,269.0,2021-12-01,1,0
2022,1,A3932,GALDAKAO - Metro Bolueta,43258.0,22436.0,7655.0,10.0,3.0,493.0,0.0,516.0,311.0,2022-01-01,0,0
2022,2,A3932,GALDAKAO - Metro Bolueta,46501.0,22800.0,7898.0,13.0,9.0,501.0,0.0,574.0,272.0,2022-02-01,0,0
2022,3,A3932,GALDAKAO - Metro Bolueta,53144.0,27932.0,9542.0,26.0,13.0,562.0,2.0,596.0,362.0,2022-03-01,0,0
2022,4,A3932,GALDAKAO - Metro Bolueta,43301.0,23259.0,7965.0,13.0,12.0,518.0,1.0,589.0,268.0,2022-04-01,0,0
2022,5,A3932,GALDAKAO - Metro Bolueta,51063.0,26801.0,9234.0,12.0,7.0,612.0,1.0,786.0,324.0,2022-05-01,0,0
2022,6,A3932,GALDAKAO - Metro Bolueta,49194.0,26450.0,8999.0,15.0,10.0,604.0,0.0,662.0,273.0,2022-06-01,0,0
2022,7,A3932,GALDAKAO - Metro Bolueta,42011.0,24989.0,7629.0,4.0,8.0,564.0,3.0,592.0,260.0,2022-07-01,0,0
2022,8,A3932,GALDAKAO - Metro Bolueta,47215.0,29073.0,8652.0,8.0,10.0,691.0,0.0,753.0,323.0,2022-08-01,0,0
2022,9,A3932,GALDAKAO - Metro Bolueta,53727.0,29045.0,8836.0,44.0,16.0,430.0,1.0,751.0,346.0,2022-09-01,0,1
2022,10,A3932,GALDAKAO - Metro Bolueta,57484.0,30890.0,10643.0,32.0,32.0,431.0,0.0,762.0,264.0,2022-10-01,0,1
2022,11,A3932,GALDAKAO - Metro Bolueta,57484.0,30689.0,10826.0,24.0,15.0,431.0,0.0,762.0,264.0,2022-11-01,0,1
2022,12,A3932,GALDAKAO - Metro Bolueta,55808.0,32156.0,10606.0,11.0,16.0,453.0,0.0,848.0,277.0,2022-12-01,0,1
2023,1,A3932,GALDAKAO - Metro Bolueta,54248.0,30419.0,9958.0,5.0,10.0,354.0,0.0,746.0,221.0,2023-01-01,0,1
2023,2,A3932,GALDAKAO - Metro Bolueta,53407.0,29030.0,10009.0,13.0,11.0,377.0,0.0,757.0,267.0,2023-02-01,0,1
2023,3,A3932,GALDAKAO - Metro Bolueta,61514.0,32952.0,11542.0,12.0,25.0,438.0,0.0,879.0,338.0,2023-03-01,0,1
2023,4,A3932,GALDAKAO - Metro Bolueta,50570.0,28289.0,9678.0,16.0,12.0,428.0,0.0,814.0,273.0,2023-04-01,0,1
2023,5,A3932,GALDAKAO - Metro Bolueta,58347.0,32238.0,10732.0,19.0,29.0,437.0,0.0,985.0,456.0,2023-05-01,0,1
2023,6,A3932,GALDAKAO - Metro Bolueta,56741.0,32726.0,11042.0,16.0,10.0,408.0,0.0,913.0,369.0,2023-06-01,0,1
2023,7,A3932,GALDAKAO - Metro Bolueta,48977.0,29735.0,9102.0,6.0,6.0,414.0,0.0,939.0,270.0,2023-07-01,0,1
2023,8,A3932,GALDAKAO - Metro Bolueta,53437.0,34725.0,9267.0,2.0,4.0,461.0,0.0,881.0,297.0,2023-08-01,0,1
2023,9,A3932,GALDAKAO - Metro Bolueta,56764.0,32648.0,9462.0,2976.0,2226.0,439.0,1.0,791.0,390.0,2023-09-01,0,1
2023,10,A3932,GALDAKAO - Metro Bolueta,61450.0,33240.0,11512.0,-2908.0,-2164.0,456.0,0.0,832.0,360.0,2023-10-01,0,1
2023,11,A3932,GALDAKAO - Metro Bolueta,60904.0,32113.0,12158.0,45.0,24.0,446.0,0.0,738.0,368.0,2023-11-01,0,1
2023,12,A3932,GALDAKAO - Metro Bolueta,58871.0,33403.0,11646.0,17.0,17.0,476.0,0.0,917.0,479.0,2023-12-01,0,1
2024,1,A3932,GALDAKAO - Metro Bolueta,45.458,30784.0,11837.0,11.0,15.0,505.0,0.0,749.0,398.0,2024-01-01,0,1
2024,2,A3932,GALDAKAO - Metro Bolueta,44921.0,30652.0,11426.0,25.0,22.0,458.0,0.0,715.0,393.0,2024-02-01,0,1
2024,3,A3932,GALDAKAO - Metro Bolueta,43645.0,29405.0,11514.0,17.0,21.0,354.0,0.0,797.0,409.0,2024-03-01,0,1
2024,4,A3932,GALDAKAO - Metro Bolueta,47164.0,32390.0,11741.0,19.0,22.0,475.0,0.0,891.0,411.0,2024-04-01,0,1
2024,5,A3932,GALDAKAO - Metro Bolueta,43897.0,29249.0,11625.0,21.0,21.0,419.0,0.0,921.0,467.0,2024-05-01,0,1
2024,6,A3932,GALDAKAO - Metro Bolueta,47757.0,32488.0,12192.0,17.0,19.0,425.0,0.0,980.0,375.0,2024-06-01,0,1
2024,7,A3932,GALDAKAO - Metro Bolueta,41761.0,29025.0,10022.0,2.0,8.0,434.0,1.0,989.0,269.0,2024-07-01,0,1
2024,8,A3932,GALDAKAO - Metro Bolueta,47249.0,33264.0,11151.0,11.0,16.0,550.0,0.0,949.0,394.0,2024-08-01,0,1
2024,9,A3932,GALDAKAO - Metro Bolueta,61201.0,31691.0,10709.0,3214.0,3251.0,446.0,2.0,842.0,518.0,2024-09-01,0,1
2024,10,A3932,GALDAKAO - Metro Bolueta,48353.0,32774.0,12623.0,46.0,31.0,431.0,0.0,855.0,456.0,2024-10-01,0,1
2024,11,A3932,GALDAKAO - Metro Bolueta,47593.0,31599.0,13121.0,20.0,46.0,436.0,0.0,861.0,406.0,2024-11-01,0,1
2024,12,A3932,GALDAKAO - Metro Bolueta,49022.0,33441.0,12745.0,25.0,14.0,508.0,0.0,857.0,432.0,2024-12-01,0,1
2025,1,A3932,GALDAKAO - Metro Bolueta,49298.0,34069.0,12430.0,21.0,23.0,457.0,0.0,830.0,473.0,2025-01-01,0,1
2025,2,A3932,GALDAKAO - Metro Bolueta,45430.0,30668.0,12042.0,49.0,63.0,525.0,0.0,690.0,407.0,2025-02-01,0,1
2025,3,A3932,GALDAKAO - Metro Bolueta,49627.0,33657.0,13132.0,26.0,25.0,524.0,0.0,837.0,464.0,2025-03-01,0,1
2025,4,A3932,GALDAKAO - Metro Bolueta,43894.0,29985.0,11150.0,24.0,29.0,462.0,0.0,890.0,408.0,2025-04-01,0,1
2025,5,A3932,GALDAKAO - Metro Bolueta,49608.0,33685.0,12893.0,33.0,23.0,461.0,0.0,889.0,483.0,2025-05-01,0,1
2025,6,A3932,GALDAKAO - Metro Bolueta,46359.0,32534.0,11132.0,19.0,26.0,392.0,0.0,818.0,395.0,2025-06-01,0,1
2025,7,A3932,GALDAKAO - Metro Bolueta,43995.0,30893.0,10550.0,15.0,35.0,436.0,1.0,875.0,342.0,2025-07-01,0,1
2025,8,A3932,GALDAKAO - Metro Bolueta,50044.0,35705.0,11425.0,18.0,42.0,491.0,1.0,900.0,433.0,2025-08-01,0,1
2025,9,A3932,GALDAKAO - Metro Bolueta,47814.0,33957.0,10843.0,24.0,44.0,433.0,0.0,948.0,463.0,2025-09-01,0,1
2025,10,A3932,GALDAKAO - Metro Bolueta,48960.0,33140.0,12897.0,39.0,56.0,482.0,1.0,832.0,481.0,2025-10-01,0,1
2025,11,A3932,GALDAKAO - Metro Bolueta,47751.0,32224.0,12745.0,24.0,28.0,454.0,0.0,827.0,510.0,2025-11-01,0,1
2025,12,A3932,GALDAKAO - Metro Bolueta,54846.0,39211.0,12742.0,33.0,45.0,401.0,0.0,885.0,451.0,2025-12-01,0,1
2020,1,A2610,GALDAKAO - UPV/EHU,8358.0,4924.0,341.0,1803.0,431.0,292.0,0.0,18.0,115.0,2020-01-01,1,0
2020,2,A2610,GALDAKAO - UPV/EHU,14399.0,5764.0,415.0,5351.0,1311.0,353.0,0.0,25.0,217.0,2020-02-01,1,0
2020,3,A2610,GALDAKAO - UPV/EHU,6834.0,2829.0,166.0,2449.0,646.0,188.0,0.0,15.0,90.0,2020-03-01,1,0
2020,4,A2610,GALDAKAO - UPV/EHU,0.0,0.0,0.0,0.0,0.0,0.0,0.0,0.0,0.0,2020-04-01,1,0
2020,5,A2610,GALDAKAO - UPV/EHU,451.0,401.0,35.0,3.0,5.0,0.0,0.0,0.0,1.0,2020-05-01,1,0
2020,6,A2610,GALDAKAO - UPV/EHU,1972.0,1772.0,78.0,74.0,16.0,0.0,0.0,2.0,12.0,2020-06-01,1,0
2020,7,A2610,GALDAKAO - UPV/EHU,957.0,864.0,51.0,30.0,5.0,0.0,0.0,2.0,0.0,2020-07-01,1,0
2020,8,A2610,GALDAKAO - UPV/EHU,1.0,1.0,0.0,0.0,0.0,0.0,0.0,0.0,0.0,2020-08-01,1,0
2020,9,A2610,GALDAKAO - UPV/EHU,9255.0,5601.0,161.0,2285.0,463.0,0.0,0.0,12.0,97.0,2020-09-01,1,0
2020,10,A2610,GALDAKAO - UPV/EHU,12191.0,6702.0,219.0,3570.0,707.0,0.0,0.0,3.0,104.0,2020-10-01,1,0
2020,11,A2610,GALDAKAO - UPV/EHU,11849.0,6847.0,232.0,3107.0,682.0,0.0,0.0,4.0,79.0,2020-11-01,1,0
2020,12,A2610,GALDAKAO - UPV/EHU,6317.0,4051.0,197.0,1286.0,265.0,0.0,0.0,3.0,44.0,2020-12-01,1,0
2021,1,A2610,GALDAKAO - UPV/EHU,6071.0,4495.0,158.0,808.0,142.0,37.0,0.0,11.0,75.0,2021-01-01,1,0
2021,2,A2610,GALDAKAO - UPV/EHU,9481.0,5820.0,170.0,2173.0,312.0,104.0,0.0,8.0,134.0,2021-02-01,1,0
2021,3,A2610,GALDAKAO - UPV/EHU,10101.0,6320.0,235.0,2255.0,328.0,111.0,0.0,12.0,132.0,2021-03-01,1,0
2021,4,A2610,GALDAKAO - UPV/EHU,6800.0,4303.0,161.0,1431.0,201.0,95.0,0.0,6.0,93.0,2021-04-01,1,0
2021,5,A2610,GALDAKAO - UPV/EHU,7386.0,5125.0,226.0,1169.0,189.0,85.0,0.0,18.0,88.0,2021-05-01,1,0
2021,6,A2610,GALDAKAO - UPV/EHU,5757.0,4216.0,244.0,651.0,131.0,109.0,1.0,14.0,59.0,2021-06-01,1,0
2021,7,A2610,GALDAKAO - UPV/EHU,913.0,683.0,62.0,71.0,15.0,30.0,0.0,6.0,14.0,2021-07-01,1,0
2021,8,A2610,GALDAKAO - UPV/EHU,0.0,0.0,0.0,0.0,0.0,0.0,0.0,0.0,0.0,2021-08-01,1,0
2021,9,A2610,GALDAKAO - UPV/EHU,9548.0,5870.0,191.0,2223.0,394.0,187.0,0.0,14.0,88.0,2021-09-01,1,0
2021,10,A2610,GALDAKAO - UPV/EHU,13918.0,7254.0,240.0,4345.0,729.0,268.0,0.0,12.0,115.0,2021-10-01,1,0
2021,11,A2610,GALDAKAO - UPV/EHU,15521.0,7535.0,247.0,5394.0,875.0,281.0,0.0,8.0,152.0,2021-11-01,1,0
2021,12,A2610,GALDAKAO - UPV/EHU,8718.0,4884.0,200.0,2285.0,454.0,207.0,0.0,6.0,110.0,2021-12-01,1,0
2022,1,A2610,GALDAKAO - UPV/EHU,6780.0,4323.0,172.0,1322.0,306.0,187.0,0.0,7.0,99.0,2022-01-01,0,0
2022,2,A2610,GALDAKAO - UPV/EHU,13691.0,6596.0,261.0,4731.0,771.0,231.0,0.0,16.0,134.0,2022-02-01,0,0
2022,3,A2610,GALDAKAO - UPV/EHU,14420.0,7003.0,323.0,4879.0,935.0,230.0,1.0,15.0,130.0,2022-03-01,0,0
2022,4,A2610,GALDAKAO - UPV/EHU,7810.0,4344.0,265.0,1987.0,427.0,154.0,0.0,14.0,103.0,2022-04-01,0,0
2022,5,A2610,GALDAKAO - UPV/EHU,9778.0,5853.0,309.0,2269.0,469.0,231.0,0.0,15.0,114.0,2022-05-01,0,0
2022,6,A2610,GALDAKAO - UPV/EHU,5437.0,4221.0,211.0,499.0,72.0,149.0,1.0,21.0,71.0,2022-06-01,0,0
2022,7,A2610,GALDAKAO - UPV/EHU,876.0,690.0,38.0,76.0,10.0,28.0,0.0,3.0,9.0,2022-07-01,0,0
2022,8,A2610,GALDAKAO - UPV/EHU,0.0,0.0,0.0,0.0,0.0,0.0,0.0,0.0,0.0,2022-08-01,0,0
2022,9,A2610,GALDAKAO - UPV/EHU,12172.0,6418.0,253.0,3201.0,1063.0,136.0,2.0,24.0,114.0,2022-09-01,0,1
2022,10,A2610,GALDAKAO - UPV/EHU,14039.0,7057.0,273.0,3859.0,1452.0,140.0,0.0,15.0,124.0,2022-10-01,0,1
2022,11,A2610,GALDAKAO - UPV/EHU,16644.0,8190.0,282.0,4663.0,1869.0,140.0,0.0,15.0,124.0,2022-11-01,0,1
2022,12,A2610,GALDAKAO - UPV/EHU,9678.0,5607.0,189.0,2081.0,914.0,87.0,2.0,20.0,83.0,2022-12-01,0,1
2023,1,A2610,GALDAKAO - UPV/EHU,9525.0,6316.0,180.0,1502.0,748.0,121.0,1.0,17.0,81.0,2023-01-01,0,1
2023,2,A2610,GALDAKAO - UPV/EHU,15140.0,7984.0,278.0,4094.0,1464.0,136.0,1.0,28.0,104.0,2023-02-01,0,1
2023,3,A2610,GALDAKAO - UPV/EHU,17133.0,9160.0,345.0,4490.0,1646.0,158.0,0.0,34.0,145.0,2023-03-01,0,1
2023,4,A2610,GALDAKAO - UPV/EHU,8729.0,4801.0,177.0,2138.0,872.0,67.0,0.0,26.0,93.0,2023-04-01,0,1
2023,5,A2610,GALDAKAO - UPV/EHU,10840.0,6598.0,318.0,2201.0,917.0,121.0,0.0,34.0,83.0,2023-05-01,0,1
2023,6,A2610,GALDAKAO - UPV/EHU,6705.0,5272.0,229.0,520.0,250.0,86.0,1.0,42.0,50.0,2023-06-01,0,1
2023,7,A2610,GALDAKAO - UPV/EHU,975.0,777.0,41.0,73.0,21.0,16.0,0.0,7.0,2.0,2023-07-01,0,1
2023,8,A2610,GALDAKAO - UPV/EHU,3.0,0.0,0.0,2.0,0.0,0.0,0.0,0.0,0.0,2023-08-01,0,1
2023,9,A2610,GALDAKAO - UPV/EHU,12501.0,7056.0,249.0,3048.0,1076.0,128.0,0.0,28.0,86.0,2023-09-01,0,1
2023,10,A2610,GALDAKAO - UPV/EHU,15907.0,8417.0,345.0,4153.0,1654.0,125.0,0.0,33.0,108.0,2023-10-01,0,1
2023,11,A2610,GALDAKAO - UPV/EHU,16176.0,8282.0,349.0,4347.0,1864.0,130.0,0.0,43.0,136.0,2023-11-01,0,1
2023,12,A2610,GALDAKAO - UPV/EHU,8667.0,4883.0,268.0,1987.0,797.0,63.0,0.0,20.0,82.0,2023-12-01,0,1
2024,1,A2610,GALDAKAO - UPV/EHU,9.392,5680.0,293.0,1557.0,653.0,122.0,0.0,27.0,79.0,2024-01-01,0,1
2024,2,A2610,GALDAKAO - UPV/EHU,15615.0,8193.0,372.0,3618.0,1431.0,114.0,0.0,37.0,70.0,2024-02-01,0,1
2024,3,A2610,GALDAKAO - UPV/EHU,12188.0,5860.0,325.0,3023.0,1256.0,90.0,0.0,38.0,63.0,2024-03-01,0,1
2024,4,A2610,GALDAKAO - UPV/EHU,12079.0,5854.0,309.0,2954.0,1218.0,99.0,0.0,47.0,68.0,2024-04-01,0,1
2024,5,A2610,GALDAKAO - UPV/EHU,10519.0,5722.0,447.0,1828.0,891.0,89.0,0.0,71.0,68.0,2024-05-01,0,1
2024,6,A2610,GALDAKAO - UPV/EHU,6847.0,4646.0,387.0,496.0,278.0,67.0,0.0,68.0,68.0,2024-06-01,0,1
2024,7,A2610,GALDAKAO - UPV/EHU,1217.0,853.0,66.0,81.0,29.0,20.0,0.0,12.0,5.0,2024-07-01,0,1
2024,8,A2610,GALDAKAO - UPV/EHU,0.0,0.0,0.0,0.0,0.0,0.0,0.0,0.0,0.0,2024-08-01,0,1
2024,9,A2610,GALDAKAO - UPV/EHU,13543.0,6642.0,374.0,2845.0,1552.0,163.0,0.0,62.0,89.0,2024-09-01,0,1
2024,10,A2610,GALDAKAO - UPV/EHU,17634.0,7677.0,476.0,4123.0,2287.0,139.0,0.0,36.0,128.0,2024-10-01,0,1
2024,11,A2610,GALDAKAO - UPV/EHU,15424.0,6251.0,400.0,3917.0,2004.0,73.0,0.0,25.0,127.0,2024-11-01,0,1
2024,12,A2610,GALDAKAO - UPV/EHU,9565.0,4517.0,293.0,1979.0,1115.0,60.0,0.0,10.0,78.0,2024-12-01,0,1
2025,1,A2610,GALDAKAO - UPV/EHU,9778.0,5282.0,415.0,1471.0,811.0,79.0,0.0,18.0,84.0,2025-01-01,0,1
2025,2,A2610,GALDAKAO - UPV/EHU,15234.0,6236.0,490.0,3756.0,1921.0,88.0,0.0,18.0,120.0,2025-02-01,0,1
2025,3,A2610,GALDAKAO - UPV/EHU,14674.0,6089.0,477.0,3444.0,1872.0,75.0,0.0,21.0,130.0,2025-03-01,0,1
2025,4,A2610,GALDAKAO - UPV/EHU,7512.0,4452.0,314.0,860.0,625.0,66.0,0.0,15.0,88.0,2025-04-01,0,1
2025,5,A2610,GALDAKAO - UPV/EHU,12660.0,5220.0,416.0,2965.0,1545.0,52.0,0.0,38.0,104.0,2025-05-01,0,1
2025,6,A2610,GALDAKAO - UPV/EHU,6109.0,3856.0,315.0,436.0,260.0,47.0,0.0,45.0,64.0,2025-06-01,0,1
2025,7,A2610,GALDAKAO - UPV/EHU,1815.0,1146.0,125.0,120.0,49.0,16.0,0.0,13.0,12.0,2025-07-01,0,1
2025,8,A2610,GALDAKAO - UPV/EHU,0.0,0.0,0.0,0.0,0.0,0.0,0.0,0.0,0.0,2025-08-01,0,1
2025,9,A2610,GALDAKAO - UPV/EHU,9749.0,5700.0,295.0,1142.0,795.0,82.0,0.0,65.0,223.0,2025-09-01,0,1
2025,10,A2610,GALDAKAO - UPV/EHU,20818.0,6451.0,417.0,5810.0,3495.0,77.0,0.0,39.0,255.0,2025-10-01,0,1
2025,11,A2610,GALDAKAO - UPV/EHU,15083.0,5504.0,359.0,3543.0,2208.0,66.0,0.0,36.0,279.0,2025-11-01,0,1
2025,12,A2610,GALDAKAO - UPV/EHU,10897.0,5178.0,299.0,2070.0,1362.0,46.0,0.0,27.0,186.0,2025-12-01,0,1
2020,1,A3931,GARAI - DURANGO,68.0,0.0,0.0,0.0,0.0,47.0,21.0,0.0,0.0,2020-01-01,1,0
2020,2,A3931,GARAI - DURANGO,76.0,0.0,0.0,0.0,0.0,61.0,15.0,0.0,0.0,2020-02-01,1,0
2020,3,A3931,GARAI - DURANGO,44.0,0.0,0.0,0.0,0.0,35.0,9.0,0.0,0.0,2020-03-01,1,0
2020,4,A3931,GARAI - DURANGO,14.0,0.0,0.0,0.0,0.0,14.0,0.0,0.0,0.0,2020-04-01,1,0
2020,5,A3931,GARAI - DURANGO,29.0,0.0,0.0,0.0,0.0,29.0,0.0,0.0,0.0,2020-05-01,1,0
2020,6,A3931,GARAI - DURANGO,60.0,0.0,0.0,0.0,0.0,54.0,6.0,0.0,0.0,2020-06-01,1,0
2020,7,A3931,GARAI - DURANGO,50.0,0.0,0.0,0.0,0.0,48.0,2.0,0.0,0.0,2020-07-01,1,0
2020,8,A3931,GARAI - DURANGO,29.0,0.0,0.0,0.0,0.0,29.0,0.0,0.0,0.0,2020-08-01,1,0
2020,9,A3931,GARAI - DURANGO,53.0,0.0,0.0,0.0,0.0,53.0,0.0,0.0,0.0,2020-09-01,1,0
2020,10,A3931,GARAI - DURANGO,53.0,0.0,0.0,0.0,0.0,53.0,0.0,0.0,0.0,2020-10-01,1,0
2020,11,A3931,GARAI - DURANGO,38.0,0.0,0.0,0.0,0.0,38.0,0.0,0.0,0.0,2020-11-01,1,0
2020,12,A3931,GARAI - DURANGO,38.0,0.0,0.0,0.0,0.0,38.0,0.0,0.0,0.0,2020-12-01,1,0
2021,1,A3931,GARAI - DURANGO,37.0,0.0,0.0,0.0,0.0,37.0,0.0,0.0,0.0,2021-01-01,1,0
2021,2,A3931,GARAI - DURANGO,56.0,0.0,0.0,0.0,0.0,56.0,0.0,0.0,0.0,2021-02-01,1,0
2021,3,A3931,GARAI - DURANGO,68.0,0.0,0.0,0.0,0.0,68.0,0.0,0.0,0.0,2021-03-01,1,0
2021,4,A3931,GARAI - DURANGO,65.0,0.0,0.0,0.0,0.0,65.0,0.0,0.0,0.0,2021-04-01,1,0
2021,5,A3931,GARAI - DURANGO,67.0,0.0,0.0,0.0,0.0,67.0,0.0,0.0,0.0,2021-05-01,1,0
2021,6,A3931,GARAI - DURANGO,86.0,0.0,0.0,0.0,0.0,86.0,0.0,0.0,0.0,2021-06-01,1,0
2021,7,A3931,GARAI - DURANGO,79.0,0.0,0.0,0.0,0.0,79.0,0.0,0.0,0.0,2021-07-01,1,0
2021,8,A3931,GARAI - DURANGO,75.0,0.0,0.0,0.0,0.0,75.0,0.0,0.0,0.0,2021-08-01,1,0
2021,9,A3931,GARAI - DURANGO,95.0,0.0,0.0,0.0,0.0,95.0,0.0,0.0,0.0,2021-09-01,1,0
2021,10,A3931,GARAI - DURANGO,80.0,0.0,0.0,0.0,0.0,80.0,0.0,0.0,0.0,2021-10-01,1,0
2021,11,A3931,GARAI - DURANGO,76.0,0.0,0.0,0.0,0.0,76.0,0.0,0.0,0.0,2021-11-01,1,0
2021,12,A3931,GARAI - DURANGO,72.0,0.0,0.0,0.0,0.0,72.0,0.0,0.0,0.0,2021-12-01,1,0
2022,1,A3931,GARAI - DURANGO,46.0,0.0,0.0,0.0,0.0,46.0,0.0,0.0,0.0,2022-01-01,0,0
2022,2,A3931,GARAI - DURANGO,45.0,0.0,0.0,0.0,0.0,45.0,0.0,0.0,0.0,2022-02-01,0,0
2022,3,A3931,GARAI - DURANGO,51.0,0.0,0.0,0.0,0.0,51.0,0.0,0.0,0.0,2022-03-01,0,0
2022,4,A3931,GARAI - DURANGO,48.0,0.0,0.0,0.0,0.0,48.0,0.0,0.0,0.0,2022-04-01,0,0
2022,5,A3931,GARAI - DURANGO,56.0,0.0,0.0,0.0,0.0,56.0,0.0,0.0,0.0,2022-05-01,0,0
2022,6,A3931,GARAI - DURANGO,56.0,0.0,0.0,0.0,0.0,56.0,0.0,0.0,0.0,2022-06-01,0,0
2022,7,A3931,GARAI - DURANGO,53.0,0.0,0.0,0.0,0.0,53.0,0.0,0.0,0.0,2022-07-01,0,0
2022,8,A3931,GARAI - DURANGO,25.0,0.0,0.0,0.0,0.0,25.0,0.0,0.0,0.0,2022-08-01,0,0
2022,9,A3931,GARAI - DURANGO,44.0,0.0,0.0,0.0,0.0,44.0,0.0,0.0,0.0,2022-09-01,0,1
2022,10,A3931,GARAI - DURANGO,37.0,0.0,0.0,0.0,0.0,37.0,0.0,0.0,0.0,2022-10-01,0,1
2022,11,A3931,GARAI - DURANGO,37.0,0.0,0.0,0.0,0.0,37.0,0.0,0.0,0.0,2022-11-01,0,1
2022,12,A3931,GARAI - DURANGO,36.0,0.0,0.0,0.0,0.0,36.0,0.0,0.0,0.0,2022-12-01,0,1
2023,1,A3931,GARAI - DURANGO,50.0,0.0,0.0,0.0,0.0,50.0,0.0,0.0,0.0,2023-01-01,0,1
2023,2,A3931,GARAI - DURANGO,46.0,0.0,0.0,0.0,0.0,46.0,0.0,0.0,0.0,2023-02-01,0,1
2023,3,A3931,GARAI - DURANGO,55.0,0.0,0.0,0.0,0.0,55.0,0.0,0.0,0.0,2023-03-01,0,1
2023,4,A3931,GARAI - DURANGO,32.0,0.0,0.0,0.0,0.0,32.0,0.0,0.0,0.0,2023-04-01,0,1
2023,5,A3931,GARAI - DURANGO,41.0,0.0,0.0,0.0,0.0,41.0,0.0,0.0,0.0,2023-05-01,0,1
2023,6,A3931,GARAI - DURANGO,41.0,0.0,0.0,0.0,0.0,41.0,0.0,0.0,0.0,2023-06-01,0,1
2023,7,A3931,GARAI - DURANGO,34.0,0.0,0.0,0.0,0.0,34.0,0.0,0.0,0.0,2023-07-01,0,1
2023,8,A3931,GARAI - DURANGO,32.0,0.0,0.0,0.0,0.0,32.0,0.0,0.0,0.0,2023-08-01,0,1
2023,9,A3931,GARAI - DURANGO,56.0,0.0,0.0,0.0,0.0,56.0,0.0,0.0,0.0,2023-09-01,0,1
2023,10,A3931,GARAI - DURANGO,55.0,0.0,0.0,0.0,0.0,55.0,0.0,0.0,0.0,2023-10-01,0,1
2023,11,A3931,GARAI - DURANGO,62.0,0.0,0.0,0.0,0.0,62.0,0.0,0.0,0.0,2023-11-01,0,1
2023,12,A3931,GARAI - DURANGO,41.0,0.0,0.0,0.0,0.0,41.0,0.0,0.0,0.0,2023-12-01,0,1
2024,1,A3931,GARAI - DURANGO,48.0,0.0,0.0,0.0,0.0,48.0,0.0,0.0,0.0,2024-01-01,0,1
2024,2,A3931,GARAI - DURANGO,63.0,0.0,0.0,0.0,0.0,63.0,0.0,0.0,0.0,2024-02-01,0,1
2024,3,A3931,GARAI - DURANGO,63.0,0.0,0.0,0.0,0.0,63.0,0.0,0.0,0.0,2024-03-01,0,1
2024,4,A3931,GARAI - DURANGO,74.0,0.0,0.0,0.0,0.0,74.0,0.0,0.0,0.0,2024-04-01,0,1
2024,5,A3931,GARAI - DURANGO,70.0,0.0,0.0,0.0,0.0,70.0,0.0,0.0,0.0,2024-05-01,0,1
2024,6,A3931,GARAI - DURANGO,65.0,0.0,0.0,0.0,0.0,65.0,0.0,0.0,0.0,2024-06-01,0,1
2024,7,A3931,GARAI - DURANGO,59.0,0.0,0.0,0.0,0.0,59.0,0.0,0.0,0.0,2024-07-01,0,1
2024,8,A3931,GARAI - DURANGO,37.0,0.0,0.0,0.0,0.0,37.0,0.0,0.0,0.0,2024-08-01,0,1
2024,9,A3931,GARAI - DURANGO,58.0,0.0,0.0,0.0,0.0,58.0,0.0,0.0,0.0,2024-09-01,0,1
2024,10,A3931,GARAI - DURANGO,68.0,0.0,0.0,0.0,0.0,68.0,0.0,0.0,0.0,2024-10-01,0,1
2024,11,A3931,GARAI - DURANGO,54.0,0.0,0.0,0.0,0.0,54.0,0.0,0.0,0.0,2024-11-01,0,1
2024,12,A3931,GARAI - DURANGO,49.0,0.0,0.0,0.0,0.0,49.0,0.0,0.0,0.0,2024-12-01,0,1
2025,1,A3931,GARAI - DURANGO,58.0,0.0,0.0,0.0,0.0,58.0,0.0,0.0,0.0,2025-01-01,0,1
2025,2,A3931,GARAI - DURANGO,58.0,0.0,0.0,0.0,0.0,58.0,0.0,0.0,0.0,2025-02-01,0,1
2025,3,A3931,GARAI - DURANGO,55.0,0.0,0.0,0.0,0.0,55.0,0.0,0.0,0.0,2025-03-01,0,1
2025,4,A3931,GARAI - DURANGO,53.0,0.0,0.0,0.0,0.0,53.0,0.0,0.0,0.0,2025-04-01,0,1
2025,5,A3931,GARAI - DURANGO,52.0,0.0,0.0,0.0,0.0,52.0,0.0,0.0,0.0,2025-05-01,0,1
2025,6,A3931,GARAI - DURANGO,65.0,0.0,0.0,0.0,0.0,65.0,0.0,0.0,0.0,2025-06-01,0,1
2025,7,A3931,GARAI - DURANGO,47.0,0.0,0.0,0.0,0.0,47.0,0.0,0.0,0.0,2025-07-01,0,1
2025,8,A3931,GARAI - DURANGO,21.0,0.0,0.0,0.0,0.0,21.0,0.0,0.0,0.0,2025-08-01,0,1
2025,9,A3931,GARAI - DURANGO,60.0,0.0,0.0,0.0,0.0,60.0,0.0,0.0,0.0,2025-09-01,0,1
2025,10,A3931,GARAI - DURANGO,65.0,0.0,0.0,0.0,0.0,65.0,0.0,0.0,0.0,2025-10-01,0,1
2025,11,A3931,GARAI - DURANGO,53.0,0.0,0.0,0.0,0.0,53.0,0.0,0.0,0.0,2025-11-01,0,1
2025,12,A3931,GARAI - DURANGO,52.0,0.0,0.0,0.0,0.0,52.0,0.0,0.0,0.0,2025-12-01,0,1
2020,1,A3525,GERNIKA LUMO - AMOREBIETA ETXANO  - UPV/EHU,4096.0,2527.0,70.0,723.0,116.0,242.0,0.0,1.0,19.0,2020-01-01,1,0
2020,2,A3525,GERNIKA LUMO - AMOREBIETA ETXANO  - UPV/EHU,7329.0,2894.0,96.0,2838.0,307.0,318.0,0.0,2.0,47.0,2020-02-01,1,0
2020,3,A3525,GERNIKA LUMO - AMOREBIETA ETXANO  - UPV/EHU,3309.0,1315.0,36.0,1232.0,162.0,142.0,0.0,1.0,23.0,2020-03-01,1,0
2020,4,A3525,GERNIKA LUMO - AMOREBIETA ETXANO  - UPV/EHU,0.0,,,,,0.0,0.0,0.0,0.0,2020-04-01,1,0
2020,5,A3525,GERNIKA LUMO - AMOREBIETA ETXANO  - UPV/EHU,0.0,,,,,0.0,0.0,0.0,0.0,2020-05-01,1,0
2020,6,A3525,GERNIKA LUMO - AMOREBIETA ETXANO  - UPV/EHU,0.0,,,,,0.0,0.0,0.0,0.0,2020-06-01,1,0
2020,7,A3525,GERNIKA LUMO - AMOREBIETA ETXANO  - UPV/EHU,0.0,,,,,0.0,0.0,0.0,0.0,2020-07-01,1,0
2020,8,A3525,GERNIKA LUMO - AMOREBIETA ETXANO  - UPV/EHU,0.0,,,,,0.0,0.0,0.0,0.0,2020-08-01,1,0
2020,9,A3525,GERNIKA LUMO - AMOREBIETA ETXANO  - UPV/EHU,4451.0,2803.0,47.0,838.0,195.0,0.0,0.0,3.0,6.0,2020-09-01,1,0
2020,10,A3525,GERNIKA LUMO - AMOREBIETA ETXANO  - UPV/EHU,5676.0,3107.0,54.0,1456.0,264.0,0.0,0.0,2.0,16.0,2020-10-01,1,0
2020,11,A3525,GERNIKA LUMO - AMOREBIETA ETXANO  - UPV/EHU,5610.0,3335.0,43.0,1310.0,168.0,0.0,0.0,5.0,4.0,2020-11-01,1,0
2020,12,A3525,GERNIKA LUMO - AMOREBIETA ETXANO  - UPV/EHU,2862.0,1979.0,31.0,465.0,62.0,0.0,0.0,2.0,1.0,2020-12-01,1,0
2021,1,A3525,GERNIKA LUMO - AMOREBIETA ETXANO  - UPV/EHU,2783.0,2045.0,33.0,350.0,59.0,13.0,0.0,9.0,8.0,2021-01-01,1,0
2021,2,A3525,GERNIKA LUMO - AMOREBIETA ETXANO  - UPV/EHU,4838.0,3052.0,53.0,1092.0,107.0,34.0,0.0,10.0,4.0,2021-02-01,1,0
2021,3,A3525,GERNIKA LUMO - AMOREBIETA ETXANO  - UPV/EHU,4650.0,3050.0,69.0,959.0,52.0,62.0,0.0,7.0,21.0,2021-03-01,1,0
2021,4,A3525,GERNIKA LUMO - AMOREBIETA ETXANO  - UPV/EHU,3128.0,2074.0,46.0,614.0,42.0,67.0,0.0,6.0,10.0,2021-04-01,1,0
2021,5,A3525,GERNIKA LUMO - AMOREBIETA ETXANO  - UPV/EHU,3332.0,2345.0,84.0,462.0,41.0,94.0,0.0,11.0,16.0,2021-05-01,1,0
2021,6,A3525,GERNIKA LUMO - AMOREBIETA ETXANO  - UPV/EHU,791.0,644.0,15.0,36.0,10.0,22.0,0.0,4.0,2.0,2021-06-01,1,0
2021,7,A3525,GERNIKA LUMO - AMOREBIETA ETXANO  - UPV/EHU,0.0,,,,,0.0,0.0,0.0,0.0,2021-07-01,1,0
2021,8,A3525,GERNIKA LUMO - AMOREBIETA ETXANO  - UPV/EHU,0.0,,,,,0.0,0.0,0.0,0.0,2021-08-01,1,0
2021,9,A3525,GERNIKA LUMO - AMOREBIETA ETXANO  - UPV/EHU,4180.0,2492.0,70.0,881.0,121.0,114.0,0.0,9.0,18.0,2021-09-01,1,0
2021,10,A3525,GERNIKA LUMO - AMOREBIETA ETXANO  - UPV/EHU,6639.0,3547.0,62.0,1789.0,239.0,200.0,0.0,10.0,40.0,2021-10-01,1,0
2021,11,A3525,GERNIKA LUMO - AMOREBIETA ETXANO  - UPV/EHU,7543.0,3623.0,76.0,2336.0,286.0,254.0,0.0,6.0,43.0,2021-11-01,1,0
2021,12,A3525,GERNIKA LUMO - AMOREBIETA ETXANO  - UPV/EHU,4103.0,2442.0,53.0,799.0,146.0,147.0,0.0,9.0,19.0,2021-12-01,1,0
2022,1,A3525,GERNIKA LUMO - AMOREBIETA ETXANO  - UPV/EHU,2975.0,1992.0,46.0,414.0,78.0,119.0,0.0,8.0,15.0,2022-01-01,0,0
2022,2,A3525,GERNIKA LUMO - AMOREBIETA ETXANO  - UPV/EHU,6780.0,3562.0,65.0,1857.0,269.0,247.0,0.0,7.0,10.0,2022-02-01,0,0
2022,3,A3525,GERNIKA LUMO - AMOREBIETA ETXANO  - UPV/EHU,7745.0,3969.0,97.0,2161.0,299.0,237.0,0.0,8.0,19.0,2022-03-01,0,0
2022,4,A3525,GERNIKA LUMO - AMOREBIETA ETXANO  - UPV/EHU,4660.0,2898.0,62.0,832.0,141.0,156.0,0.0,7.0,7.0,2022-04-01,0,0
2022,5,A3525,GERNIKA LUMO - AMOREBIETA ETXANO  - UPV/EHU,5304.0,3400.0,91.0,878.0,150.0,214.0,0.0,14.0,7.0,2022-05-01,0,0
2022,6,A3525,GERNIKA LUMO - AMOREBIETA ETXANO  - UPV/EHU,1145.0,985.0,9.0,55.0,3.0,30.0,0.0,2.0,5.0,2022-06-01,0,0
2022,7,A3525,GERNIKA LUMO - AMOREBIETA ETXANO  - UPV/EHU,0.0,0.0,,,,0.0,0.0,0.0,0.0,2022-07-01,0,0
2022,8,A3525,GERNIKA LUMO - AMOREBIETA ETXANO  - UPV/EHU,0.0,0.0,,,,0.0,0.0,0.0,0.0,2022-08-01,0,0
2022,9,A3525,GERNIKA LUMO - AMOREBIETA ETXANO  - UPV/EHU,5790.0,2907.0,79.0,1758.0,304.0,103.0,0.0,5.0,3.0,2022-09-01,0,1
2022,10,A3525,GERNIKA LUMO - AMOREBIETA ETXANO  - UPV/EHU,7064.0,3509.0,71.0,2219.0,411.0,91.0,0.0,9.0,5.0,2022-10-01,0,1
2022,11,A3525,GERNIKA LUMO - AMOREBIETA ETXANO  - UPV/EHU,7220.0,3588.0,95.0,2163.0,437.0,132.0,0.0,3.0,2.0,2022-11-01,0,1
2022,12,A3525,GERNIKA LUMO - AMOREBIETA ETXANO  - UPV/EHU,3767.0,2277.0,57.0,796.0,169.0,92.0,0.0,5.0,3.0,2022-12-01,0,1
2023,1,A3525,GERNIKA LUMO - AMOREBIETA ETXANO  - UPV/EHU,3390.0,2342.0,35.0,521.0,162.0,58.0,0.0,7.0,2.0,2023-01-01,0,1
2023,2,A3525,GERNIKA LUMO - AMOREBIETA ETXANO  - UPV/EHU,5915.0,3218.0,59.0,1643.0,320.0,72.0,0.0,8.0,4.0,2023-02-01,0,1
2023,3,A3525,GERNIKA LUMO - AMOREBIETA ETXANO  - UPV/EHU,6604.0,3781.0,119.0,1641.0,342.0,65.0,0.0,10.0,4.0,2023-03-01,0,1
2023,4,A3525,GERNIKA LUMO - AMOREBIETA ETXANO  - UPV/EHU,4066.0,2495.0,75.0,840.0,202.0,56.0,0.0,5.0,5.0,2023-04-01,0,1
2023,5,A3525,GERNIKA LUMO - AMOREBIETA ETXANO  - UPV/EHU,5036.0,3263.0,191.0,867.0,233.0,67.0,0.0,10.0,5.0,2023-05-01,0,1
2023,6,A3525,GERNIKA LUMO - AMOREBIETA ETXANO  - UPV/EHU,958.0,795.0,13.0,80.0,16.0,14.0,0.0,0.0,2.0,2023-06-01,0,1
2023,7,A3525,GERNIKA LUMO - AMOREBIETA ETXANO  - UPV/EHU,0.0,0.0,,,,0.0,0.0,0.0,0.0,2023-07-01,0,1
2023,8,A3525,GERNIKA LUMO - AMOREBIETA ETXANO  - UPV/EHU,0.0,0.0,,,,0.0,0.0,0.0,0.0,2023-08-01,0,1
2023,9,A3525,GERNIKA LUMO - AMOREBIETA ETXANO  - UPV/EHU,6526.0,3861.0,85.0,1518.0,367.0,88.0,0.0,2.0,24.0,2023-09-01,0,1
2023,10,A3525,GERNIKA LUMO - AMOREBIETA ETXANO  - UPV/EHU,7942.0,4335.0,127.0,2143.0,493.0,73.0,0.0,4.0,32.0,2023-10-01,0,1
2023,11,A3525,GERNIKA LUMO - AMOREBIETA ETXANO  - UPV/EHU,8441.0,4695.0,111.0,2139.0,564.0,83.0,0.0,4.0,32.0,2023-11-01,0,1
2023,12,A3525,GERNIKA LUMO - AMOREBIETA ETXANO  - UPV/EHU,4619.0,2906.0,107.0,909.0,252.0,78.0,0.0,0.0,25.0,2023-12-01,0,1
2024,1,A3525,GERNIKA LUMO - AMOREBIETA ETXANO  - UPV/EHU,4.536,3.031,114.0,648.0,195.0,93.0,0.0,2.0,19.0,2024-01-01,0,1
2024,2,A3525,GERNIKA LUMO - AMOREBIETA ETXANO  - UPV/EHU,7872.0,4696.0,162.0,1828.0,396.0,79.0,0.0,10.0,33.0,2024-02-01,0,1
2024,3,A3525,GERNIKA LUMO - AMOREBIETA ETXANO  - UPV/EHU,5860.0,3468.0,169.0,1295.0,317.0,58.0,0.0,2.0,25.0,2024-03-01,0,1
2024,4,A3525,GERNIKA LUMO - AMOREBIETA ETXANO  - UPV/EHU,5899.0,3531.0,140.0,1302.0,313.0,46.0,0.0,4.0,17.0,2024-04-01,0,1
2024,5,A3525,GERNIKA LUMO - AMOREBIETA ETXANO  - UPV/EHU,5085.0,3348.0,176.0,803.0,227.0,53.0,0.0,5.0,13.0,2024-05-01,0,1
2024,6,A3525,GERNIKA LUMO - AMOREBIETA ETXANO  - UPV/EHU,814.0,609.0,3.0,72.0,7.0,5.0,1.0,0.0,0.0,2024-06-01,0,1
2024,7,A3525,GERNIKA LUMO - AMOREBIETA ETXANO  - UPV/EHU,10.0,10.0,0.0,0.0,0.0,0.0,0.0,0.0,0.0,2024-07-01,0,1
2024,8,A3525,GERNIKA LUMO - AMOREBIETA ETXANO  - UPV/EHU,0.0,0.0,0.0,0.0,0.0,0.0,0.0,0.0,0.0,2024-08-01,0,1
2024,9,A3525,GERNIKA LUMO - AMOREBIETA ETXANO  - UPV/EHU,7074.0,4018.0,113.0,1600.0,523.0,61.0,0.0,3.0,19.0,2024-09-01,0,1
2024,10,A3525,GERNIKA LUMO - AMOREBIETA ETXANO  - UPV/EHU,9567.0,4852.0,89.0,2655.0,805.0,85.0,0.0,7.0,39.0,2024-10-01,0,1
2024,11,A3525,GERNIKA LUMO - AMOREBIETA ETXANO  - UPV/EHU,8338.0,4184.0,117.0,2354.0,618.0,59.0,0.0,4.0,34.0,2024-11-01,0,1
2024,12,A3525,GERNIKA LUMO - AMOREBIETA ETXANO  - UPV/EHU,5109.0,2841.0,103.0,1185.0,357.0,46.0,0.0,1.0,18.0,2024-12-01,0,1
2025,1,A3525,GERNIKA LUMO - AMOREBIETA ETXANO  - UPV/EHU,3738.0,2567.0,73.0,481.0,175.0,46.0,0.0,3.0,11.0,2025-01-01,0,1
2025,2,A3525,GERNIKA LUMO - AMOREBIETA ETXANO  - UPV/EHU,9518.0,5010.0,144.0,2835.0,624.0,67.0,0.0,3.0,44.0,2025-02-01,0,1
2025,3,A3525,GERNIKA LUMO - AMOREBIETA ETXANO  - UPV/EHU,8274.0,4396.0,139.0,2454.0,538.0,67.0,0.0,2.0,34.0,2025-03-01,0,1
2025,4,A3525,GERNIKA LUMO - AMOREBIETA ETXANO  - UPV/EHU,5445.0,3264.0,103.0,1153.0,366.0,41.0,0.0,1.0,30.0,2025-04-01,0,1
2025,5,A3525,GERNIKA LUMO - AMOREBIETA ETXANO  - UPV/EHU,5563.0,3703.0,143.0,789.0,344.0,52.0,0.0,3.0,20.0,2025-05-01,0,1
2025,6,A3525,GERNIKA LUMO - AMOREBIETA ETXANO  - UPV/EHU,1792.0,1387.0,33.0,98.0,57.0,19.0,0.0,1.0,6.0,2025-06-01,0,1
2025,7,A3525,GERNIKA LUMO - AMOREBIETA ETXANO  - UPV/EHU,0.0,0.0,0.0,0.0,0.0,0.0,0.0,0.0,0.0,2025-07-01,0,1
2025,8,A3525,GERNIKA LUMO - AMOREBIETA ETXANO  - UPV/EHU,0.0,0.0,0.0,0.0,0.0,0.0,0.0,0.0,0.0,2025-08-01,0,1
2025,9,A3525,GERNIKA LUMO - AMOREBIETA ETXANO  - UPV/EHU,7986.0,4410.0,119.0,2171.0,593.0,54.0,0.0,4.0,31.0,2025-09-01,0,1
2025,10,A3525,GERNIKA LUMO - AMOREBIETA ETXANO  - UPV/EHU,9755.0,4782.0,130.0,3076.0,841.0,51.0,0.0,1.0,42.0,2025-10-01,0,1
2025,11,A3525,GERNIKA LUMO - AMOREBIETA ETXANO  - UPV/EHU,8419.0,3973.0,120.0,2819.0,705.0,53.0,0.0,2.0,33.0,2025-11-01,0,1
2025,12,A3525,GERNIKA LUMO - AMOREBIETA ETXANO  - UPV/EHU,5290.0,2905.0,69.0,1426.0,390.0,30.0,0.0,1.0,23.0,2025-12-01,0,1
2025,10,A3532,GERNIKA LUMO - EA,3732.0,2429.0,921.0,32.0,31.0,92.0,1.0,30.0,11.0,2025-10-01,0,1
2025,11,A3532,GERNIKA LUMO - EA,3265.0,2257.0,672.0,49.0,22.0,88.0,0.0,33.0,4.0,2025-11-01,0,1
2025,12,A3532,GERNIKA LUMO - EA,3162.0,2254.0,605.0,37.0,7.0,77.0,0.0,27.0,17.0,2025-12-01,0,1
2020,1,A3534,GERNIKA LUMO - ERRIGOITI,35.0,27.0,5.0,,,0.0,0.0,0.0,0.0,2020-01-01,1,0
2020,2,A3534,GERNIKA LUMO - ERRIGOITI,23.0,13.0,1.0,,,9.0,0.0,0.0,0.0,2020-02-01,1,0
2020,3,A3534,GERNIKA LUMO - ERRIGOITI,14.0,8.0,1.0,,,1.0,0.0,0.0,0.0,2020-03-01,1,0
2020,4,A3534,GERNIKA LUMO - ERRIGOITI,0.0,,,,,0.0,0.0,0.0,0.0,2020-04-01,1,0
2020,5,A3534,GERNIKA LUMO - ERRIGOITI,8.0,8.0,,,,0.0,0.0,0.0,0.0,2020-05-01,1,0
2020,6,A3534,GERNIKA LUMO - ERRIGOITI,31.0,28.0,,,,0.0,0.0,0.0,0.0,2020-06-01,1,0
2020,7,A3534,GERNIKA LUMO - ERRIGOITI,37.0,35.0,,,,0.0,0.0,0.0,0.0,2020-07-01,1,0
2020,8,A3534,GERNIKA LUMO - ERRIGOITI,27.0,23.0,,,,0.0,0.0,0.0,0.0,2020-08-01,1,0
2020,9,A3534,GERNIKA LUMO - ERRIGOITI,23.0,15.0,1.0,3.0,,0.0,0.0,0.0,0.0,2020-09-01,1,0
2020,10,A3534,GERNIKA LUMO - ERRIGOITI,26.0,16.0,1.0,6.0,,0.0,0.0,0.0,0.0,2020-10-01,1,0
2020,11,A3534,GERNIKA LUMO - ERRIGOITI,40.0,33.0,,1.0,,0.0,0.0,0.0,0.0,2020-11-01,1,0
2020,12,A3534,GERNIKA LUMO - ERRIGOITI,39.0,33.0,,,,0.0,0.0,0.0,2.0,2020-12-01,1,0
2021,1,A3534,GERNIKA LUMO - ERRIGOITI,25.0,25.0,,,,0.0,0.0,0.0,0.0,2021-01-01,1,0
2021,2,A3534,GERNIKA LUMO - ERRIGOITI,16.0,16.0,,,,0.0,0.0,0.0,0.0,2021-02-01,1,0
2021,3,A3534,GERNIKA LUMO - ERRIGOITI,41.0,39.0,2.0,,,0.0,0.0,0.0,0.0,2021-03-01,1,0
2021,4,A3534,GERNIKA LUMO - ERRIGOITI,39.0,37.0,,,,2.0,0.0,0.0,0.0,2021-04-01,1,0
2021,5,A3534,GERNIKA LUMO - ERRIGOITI,51.0,45.0,,,,0.0,0.0,0.0,0.0,2021-05-01,1,0
2021,6,A3534,GERNIKA LUMO - ERRIGOITI,65.0,54.0,2.0,,,1.0,0.0,0.0,1.0,2021-06-01,1,0
2021,7,A3534,GERNIKA LUMO - ERRIGOITI,46.0,45.0,,,,0.0,0.0,0.0,0.0,2021-07-01,1,0
2021,8,A3534,GERNIKA LUMO - ERRIGOITI,114.0,97.0,3.0,1.0,,6.0,0.0,0.0,0.0,2021-08-01,1,0
2021,9,A3534,GERNIKA LUMO - ERRIGOITI,124.0,116.0,2.0,1.0,,2.0,0.0,0.0,0.0,2021-09-01,1,0
2021,10,A3534,GERNIKA LUMO - ERRIGOITI,84.0,80.0,2.0,,,1.0,0.0,0.0,0.0,2021-10-01,1,0
2021,11,A3534,GERNIKA LUMO - ERRIGOITI,86.0,84.0,1.0,,,0.0,0.0,0.0,0.0,2021-11-01,1,0
2021,12,A3534,GERNIKA LUMO - ERRIGOITI,50.0,43.0,1.0,,,1.0,0.0,0.0,1.0,2021-12-01,1,0
2022,1,A3534,GERNIKA LUMO - ERRIGOITI,51.0,46.0,1.0,,,4.0,0.0,0.0,0.0,2022-01-01,0,0
2022,2,A3534,GERNIKA LUMO - ERRIGOITI,59.0,55.0,,1.0,,3.0,0.0,0.0,0.0,2022-02-01,0,0
2022,3,A3534,GERNIKA LUMO - ERRIGOITI,59.0,58.0,1.0,,,0.0,0.0,0.0,0.0,2022-03-01,0,0
2022,4,A3534,GERNIKA LUMO - ERRIGOITI,46.0,45.0,,,,1.0,0.0,0.0,0.0,2022-04-01,0,0
2022,5,A3534,GERNIKA LUMO - ERRIGOITI,69.0,66.0,2.0,,,1.0,0.0,0.0,0.0,2022-05-01,0,0
2022,6,A3534,GERNIKA LUMO - ERRIGOITI,82.0,76.0,,,,4.0,0.0,0.0,0.0,2022-06-01,0,0
2022,7,A3534,GERNIKA LUMO - ERRIGOITI,62.0,56.0,2.0,,,2.0,0.0,0.0,0.0,2022-07-01,0,0
2022,8,A3534,GERNIKA LUMO - ERRIGOITI,92.0,75.0,2.0,,,4.0,0.0,0.0,0.0,2022-08-01,0,0
2022,9,A3534,GERNIKA LUMO - ERRIGOITI,42.0,32.0,9.0,,,1.0,0.0,0.0,0.0,2022-09-01,0,1
2022,10,A3534,GERNIKA LUMO - ERRIGOITI,59.0,41.0,11.0,,1.0,6.0,0.0,0.0,0.0,2022-10-01,0,1
2022,11,A3534,GERNIKA LUMO - ERRIGOITI,41.0,34.0,3.0,,1.0,3.0,0.0,0.0,0.0,2022-11-01,0,1
2022,12,A3534,GERNIKA LUMO - ERRIGOITI,24.0,17.0,6.0,,,0.0,0.0,0.0,0.0,2022-12-01,0,1
2023,1,A3534,GERNIKA LUMO - ERRIGOITI,29.0,24.0,4.0,,,0.0,0.0,0.0,0.0,2023-01-01,0,1
2023,2,A3534,GERNIKA LUMO - ERRIGOITI,35.0,28.0,5.0,,,2.0,0.0,0.0,0.0,2023-02-01,0,1
2023,3,A3534,GERNIKA LUMO - ERRIGOITI,60.0,52.0,7.0,,,0.0,0.0,0.0,0.0,2023-03-01,0,1
2023,4,A3534,GERNIKA LUMO - ERRIGOITI,44.0,40.0,4.0,,,0.0,0.0,0.0,0.0,2023-04-01,0,1
2023,5,A3534,GERNIKA LUMO - ERRIGOITI,48.0,39.0,8.0,,,1.0,0.0,0.0,0.0,2023-05-01,0,1
2023,6,A3534,GERNIKA LUMO - ERRIGOITI,44.0,34.0,8.0,,,2.0,0.0,0.0,0.0,2023-06-01,0,1
2023,7,A3534,GERNIKA LUMO - ERRIGOITI,67.0,65.0,2.0,,,0.0,0.0,0.0,0.0,2023-07-01,0,1
2023,8,A3534,GERNIKA LUMO - ERRIGOITI,92.0,84.0,4.0,,,3.0,0.0,0.0,0.0,2023-08-01,0,1
2023,9,A3534,GERNIKA LUMO - ERRIGOITI,56.0,42.0,7.0,,,1.0,0.0,0.0,0.0,2023-09-01,0,1
2023,10,A3534,GERNIKA LUMO - ERRIGOITI,63.0,48.0,1.0,,,2.0,0.0,0.0,0.0,2023-10-01,0,1
2023,11,A3534,GERNIKA LUMO - ERRIGOITI,33.0,33.0,,,,0.0,0.0,0.0,0.0,2023-11-01,0,1
2023,12,A3534,GERNIKA LUMO - ERRIGOITI,32.0,29.0,2.0,,,0.0,0.0,0.0,0.0,2023-12-01,0,1
2024,1,A3534,GERNIKA LUMO - ERRIGOITI,18.0,17.0,1.0,,,0.0,0.0,0.0,0.0,2024-01-01,0,1
2024,2,A3534,GERNIKA LUMO - ERRIGOITI,86.0,81.0,4.0,,,0.0,0.0,0.0,0.0,2024-02-01,0,1
2024,3,A3534,GERNIKA LUMO - ERRIGOITI,23.0,21.0,,,,2.0,0.0,0.0,0.0,2024-03-01,0,1
2024,4,A3534,GERNIKA LUMO - ERRIGOITI,43.0,39.0,2.0,0.0,0.0,2.0,0.0,0.0,0.0,2024-04-01,0,1
2024,5,A3534,GERNIKA LUMO - ERRIGOITI,27.0,23.0,2.0,0.0,0.0,2.0,0.0,0.0,0.0,2024-05-01,0,1
2024,6,A3534,GERNIKA LUMO - ERRIGOITI,27.0,23.0,1.0,0.0,0.0,2.0,0.0,0.0,0.0,2024-06-01,0,1
2024,7,A3534,GERNIKA LUMO - ERRIGOITI,28.0,22.0,3.0,0.0,0.0,2.0,0.0,0.0,0.0,2024-07-01,0,1
2024,8,A3534,GERNIKA LUMO - ERRIGOITI,36.0,32.0,1.0,0.0,0.0,3.0,0.0,0.0,0.0,2024-08-01,0,1
2024,9,A3534,GERNIKA LUMO - ERRIGOITI,109.0,102.0,3.0,0.0,0.0,0.0,0.0,0.0,0.0,2024-09-01,0,1
2024,10,A3534,GERNIKA LUMO - ERRIGOITI,60.0,53.0,5.0,1.0,0.0,0.0,0.0,0.0,0.0,2024-10-01,0,1
2024,11,A3534,GERNIKA LUMO - ERRIGOITI,65.0,61.0,1.0,0.0,0.0,1.0,0.0,0.0,0.0,2024-11-01,0,1
2024,12,A3534,GERNIKA LUMO - ERRIGOITI,72.0,70.0,0.0,0.0,0.0,0.0,0.0,0.0,0.0,2024-12-01,0,1
2025,1,A3534,GERNIKA LUMO - ERRIGOITI,42.0,39.0,2.0,0.0,0.0,0.0,0.0,0.0,0.0,2025-01-01,0,1
2025,2,A3534,GERNIKA LUMO - ERRIGOITI,57.0,54.0,1.0,0.0,0.0,0.0,0.0,0.0,0.0,2025-02-01,0,1
2025,3,A3534,GERNIKA LUMO - ERRIGOITI,38.0,37.0,1.0,0.0,0.0,0.0,0.0,0.0,0.0,2025-03-01,0,1
2025,4,A3534,GERNIKA LUMO - ERRIGOITI,26.0,26.0,0.0,0.0,0.0,0.0,0.0,0.0,0.0,2025-04-01,0,1
2025,5,A3534,GERNIKA LUMO - ERRIGOITI,29.0,28.0,1.0,0.0,0.0,0.0,0.0,0.0,0.0,2025-05-01,0,1
2025,6,A3534,GERNIKA LUMO - ERRIGOITI,474.0,347.0,81.0,0.0,0.0,18.0,0.0,3.0,1.0,2025-06-01,0,1
2025,7,A3534,GERNIKA LUMO - ERRIGOITI,1301.0,917.0,239.0,0.0,0.0,34.0,0.0,30.0,4.0,2025-07-01,0,1
2025,8,A3534,GERNIKA LUMO - ERRIGOITI,1903.0,1267.0,399.0,0.0,2.0,39.0,0.0,19.0,20.0,2025-08-01,0,1
2025,9,A3534,GERNIKA LUMO - ERRIGOITI,1843.0,1180.0,457.0,0.0,11.0,30.0,0.0,14.0,10.0,2025-09-01,0,1
2020,1,A3533,GERNIKA LUMO - MENDATA,33.0,30.0,1.0,,,2.0,0.0,0.0,0.0,2020-01-01,1,0
2020,2,A3533,GERNIKA LUMO - MENDATA,45.0,43.0,,,,2.0,0.0,0.0,0.0,2020-02-01,1,0
2020,3,A3533,GERNIKA LUMO - MENDATA,19.0,19.0,,,,0.0,0.0,0.0,0.0,2020-03-01,1,0
2020,4,A3533,GERNIKA LUMO - MENDATA,0.0,,,,,0.0,0.0,0.0,0.0,2020-04-01,1,0
2020,5,A3533,GERNIKA LUMO - MENDATA,7.0,7.0,,,,0.0,0.0,0.0,0.0,2020-05-01,1,0
2020,6,A3533,GERNIKA LUMO - MENDATA,14.0,14.0,,,,0.0,0.0,0.0,0.0,2020-06-01,1,0
2020,7,A3533,GERNIKA LUMO - MENDATA,26.0,25.0,1.0,,,0.0,0.0,0.0,0.0,2020-07-01,1,0
2020,8,A3533,GERNIKA LUMO - MENDATA,19.0,14.0,5.0,,,0.0,0.0,0.0,0.0,2020-08-01,1,0
2020,9,A3533,GERNIKA LUMO - MENDATA,56.0,53.0,3.0,,,0.0,0.0,0.0,0.0,2020-09-01,1,0
2020,10,A3533,GERNIKA LUMO - MENDATA,61.0,61.0,,,,0.0,0.0,0.0,0.0,2020-10-01,1,0
2020,11,A3533,GERNIKA LUMO - MENDATA,55.0,52.0,3.0,,,0.0,0.0,0.0,0.0,2020-11-01,1,0
2020,12,A3533,GERNIKA LUMO - MENDATA,46.0,45.0,,,,0.0,0.0,0.0,1.0,2020-12-01,1,0
2021,1,A3533,GERNIKA LUMO - MENDATA,50.0,50.0,,,,0.0,0.0,0.0,0.0,2021-01-01,1,0
2021,2,A3533,GERNIKA LUMO - MENDATA,43.0,42.0,,,,1.0,0.0,0.0,0.0,2021-02-01,1,0
2021,3,A3533,GERNIKA LUMO - MENDATA,66.0,66.0,,,,0.0,0.0,0.0,0.0,2021-03-01,1,0
2021,4,A3533,GERNIKA LUMO - MENDATA,44.0,44.0,,,,0.0,0.0,0.0,0.0,2021-04-01,1,0
2021,5,A3533,GERNIKA LUMO - MENDATA,31.0,30.0,1.0,,,0.0,0.0,0.0,0.0,2021-05-01,1,0
2021,6,A3533,GERNIKA LUMO - MENDATA,37.0,34.0,3.0,,,0.0,0.0,0.0,0.0,2021-06-01,1,0
2021,7,A3533,GERNIKA LUMO - MENDATA,9.0,7.0,1.0,,,1.0,0.0,0.0,0.0,2021-07-01,1,0
2021,8,A3533,GERNIKA LUMO - MENDATA,34.0,23.0,8.0,,,3.0,0.0,0.0,0.0,2021-08-01,1,0
2021,9,A3533,GERNIKA LUMO - MENDATA,67.0,53.0,4.0,,,10.0,0.0,0.0,0.0,2021-09-01,1,0
2021,10,A3533,GERNIKA LUMO - MENDATA,101.0,88.0,4.0,,,9.0,0.0,0.0,0.0,2021-10-01,1,0
2021,11,A3533,GERNIKA LUMO - MENDATA,87.0,81.0,4.0,,,2.0,0.0,0.0,0.0,2021-11-01,1,0
2021,12,A3533,GERNIKA LUMO - MENDATA,50.0,45.0,2.0,,,3.0,0.0,0.0,0.0,2021-12-01,1,0
2022,1,A3533,GERNIKA LUMO - MENDATA,54.0,47.0,1.0,,,6.0,0.0,0.0,0.0,2022-01-01,0,0
2022,2,A3533,GERNIKA LUMO - MENDATA,64.0,58.0,2.0,,,4.0,0.0,0.0,0.0,2022-02-01,0,0
2022,3,A3533,GERNIKA LUMO - MENDATA,58.0,42.0,3.0,,,13.0,0.0,0.0,0.0,2022-03-01,0,0
2022,4,A3533,GERNIKA LUMO - MENDATA,39.0,35.0,1.0,,,1.0,0.0,0.0,0.0,2022-04-01,0,0
2022,5,A3533,GERNIKA LUMO - MENDATA,33.0,32.0,,,,1.0,0.0,0.0,0.0,2022-05-01,0,0
2022,6,A3533,GERNIKA LUMO - MENDATA,38.0,34.0,,,,4.0,0.0,0.0,0.0,2022-06-01,0,0
2022,7,A3533,GERNIKA LUMO - MENDATA,27.0,24.0,,,,3.0,0.0,0.0,0.0,2022-07-01,0,0
2022,8,A3533,GERNIKA LUMO - MENDATA,32.0,29.0,,,,3.0,0.0,0.0,0.0,2022-08-01,0,0
2022,9,A3533,GERNIKA LUMO - MENDATA,43.0,41.0,2.0,,,0.0,0.0,0.0,0.0,2022-09-01,0,1
2022,10,A3533,GERNIKA LUMO - MENDATA,40.0,33.0,5.0,,,2.0,0.0,0.0,0.0,2022-10-01,0,1
2022,11,A3533,GERNIKA LUMO - MENDATA,27.0,25.0,2.0,,,0.0,0.0,0.0,0.0,2022-11-01,0,1
2022,12,A3533,GERNIKA LUMO - MENDATA,25.0,22.0,2.0,,,1.0,0.0,0.0,0.0,2022-12-01,0,1
2023,1,A3533,GERNIKA LUMO - MENDATA,46.0,44.0,2.0,,,0.0,0.0,0.0,0.0,2023-01-01,0,1
2023,2,A3533,GERNIKA LUMO - MENDATA,29.0,26.0,3.0,,,0.0,0.0,0.0,0.0,2023-02-01,0,1
2023,3,A3533,GERNIKA LUMO - MENDATA,23.0,20.0,3.0,,,0.0,0.0,0.0,0.0,2023-03-01,0,1
2023,4,A3533,GERNIKA LUMO - MENDATA,27.0,24.0,3.0,,,0.0,0.0,0.0,0.0,2023-04-01,0,1
2023,5,A3533,GERNIKA LUMO - MENDATA,30.0,26.0,2.0,,,2.0,0.0,0.0,0.0,2023-05-01,0,1
2023,6,A3533,GERNIKA LUMO - MENDATA,31.0,30.0,1.0,,,0.0,0.0,0.0,0.0,2023-06-01,0,1
2023,7,A3533,GERNIKA LUMO - MENDATA,42.0,37.0,4.0,,,1.0,0.0,0.0,0.0,2023-07-01,0,1
2023,8,A3533,GERNIKA LUMO - MENDATA,50.0,43.0,4.0,,,1.0,0.0,0.0,0.0,2023-08-01,0,1
2023,9,A3533,GERNIKA LUMO - MENDATA,29.0,27.0,2.0,,,0.0,0.0,0.0,0.0,2023-09-01,0,1
2023,10,A3533,GERNIKA LUMO - MENDATA,48.0,47.0,,,,1.0,0.0,0.0,0.0,2023-10-01,0,1
2023,11,A3533,GERNIKA LUMO - MENDATA,33.0,33.0,,,,0.0,0.0,0.0,0.0,2023-11-01,0,1
2023,12,A3533,GERNIKA LUMO - MENDATA,41.0,40.0,1.0,,,0.0,0.0,0.0,0.0,2023-12-01,0,1
2024,1,A3533,GERNIKA LUMO - MENDATA,30.0,29.0,1.0,,,0.0,0.0,0.0,0.0,2024-01-01,0,1
2024,2,A3533,GERNIKA LUMO - MENDATA,123.0,121.0,1.0,,,1.0,0.0,0.0,0.0,2024-02-01,0,1
2024,3,A3533,GERNIKA LUMO - MENDATA,50.0,50.0,,,,0.0,0.0,0.0,0.0,2024-03-01,0,1
2024,4,A3533,GERNIKA LUMO - MENDATA,64.0,62.0,2.0,0.0,0.0,0.0,0.0,0.0,0.0,2024-04-01,0,1
2024,5,A3533,GERNIKA LUMO - MENDATA,51.0,51.0,0.0,0.0,0.0,0.0,0.0,0.0,0.0,2024-05-01,0,1
2024,6,A3533,GERNIKA LUMO - MENDATA,38.0,38.0,0.0,0.0,0.0,0.0,0.0,0.0,0.0,2024-06-01,0,1
2024,7,A3533,GERNIKA LUMO - MENDATA,34.0,33.0,0.0,0.0,0.0,0.0,0.0,0.0,0.0,2024-07-01,0,1
2024,8,A3533,GERNIKA LUMO - MENDATA,58.0,51.0,3.0,0.0,0.0,2.0,0.0,0.0,0.0,2024-08-01,0,1
2024,9,A3533,GERNIKA LUMO - MENDATA,214.0,207.0,5.0,0.0,0.0,1.0,0.0,0.0,0.0,2024-09-01,0,1
2024,10,A3533,GERNIKA LUMO - MENDATA,86.0,86.0,0.0,0.0,0.0,0.0,0.0,0.0,0.0,2024-10-01,0,1
2024,11,A3533,GERNIKA LUMO - MENDATA,71.0,70.0,0.0,0.0,0.0,1.0,0.0,0.0,0.0,2024-11-01,0,1
2024,12,A3533,GERNIKA LUMO - MENDATA,75.0,71.0,2.0,0.0,0.0,2.0,0.0,0.0,0.0,2024-12-01,0,1
2025,1,A3533,GERNIKA LUMO - MENDATA,57.0,57.0,0.0,0.0,0.0,0.0,0.0,0.0,0.0,2025-01-01,0,1
2025,2,A3533,GERNIKA LUMO - MENDATA,47.0,46.0,1.0,0.0,0.0,0.0,0.0,0.0,0.0,2025-02-01,0,1
2025,3,A3533,GERNIKA LUMO - MENDATA,40.0,38.0,2.0,0.0,0.0,0.0,0.0,0.0,0.0,2025-03-01,0,1
2025,4,A3533,GERNIKA LUMO - MENDATA,46.0,45.0,0.0,0.0,0.0,1.0,0.0,0.0,0.0,2025-04-01,0,1
2025,5,A3533,GERNIKA LUMO - MENDATA,54.0,52.0,2.0,0.0,0.0,0.0,0.0,0.0,0.0,2025-05-01,0,1
2025,6,A3533,GERNIKA LUMO - MENDATA,350.0,246.0,80.0,2.0,0.0,3.0,1.0,1.0,1.0,2025-06-01,0,1
2025,7,A3533,GERNIKA LUMO - MENDATA,1007.0,705.0,235.0,1.0,0.0,31.0,0.0,18.0,3.0,2025-07-01,0,1
2025,8,A3533,GERNIKA LUMO - MENDATA,1403.0,934.0,304.0,0.0,1.0,105.0,1.0,11.0,12.0,2025-08-01,0,1
2025,9,A3533,GERNIKA LUMO - MENDATA,1421.0,915.0,356.0,0.0,25.0,46.0,0.0,16.0,14.0,2025-09-01,0,1
2020,1,A3532,GERNIKA LUMO - NABARNIZ,115.0,83.0,11.0,,,6.0,0.0,0.0,0.0,2020-01-01,1,0
2020,2,A3532,GERNIKA LUMO - NABARNIZ,99.0,68.0,24.0,,,3.0,0.0,0.0,0.0,2020-02-01,1,0
2020,3,A3532,GERNIKA LUMO - NABARNIZ,38.0,28.0,10.0,,,0.0,0.0,0.0,0.0,2020-03-01,1,0
2020,4,A3532,GERNIKA LUMO - NABARNIZ,0.0,,,,,0.0,0.0,0.0,0.0,2020-04-01,1,0
2020,5,A3532,GERNIKA LUMO - NABARNIZ,33.0,29.0,4.0,,,0.0,0.0,0.0,0.0,2020-05-01,1,0
2020,6,A3532,GERNIKA LUMO - NABARNIZ,89.0,78.0,11.0,,,0.0,0.0,0.0,0.0,2020-06-01,1,0
2020,7,A3532,GERNIKA LUMO - NABARNIZ,125.0,115.0,8.0,,,0.0,0.0,0.0,0.0,2020-07-01,1,0
2020,8,A3532,GERNIKA LUMO - NABARNIZ,94.0,79.0,12.0,,,0.0,0.0,0.0,0.0,2020-08-01,1,0
2020,9,A3532,GERNIKA LUMO - NABARNIZ,101.0,73.0,19.0,9.0,,0.0,0.0,0.0,0.0,2020-09-01,1,0
2020,10,A3532,GERNIKA LUMO - NABARNIZ,96.0,58.0,12.0,26.0,,0.0,0.0,0.0,0.0,2020-10-01,1,0
2020,11,A3532,GERNIKA LUMO - NABARNIZ,106.0,69.0,5.0,30.0,,0.0,0.0,0.0,2.0,2020-11-01,1,0
2020,12,A3532,GERNIKA LUMO - NABARNIZ,68.0,48.0,4.0,16.0,,0.0,0.0,0.0,0.0,2020-12-01,1,0
2021,1,A3532,GERNIKA LUMO - NABARNIZ,98.0,66.0,6.0,23.0,,2.0,0.0,0.0,1.0,2021-01-01,1,0
2021,2,A3532,GERNIKA LUMO - NABARNIZ,84.0,62.0,4.0,17.0,,1.0,0.0,0.0,0.0,2021-02-01,1,0
2021,3,A3532,GERNIKA LUMO - NABARNIZ,123.0,83.0,7.0,32.0,,0.0,0.0,0.0,0.0,2021-03-01,1,0
2021,4,A3532,GERNIKA LUMO - NABARNIZ,113.0,76.0,7.0,27.0,,0.0,0.0,0.0,0.0,2021-04-01,1,0
2021,5,A3532,GERNIKA LUMO - NABARNIZ,114.0,80.0,9.0,22.0,,3.0,0.0,0.0,0.0,2021-05-01,1,0
2021,6,A3532,GERNIKA LUMO - NABARNIZ,103.0,64.0,26.0,8.0,,2.0,0.0,0.0,0.0,2021-06-01,1,0
2021,7,A3532,GERNIKA LUMO - NABARNIZ,55.0,42.0,4.0,,,5.0,0.0,0.0,0.0,2021-07-01,1,0
2021,8,A3532,GERNIKA LUMO - NABARNIZ,133.0,93.0,22.0,,,3.0,0.0,0.0,0.0,2021-08-01,1,0
2021,9,A3532,GERNIKA LUMO - NABARNIZ,101.0,66.0,23.0,9.0,,2.0,0.0,0.0,0.0,2021-09-01,1,0
2021,10,A3532,GERNIKA LUMO - NABARNIZ,94.0,52.0,30.0,8.0,,3.0,0.0,0.0,0.0,2021-10-01,1,0
2021,11,A3532,GERNIKA LUMO - NABARNIZ,60.0,51.0,5.0,4.0,,0.0,0.0,0.0,0.0,2021-11-01,1,0
2021,12,A3532,GERNIKA LUMO - NABARNIZ,64.0,41.0,8.0,12.0,,0.0,0.0,0.0,1.0,2021-12-01,1,0
2022,1,A3532,GERNIKA LUMO - NABARNIZ,58.0,34.0,4.0,18.0,,1.0,0.0,0.0,0.0,2022-01-01,0,0
2022,2,A3532,GERNIKA LUMO - NABARNIZ,66.0,37.0,8.0,16.0,,4.0,0.0,0.0,0.0,2022-02-01,0,0
2022,3,A3532,GERNIKA LUMO - NABARNIZ,57.0,39.0,2.0,13.0,,3.0,0.0,0.0,0.0,2022-03-01,0,0
2022,4,A3532,GERNIKA LUMO - NABARNIZ,46.0,42.0,3.0,,,0.0,0.0,0.0,0.0,2022-04-01,0,0
2022,5,A3532,GERNIKA LUMO - NABARNIZ,99.0,73.0,21.0,1.0,,4.0,0.0,0.0,0.0,2022-05-01,0,0
2022,6,A3532,GERNIKA LUMO - NABARNIZ,144.0,110.0,27.0,,,4.0,0.0,0.0,0.0,2022-06-01,0,0
2022,7,A3532,GERNIKA LUMO - NABARNIZ,112.0,90.0,15.0,,,5.0,0.0,0.0,0.0,2022-07-01,0,0
2022,8,A3532,GERNIKA LUMO - NABARNIZ,102.0,81.0,18.0,,,3.0,0.0,0.0,0.0,2022-08-01,0,0
2022,9,A3532,GERNIKA LUMO - NABARNIZ,128.0,92.0,18.0,,16.0,2.0,0.0,0.0,0.0,2022-09-01,0,1
2022,10,A3532,GERNIKA LUMO - NABARNIZ,101.0,70.0,15.0,,13.0,1.0,0.0,0.0,2.0,2022-10-01,0,1
2022,11,A3532,GERNIKA LUMO - NABARNIZ,100.0,62.0,17.0,,16.0,5.0,0.0,0.0,0.0,2022-11-01,0,1
2022,12,A3532,GERNIKA LUMO - NABARNIZ,62.0,41.0,12.0,,3.0,5.0,0.0,0.0,0.0,2022-12-01,0,1
2023,1,A3532,GERNIKA LUMO - NABARNIZ,69.0,53.0,10.0,,,4.0,0.0,0.0,0.0,2023-01-01,0,1
2023,2,A3532,GERNIKA LUMO - NABARNIZ,70.0,56.0,8.0,,,5.0,0.0,0.0,0.0,2023-02-01,0,1
2023,3,A3532,GERNIKA LUMO - NABARNIZ,90.0,67.0,11.0,,,12.0,0.0,0.0,0.0,2023-03-01,0,1
2023,4,A3532,GERNIKA LUMO - NABARNIZ,107.0,85.0,11.0,,,11.0,0.0,0.0,0.0,2023-04-01,0,1
2023,5,A3532,GERNIKA LUMO - NABARNIZ,150.0,130.0,18.0,,,2.0,0.0,0.0,0.0,2023-05-01,0,1
2023,6,A3532,GERNIKA LUMO - NABARNIZ,89.0,69.0,19.0,,,1.0,0.0,0.0,0.0,2023-06-01,0,1
2023,7,A3532,GERNIKA LUMO - NABARNIZ,81.0,68.0,10.0,,,2.0,0.0,0.0,0.0,2023-07-01,0,1
2023,8,A3532,GERNIKA LUMO - NABARNIZ,89.0,77.0,10.0,,,1.0,0.0,0.0,0.0,2023-08-01,0,1
2023,9,A3532,GERNIKA LUMO - NABARNIZ,171.0,140.0,22.0,,,4.0,0.0,0.0,0.0,2023-09-01,0,1
2023,10,A3532,GERNIKA LUMO - NABARNIZ,178.0,148.0,24.0,,,6.0,0.0,0.0,0.0,2023-10-01,0,1
2023,11,A3532,GERNIKA LUMO - NABARNIZ,76.0,68.0,8.0,,,0.0,0.0,0.0,0.0,2023-11-01,0,1
2023,12,A3532,GERNIKA LUMO - NABARNIZ,73.0,55.0,13.0,,,5.0,0.0,0.0,0.0,2023-12-01,0,1
2024,1,A3532,GERNIKA LUMO - NABARNIZ,55.0,38.0,12.0,,,2.0,0.0,0.0,0.0,2024-01-01,0,1
2024,2,A3532,GERNIKA LUMO - NABARNIZ,253.0,182.0,66.0,,,4.0,0.0,0.0,0.0,2024-02-01,0,1
2024,3,A3532,GERNIKA LUMO - NABARNIZ,73.0,53.0,20.0,,,0.0,0.0,0.0,0.0,2024-03-01,0,1
2024,4,A3532,GERNIKA LUMO - NABARNIZ,107.0,73.0,31.0,0.0,0.0,3.0,0.0,0.0,0.0,2024-04-01,0,1
2024,5,A3532,GERNIKA LUMO - NABARNIZ,58.0,37.0,19.0,0.0,0.0,2.0,0.0,0.0,0.0,2024-05-01,0,1
2024,6,A3532,GERNIKA LUMO - NABARNIZ,81.0,54.0,23.0,0.0,0.0,1.0,0.0,0.0,0.0,2024-06-01,0,1
2024,7,A3532,GERNIKA LUMO - NABARNIZ,57.0,45.0,11.0,0.0,0.0,1.0,0.0,0.0,0.0,2024-07-01,0,1
2024,8,A3532,GERNIKA LUMO - NABARNIZ,77.0,51.0,25.0,0.0,0.0,0.0,0.0,0.0,0.0,2024-08-01,0,1
2024,9,A3532,GERNIKA LUMO - NABARNIZ,363.0,259.0,100.0,0.0,0.0,0.0,0.0,0.0,1.0,2024-09-01,0,1
2024,10,A3532,GERNIKA LUMO - NABARNIZ,80.0,51.0,28.0,0.0,0.0,1.0,0.0,0.0,0.0,2024-10-01,0,1
2024,11,A3532,GERNIKA LUMO - NABARNIZ,90.0,66.0,21.0,0.0,0.0,3.0,0.0,0.0,0.0,2024-11-01,0,1
2024,12,A3532,GERNIKA LUMO - NABARNIZ,75.0,42.0,26.0,6.0,0.0,1.0,0.0,0.0,0.0,2024-12-01,0,1
2025,1,A3532,GERNIKA LUMO - NABARNIZ,86.0,52.0,23.0,0.0,10.0,1.0,0.0,0.0,0.0,2025-01-01,0,1
2025,2,A3532,GERNIKA LUMO - NABARNIZ,78.0,39.0,22.0,0.0,16.0,0.0,0.0,0.0,0.0,2025-02-01,0,1
2025,3,A3532,GERNIKA LUMO - NABARNIZ,74.0,34.0,20.0,0.0,18.0,0.0,0.0,0.0,0.0,2025-03-01,0,1
2025,4,A3532,GERNIKA LUMO - NABARNIZ,77.0,41.0,25.0,7.0,3.0,1.0,0.0,0.0,0.0,2025-04-01,0,1
2025,5,A3532,GERNIKA LUMO - NABARNIZ,34.0,23.0,11.0,0.0,0.0,0.0,0.0,0.0,0.0,2025-05-01,0,1
2025,6,A3532,GERNIKA LUMO - NABARNIZ,660.0,478.0,133.0,0.0,0.0,17.0,0.0,5.0,1.0,2025-06-01,0,1
2025,7,A3532,GERNIKA LUMO - NABARNIZ,1914.0,1326.0,405.0,4.0,3.0,82.0,1.0,12.0,4.0,2025-07-01,0,1
2025,8,A3532,GERNIKA LUMO - NABARNIZ,2787.0,1984.0,574.0,1.0,5.0,118.0,0.0,21.0,15.0,2025-08-01,0,1
2025,9,A3532,GERNIKA LUMO - NABARNIZ,3291.0,2042.0,933.0,8.0,11.0,122.0,0.0,19.0,10.0,2025-09-01,0,1
2020,1,A3333,Gallarta - SANTURTZI,50635.0,26458.0,12707.0,2380.0,1244.0,4013.0,26.0,766.0,1619.0,2020-01-01,1,0
2020,2,A3333,Gallarta - SANTURTZI,50716.0,26193.0,12547.0,2581.0,1574.0,4078.0,13.0,751.0,1472.0,2020-02-01,1,0
2020,3,A3333,Gallarta - SANTURTZI,24665.0,14306.0,5062.0,1234.0,792.0,1578.0,5.0,311.0,703.0,2020-03-01,1,0
2020,4,A3333,Gallarta - SANTURTZI,7156.0,6022.0,624.0,145.0,175.0,7.0,0.0,2.0,35.0,2020-04-01,1,0
2020,5,A3333,Gallarta - SANTURTZI,15403.0,11766.0,2739.0,248.0,172.0,14.0,0.0,20.0,102.0,2020-05-01,1,0
2020,6,A3333,Gallarta - SANTURTZI,30047.0,20823.0,6860.0,546.0,318.0,152.0,0.0,151.0,429.0,2020-06-01,1,0
2020,7,A3333,Gallarta - SANTURTZI,32508.0,22185.0,7594.0,495.0,320.0,241.0,0.0,300.0,539.0,2020-07-01,1,0
2020,8,A3333,Gallarta - SANTURTZI,25856.0,16900.0,6290.0,502.0,332.0,300.0,0.0,281.0,744.0,2020-08-01,1,0
2020,9,A3333,Gallarta - SANTURTZI,36680.0,24209.0,7731.0,1214.0,871.0,306.0,0.0,272.0,765.0,2020-09-01,1,0
2020,10,A3333,Gallarta - SANTURTZI,37707.0,24271.0,7283.0,2050.0,1477.0,204.0,0.0,260.0,716.0,2020-10-01,1,0
2020,11,A3333,Gallarta - SANTURTZI,32531.0,21570.0,5387.0,2020.0,1278.0,203.0,0.0,197.0,554.0,2020-11-01,1,0
2020,12,A3333,Gallarta - SANTURTZI,34827.0,23175.0,6570.0,1502.0,967.0,524.0,0.0,275.0,626.0,2020-12-01,1,0
2021,1,A3333,Gallarta - SANTURTZI,36436.0,23594.0,5461.0,1802.0,1141.0,1722.0,5.0,501.0,923.0,2021-01-01,1,0
2021,2,A3333,Gallarta - SANTURTZI,32845.0,20735.0,4944.0,2121.0,1198.0,1382.0,1.0,369.0,853.0,2021-02-01,1,0
2021,3,A3333,Gallarta - SANTURTZI,42324.0,25173.0,7839.0,2461.0,1589.0,2193.0,0.0,512.0,1107.0,2021-03-01,1,0
2021,4,A3333,Gallarta - SANTURTZI,37979.0,23012.0,6999.0,2035.0,1151.0,2138.0,3.0,416.0,953.0,2021-04-01,1,0
2021,5,A3333,Gallarta - SANTURTZI,43360.0,25858.0,8588.0,2245.0,1270.0,2434.0,14.0,540.0,1045.0,2021-05-01,1,0
2021,6,A3333,Gallarta - SANTURTZI,42530.0,25854.0,8644.0,1256.0,866.0,2934.0,30.0,701.0,1013.0,2021-06-01,1,0
2021,7,A3333,Gallarta - SANTURTZI,37915.0,22378.0,8140.0,747.0,666.0,3330.0,23.0,626.0,936.0,2021-07-01,1,0
2021,8,A3333,Gallarta - SANTURTZI,30529.0,17454.0,7056.0,526.0,525.0,2979.0,25.0,581.0,711.0,2021-08-01,1,0
2021,9,A3333,Gallarta - SANTURTZI,44127.0,25429.0,9297.0,2269.0,1297.0,2781.0,34.0,611.0,941.0,2021-09-01,1,0
2021,10,A3333,Gallarta - SANTURTZI,48168.0,25819.0,10874.0,3052.0,2003.0,3085.0,25.0,711.0,1069.0,2021-10-01,1,0
2021,11,A3333,Gallarta - SANTURTZI,46883.0,25885.0,9546.0,3141.0,2175.0,2894.0,52.0,679.0,1075.0,2021-11-01,1,0
2021,12,A3333,Gallarta - SANTURTZI,45257.0,25916.0,9244.0,2233.0,1850.0,3112.0,46.0,547.0,1007.0,2021-12-01,1,0
2022,1,A3333,Gallarta - SANTURTZI,43230.0,24124.0,8641.0,2368.0,1835.0,3213.0,28.0,607.0,1042.0,2022-01-01,0,0
2022,2,A3333,Gallarta - SANTURTZI,45754.0,24922.0,9403.0,2731.0,2286.0,3078.0,21.0,677.0,1001.0,2022-02-01,0,0
2022,3,A3333,Gallarta - SANTURTZI,52700.0,28465.0,11005.0,3072.0,2674.0,3464.0,11.0,702.0,1315.0,2022-03-01,0,0
2022,4,A3333,Gallarta - SANTURTZI,44431.0,24464.0,9417.0,2123.0,2126.0,3107.0,13.0,718.0,963.0,2022-04-01,0,0
2022,5,A3333,Gallarta - SANTURTZI,52564.0,27942.0,11647.0,2777.0,2650.0,3484.0,24.0,836.0,1212.0,2022-05-01,0,0
2022,6,A3333,Gallarta - SANTURTZI,50165.0,28319.0,10945.0,1730.0,1796.0,3648.0,35.0,854.0,1113.0,2022-06-01,0,0
2022,7,A3333,Gallarta - SANTURTZI,41972.0,23215.0,10000.0,948.0,1031.0,3883.0,23.0,688.0,1023.0,2022-07-01,0,0
2022,8,A3333,Gallarta - SANTURTZI,34123.0,18686.0,8286.0,754.0,713.0,3376.0,20.0,620.0,765.0,2022-08-01,0,0
2022,9,A3333,Gallarta - SANTURTZI,49613.0,28350.0,10851.0,2111.0,1971.0,2396.0,30.0,788.0,1047.0,2022-09-01,0,1
2022,10,A3333,Gallarta - SANTURTZI,51898.0,29021.0,11764.0,2354.0,2443.0,2360.0,7.0,805.0,1140.0,2022-10-01,0,1
2022,11,A3333,Gallarta - SANTURTZI,48492.0,27234.0,11079.0,2179.0,2308.0,2138.0,22.0,747.0,884.0,2022-11-01,0,1
2022,12,A3333,Gallarta - SANTURTZI,42166.0,23982.0,9681.0,1684.0,1485.0,2298.0,13.0,674.0,976.0,2022-12-01,0,1
2023,1,A3333,Gallarta - SANTURTZI,43.238,25479.0,8957.0,1936.0,1698.0,2224.0,4.0,591.0,914.0,2023-01-01,0,1
2023,2,A3333,Gallarta - SANTURTZI,43974.0,25579.0,9446.0,1817.0,1907.0,2233.0,4.0,702.0,861.0,2023-02-01,0,1
2023,3,A3333,Gallarta - SANTURTZI,52484.0,30874.0,11587.0,2168.0,2044.0,2316.0,15.0,785.0,1043.0,2023-03-01,0,1
2023,4,A3333,Gallarta - SANTURTZI,46001.0,26919.0,10682.0,1723.0,1508.0,2084.0,10.0,844.0,966.0,2023-04-01,0,1
2023,5,A3333,Gallarta - SANTURTZI,56466.0,33874.0,12053.0,2074.0,2122.0,2552.0,15.0,1039.0,1070.0,2023-05-01,0,1
2023,6,A3333,Gallarta - SANTURTZI,54165.0,33026.0,11997.0,1503.0,1600.0,2608.0,7.0,1020.0,993.0,2023-06-01,0,1
2023,7,A3333,Gallarta - SANTURTZI,46375.0,28064.0,11087.0,648.0,1002.0,2606.0,9.0,820.0,1003.0,2023-07-01,0,1
2023,8,A3333,Gallarta - SANTURTZI,38749.0,23116.0,9157.0,483.0,886.0,2587.0,8.0,678.0,912.0,2023-08-01,0,1
2023,9,A3333,Gallarta - SANTURTZI,53098.0,31734.0,11459.0,1730.0,2123.0,2382.0,6.0,902.0,1080.0,2023-09-01,0,1
2023,10,A3333,Gallarta - SANTURTZI,58752.0,34181.0,12589.0,2332.0,3031.0,2525.0,13.0,847.0,1186.0,2023-10-01,0,1
2023,11,A3333,Gallarta - SANTURTZI,57302.0,33749.0,12515.0,2035.0,2966.0,2411.0,9.0,803.0,1067.0,2023-11-01,0,1
2023,12,A3333,Gallarta - SANTURTZI,54093.0,32055.0,12049.0,1668.0,2615.0,2389.0,5.0,780.0,1061.0,2023-12-01,0,1
2024,1,A3333,Gallarta - SANTURTZI,56460.0,31919.0,11968.0,2309.0,2821.0,2547.0,6.0,733.0,1159.0,2024-01-01,0,1
2024,2,A3333,Gallarta - SANTURTZI,56803.0,32441.0,11856.0,2100.0,2216.0,2373.0,3.0,744.0,1279.0,2024-02-01,0,1
2024,3,A3333,Gallarta - SANTURTZI,55329.0,30724.0,12106.0,2071.0,2252.0,2252.0,1.0,759.0,1035.0,2024-03-01,0,1
2024,4,A3333,Gallarta - SANTURTZI,61375.0,34491.0,13144.0,2006.0,2340.0,2541.0,2.0,1128.0,1147.0,2024-04-01,0,1
2024,5,A3333,Gallarta - SANTURTZI,64521.0,36436.0,13359.0,2283.0,2184.0,2617.0,5.0,1016.0,1146.0,2024-05-01,0,1
2024,6,A3333,Gallarta - SANTURTZI,58738.0,33812.0,12578.0,1586.0,1707.0,2408.0,1.0,1047.0,1131.0,2024-06-01,0,1
2024,7,A3333,Gallarta - SANTURTZI,53846.0,31002.0,12393.0,1019.0,1329.0,2645.0,1.0,893.0,909.0,2024-07-01,0,1
2024,8,A3333,Gallarta - SANTURTZI,43540.0,25113.0,9968.0,641.0,1080.0,2359.0,5.0,703.0,816.0,2024-08-01,0,1
2024,9,A3333,Gallarta - SANTURTZI,59790.0,33036.0,12255.0,2089.0,2543.0,2380.0,1.0,1050.0,1126.0,2024-09-01,0,1
2024,10,A3333,Gallarta - SANTURTZI,67103.0,35625.0,13740.0,2752.0,3204.0,2541.0,1.0,991.0,1376.0,2024-10-01,0,1
2024,11,A3333,Gallarta - SANTURTZI,62463.0,33015.0,13694.0,2409.0,2711.0,2083.0,5.0,1056.0,1358.0,2024-11-01,0,1
2024,12,A3333,Gallarta - SANTURTZI,57533.0,31057.0,12408.0,1894.0,2167.0,2365.0,2.0,958.0,1255.0,2024-12-01,0,1
2025,1,A3333,Gallarta - SANTURTZI,59292.0,32289.0,12146.0,2283.0,2409.0,2210.0,5.0,948.0,1237.0,2025-01-01,0,1
2025,2,A3333,Gallarta - SANTURTZI,61425.0,32789.0,12894.0,2448.0,2815.0,2144.0,0.0,1022.0,1101.0,2025-02-01,0,1
2025,3,A3333,Gallarta - SANTURTZI,65239.0,35366.0,13495.0,2382.0,3085.0,2132.0,0.0,992.0,1075.0,2025-03-01,0,1
2025,4,A3333,Gallarta - SANTURTZI,59294.0,32403.0,12677.0,1871.0,2478.0,1710.0,0.0,1019.0,1185.0,2025-04-01,0,1
2025,5,A3333,Gallarta - SANTURTZI,67517.0,36977.0,14037.0,2151.0,2992.0,1928.0,7.0,1116.0,1228.0,2025-05-01,0,1
2025,6,A3333,Gallarta - SANTURTZI,63318.0,35753.0,13359.0,1218.0,2358.0,1964.0,0.0,1136.0,1125.0,2025-06-01,0,1
2025,7,A3333,Gallarta - SANTURTZI,59918.0,33706.0,13447.0,653.0,2164.0,2036.0,6.0,1154.0,1125.0,2025-07-01,0,1
2025,8,A3333,Gallarta - SANTURTZI,44807.0,24538.0,10190.0,626.0,1479.0,1869.0,0.0,937.0,860.0,2025-08-01,0,1
2025,9,A3333,Gallarta - SANTURTZI,66033.0,36147.0,13480.0,1950.0,2974.0,2142.0,5.0,1049.0,1292.0,2025-09-01,0,1
2025,10,A3333,Gallarta - SANTURTZI,74377.0,38632.0,15651.0,2829.0,3818.0,2368.0,7.0,1138.0,1438.0,2025-10-01,0,1
2025,11,A3333,Gallarta - SANTURTZI,67222.0,35295.0,13811.0,2395.0,3596.0,1785.0,0.0,1010.0,1186.0,2025-11-01,0,1
2025,12,A3333,Gallarta - SANTURTZI,67353.0,35796.0,14424.0,1863.0,3206.0,2124.0,13.0,1145.0,1310.0,2025-12-01,0,1
2020,1,A3141,Gurutzeta/Cruces - Bagatza - VALLE DE TRAPAGA TRAPAGARAN,38120.0,19993.0,9346.0,1332.0,789.0,2723.0,2.0,1159.0,1976.0,2020-01-01,1,0
2020,2,A3141,Gurutzeta/Cruces - Bagatza - VALLE DE TRAPAGA TRAPAGARAN,38409.0,20016.0,9503.0,1363.0,971.0,2574.0,0.0,1209.0,1880.0,2020-02-01,1,0
2020,3,A3141,Gurutzeta/Cruces - Bagatza - VALLE DE TRAPAGA TRAPAGARAN,18416.0,10400.0,4217.0,678.0,429.0,1066.0,0.0,438.0,772.0,2020-03-01,1,0
2020,4,A3141,Gurutzeta/Cruces - Bagatza - VALLE DE TRAPAGA TRAPAGARAN,4095.0,3332.0,556.0,32.0,15.0,0.0,0.0,4.0,79.0,2020-04-01,1,0
2020,5,A3141,Gurutzeta/Cruces - Bagatza - VALLE DE TRAPAGA TRAPAGARAN,9579.0,6802.0,2282.0,82.0,62.0,0.0,0.0,21.0,151.0,2020-05-01,1,0
2020,6,A3141,Gurutzeta/Cruces - Bagatza - VALLE DE TRAPAGA TRAPAGARAN,22524.0,14990.0,5796.0,170.0,222.0,0.0,0.0,274.0,578.0,2020-06-01,1,0
2020,7,A3141,Gurutzeta/Cruces - Bagatza - VALLE DE TRAPAGA TRAPAGARAN,23636.0,15611.0,5943.0,277.0,252.0,0.0,0.0,368.0,685.0,2020-07-01,1,0
2020,8,A3141,Gurutzeta/Cruces - Bagatza - VALLE DE TRAPAGA TRAPAGARAN,18666.0,12267.0,4788.0,213.0,258.0,0.0,0.0,329.0,427.0,2020-08-01,1,0
2020,9,A3141,Gurutzeta/Cruces - Bagatza - VALLE DE TRAPAGA TRAPAGARAN,26600.0,17081.0,6495.0,586.0,520.0,0.0,0.0,444.0,848.0,2020-09-01,1,0
2020,10,A3141,Gurutzeta/Cruces - Bagatza - VALLE DE TRAPAGA TRAPAGARAN,28330.0,17899.0,6791.0,1067.0,726.0,0.0,0.0,418.0,801.0,2020-10-01,1,0
2020,11,A3141,Gurutzeta/Cruces - Bagatza - VALLE DE TRAPAGA TRAPAGARAN,25971.0,16740.0,5737.0,1142.0,518.0,0.0,0.0,384.0,824.0,2020-11-01,1,0
2020,12,A3141,Gurutzeta/Cruces - Bagatza - VALLE DE TRAPAGA TRAPAGARAN,26713.0,17126.0,6018.0,842.0,491.0,140.0,0.0,460.0,952.0,2020-12-01,1,0
2021,1,A3141,Gurutzeta/Cruces - Bagatza - VALLE DE TRAPAGA TRAPAGARAN,27577.0,17266.0,5788.0,916.0,601.0,493.0,1.0,625.0,1241.0,2021-01-01,1,0
2021,2,A3141,Gurutzeta/Cruces - Bagatza - VALLE DE TRAPAGA TRAPAGARAN,26676.0,15894.0,5711.0,1101.0,626.0,629.0,0.0,755.0,1300.0,2021-02-01,1,0
2021,3,A3141,Gurutzeta/Cruces - Bagatza - VALLE DE TRAPAGA TRAPAGARAN,31274.0,18101.0,7042.0,1180.0,680.0,918.0,0.0,1001.0,1653.0,2021-03-01,1,0
2021,4,A3141,Gurutzeta/Cruces - Bagatza - VALLE DE TRAPAGA TRAPAGARAN,28919.0,16921.0,6460.0,1070.0,577.0,1004.0,0.0,946.0,1320.0,2021-04-01,1,0
2021,5,A3141,Gurutzeta/Cruces - Bagatza - VALLE DE TRAPAGA TRAPAGARAN,31967.0,18419.0,7112.0,1326.0,635.0,1172.0,2.0,997.0,1506.0,2021-05-01,1,0
2021,6,A3141,Gurutzeta/Cruces - Bagatza - VALLE DE TRAPAGA TRAPAGARAN,31708.0,18632.0,7182.0,914.0,399.0,1433.0,1.0,947.0,1381.0,2021-06-01,1,0
2021,7,A3141,Gurutzeta/Cruces - Bagatza - VALLE DE TRAPAGA TRAPAGARAN,26384.0,15741.0,6077.0,434.0,366.0,1393.0,1.0,803.0,960.0,2021-07-01,1,0
2021,8,A3141,Gurutzeta/Cruces - Bagatza - VALLE DE TRAPAGA TRAPAGARAN,21133.0,12303.0,5122.0,228.0,367.0,1277.0,2.0,652.0,731.0,2021-08-01,1,0
2021,9,A3141,Gurutzeta/Cruces - Bagatza - VALLE DE TRAPAGA TRAPAGARAN,31648.0,18008.0,7018.0,1275.0,550.0,1687.0,0.0,926.0,1461.0,2021-09-01,1,0
2021,10,A3141,Gurutzeta/Cruces - Bagatza - VALLE DE TRAPAGA TRAPAGARAN,32480.0,17991.0,7638.0,1446.0,725.0,1647.0,0.0,854.0,1436.0,2021-10-01,1,0
2021,11,A3141,Gurutzeta/Cruces - Bagatza - VALLE DE TRAPAGA TRAPAGARAN,34081.0,19011.0,7998.0,1575.0,748.0,1666.0,0.0,772.0,1551.0,2021-11-01,1,0
2021,12,A3141,Gurutzeta/Cruces - Bagatza - VALLE DE TRAPAGA TRAPAGARAN,32564.0,18369.0,7689.0,1188.0,636.0,1762.0,1.0,762.0,1467.0,2021-12-01,1,0
2022,1,A3141,Gurutzeta/Cruces - Bagatza - VALLE DE TRAPAGA TRAPAGARAN,32034.0,18283.0,7251.0,1354.0,582.0,1737.0,1.0,797.0,1340.0,2022-01-01,0,0
2022,2,A3141,Gurutzeta/Cruces - Bagatza - VALLE DE TRAPAGA TRAPAGARAN,31935.0,17716.0,7464.0,1565.0,615.0,1655.0,0.0,844.0,1362.0,2022-02-01,0,0
2022,3,A3141,Gurutzeta/Cruces - Bagatza - VALLE DE TRAPAGA TRAPAGARAN,37163.0,20481.0,8659.0,1736.0,839.0,1968.0,2.0,861.0,1593.0,2022-03-01,0,0
2022,4,A3141,Gurutzeta/Cruces - Bagatza - VALLE DE TRAPAGA TRAPAGARAN,30398.0,17134.0,6909.0,1191.0,623.0,1763.0,1.0,757.0,1281.0,2022-04-01,0,0
2022,5,A3141,Gurutzeta/Cruces - Bagatza - VALLE DE TRAPAGA TRAPAGARAN,35151.0,19505.0,8154.0,1661.0,759.0,1845.0,0.0,919.0,1482.0,2022-05-01,0,0
2022,6,A3141,Gurutzeta/Cruces - Bagatza - VALLE DE TRAPAGA TRAPAGARAN,34975.0,19931.0,8077.0,1208.0,614.0,2021.0,1.0,945.0,1414.0,2022-06-01,0,0
2022,7,A3141,Gurutzeta/Cruces - Bagatza - VALLE DE TRAPAGA TRAPAGARAN,27335.0,15682.0,6695.0,561.0,398.0,1839.0,1.0,744.0,891.0,2022-07-01,0,0
2022,8,A3141,Gurutzeta/Cruces - Bagatza - VALLE DE TRAPAGA TRAPAGARAN,23015.0,13274.0,5499.0,408.0,343.0,1706.0,1.0,607.0,738.0,2022-08-01,0,0
2022,9,A3141,Gurutzeta/Cruces - Bagatza - VALLE DE TRAPAGA TRAPAGARAN,33635.0,19416.0,7895.0,1288.0,809.0,1230.0,2.0,986.0,1317.0,2022-09-01,0,1
2022,10,A3141,Gurutzeta/Cruces - Bagatza - VALLE DE TRAPAGA TRAPAGARAN,34994.0,19920.0,8269.0,1425.0,1121.0,1098.0,1.0,1012.0,1340.0,2022-10-01,0,1
2022,11,A3141,Gurutzeta/Cruces - Bagatza - VALLE DE TRAPAGA TRAPAGARAN,31837.0,18216.0,7681.0,1330.0,1065.0,916.0,0.0,820.0,1096.0,2022-11-01,0,1
2022,12,A3141,Gurutzeta/Cruces - Bagatza - VALLE DE TRAPAGA TRAPAGARAN,30161.0,17597.0,7076.0,1169.0,785.0,1050.0,0.0,806.0,1082.0,2022-12-01,0,1
2023,1,A3141,Gurutzeta/Cruces - Bagatza - VALLE DE TRAPAGA TRAPAGARAN,31.137,18542.0,6855.0,1268.0,790.0,1082.0,0.0,799.0,1148.0,2023-01-01,0,1
2023,2,A3141,Gurutzeta/Cruces - Bagatza - VALLE DE TRAPAGA TRAPAGARAN,29057.0,16908.0,6704.0,1369.0,806.0,884.0,2.0,727.0,1063.0,2023-02-01,0,1
2023,3,A3141,Gurutzeta/Cruces - Bagatza - VALLE DE TRAPAGA TRAPAGARAN,33852.0,19596.0,7906.0,1561.0,1098.0,1017.0,1.0,786.0,1235.0,2023-03-01,0,1
2023,4,A3141,Gurutzeta/Cruces - Bagatza - VALLE DE TRAPAGA TRAPAGARAN,31720.0,18923.0,7094.0,1128.0,949.0,1129.0,0.0,859.0,1074.0,2023-04-01,0,1
2023,5,A3141,Gurutzeta/Cruces - Bagatza - VALLE DE TRAPAGA TRAPAGARAN,40418.0,23313.0,9362.0,1672.0,1438.0,1270.0,0.0,1113.0,1413.0,2023-05-01,0,1
2023,6,A3141,Gurutzeta/Cruces - Bagatza - VALLE DE TRAPAGA TRAPAGARAN,40438.0,24343.0,9203.0,1169.0,1168.0,1256.0,3.0,1124.0,1312.0,2023-06-01,0,1
2023,7,A3141,Gurutzeta/Cruces - Bagatza - VALLE DE TRAPAGA TRAPAGARAN,33805.0,20749.0,7625.0,527.0,753.0,1391.0,0.0,1132.0,1016.0,2023-07-01,0,1
2023,8,A3141,Gurutzeta/Cruces - Bagatza - VALLE DE TRAPAGA TRAPAGARAN,29806.0,18653.0,6335.0,488.0,733.0,1280.0,0.0,984.0,762.0,2023-08-01,0,1
2023,9,A3141,Gurutzeta/Cruces - Bagatza - VALLE DE TRAPAGA TRAPAGARAN,41415.0,24808.0,8648.0,1380.0,1421.0,1361.0,0.0,1335.0,1592.0,2023-09-01,0,1
2023,10,A3141,Gurutzeta/Cruces - Bagatza - VALLE DE TRAPAGA TRAPAGARAN,45075.0,26186.0,9956.0,1722.0,1738.0,1334.0,1.0,1321.0,1681.0,2023-10-01,0,1
2023,11,A3141,Gurutzeta/Cruces - Bagatza - VALLE DE TRAPAGA TRAPAGARAN,46431.0,27151.0,10420.0,1704.0,1760.0,1282.0,0.0,1365.0,1778.0,2023-11-01,0,1
2023,12,A3141,Gurutzeta/Cruces - Bagatza - VALLE DE TRAPAGA TRAPAGARAN,43853.0,26285.0,9389.0,1345.0,1530.0,1387.0,2.0,1340.0,1572.0,2023-12-01,0,1
2024,1,A3141,Gurutzeta/Cruces - Bagatza - VALLE DE TRAPAGA TRAPAGARAN,47127.0,26186.0,10611.0,1648.0,1470.0,1582.0,0.0,1318.0,1567.0,2024-01-01,0,1
2024,2,A3141,Gurutzeta/Cruces - Bagatza - VALLE DE TRAPAGA TRAPAGARAN,46636.0,25833.0,10393.0,1731.0,1450.0,1286.0,0.0,1250.0,1636.0,2024-02-01,0,1
2024,3,A3141,Gurutzeta/Cruces - Bagatza - VALLE DE TRAPAGA TRAPAGARAN,43540.0,23860.0,9388.0,1517.0,1620.0,1217.0,0.0,1108.0,1584.0,2024-03-01,0,1
2024,4,A3141,Gurutzeta/Cruces - Bagatza - VALLE DE TRAPAGA TRAPAGARAN,46897.0,25549.0,10307.0,1645.0,1519.0,1369.0,0.0,1365.0,1558.0,2024-04-01,0,1
2024,5,A3141,Gurutzeta/Cruces - Bagatza - VALLE DE TRAPAGA TRAPAGARAN,51411.0,28073.0,11011.0,1787.0,1687.0,1409.0,1.0,1571.0,1727.0,2024-05-01,0,1
2024,6,A3141,Gurutzeta/Cruces - Bagatza - VALLE DE TRAPAGA TRAPAGARAN,46619.0,26249.0,9801.0,1192.0,1461.0,1326.0,0.0,1416.0,1589.0,2024-06-01,0,1
2024,7,A3141,Gurutzeta/Cruces - Bagatza - VALLE DE TRAPAGA TRAPAGARAN,41640.0,23876.0,8896.0,693.0,1163.0,1324.0,1.0,1452.0,1155.0,2024-07-01,0,1
2024,8,A3141,Gurutzeta/Cruces - Bagatza - VALLE DE TRAPAGA TRAPAGARAN,34480.0,19940.0,7077.0,441.0,1072.0,1265.0,2.0,1115.0,873.0,2024-08-01,0,1
2024,9,A3141,Gurutzeta/Cruces - Bagatza - VALLE DE TRAPAGA TRAPAGARAN,47762.0,26509.0,9691.0,1351.0,1941.0,1140.0,0.0,1319.0,1677.0,2024-09-01,0,1
2024,10,A3141,Gurutzeta/Cruces - Bagatza - VALLE DE TRAPAGA TRAPAGARAN,51629.0,27475.0,11008.0,1701.0,2230.0,1253.0,0.0,1436.0,1744.0,2024-10-01,0,1
2024,11,A3141,Gurutzeta/Cruces - Bagatza - VALLE DE TRAPAGA TRAPAGARAN,49193.0,26121.0,10641.0,1506.0,2152.0,1144.0,0.0,1403.0,1649.0,2024-11-01,0,1
2024,12,A3141,Gurutzeta/Cruces - Bagatza - VALLE DE TRAPAGA TRAPAGARAN,50256.0,27413.0,10419.0,1503.0,1955.0,1298.0,0.0,1410.0,1654.0,2024-12-01,0,1
2025,1,A3141,Gurutzeta/Cruces - Bagatza - VALLE DE TRAPAGA TRAPAGARAN,51700.0,27679.0,10724.0,1789.0,2154.0,1324.0,0.0,1357.0,1718.0,2025-01-01,0,1
2025,2,A3141,Gurutzeta/Cruces - Bagatza - VALLE DE TRAPAGA TRAPAGARAN,50157.0,26305.0,10556.0,1784.0,2189.0,1129.0,0.0,1231.0,1677.0,2025-02-01,0,1
2025,3,A3141,Gurutzeta/Cruces - Bagatza - VALLE DE TRAPAGA TRAPAGARAN,54953.0,28998.0,11191.0,1937.0,2458.0,1139.0,0.0,1315.0,1680.0,2025-03-01,0,1
2025,4,A3141,Gurutzeta/Cruces - Bagatza - VALLE DE TRAPAGA TRAPAGARAN,49038.0,26545.0,9969.0,1410.0,2147.0,969.0,0.0,1248.0,1379.0,2025-04-01,0,1
2025,5,A3141,Gurutzeta/Cruces - Bagatza - VALLE DE TRAPAGA TRAPAGARAN,55729.0,29701.0,11463.0,1656.0,2299.0,1085.0,0.0,1480.0,1702.0,2025-05-01,0,1
2025,6,A3141,Gurutzeta/Cruces - Bagatza - VALLE DE TRAPAGA TRAPAGARAN,53094.0,29556.0,10550.0,1216.0,1752.0,1010.0,0.0,1443.0,1487.0,2025-06-01,0,1
2025,7,A3141,Gurutzeta/Cruces - Bagatza - VALLE DE TRAPAGA TRAPAGARAN,47937.0,27160.0,9839.0,792.0,1517.0,943.0,11.0,1506.0,1174.0,2025-07-01,0,1
2025,8,A3141,Gurutzeta/Cruces - Bagatza - VALLE DE TRAPAGA TRAPAGARAN,38745.0,22129.0,7609.0,596.0,1281.0,868.0,0.0,1160.0,814.0,2025-08-01,0,1
2025,9,A3141,Gurutzeta/Cruces - Bagatza - VALLE DE TRAPAGA TRAPAGARAN,54134.0,29914.0,10217.0,1647.0,2255.0,984.0,0.0,1420.0,1583.0,2025-09-01,0,1
2025,10,A3141,Gurutzeta/Cruces - Bagatza - VALLE DE TRAPAGA TRAPAGARAN,60515.0,32302.0,11874.0,2199.0,2597.0,996.0,0.0,1480.0,1657.0,2025-10-01,0,1
2025,11,A3141,Gurutzeta/Cruces - Bagatza - VALLE DE TRAPAGA TRAPAGARAN,58373.0,30889.0,11422.0,2109.0,2654.0,975.0,0.0,1339.0,1692.0,2025-11-01,0,1
2025,12,A3141,Gurutzeta/Cruces - Bagatza - VALLE DE TRAPAGA TRAPAGARAN,57519.0,30751.0,11378.0,1848.0,2589.0,994.0,1.0,1421.0,1771.0,2025-12-01,0,1
2020,1,A3339,Gurutzeta/Cruces-BARAKALDO-La Arena,0.0,,,,,0.0,0.0,0.0,0.0,2020-01-01,1,0
2020,2,A3339,Gurutzeta/Cruces-BARAKALDO-La Arena,0.0,,,,,0.0,0.0,0.0,0.0,2020-02-01,1,0
2020,3,A3339,Gurutzeta/Cruces-BARAKALDO-La Arena,751.0,,,684.0,,0.0,0.0,0.0,0.0,2020-03-01,1,0
2020,4,A3339,Gurutzeta/Cruces-BARAKALDO-La Arena,0.0,,,,,0.0,0.0,0.0,0.0,2020-04-01,1,0
2020,5,A3339,Gurutzeta/Cruces-BARAKALDO-La Arena,0.0,,,,,0.0,0.0,0.0,0.0,2020-05-01,1,0
2020,6,A3339,Gurutzeta/Cruces-BARAKALDO-La Arena,5929.0,4504.0,861.0,13.0,19.0,0.0,0.0,181.0,155.0,2020-06-01,1,0
2020,7,A3339,Gurutzeta/Cruces-BARAKALDO-La Arena,13937.0,10243.0,2420.0,32.0,64.0,0.0,0.0,522.0,301.0,2020-07-01,1,0
2020,8,A3339,Gurutzeta/Cruces-BARAKALDO-La Arena,10818.0,7783.0,2145.0,22.0,28.0,0.0,0.0,407.0,199.0,2020-08-01,1,0
2020,9,A3339,Gurutzeta/Cruces-BARAKALDO-La Arena,3615.0,2585.0,690.0,9.0,9.0,0.0,0.0,100.0,122.0,2020-09-01,1,0
2020,10,A3339,Gurutzeta/Cruces-BARAKALDO-La Arena,0.0,,,,,0.0,0.0,0.0,0.0,2020-10-01,1,0
2020,11,A3339,Gurutzeta/Cruces-BARAKALDO-La Arena,0.0,,,,,0.0,0.0,0.0,0.0,2020-11-01,1,0
2020,12,A3339,Gurutzeta/Cruces-BARAKALDO-La Arena,0.0,,,,,0.0,0.0,0.0,0.0,2020-12-01,1,0
2021,1,A3339,Gurutzeta/Cruces-BARAKALDO-La Arena,0.0,,,,,0.0,0.0,0.0,0.0,2021-01-01,1,0
2021,2,A3339,Gurutzeta/Cruces-BARAKALDO-La Arena,0.0,,,,,0.0,0.0,0.0,0.0,2021-02-01,1,0
2021,3,A3339,Gurutzeta/Cruces-BARAKALDO-La Arena,0.0,,,,,0.0,0.0,0.0,0.0,2021-03-01,1,0
2021,4,A3339,Gurutzeta/Cruces-BARAKALDO-La Arena,0.0,,,,,0.0,0.0,0.0,0.0,2021-04-01,1,0
2021,5,A3339,Gurutzeta/Cruces-BARAKALDO-La Arena,0.0,,,,,0.0,0.0,0.0,0.0,2021-05-01,1,0
2021,6,A3339,Gurutzeta/Cruces-BARAKALDO-La Arena,5380.0,3602.0,1040.0,20.0,10.0,217.0,0.0,174.0,180.0,2021-06-01,1,0
2021,7,A3339,Gurutzeta/Cruces-BARAKALDO-La Arena,12898.0,8358.0,2667.0,43.0,33.0,572.0,3.0,539.0,330.0,2021-07-01,1,0
2021,8,A3339,Gurutzeta/Cruces-BARAKALDO-La Arena,14019.0,8636.0,3193.0,15.0,64.0,646.0,0.0,722.0,421.0,2021-08-01,1,0
2021,9,A3339,Gurutzeta/Cruces-BARAKALDO-La Arena,3902.0,2450.0,898.0,3.0,9.0,185.0,0.0,145.0,110.0,2021-09-01,1,0
2021,10,A3339,Gurutzeta/Cruces-BARAKALDO-La Arena,0.0,,,,,0.0,0.0,0.0,0.0,2021-10-01,1,0
2021,11,A3339,Gurutzeta/Cruces-BARAKALDO-La Arena,0.0,,,,,0.0,0.0,0.0,0.0,2021-11-01,1,0
2021,12,A3339,Gurutzeta/Cruces-BARAKALDO-La Arena,0.0,,,,,0.0,0.0,0.0,0.0,2021-12-01,1,0
2022,1,A3339,Gurutzeta/Cruces-BARAKALDO-La Arena,0.0,,,,,0.0,0.0,0.0,0.0,2022-01-01,0,0
2022,2,A3339,Gurutzeta/Cruces-BARAKALDO-La Arena,0.0,0.0,,,,0.0,0.0,0.0,0.0,2022-02-01,0,0
2022,3,A3339,Gurutzeta/Cruces-BARAKALDO-La Arena,0.0,0.0,,,,0.0,0.0,0.0,0.0,2022-03-01,0,0
2022,4,A3339,Gurutzeta/Cruces-BARAKALDO-La Arena,0.0,0.0,,,,0.0,0.0,0.0,0.0,2022-04-01,0,0
2022,5,A3339,Gurutzeta/Cruces-BARAKALDO-La Arena,0.0,0.0,,,,0.0,0.0,0.0,0.0,2022-05-01,0,0
2022,6,A3339,Gurutzeta/Cruces-BARAKALDO-La Arena,5154.0,3334.0,1005.0,13.0,28.0,295.0,0.0,158.0,183.0,2022-06-01,0,0
2022,7,A3339,Gurutzeta/Cruces-BARAKALDO-La Arena,17472.0,10659.0,4263.0,24.0,82.0,930.0,0.0,617.0,441.0,2022-07-01,0,0
2022,8,A3339,Gurutzeta/Cruces-BARAKALDO-La Arena,13303.0,7962.0,3366.0,16.0,85.0,741.0,0.0,542.0,337.0,2022-08-01,0,0
2022,9,A3339,Gurutzeta/Cruces-BARAKALDO-La Arena,4832.0,3087.0,1234.0,11.0,27.0,160.0,0.0,132.0,98.0,2022-09-01,0,1
2022,10,A3339,Gurutzeta/Cruces-BARAKALDO-La Arena,0.0,0.0,0.0,,,0.0,0.0,0.0,0.0,2022-10-01,0,1
2022,11,A3339,Gurutzeta/Cruces-BARAKALDO-La Arena,0.0,0.0,,,,0.0,0.0,0.0,0.0,2022-11-01,0,1
2022,12,A3339,Gurutzeta/Cruces-BARAKALDO-La Arena,0.0,0.0,,,,0.0,0.0,0.0,0.0,2022-12-01,0,1
2023,1,A3339,Gurutzeta/Cruces-BARAKALDO-La Arena,0.0,0.0,,,,0.0,0.0,0.0,0.0,2023-01-01,0,1
2023,2,A3339,Gurutzeta/Cruces-BARAKALDO-La Arena,0.0,0.0,,,,0.0,0.0,0.0,0.0,2023-02-01,0,1
2023,3,A3339,Gurutzeta/Cruces-BARAKALDO-La Arena,0.0,0.0,,,,0.0,0.0,0.0,0.0,2023-03-01,0,1
2023,4,A3339,Gurutzeta/Cruces-BARAKALDO-La Arena,0.0,0.0,,,,0.0,0.0,0.0,0.0,2023-04-01,0,1
2023,5,A3339,Gurutzeta/Cruces-BARAKALDO-La Arena,0.0,0.0,,,,0.0,0.0,0.0,0.0,2023-05-01,0,1
2023,6,A3339,Gurutzeta/Cruces-BARAKALDO-La Arena,4749.0,3251.0,953.0,13.0,16.0,165.0,0.0,147.0,131.0,2023-06-01,0,1
2023,7,A3339,Gurutzeta/Cruces-BARAKALDO-La Arena,12267.0,7836.0,2896.0,31.0,48.0,409.0,0.0,497.0,281.0,2023-07-01,0,1
2023,8,A3339,Gurutzeta/Cruces-BARAKALDO-La Arena,13506.0,8670.0,3169.0,23.0,52.0,356.0,0.0,639.0,377.0,2023-08-01,0,1
2023,9,A3339,Gurutzeta/Cruces-BARAKALDO-La Arena,4824.0,3221.0,1065.0,12.0,21.0,127.0,0.0,203.0,82.0,2023-09-01,0,1
2023,10,A3339,Gurutzeta/Cruces-BARAKALDO-La Arena,1.0,0.0,0.0,,,0.0,0.0,0.0,0.0,2023-10-01,0,1
2023,11,A3339,Gurutzeta/Cruces-BARAKALDO-La Arena,0.0,0.0,,,,0.0,0.0,0.0,0.0,2023-11-01,0,1
2023,12,A3339,Gurutzeta/Cruces-BARAKALDO-La Arena,0.0,0.0,,,,0.0,0.0,0.0,0.0,2023-12-01,0,1
2024,1,A3339,Gurutzeta/Cruces-BARAKALDO-La Arena,0.0,0.0,,,,0.0,0.0,0.0,0.0,2024-01-01,0,1
2024,2,A3339,Gurutzeta/Cruces-BARAKALDO-La Arena,0.0,0.0,,,,0.0,0.0,0.0,0.0,2024-02-01,0,1
2024,3,A3339,Gurutzeta/Cruces-BARAKALDO-La Arena,1.0,0.0,1.0,,,0.0,0.0,0.0,0.0,2024-03-01,0,1
2024,4,A3339,Gurutzeta/Cruces-BARAKALDO-La Arena,0.0,0.0,0.0,0.0,0.0,0.0,0.0,0.0,0.0,2024-04-01,0,1
2024,5,A3339,Gurutzeta/Cruces-BARAKALDO-La Arena,0.0,0.0,0.0,0.0,0.0,0.0,0.0,0.0,0.0,2024-05-01,0,1
2024,6,A3339,Gurutzeta/Cruces-BARAKALDO-La Arena,4346.0,2832.0,848.0,12.0,31.0,106.0,0.0,178.0,146.0,2024-06-01,0,1
2024,7,A3339,Gurutzeta/Cruces-BARAKALDO-La Arena,20612.0,13975.0,3946.0,52.0,123.0,467.0,1.0,994.0,423.0,2024-07-01,0,1
2024,8,A3339,Gurutzeta/Cruces-BARAKALDO-La Arena,15095.0,9552.0,3709.0,25.0,71.0,420.0,0.0,611.0,258.0,2024-08-01,0,1
2024,9,A3339,Gurutzeta/Cruces-BARAKALDO-La Arena,2059.0,1289.0,521.0,1.0,24.0,56.0,0.0,45.0,42.0,2024-09-01,0,1
2024,10,A3339,Gurutzeta/Cruces-BARAKALDO-La Arena,0.0,0.0,0.0,0.0,0.0,0.0,0.0,0.0,0.0,2024-10-01,0,1
2024,11,A3339,Gurutzeta/Cruces-BARAKALDO-La Arena,0.0,0.0,0.0,0.0,0.0,0.0,0.0,0.0,0.0,2024-11-01,0,1
2024,12,A3339,Gurutzeta/Cruces-BARAKALDO-La Arena,0.0,0.0,0.0,0.0,0.0,0.0,0.0,0.0,0.0,2024-12-01,0,1
2025,1,A3339,Gurutzeta/Cruces-BARAKALDO-La Arena,0.0,0.0,0.0,0.0,0.0,0.0,0.0,0.0,0.0,2025-01-01,0,1
2025,2,A3339,Gurutzeta/Cruces-BARAKALDO-La Arena,0.0,0.0,0.0,0.0,0.0,0.0,0.0,0.0,0.0,2025-02-01,0,1
2025,3,A3339,Gurutzeta/Cruces-BARAKALDO-La Arena,0.0,0.0,0.0,0.0,0.0,0.0,0.0,0.0,0.0,2025-03-01,0,1
2025,4,A3339,Gurutzeta/Cruces-BARAKALDO-La Arena,0.0,0.0,0.0,0.0,0.0,0.0,0.0,0.0,0.0,2025-04-01,0,1
2025,5,A3339,Gurutzeta/Cruces-BARAKALDO-La Arena,0.0,0.0,0.0,0.0,0.0,0.0,0.0,0.0,0.0,2025-05-01,0,1
2025,6,A3339,Gurutzeta/Cruces-BARAKALDO-La Arena,6158.0,4207.0,1100.0,33.0,24.0,131.0,0.0,220.0,148.0,2025-06-01,0,1
2025,7,A3339,Gurutzeta/Cruces-BARAKALDO-La Arena,13347.0,8476.0,3374.0,57.0,59.0,206.0,0.0,423.0,259.0,2025-07-01,0,1
2025,8,A3339,Gurutzeta/Cruces-BARAKALDO-La Arena,16811.0,10583.0,4273.0,14.0,77.0,288.0,0.0,578.0,336.0,2025-08-01,0,1
2025,9,A3339,Gurutzeta/Cruces-BARAKALDO-La Arena,3330.0,2180.0,814.0,11.0,20.0,62.0,0.0,89.0,47.0,2025-09-01,0,1
2025,10,A3339,Gurutzeta/Cruces-BARAKALDO-La Arena,0.0,0.0,0.0,0.0,0.0,0.0,0.0,0.0,0.0,2025-10-01,0,1
2025,11,A3339,Gurutzeta/Cruces-BARAKALDO-La Arena,2.0,0.0,0.0,0.0,0.0,0.0,0.0,0.0,0.0,2025-11-01,0,1
2025,12,A3339,Gurutzeta/Cruces-BARAKALDO-La Arena,0.0,0.0,0.0,0.0,0.0,0.0,0.0,0.0,0.0,2025-12-01,0,1
2020,1,A0652,LANESTOSA - BALMASEDA,4090.0,1950.0,1084.0,98.0,36.0,733.0,23.0,52.0,31.0,2020-01-01,1,0
2020,2,A0652,LANESTOSA - BALMASEDA,4015.0,1820.0,1112.0,53.0,29.0,796.0,22.0,63.0,56.0,2020-02-01,1,0
2020,3,A0652,LANESTOSA - BALMASEDA,1827.0,920.0,433.0,23.0,8.0,326.0,20.0,33.0,25.0,2020-03-01,1,0
2020,4,A0652,LANESTOSA - BALMASEDA,222.0,177.0,40.0,0.0,0.0,0.0,0.0,3.0,2.0,2020-04-01,1,0
2020,5,A0652,LANESTOSA - BALMASEDA,1002.0,763.0,156.0,14.0,0.0,35.0,0.0,8.0,13.0,2020-05-01,1,0
2020,6,A0652,LANESTOSA - BALMASEDA,2572.0,1916.0,394.0,6.0,1.0,105.0,0.0,43.0,68.0,2020-06-01,1,0
2020,7,A0652,LANESTOSA - BALMASEDA,3146.0,2236.0,542.0,0.0,0.0,177.0,0.0,62.0,60.0,2020-07-01,1,0
2020,8,A0652,LANESTOSA - BALMASEDA,2636.0,1885.0,433.0,5.0,0.0,178.0,0.0,44.0,37.0,2020-08-01,1,0
2020,9,A0652,LANESTOSA - BALMASEDA,3139.0,2252.0,493.0,38.0,3.0,157.0,0.0,56.0,61.0,2020-09-01,1,0
2020,10,A0652,LANESTOSA - BALMASEDA,3066.0,2177.0,482.0,98.0,3.0,151.0,0.0,44.0,24.0,2020-10-01,1,0
2020,11,A0652,LANESTOSA - BALMASEDA,2367.0,1673.0,317.0,100.0,1.0,126.0,0.0,33.0,28.0,2020-11-01,1,0
2020,12,A0652,LANESTOSA - BALMASEDA,2519.0,1812.0,363.0,56.0,1.0,163.0,0.0,34.0,20.0,2020-12-01,1,0
2021,1,A0652,LANESTOSA - BALMASEDA,2486.0,1710.0,335.0,75.0,6.0,257.0,0.0,34.0,13.0,2021-01-01,1,0
2021,2,A0652,LANESTOSA - BALMASEDA,2580.0,1726.0,329.0,72.0,13.0,310.0,3.0,26.0,13.0,2021-02-01,1,0
2021,3,A0652,LANESTOSA - BALMASEDA,3770.0,2257.0,684.0,75.0,0.0,559.0,1.0,56.0,23.0,2021-03-01,1,0
2021,4,A0652,LANESTOSA - BALMASEDA,3114.0,1785.0,529.0,57.0,0.0,601.0,1.0,32.0,30.0,2021-04-01,1,0
2021,5,A0652,LANESTOSA - BALMASEDA,3900.0,2257.0,796.0,61.0,1.0,644.0,2.0,39.0,20.0,2021-05-01,1,0
2021,6,A0652,LANESTOSA - BALMASEDA,4000.0,2188.0,777.0,12.0,1.0,781.0,2.0,100.0,53.0,2021-06-01,1,0
2021,7,A0652,LANESTOSA - BALMASEDA,3973.0,2193.0,821.0,0.0,3.0,785.0,3.0,70.0,27.0,2021-07-01,1,0
2021,8,A0652,LANESTOSA - BALMASEDA,3200.0,1884.0,515.0,28.0,9.0,577.0,2.0,118.0,16.0,2021-08-01,1,0
2021,9,A0652,LANESTOSA - BALMASEDA,3921.0,2035.0,811.0,29.0,44.0,815.0,2.0,82.0,22.0,2021-09-01,1,0
2021,10,A0652,LANESTOSA - BALMASEDA,3731.0,1936.0,784.0,66.0,37.0,726.0,2.0,48.0,26.0,2021-10-01,1,0
2021,11,A0652,LANESTOSA - BALMASEDA,3657.0,1789.0,805.0,49.0,47.0,761.0,6.0,39.0,45.0,2021-11-01,1,0
2021,12,A0652,LANESTOSA - BALMASEDA,3417.0,1851.0,669.0,32.0,12.0,703.0,3.0,28.0,24.0,2021-12-01,1,0
2022,1,A0652,LANESTOSA - BALMASEDA,3440.0,1757.0,700.0,74.0,23.0,722.0,1.0,54.0,22.0,2022-01-01,0,0
2022,2,A0652,LANESTOSA - BALMASEDA,3676.0,1853.0,786.0,63.0,20.0,775.0,2.0,55.0,25.0,2022-02-01,0,0
2022,3,A0652,LANESTOSA - BALMASEDA,4262.0,2180.0,981.0,62.0,7.0,825.0,3.0,64.0,24.0,2022-03-01,0,0
2022,4,A0652,LANESTOSA - BALMASEDA,3516.0,1990.0,709.0,64.0,9.0,576.0,4.0,49.0,25.0,2022-04-01,0,0
2022,5,A0652,LANESTOSA - BALMASEDA,4461.0,2337.0,1001.0,68.0,2.0,834.0,3.0,69.0,32.0,2022-05-01,0,0
2022,6,A0652,LANESTOSA - BALMASEDA,4038.0,2040.0,1007.0,17.0,1.0,800.0,2.0,82.0,49.0,2022-06-01,0,0
2022,7,A0652,LANESTOSA - BALMASEDA,3402.0,1738.0,824.0,2.0,1.0,747.0,2.0,29.0,29.0,2022-07-01,0,0
2022,8,A0652,LANESTOSA - BALMASEDA,2990.0,1828.0,567.0,0.0,2.0,486.0,1.0,50.0,27.0,2022-08-01,0,0
2022,9,A0652,LANESTOSA - BALMASEDA,4007.0,2162.0,977.0,84.0,8.0,644.0,0.0,39.0,30.0,2022-09-01,0,1
2022,10,A0652,LANESTOSA - BALMASEDA,4245.0,2251.0,1012.0,97.0,12.0,739.0,0.0,29.0,27.0,2022-10-01,0,1
2022,11,A0652,LANESTOSA - BALMASEDA,3925.0,2159.0,855.0,137.0,7.0,654.0,0.0,27.0,22.0,2022-11-01,0,1
2022,12,A0652,LANESTOSA - BALMASEDA,3530.0,1918.0,813.0,77.0,20.0,604.0,1.0,27.0,25.0,2022-12-01,0,1
2023,1,A0652,LANESTOSA - BALMASEDA,3341.0,1742.0,801.0,110.0,20.0,590.0,2.0,31.0,10.0,2023-01-01,0,1
2023,2,A0652,LANESTOSA - BALMASEDA,3563.0,1907.0,815.0,112.0,22.0,599.0,3.0,44.0,9.0,2023-02-01,0,1
2023,3,A0652,LANESTOSA - BALMASEDA,4298.0,2286.0,1014.0,173.0,17.0,699.0,0.0,29.0,14.0,2023-03-01,0,1
2023,4,A0652,LANESTOSA - BALMASEDA,3754.0,2105.0,855.0,100.0,14.0,580.0,0.0,33.0,18.0,2023-04-01,0,1
2023,5,A0652,LANESTOSA - BALMASEDA,4701.0,2551.0,1071.0,107.0,7.0,838.0,0.0,42.0,11.0,2023-05-01,0,1
2023,6,A0652,LANESTOSA - BALMASEDA,4712.0,2551.0,1113.0,38.0,13.0,883.0,0.0,78.0,22.0,2023-06-01,0,1
2023,7,A0652,LANESTOSA - BALMASEDA,4133.0,2308.0,934.0,14.0,11.0,764.0,0.0,56.0,21.0,2023-07-01,0,1
2023,8,A0652,LANESTOSA - BALMASEDA,3517.0,2238.0,652.0,1.0,0.0,507.0,0.0,67.0,21.0,2023-08-01,0,1
2023,9,A0652,LANESTOSA - BALMASEDA,4989.0,2771.0,1055.0,115.0,5.0,860.0,1.0,108.0,14.0,2023-09-01,0,1
2023,10,A0652,LANESTOSA - BALMASEDA,5052.0,2873.0,1032.0,123.0,10.0,831.0,0.0,82.0,45.0,2023-10-01,0,1
2023,11,A0652,LANESTOSA - BALMASEDA,5055.0,2805.0,1097.0,145.0,16.0,820.0,0.0,70.0,43.0,2023-11-01,0,1
2023,12,A0652,LANESTOSA - BALMASEDA,4330.0,2589.0,874.0,47.0,11.0,647.0,3.0,98.0,32.0,2023-12-01,0,1
2024,1,A0652,LANESTOSA - BALMASEDA,4974.0,2777.0,1104.0,122.0,19.0,772.0,0.0,93.0,18.0,2024-01-01,0,1
2024,2,A0652,LANESTOSA - BALMASEDA,5031.0,2993.0,1042.0,72.0,18.0,731.0,0.0,97.0,19.0,2024-02-01,0,1
2024,3,A0652,LANESTOSA - BALMASEDA,4709.0,2774.0,995.0,58.0,19.0,691.0,2.0,101.0,10.0,2024-03-01,0,1
2024,4,A0652,LANESTOSA - BALMASEDA,4927.0,2898.0,929.0,93.0,26.0,810.0,0.0,98.0,20.0,2024-04-01,0,1
2024,5,A0652,LANESTOSA - BALMASEDA,5210.0,3084.0,1131.0,91.0,8.0,733.0,0.0,89.0,25.0,2024-05-01,0,1
2024,6,A0652,LANESTOSA - BALMASEDA,4964.0,2822.0,1146.0,44.0,14.0,732.0,0.0,134.0,16.0,2024-06-01,0,1
2024,7,A0652,LANESTOSA - BALMASEDA,4732.0,2691.0,1014.0,43.0,20.0,764.0,2.0,138.0,10.0,2024-07-01,0,1
2024,8,A0652,LANESTOSA - BALMASEDA,3988.0,2507.0,778.0,7.0,0.0,514.0,0.0,99.0,16.0,2024-08-01,0,1
2024,9,A0652,LANESTOSA - BALMASEDA,4783.0,2845.0,939.0,15.0,40.0,727.0,0.0,100.0,25.0,2024-09-01,0,1
2024,10,A0652,LANESTOSA - BALMASEDA,5076.0,2919.0,1115.0,20.0,15.0,836.0,0.0,59.0,25.0,2024-10-01,0,1
2024,11,A0652,LANESTOSA - BALMASEDA,4616.0,2704.0,1002.0,27.0,9.0,716.0,0.0,74.0,26.0,2024-11-01,0,1
2024,12,A0652,LANESTOSA - BALMASEDA,4481.0,2738.0,872.0,10.0,9.0,654.0,0.0,118.0,16.0,2024-12-01,0,1
2025,1,A0652,LANESTOSA - BALMASEDA,5023.0,2978.0,966.0,18.0,18.0,832.0,0.0,89.0,36.0,2025-01-01,0,1
2025,2,A0652,LANESTOSA - BALMASEDA,5089.0,2967.0,1091.0,5.0,13.0,824.0,0.0,64.0,25.0,2025-02-01,0,1
2025,3,A0652,LANESTOSA - BALMASEDA,5394.0,3202.0,1181.0,8.0,12.0,826.0,0.0,69.0,20.0,2025-03-01,0,1
2025,4,A0652,LANESTOSA - BALMASEDA,4357.0,2388.0,1074.0,7.0,30.0,695.0,0.0,80.0,26.0,2025-04-01,0,1
2025,5,A0652,LANESTOSA - BALMASEDA,5661.0,3705.0,1177.0,8.0,31.0,573.0,0.0,57.0,29.0,2025-05-01,0,1
2025,6,A0652,LANESTOSA - BALMASEDA,4883.0,3147.0,1099.0,1.0,3.0,479.0,0.0,76.0,20.0,2025-06-01,0,1
2025,7,A0652,LANESTOSA - BALMASEDA,4719.0,2994.0,1037.0,11.0,0.0,512.0,0.0,81.0,22.0,2025-07-01,0,1
2025,8,A0652,LANESTOSA - BALMASEDA,4000.0,2846.0,691.0,1.0,1.0,282.0,0.0,107.0,22.0,2025-08-01,0,1
2025,9,A0652,LANESTOSA - BALMASEDA,5252.0,3411.0,1094.0,49.0,12.0,435.0,0.0,127.0,30.0,2025-09-01,0,1
2025,10,A0652,LANESTOSA - BALMASEDA,5745.0,3674.0,1249.0,98.0,59.0,421.0,0.0,95.0,32.0,2025-10-01,0,1
2025,11,A0652,LANESTOSA - BALMASEDA,5024.0,3268.0,1190.0,123.0,54.0,183.0,0.0,82.0,34.0,2025-11-01,0,1
2025,12,A0652,LANESTOSA - BALMASEDA,4660.0,3102.0,1104.0,66.0,48.0,177.0,0.0,80.0,24.0,2025-12-01,0,1
2024,1,A3531,LEIOA-Hospital Urduliz Ospitalea - GATIKA -MUNGIA,16165.0,9032.0,3266.0,597.0,1007.0,589.0,,348.0,134.0,2024-01-01,0,1
2024,2,A3531,LEIOA-Hospital Urduliz Ospitalea - GATIKA -MUNGIA,16831.0,9548.0,3207.0,623.0,940.0,569.0,,359.0,143.0,2024-02-01,0,1
2024,3,A3531,LEIOA-Hospital Urduliz Ospitalea - GATIKA -MUNGIA,15818.0,8987.0,2923.0,592.0,1000.0,351.0,,363.0,136.0,2024-03-01,0,1
2024,4,A3531,LEIOA-Hospital Urduliz Ospitalea - GATIKA -MUNGIA,17730.0,10161.0,3213.0,644.0,1078.0,451.0,0.0,453.0,139.0,2024-04-01,0,1
2024,5,A3531,LEIOA-Hospital Urduliz Ospitalea - GATIKA -MUNGIA,19099.0,10756.0,3457.0,519.0,1221.0,537.0,0.0,548.0,160.0,2024-05-01,0,1
2024,6,A3531,LEIOA-Hospital Urduliz Ospitalea - GATIKA -MUNGIA,17474.0,9929.0,3280.0,382.0,914.0,560.0,0.0,503.0,140.0,2024-06-01,0,1
2024,7,A3531,LEIOA-Hospital Urduliz Ospitalea - GATIKA -MUNGIA,17278.0,9916.0,3369.0,248.0,989.0,659.0,0.0,416.0,111.0,2024-07-01,0,1
2024,8,A3531,LEIOA-Hospital Urduliz Ospitalea - GATIKA -MUNGIA,14278.0,8284.0,2665.0,175.0,785.0,591.0,0.0,262.0,99.0,2024-08-01,0,1
2024,9,A3531,LEIOA-Hospital Urduliz Ospitalea - GATIKA -MUNGIA,19045.0,10792.0,3302.0,439.0,1181.0,608.0,0.0,350.0,169.0,2024-09-01,0,1
2024,10,A3531,LEIOA-Hospital Urduliz Ospitalea - GATIKA -MUNGIA,17446.0,9286.0,3172.0,556.0,1320.0,532.0,0.0,293.0,168.0,2024-10-01,0,1
2024,11,A3531,LEIOA-Hospital Urduliz Ospitalea - GATIKA -MUNGIA,18522.0,9784.0,3394.0,660.0,1388.0,518.0,0.0,334.0,173.0,2024-11-01,0,1
2024,12,A3531,LEIOA-Hospital Urduliz Ospitalea - GATIKA -MUNGIA,16369.0,8789.0,2949.0,452.0,1252.0,546.0,0.0,252.0,164.0,2024-12-01,0,1
2025,1,A3531,LEIOA-Hospital Urduliz Ospitalea - GATIKA -MUNGIA,19488.0,10600.0,3418.0,599.0,1450.0,582.0,0.0,268.0,187.0,2025-01-01,0,1
2025,2,A3531,LEIOA-Hospital Urduliz Ospitalea - GATIKA -MUNGIA,19456.0,10442.0,3365.0,653.0,1545.0,462.0,0.0,333.0,175.0,2025-02-01,0,1
2025,3,A3531,LEIOA-Hospital Urduliz Ospitalea - GATIKA -MUNGIA,20605.0,10997.0,3728.0,505.0,1686.0,484.0,0.0,390.0,139.0,2025-03-01,0,1
2025,4,A3531,LEIOA-Hospital Urduliz Ospitalea - GATIKA -MUNGIA,18686.0,10067.0,3531.0,421.0,1330.0,432.0,0.0,381.0,121.0,2025-04-01,0,1
2025,5,A3531,LEIOA-Hospital Urduliz Ospitalea - GATIKA -MUNGIA,22896.0,12765.0,4042.0,548.0,1499.0,455.0,0.0,440.0,190.0,2025-05-01,0,1
2025,6,A3531,LEIOA-Hospital Urduliz Ospitalea - GATIKA -MUNGIA,21198.0,12105.0,3759.0,364.0,1335.0,432.0,0.0,474.0,169.0,2025-06-01,0,1
2025,7,A3531,LEIOA-Hospital Urduliz Ospitalea - GATIKA -MUNGIA,19833.0,11620.0,3456.0,203.0,1176.0,515.0,0.0,481.0,108.0,2025-07-01,0,1
2025,8,A3531,LEIOA-Hospital Urduliz Ospitalea - GATIKA -MUNGIA,16302.0,9773.0,2735.0,148.0,964.0,447.0,0.0,342.0,121.0,2025-08-01,0,1
2025,9,A3531,LEIOA-Hospital Urduliz Ospitalea - GATIKA -MUNGIA,21878.0,12158.0,3549.0,734.0,1535.0,358.0,0.0,466.0,158.0,2025-09-01,0,1
2025,10,A3531,LEIOA-Hospital Urduliz Ospitalea - GATIKA -MUNGIA,23992.0,12980.0,4012.0,816.0,1785.0,384.0,0.0,449.0,142.0,2025-10-01,0,1
2025,11,A3531,LEIOA-Hospital Urduliz Ospitalea - GATIKA -MUNGIA,21086.0,11355.0,3524.0,673.0,1577.0,352.0,0.0,375.0,135.0,2025-11-01,0,1
2025,12,A3531,LEIOA-Hospital Urduliz Ospitalea - GATIKA -MUNGIA,19218.0,10586.0,3283.0,525.0,1334.0,364.0,0.0,356.0,154.0,2025-12-01,0,1
2020,1,A3535,LEKEITIO - AMOROTO,135.0,113.0,7.0,,,7.0,0.0,0.0,0.0,2020-01-01,1,0
2020,2,A3535,LEKEITIO - AMOROTO,146.0,119.0,15.0,,,4.0,0.0,0.0,0.0,2020-02-01,1,0
2020,3,A3535,LEKEITIO - AMOROTO,82.0,73.0,5.0,,,0.0,0.0,0.0,0.0,2020-03-01,1,0
2020,4,A3535,LEKEITIO - AMOROTO,0.0,,,,,0.0,0.0,0.0,0.0,2020-04-01,1,0
2020,5,A3535,LEKEITIO - AMOROTO,30.0,20.0,10.0,,,0.0,0.0,0.0,0.0,2020-05-01,1,0
2020,6,A3535,LEKEITIO - AMOROTO,75.0,53.0,19.0,,,0.0,0.0,0.0,0.0,2020-06-01,1,0
2020,7,A3535,LEKEITIO - AMOROTO,101.0,84.0,14.0,,,0.0,0.0,0.0,0.0,2020-07-01,1,0
2020,8,A3535,LEKEITIO - AMOROTO,97.0,68.0,29.0,,,0.0,0.0,0.0,0.0,2020-08-01,1,0
2020,9,A3535,LEKEITIO - AMOROTO,189.0,151.0,35.0,1.0,,0.0,0.0,0.0,0.0,2020-09-01,1,0
2020,10,A3535,LEKEITIO - AMOROTO,191.0,173.0,18.0,,,0.0,0.0,0.0,0.0,2020-10-01,1,0
2020,11,A3535,LEKEITIO - AMOROTO,200.0,181.0,18.0,1.0,,0.0,0.0,0.0,0.0,2020-11-01,1,0
2020,12,A3535,LEKEITIO - AMOROTO,142.0,128.0,13.0,,,0.0,0.0,0.0,0.0,2020-12-01,1,0
2021,1,A3535,LEKEITIO - AMOROTO,175.0,138.0,18.0,19.0,,0.0,0.0,0.0,0.0,2021-01-01,1,0
2021,2,A3535,LEKEITIO - AMOROTO,121.0,91.0,17.0,12.0,,1.0,0.0,0.0,0.0,2021-02-01,1,0
2021,3,A3535,LEKEITIO - AMOROTO,153.0,102.0,32.0,15.0,,4.0,0.0,0.0,0.0,2021-03-01,1,0
2021,4,A3535,LEKEITIO - AMOROTO,123.0,93.0,22.0,,,8.0,0.0,0.0,0.0,2021-04-01,1,0
2021,5,A3535,LEKEITIO - AMOROTO,167.0,143.0,15.0,,,9.0,0.0,0.0,0.0,2021-05-01,1,0
2021,6,A3535,LEKEITIO - AMOROTO,134.0,125.0,6.0,,,3.0,0.0,0.0,0.0,2021-06-01,1,0
2021,7,A3535,LEKEITIO - AMOROTO,36.0,34.0,1.0,,,0.0,0.0,0.0,0.0,2021-07-01,1,0
2021,8,A3535,LEKEITIO - AMOROTO,150.0,119.0,16.0,,,14.0,0.0,0.0,0.0,2021-08-01,1,0
2021,9,A3535,LEKEITIO - AMOROTO,101.0,76.0,20.0,,,5.0,0.0,0.0,0.0,2021-09-01,1,0
2021,10,A3535,LEKEITIO - AMOROTO,297.0,275.0,12.0,,,10.0,0.0,0.0,0.0,2021-10-01,1,0
2021,11,A3535,LEKEITIO - AMOROTO,161.0,151.0,3.0,,,7.0,0.0,0.0,0.0,2021-11-01,1,0
2021,12,A3535,LEKEITIO - AMOROTO,101.0,92.0,6.0,,,3.0,0.0,0.0,0.0,2021-12-01,1,0
2022,1,A3535,LEKEITIO - AMOROTO,125.0,117.0,5.0,,,2.0,0.0,0.0,0.0,2022-01-01,0,0
2022,2,A3535,LEKEITIO - AMOROTO,121.0,116.0,3.0,,,2.0,0.0,0.0,0.0,2022-02-01,0,0
2022,3,A3535,LEKEITIO - AMOROTO,129.0,118.0,5.0,,,6.0,0.0,0.0,0.0,2022-03-01,0,0
2022,4,A3535,LEKEITIO - AMOROTO,88.0,83.0,2.0,,,3.0,0.0,0.0,0.0,2022-04-01,0,0
2022,5,A3535,LEKEITIO - AMOROTO,157.0,136.0,12.0,,,8.0,0.0,0.0,0.0,2022-05-01,0,0
2022,6,A3535,LEKEITIO - AMOROTO,138.0,118.0,8.0,,,12.0,0.0,0.0,0.0,2022-06-01,0,0
2022,7,A3535,LEKEITIO - AMOROTO,110.0,77.0,9.0,,,24.0,0.0,0.0,0.0,2022-07-01,0,0
2022,8,A3535,LEKEITIO - AMOROTO,64.0,50.0,8.0,,,6.0,0.0,0.0,0.0,2022-08-01,0,0
2022,9,A3535,LEKEITIO - AMOROTO,215.0,191.0,14.0,,,9.0,0.0,0.0,0.0,2022-09-01,0,1
2022,10,A3535,LEKEITIO - AMOROTO,177.0,163.0,6.0,,,8.0,0.0,0.0,0.0,2022-10-01,0,1
2022,11,A3535,LEKEITIO - AMOROTO,182.0,163.0,11.0,,,8.0,0.0,0.0,0.0,2022-11-01,0,1
2022,12,A3535,LEKEITIO - AMOROTO,135.0,116.0,10.0,,,9.0,0.0,0.0,0.0,2022-12-01,0,1
2023,1,A3535,LEKEITIO - AMOROTO,164.0,151.0,7.0,,,6.0,0.0,0.0,0.0,2023-01-01,0,1
2023,2,A3535,LEKEITIO - AMOROTO,114.0,100.0,6.0,,,8.0,0.0,0.0,0.0,2023-02-01,0,1
2023,3,A3535,LEKEITIO - AMOROTO,245.0,228.0,11.0,,,6.0,0.0,0.0,0.0,2023-03-01,0,1
2023,4,A3535,LEKEITIO - AMOROTO,120.0,102.0,10.0,,,8.0,0.0,0.0,0.0,2023-04-01,0,1
2023,5,A3535,LEKEITIO - AMOROTO,241.0,223.0,4.0,,,14.0,0.0,0.0,0.0,2023-05-01,0,1
2023,6,A3535,LEKEITIO - AMOROTO,179.0,140.0,14.0,,,23.0,0.0,0.0,0.0,2023-06-01,0,1
2023,7,A3535,LEKEITIO - AMOROTO,87.0,66.0,11.0,,,9.0,0.0,0.0,0.0,2023-07-01,0,1
2023,8,A3535,LEKEITIO - AMOROTO,89.0,61.0,17.0,,,11.0,0.0,0.0,0.0,2023-08-01,0,1
2023,9,A3535,LEKEITIO - AMOROTO,223.0,198.0,15.0,1.0,,9.0,0.0,0.0,0.0,2023-09-01,0,1
2023,10,A3535,LEKEITIO - AMOROTO,211.0,188.0,19.0,,,4.0,0.0,0.0,0.0,2023-10-01,0,1
2023,11,A3535,LEKEITIO - AMOROTO,165.0,145.0,11.0,,,9.0,0.0,0.0,0.0,2023-11-01,0,1
2023,12,A3535,LEKEITIO - AMOROTO,160.0,134.0,15.0,,,11.0,0.0,0.0,0.0,2023-12-01,0,1
2024,1,A3535,LEKEITIO - AMOROTO,184.0,158.0,22.0,,,4.0,0.0,0.0,0.0,2024-01-01,0,1
2024,2,A3535,LEKEITIO - AMOROTO,142.0,104.0,31.0,,,0.0,0.0,0.0,0.0,2024-02-01,0,1
2024,3,A3535,LEKEITIO - AMOROTO,102.0,73.0,17.0,,,3.0,0.0,0.0,0.0,2024-03-01,0,1
2024,4,A3535,LEKEITIO - AMOROTO,141.0,114.0,19.0,0.0,0.0,8.0,0.0,0.0,0.0,2024-04-01,0,1
2024,5,A3535,LEKEITIO - AMOROTO,208.0,177.0,16.0,0.0,0.0,15.0,0.0,0.0,0.0,2024-05-01,0,1
2024,6,A3535,LEKEITIO - AMOROTO,151.0,120.0,18.0,0.0,0.0,13.0,0.0,0.0,0.0,2024-06-01,0,1
2024,7,A3535,LEKEITIO - AMOROTO,144.0,94.0,43.0,0.0,0.0,7.0,0.0,0.0,0.0,2024-07-01,0,1
2024,8,A3535,LEKEITIO - AMOROTO,114.0,61.0,44.0,0.0,0.0,9.0,0.0,0.0,0.0,2024-08-01,0,1
2024,9,A3535,LEKEITIO - AMOROTO,96.0,69.0,11.0,0.0,0.0,8.0,0.0,0.0,0.0,2024-09-01,0,1
2024,10,A3535,LEKEITIO - AMOROTO,280.0,222.0,25.0,0.0,1.0,0.0,0.0,0.0,0.0,2024-10-01,0,1
2024,11,A3535,LEKEITIO - AMOROTO,184.0,141.0,24.0,1.0,0.0,7.0,0.0,0.0,0.0,2024-11-01,0,1
2024,12,A3535,LEKEITIO - AMOROTO,115.0,89.0,9.0,2.0,0.0,15.0,0.0,0.0,0.0,2024-12-01,0,1
2025,1,A3535,LEKEITIO - AMOROTO,126.0,102.0,20.0,2.0,0.0,2.0,0.0,0.0,0.0,2025-01-01,0,1
2025,2,A3535,LEKEITIO - AMOROTO,199.0,158.0,24.0,8.0,0.0,5.0,0.0,0.0,0.0,2025-02-01,0,1
2025,3,A3535,LEKEITIO - AMOROTO,32.0,24.0,3.0,1.0,0.0,4.0,0.0,0.0,0.0,2025-03-01,0,1
2025,4,A3535,LEKEITIO - AMOROTO,0.0,0.0,0.0,0.0,0.0,0.0,0.0,0.0,0.0,2025-04-01,0,1
2025,5,A3535,LEKEITIO - AMOROTO,0.0,0.0,0.0,0.0,0.0,0.0,0.0,0.0,0.0,2025-05-01,0,1
2025,6,A3535,LEKEITIO - AMOROTO,25.0,19.0,6.0,0.0,0.0,0.0,0.0,0.0,0.0,2025-06-01,0,1
2025,7,A3535,LEKEITIO - AMOROTO,257.0,193.0,59.0,0.0,0.0,0.0,0.0,0.0,0.0,2025-07-01,0,1
2025,8,A3535,LEKEITIO - AMOROTO,167.0,126.0,41.0,0.0,0.0,0.0,0.0,0.0,0.0,2025-08-01,0,1
2025,9,A3535,LEKEITIO - AMOROTO,0.0,0.0,0.0,0.0,0.0,0.0,0.0,0.0,0.0,2025-09-01,0,1
2025,10,A3535,LEKEITIO - AMOROTO,0.0,0.0,0.0,0.0,0.0,0.0,0.0,0.0,0.0,2025-10-01,0,1
2025,11,A3535,LEKEITIO - AMOROTO,0.0,0.0,0.0,0.0,0.0,0.0,0.0,0.0,0.0,2025-11-01,0,1
2025,12,A3535,LEKEITIO - AMOROTO,0.0,0.0,0.0,0.0,0.0,0.0,0.0,0.0,0.0,2025-12-01,0,1
2020,1,A3536,LEKEITIO - MENDEXA,142.0,87.0,45.0,1.0,,8.0,0.0,0.0,0.0,2020-01-01,1,0
2020,2,A3536,LEKEITIO - MENDEXA,154.0,86.0,56.0,,,9.0,0.0,0.0,0.0,2020-02-01,1,0
2020,3,A3536,LEKEITIO - MENDEXA,53.0,31.0,21.0,,,1.0,0.0,0.0,0.0,2020-03-01,1,0
2020,4,A3536,LEKEITIO - MENDEXA,0.0,,,,,0.0,0.0,0.0,0.0,2020-04-01,1,0
2020,5,A3536,LEKEITIO - MENDEXA,51.0,33.0,18.0,,,0.0,0.0,0.0,0.0,2020-05-01,1,0
2020,6,A3536,LEKEITIO - MENDEXA,122.0,77.0,42.0,,,0.0,0.0,0.0,0.0,2020-06-01,1,0
2020,7,A3536,LEKEITIO - MENDEXA,363.0,278.0,81.0,,,0.0,0.0,0.0,0.0,2020-07-01,1,0
2020,8,A3536,LEKEITIO - MENDEXA,514.0,424.0,87.0,,,0.0,0.0,0.0,0.0,2020-08-01,1,0
2020,9,A3536,LEKEITIO - MENDEXA,152.0,93.0,58.0,,,0.0,0.0,0.0,0.0,2020-09-01,1,0
2020,10,A3536,LEKEITIO - MENDEXA,102.0,52.0,50.0,,,0.0,0.0,0.0,0.0,2020-10-01,1,0
2020,11,A3536,LEKEITIO - MENDEXA,64.0,38.0,26.0,,,0.0,0.0,0.0,0.0,2020-11-01,1,0
2020,12,A3536,LEKEITIO - MENDEXA,91.0,47.0,38.0,3.0,,2.0,0.0,0.0,0.0,2020-12-01,1,0
2021,1,A3536,LEKEITIO - MENDEXA,86.0,60.0,24.0,,,2.0,0.0,0.0,0.0,2021-01-01,1,0
2021,2,A3536,LEKEITIO - MENDEXA,108.0,68.0,34.0,,,6.0,0.0,0.0,0.0,2021-02-01,1,0
2021,3,A3536,LEKEITIO - MENDEXA,157.0,128.0,14.0,,,15.0,0.0,0.0,0.0,2021-03-01,1,0
2021,4,A3536,LEKEITIO - MENDEXA,127.0,75.0,41.0,,,11.0,0.0,0.0,0.0,2021-04-01,1,0
2021,5,A3536,LEKEITIO - MENDEXA,166.0,104.0,52.0,,,8.0,0.0,0.0,0.0,2021-05-01,1,0
2021,6,A3536,LEKEITIO - MENDEXA,137.0,72.0,45.0,,,20.0,0.0,0.0,0.0,2021-06-01,1,0
2021,7,A3536,LEKEITIO - MENDEXA,130.0,89.0,24.0,,,14.0,0.0,0.0,0.0,2021-07-01,1,0
2021,8,A3536,LEKEITIO - MENDEXA,457.0,286.0,85.0,,,79.0,0.0,0.0,0.0,2021-08-01,1,0
2021,9,A3536,LEKEITIO - MENDEXA,306.0,183.0,98.0,,,23.0,0.0,0.0,0.0,2021-09-01,1,0
2021,10,A3536,LEKEITIO - MENDEXA,244.0,139.0,89.0,,,16.0,0.0,0.0,0.0,2021-10-01,1,0
2021,11,A3536,LEKEITIO - MENDEXA,130.0,88.0,32.0,,,10.0,0.0,0.0,0.0,2021-11-01,1,0
2021,12,A3536,LEKEITIO - MENDEXA,100.0,76.0,11.0,,,13.0,0.0,0.0,0.0,2021-12-01,1,0
2022,1,A3536,LEKEITIO - MENDEXA,81.0,44.0,23.0,,,14.0,0.0,0.0,0.0,2022-01-01,0,0
2022,2,A3536,LEKEITIO - MENDEXA,79.0,49.0,16.0,,,14.0,0.0,0.0,0.0,2022-02-01,0,0
2022,3,A3536,LEKEITIO - MENDEXA,87.0,55.0,18.0,,,13.0,0.0,0.0,0.0,2022-03-01,0,0
2022,4,A3536,LEKEITIO - MENDEXA,89.0,63.0,11.0,,,15.0,0.0,0.0,0.0,2022-04-01,0,0
2022,5,A3536,LEKEITIO - MENDEXA,82.0,51.0,15.0,,,16.0,0.0,0.0,0.0,2022-05-01,0,0
2022,6,A3536,LEKEITIO - MENDEXA,132.0,77.0,23.0,,,32.0,0.0,0.0,0.0,2022-06-01,0,0
2022,7,A3536,LEKEITIO - MENDEXA,352.0,174.0,85.0,,,91.0,0.0,0.0,0.0,2022-07-01,0,0
2022,8,A3536,LEKEITIO - MENDEXA,507.0,258.0,155.0,,,78.0,0.0,0.0,0.0,2022-08-01,0,0
2022,9,A3536,LEKEITIO - MENDEXA,147.0,67.0,51.0,,,27.0,0.0,0.0,0.0,2022-09-01,0,1
2022,10,A3536,LEKEITIO - MENDEXA,144.0,89.0,40.0,,,12.0,0.0,0.0,0.0,2022-10-01,0,1
2022,11,A3536,LEKEITIO - MENDEXA,82.0,39.0,22.0,,,15.0,0.0,0.0,0.0,2022-11-01,0,1
2022,12,A3536,LEKEITIO - MENDEXA,90.0,61.0,7.0,,,15.0,0.0,0.0,0.0,2022-12-01,0,1
2023,1,A3536,LEKEITIO - MENDEXA,70.0,55.0,,,,11.0,0.0,0.0,0.0,2023-01-01,0,1
2023,2,A3536,LEKEITIO - MENDEXA,46.0,35.0,3.0,,,5.0,0.0,0.0,0.0,2023-02-01,0,1
2023,3,A3536,LEKEITIO - MENDEXA,90.0,70.0,5.0,,,12.0,0.0,0.0,0.0,2023-03-01,0,1
2023,4,A3536,LEKEITIO - MENDEXA,82.0,60.0,18.0,,,3.0,0.0,0.0,0.0,2023-04-01,0,1
2023,5,A3536,LEKEITIO - MENDEXA,76.0,54.0,12.0,,,8.0,0.0,0.0,0.0,2023-05-01,0,1
2023,6,A3536,LEKEITIO - MENDEXA,153.0,129.0,10.0,,,12.0,0.0,0.0,0.0,2023-06-01,0,1
2023,7,A3536,LEKEITIO - MENDEXA,282.0,201.0,56.0,,,17.0,0.0,0.0,0.0,2023-07-01,0,1
2023,8,A3536,LEKEITIO - MENDEXA,549.0,429.0,72.0,,,39.0,0.0,0.0,0.0,2023-08-01,0,1
2023,9,A3536,LEKEITIO - MENDEXA,198.0,137.0,27.0,,,25.0,0.0,0.0,0.0,2023-09-01,0,1
2023,10,A3536,LEKEITIO - MENDEXA,131.0,97.0,13.0,,,11.0,0.0,0.0,0.0,2023-10-01,0,1
2023,11,A3536,LEKEITIO - MENDEXA,99.0,74.0,9.0,,,6.0,0.0,0.0,0.0,2023-11-01,0,1
2023,12,A3536,LEKEITIO - MENDEXA,103.0,80.0,6.0,,,10.0,0.0,0.0,0.0,2023-12-01,0,1
2024,1,A3536,LEKEITIO - MENDEXA,123.0,80.0,10.0,,,21.0,0.0,0.0,0.0,2024-01-01,0,1
2024,2,A3536,LEKEITIO - MENDEXA,111.0,77.0,9.0,,,11.0,0.0,0.0,0.0,2024-02-01,0,1
2024,3,A3536,LEKEITIO - MENDEXA,139.0,111.0,7.0,1.0,,10.0,0.0,0.0,0.0,2024-03-01,0,1
2024,4,A3536,LEKEITIO - MENDEXA,169.0,143.0,11.0,0.0,0.0,13.0,0.0,0.0,0.0,2024-04-01,0,1
2024,5,A3536,LEKEITIO - MENDEXA,172.0,142.0,8.0,1.0,0.0,7.0,0.0,0.0,0.0,2024-05-01,0,1
2024,6,A3536,LEKEITIO - MENDEXA,155.0,128.0,8.0,0.0,0.0,17.0,0.0,0.0,0.0,2024-06-01,0,1
2024,7,A3536,LEKEITIO - MENDEXA,420.0,331.0,52.0,0.0,0.0,32.0,0.0,0.0,0.0,2024-07-01,0,1
2024,8,A3536,LEKEITIO - MENDEXA,461.0,350.0,28.0,0.0,0.0,72.0,0.0,0.0,0.0,2024-08-01,0,1
2024,9,A3536,LEKEITIO - MENDEXA,86.0,71.0,9.0,0.0,0.0,6.0,0.0,0.0,0.0,2024-09-01,0,1
2024,10,A3536,LEKEITIO - MENDEXA,111.0,80.0,10.0,0.0,0.0,15.0,0.0,0.0,0.0,2024-10-01,0,1
2024,11,A3536,LEKEITIO - MENDEXA,91.0,81.0,3.0,0.0,0.0,4.0,0.0,0.0,0.0,2024-11-01,0,1
2024,12,A3536,LEKEITIO - MENDEXA,108.0,95.0,11.0,0.0,0.0,0.0,0.0,0.0,0.0,2024-12-01,0,1
2025,1,A3536,LEKEITIO - MENDEXA,83.0,71.0,6.0,0.0,0.0,6.0,0.0,0.0,0.0,2025-01-01,0,1
2025,2,A3536,LEKEITIO - MENDEXA,73.0,67.0,4.0,0.0,0.0,1.0,0.0,0.0,0.0,2025-02-01,0,1
2025,3,A3536,LEKEITIO - MENDEXA,30.0,19.0,0.0,3.0,0.0,8.0,0.0,0.0,0.0,2025-03-01,0,1
2025,4,A3536,LEKEITIO - MENDEXA,0.0,0.0,0.0,0.0,0.0,0.0,0.0,0.0,0.0,2025-04-01,0,1
2025,5,A3536,LEKEITIO - MENDEXA,0.0,0.0,0.0,0.0,0.0,0.0,0.0,0.0,0.0,2025-05-01,0,1
2025,6,A3536,LEKEITIO - MENDEXA,18.0,13.0,3.0,0.0,0.0,0.0,0.0,0.0,0.0,2025-06-01,0,1
2025,7,A3536,LEKEITIO - MENDEXA,388.0,305.0,64.0,0.0,0.0,3.0,0.0,0.0,0.0,2025-07-01,0,1
2025,8,A3536,LEKEITIO - MENDEXA,557.0,425.0,76.0,0.0,0.0,27.0,0.0,0.0,0.0,2025-08-01,0,1
2025,9,A3536,LEKEITIO - MENDEXA,0.0,0.0,0.0,0.0,0.0,0.0,0.0,0.0,0.0,2025-09-01,0,1
2025,10,A3536,LEKEITIO - MENDEXA,0.0,0.0,0.0,0.0,0.0,0.0,0.0,0.0,0.0,2025-10-01,0,1
2025,11,A3536,LEKEITIO - MENDEXA,0.0,0.0,0.0,0.0,0.0,0.0,0.0,0.0,0.0,2025-11-01,0,1
2025,12,A3536,LEKEITIO - MENDEXA,0.0,0.0,0.0,0.0,0.0,0.0,0.0,0.0,0.0,2025-12-01,0,1
2020,1,A3538,LEKEITIO-Barainka,10.0,6.0,2.0,,,2.0,0.0,0.0,0.0,2020-01-01,1,0
2020,2,A3538,LEKEITIO-Barainka,12.0,9.0,2.0,,,1.0,0.0,0.0,0.0,2020-02-01,1,0
2020,3,A3538,LEKEITIO-Barainka,7.0,6.0,1.0,,,0.0,0.0,0.0,0.0,2020-03-01,1,0
2020,4,A3538,LEKEITIO-Barainka,0.0,,,,,0.0,0.0,0.0,0.0,2020-04-01,1,0
2020,5,A3538,LEKEITIO-Barainka,2.0,2.0,,,,0.0,0.0,0.0,0.0,2020-05-01,1,0
2020,6,A3538,LEKEITIO-Barainka,3.0,3.0,,,,0.0,0.0,0.0,0.0,2020-06-01,1,0
2020,7,A3538,LEKEITIO-Barainka,37.0,14.0,23.0,,,0.0,0.0,0.0,0.0,2020-07-01,1,0
2020,8,A3538,LEKEITIO-Barainka,32.0,16.0,16.0,,,0.0,0.0,0.0,0.0,2020-08-01,1,0
2020,9,A3538,LEKEITIO-Barainka,8.0,7.0,1.0,,,0.0,0.0,0.0,0.0,2020-09-01,1,0
2020,10,A3538,LEKEITIO-Barainka,7.0,5.0,2.0,,,0.0,0.0,0.0,0.0,2020-10-01,1,0
2020,11,A3538,LEKEITIO-Barainka,1.0,1.0,,,,0.0,0.0,0.0,0.0,2020-11-01,1,0
2020,12,A3538,LEKEITIO-Barainka,3.0,2.0,1.0,,,0.0,0.0,0.0,0.0,2020-12-01,1,0
2021,1,A3538,LEKEITIO-Barainka,1.0,,,,,1.0,0.0,0.0,0.0,2021-01-01,1,0
2021,2,A3538,LEKEITIO-Barainka,1.0,1.0,,,,0.0,0.0,0.0,0.0,2021-02-01,1,0
2021,3,A3538,LEKEITIO-Barainka,2.0,2.0,,,,0.0,0.0,0.0,0.0,2021-03-01,1,0
2021,4,A3538,LEKEITIO-Barainka,3.0,1.0,2.0,,,0.0,0.0,0.0,0.0,2021-04-01,1,0
2021,5,A3538,LEKEITIO-Barainka,5.0,5.0,,,,0.0,0.0,0.0,0.0,2021-05-01,1,0
2021,6,A3538,LEKEITIO-Barainka,19.0,4.0,,,,15.0,0.0,0.0,0.0,2021-06-01,1,0
2021,7,A3538,LEKEITIO-Barainka,11.0,11.0,,,,0.0,0.0,0.0,0.0,2021-07-01,1,0
2021,8,A3538,LEKEITIO-Barainka,46.0,46.0,,,,0.0,0.0,0.0,0.0,2021-08-01,1,0
2021,9,A3538,LEKEITIO-Barainka,27.0,26.0,,,,1.0,0.0,0.0,0.0,2021-09-01,1,0
2021,10,A3538,LEKEITIO-Barainka,66.0,58.0,7.0,,,1.0,0.0,0.0,0.0,2021-10-01,1,0
2021,11,A3538,LEKEITIO-Barainka,30.0,27.0,,,,3.0,0.0,0.0,0.0,2021-11-01,1,0
2021,12,A3538,LEKEITIO-Barainka,29.0,23.0,2.0,,,4.0,0.0,0.0,0.0,2021-12-01,1,0
2022,1,A3538,LEKEITIO-Barainka,25.0,16.0,2.0,,,7.0,0.0,0.0,0.0,2022-01-01,0,0
2022,2,A3538,LEKEITIO-Barainka,26.0,21.0,,,,5.0,0.0,0.0,0.0,2022-02-01,0,0
2022,3,A3538,LEKEITIO-Barainka,30.0,25.0,2.0,,,3.0,0.0,0.0,0.0,2022-03-01,0,0
2022,4,A3538,LEKEITIO-Barainka,27.0,23.0,1.0,,,3.0,0.0,0.0,0.0,2022-04-01,0,0
2022,5,A3538,LEKEITIO-Barainka,32.0,21.0,,,,11.0,0.0,0.0,0.0,2022-05-01,0,0
2022,6,A3538,LEKEITIO-Barainka,24.0,21.0,,,,3.0,0.0,0.0,0.0,2022-06-01,0,0
2022,7,A3538,LEKEITIO-Barainka,33.0,32.0,,,,1.0,0.0,0.0,0.0,2022-07-01,0,0
2022,8,A3538,LEKEITIO-Barainka,26.0,18.0,2.0,,,6.0,0.0,0.0,0.0,2022-08-01,0,0
2022,9,A3538,LEKEITIO-Barainka,39.0,27.0,7.0,,,5.0,0.0,0.0,0.0,2022-09-01,0,1
2022,10,A3538,LEKEITIO-Barainka,35.0,33.0,2.0,,,0.0,0.0,0.0,0.0,2022-10-01,0,1
2022,11,A3538,LEKEITIO-Barainka,25.0,22.0,,,,3.0,0.0,0.0,0.0,2022-11-01,0,1
2022,12,A3538,LEKEITIO-Barainka,29.0,26.0,,,,3.0,0.0,0.0,0.0,2022-12-01,0,1
2023,1,A3538,LEKEITIO-Barainka,14.0,14.0,,,,0.0,0.0,0.0,0.0,2023-01-01,0,1
2023,2,A3538,LEKEITIO-Barainka,1.0,,,,,1.0,0.0,0.0,0.0,2023-02-01,0,1
2023,3,A3538,LEKEITIO-Barainka,18.0,16.0,,,,2.0,0.0,0.0,0.0,2023-03-01,0,1
2023,4,A3538,LEKEITIO-Barainka,34.0,30.0,3.0,,,1.0,0.0,0.0,0.0,2023-04-01,0,1
2023,5,A3538,LEKEITIO-Barainka,66.0,47.0,19.0,,,0.0,0.0,0.0,0.0,2023-05-01,0,1
2023,6,A3538,LEKEITIO-Barainka,18.0,6.0,12.0,,,0.0,0.0,0.0,0.0,2023-06-01,0,1
2023,7,A3538,LEKEITIO-Barainka,27.0,14.0,12.0,,,0.0,0.0,0.0,0.0,2023-07-01,0,1
2023,8,A3538,LEKEITIO-Barainka,22.0,1.0,21.0,,,0.0,0.0,0.0,0.0,2023-08-01,0,1
2023,9,A3538,LEKEITIO-Barainka,20.0,6.0,14.0,,,0.0,0.0,0.0,0.0,2023-09-01,0,1
2023,10,A3538,LEKEITIO-Barainka,11.0,1.0,10.0,,,0.0,0.0,0.0,0.0,2023-10-01,0,1
2023,11,A3538,LEKEITIO-Barainka,9.0,,9.0,,,0.0,0.0,0.0,0.0,2023-11-01,0,1
2023,12,A3538,LEKEITIO-Barainka,13.0,,13.0,,,0.0,0.0,0.0,0.0,2023-12-01,0,1
2024,1,A3538,LEKEITIO-Barainka,13.0,,11.0,,,2.0,0.0,0.0,0.0,2024-01-01,0,1
2024,2,A3538,LEKEITIO-Barainka,10.0,,8.0,,,2.0,0.0,0.0,0.0,2024-02-01,0,1
2024,3,A3538,LEKEITIO-Barainka,13.0,5.0,6.0,,,2.0,0.0,0.0,0.0,2024-03-01,0,1
2024,4,A3538,LEKEITIO-Barainka,10.0,1.0,9.0,0.0,0.0,0.0,0.0,0.0,0.0,2024-04-01,0,1
2024,5,A3538,LEKEITIO-Barainka,19.0,1.0,16.0,0.0,0.0,2.0,0.0,0.0,0.0,2024-05-01,0,1
2024,6,A3538,LEKEITIO-Barainka,8.0,0.0,6.0,0.0,0.0,2.0,0.0,0.0,0.0,2024-06-01,0,1
2024,7,A3538,LEKEITIO-Barainka,25.0,8.0,15.0,0.0,0.0,2.0,0.0,0.0,0.0,2024-07-01,0,1
2024,8,A3538,LEKEITIO-Barainka,22.0,5.0,12.0,0.0,0.0,5.0,0.0,0.0,0.0,2024-08-01,0,1
2024,9,A3538,LEKEITIO-Barainka,7.0,2.0,4.0,0.0,0.0,1.0,0.0,0.0,0.0,2024-09-01,0,1
2024,10,A3538,LEKEITIO-Barainka,20.0,0.0,19.0,0.0,0.0,1.0,0.0,0.0,0.0,2024-10-01,0,1
2024,11,A3538,LEKEITIO-Barainka,17.0,3.0,10.0,0.0,0.0,3.0,0.0,0.0,0.0,2024-11-01,0,1
2024,12,A3538,LEKEITIO-Barainka,16.0,4.0,8.0,0.0,0.0,4.0,0.0,0.0,0.0,2024-12-01,0,1
2025,1,A3538,LEKEITIO-Barainka,18.0,5.0,7.0,0.0,0.0,6.0,0.0,0.0,0.0,2025-01-01,0,1
2025,2,A3538,LEKEITIO-Barainka,33.0,23.0,10.0,0.0,0.0,0.0,0.0,0.0,0.0,2025-02-01,0,1
2025,3,A3538,LEKEITIO-Barainka,7.0,4.0,3.0,0.0,0.0,0.0,0.0,0.0,0.0,2025-03-01,0,1
2025,4,A3538,LEKEITIO-Barainka,0.0,0.0,0.0,0.0,0.0,0.0,0.0,0.0,0.0,2025-04-01,0,1
2025,5,A3538,LEKEITIO-Barainka,0.0,0.0,0.0,0.0,0.0,0.0,0.0,0.0,0.0,2025-05-01,0,1
2025,6,A3538,LEKEITIO-Barainka,4.0,1.0,2.0,0.0,0.0,1.0,0.0,0.0,0.0,2025-06-01,0,1
2025,7,A3538,LEKEITIO-Barainka,30.0,9.0,21.0,0.0,0.0,0.0,0.0,0.0,0.0,2025-07-01,0,1
2025,8,A3538,LEKEITIO-Barainka,37.0,21.0,15.0,0.0,0.0,0.0,0.0,0.0,0.0,2025-08-01,0,1
2025,9,A3538,LEKEITIO-Barainka,0.0,0.0,0.0,0.0,0.0,0.0,0.0,0.0,0.0,2025-09-01,0,1
2025,10,A3538,LEKEITIO-Barainka,0.0,0.0,0.0,0.0,0.0,0.0,0.0,0.0,0.0,2025-10-01,0,1
2025,11,A3538,LEKEITIO-Barainka,0.0,0.0,0.0,0.0,0.0,0.0,0.0,0.0,0.0,2025-11-01,0,1
2025,12,A3538,LEKEITIO-Barainka,0.0,0.0,0.0,0.0,0.0,0.0,0.0,0.0,0.0,2025-12-01,0,1
2020,1,A3129,Lutxana - Gurutzeta/Cruces - SANTURTZI,97423.0,53794.0,21184.0,2325.0,2136.0,7997.0,16.0,2999.0,4343.0,2020-01-01,1,0
2020,2,A3129,Lutxana - Gurutzeta/Cruces - SANTURTZI,89849.0,48361.0,20553.0,2648.0,2113.0,7160.0,2.0,2828.0,3981.0,2020-02-01,1,0
2020,3,A3129,Lutxana - Gurutzeta/Cruces - SANTURTZI,41811.0,24388.0,8526.0,1124.0,951.0,2964.0,0.0,1075.0,1732.0,2020-03-01,1,0
2020,4,A3129,Lutxana - Gurutzeta/Cruces - SANTURTZI,9431.0,7607.0,1314.0,95.0,21.0,0.0,0.0,11.0,127.0,2020-04-01,1,0
2020,5,A3129,Lutxana - Gurutzeta/Cruces - SANTURTZI,23244.0,17135.0,4886.0,139.0,126.0,0.0,0.0,105.0,329.0,2020-05-01,1,0
2020,6,A3129,Lutxana - Gurutzeta/Cruces - SANTURTZI,58853.0,41227.0,12424.0,647.0,649.0,0.0,0.0,889.0,1423.0,2020-06-01,1,0
2020,7,A3129,Lutxana - Gurutzeta/Cruces - SANTURTZI,63661.0,44205.0,12989.0,951.0,832.0,0.0,0.0,1336.0,1668.0,2020-07-01,1,0
2020,8,A3129,Lutxana - Gurutzeta/Cruces - SANTURTZI,42711.0,29887.0,8591.0,798.0,511.0,0.0,0.0,847.0,962.0,2020-08-01,1,0
2020,9,A3129,Lutxana - Gurutzeta/Cruces - SANTURTZI,64794.0,43171.0,13454.0,1422.0,1314.0,0.0,0.0,1490.0,1986.0,2020-09-01,1,0
2020,10,A3129,Lutxana - Gurutzeta/Cruces - SANTURTZI,68477.0,45117.0,13608.0,2181.0,1630.0,0.0,0.0,1786.0,2152.0,2020-10-01,1,0
2020,11,A3129,Lutxana - Gurutzeta/Cruces - SANTURTZI,59692.0,39370.0,11818.0,1639.0,1457.0,0.0,0.0,1339.0,2122.0,2020-11-01,1,0
2020,12,A3129,Lutxana - Gurutzeta/Cruces - SANTURTZI,74031.0,49614.0,13921.0,1905.0,1428.0,590.0,0.0,1669.0,2574.0,2020-12-01,1,0
2021,1,A3129,Lutxana - Gurutzeta/Cruces - SANTURTZI,67006.0,43046.0,11795.0,1647.0,1297.0,2135.0,1.0,1885.0,2910.0,2021-01-01,1,0
2021,2,A3129,Lutxana - Gurutzeta/Cruces - SANTURTZI,58582.0,36140.0,10848.0,1553.0,1419.0,2208.0,0.0,1730.0,2892.0,2021-02-01,1,0
2021,3,A3129,Lutxana - Gurutzeta/Cruces - SANTURTZI,71629.0,42416.0,14784.0,1699.0,1593.0,3005.0,7.0,2201.0,3539.0,2021-03-01,1,0
2021,4,A3129,Lutxana - Gurutzeta/Cruces - SANTURTZI,64773.0,38753.0,12757.0,1749.0,1328.0,2891.0,3.0,1928.0,3137.0,2021-04-01,1,0
2021,5,A3129,Lutxana - Gurutzeta/Cruces - SANTURTZI,77415.0,45951.0,15927.0,1925.0,1445.0,3729.0,2.0,2540.0,3354.0,2021-05-01,1,0
2021,6,A3129,Lutxana - Gurutzeta/Cruces - SANTURTZI,82356.0,49615.0,16307.0,1629.0,1428.0,4564.0,23.0,2937.0,3388.0,2021-06-01,1,0
2021,7,A3129,Lutxana - Gurutzeta/Cruces - SANTURTZI,75111.0,46023.0,14298.0,1457.0,1204.0,4934.0,24.0,2577.0,2545.0,2021-07-01,1,0
2021,8,A3129,Lutxana - Gurutzeta/Cruces - SANTURTZI,48160.0,29170.0,9199.0,839.0,784.0,3648.0,18.0,1607.0,1618.0,2021-08-01,1,0
2021,9,A3129,Lutxana - Gurutzeta/Cruces - SANTURTZI,76127.0,44701.0,14951.0,1721.0,1629.0,4974.0,32.0,2617.0,3166.0,2021-09-01,1,0
2021,10,A3129,Lutxana - Gurutzeta/Cruces - SANTURTZI,79479.0,45023.0,16998.0,2027.0,1980.0,5005.0,27.0,2539.0,3494.0,2021-10-01,1,0
2021,11,A3129,Lutxana - Gurutzeta/Cruces - SANTURTZI,79926.0,46096.0,16526.0,2018.0,1935.0,4884.0,24.0,2458.0,3444.0,2021-11-01,1,0
2021,12,A3129,Lutxana - Gurutzeta/Cruces - SANTURTZI,84483.0,49871.0,16908.0,1917.0,1814.0,5827.0,17.0,2448.0,3253.0,2021-12-01,1,0
2022,1,A3129,Lutxana - Gurutzeta/Cruces - SANTURTZI,77333.0,45661.0,15814.0,1803.0,1616.0,4835.0,28.0,2261.0,3099.0,2022-01-01,0,0
2022,2,A3129,Lutxana - Gurutzeta/Cruces - SANTURTZI,75873.0,43750.0,16356.0,1868.0,1844.0,4693.0,19.0,2315.0,2925.0,2022-02-01,0,0
2022,3,A3129,Lutxana - Gurutzeta/Cruces - SANTURTZI,87330.0,49370.0,19048.0,2215.0,2323.0,5408.0,17.0,2796.0,3796.0,2022-03-01,0,0
2022,4,A3129,Lutxana - Gurutzeta/Cruces - SANTURTZI,75767.0,43542.0,15527.0,1891.0,1891.0,5345.0,43.0,2467.0,2978.0,2022-04-01,0,0
2022,5,A3129,Lutxana - Gurutzeta/Cruces - SANTURTZI,84928.0,47627.0,18641.0,2354.0,2388.0,5411.0,25.0,2779.0,3478.0,2022-05-01,0,0
2022,6,A3129,Lutxana - Gurutzeta/Cruces - SANTURTZI,87762.0,51271.0,17917.0,1804.0,1953.0,5746.0,34.0,3009.0,3533.0,2022-06-01,0,0
2022,7,A3129,Lutxana - Gurutzeta/Cruces - SANTURTZI,79176.0,47539.0,15489.0,1392.0,1648.0,5807.0,17.0,2822.0,2505.0,2022-07-01,0,0
2022,8,A3129,Lutxana - Gurutzeta/Cruces - SANTURTZI,52642.0,31970.0,9959.0,793.0,1122.0,4343.0,41.0,1808.0,1466.0,2022-08-01,0,0
2022,9,A3129,Lutxana - Gurutzeta/Cruces - SANTURTZI,84885.0,51634.0,16994.0,2023.0,2672.0,3396.0,32.0,2958.0,2855.0,2022-09-01,0,1
2022,10,A3129,Lutxana - Gurutzeta/Cruces - SANTURTZI,90114.0,53713.0,18958.0,2217.0,3368.0,3144.0,16.0,2970.0,3210.0,2022-10-01,0,1
2022,11,A3129,Lutxana - Gurutzeta/Cruces - SANTURTZI,83252.0,50249.0,17458.0,2436.0,2809.0,2720.0,32.0,2346.0,2947.0,2022-11-01,0,1
2022,12,A3129,Lutxana - Gurutzeta/Cruces - SANTURTZI,87166.0,53574.0,17360.0,2333.0,2879.0,3220.0,21.0,2611.0,2976.0,2022-12-01,0,1
2023,1,A3129,Lutxana - Gurutzeta/Cruces - SANTURTZI,84.478,53082.0,16357.0,2270.0,2697.0,2701.0,34.0,2246.0,2981.0,2023-01-01,0,1
2023,2,A3129,Lutxana - Gurutzeta/Cruces - SANTURTZI,77741.0,47018.0,16329.0,2128.0,2652.0,2507.0,26.0,2319.0,2920.0,2023-02-01,0,1
2023,3,A3129,Lutxana - Gurutzeta/Cruces - SANTURTZI,93014.0,55806.0,19885.0,2726.0,3180.0,2857.0,23.0,2837.0,3523.0,2023-03-01,0,1
2023,4,A3129,Lutxana - Gurutzeta/Cruces - SANTURTZI,88641.0,54522.0,17748.0,2344.0,2806.0,3120.0,27.0,3150.0,2850.0,2023-04-01,0,1
2023,5,A3129,Lutxana - Gurutzeta/Cruces - SANTURTZI,106926.0,65296.0,22104.0,3062.0,3491.0,3375.0,19.0,3453.0,3383.0,2023-05-01,0,1
2023,6,A3129,Lutxana - Gurutzeta/Cruces - SANTURTZI,107659.0,67076.0,21387.0,2493.0,2951.0,3670.0,10.0,3694.0,3486.0,2023-06-01,0,1
2023,7,A3129,Lutxana - Gurutzeta/Cruces - SANTURTZI,98405.0,62893.0,18719.0,1742.0,2280.0,3831.0,12.0,3788.0,2779.0,2023-07-01,0,1
2023,8,A3129,Lutxana - Gurutzeta/Cruces - SANTURTZI,65412.0,43005.0,12066.0,983.0,1675.0,2582.0,7.0,2295.0,1472.0,2023-08-01,0,1
2023,9,A3129,Lutxana - Gurutzeta/Cruces - SANTURTZI,103692.0,64514.0,19182.0,2928.0,3919.0,3593.0,3.0,3914.0,3165.0,2023-09-01,0,1
2023,10,A3129,Lutxana - Gurutzeta/Cruces - SANTURTZI,108395.0,66423.0,21475.0,3234.0,4255.0,3143.0,3.0,3615.0,3556.0,2023-10-01,0,1
2023,11,A3129,Lutxana - Gurutzeta/Cruces - SANTURTZI,112830.0,69095.0,22086.0,3621.0,4741.0,3322.0,0.0,3556.0,3645.0,2023-11-01,0,1
2023,12,A3129,Lutxana - Gurutzeta/Cruces - SANTURTZI,115375.0,72075.0,21423.0,3276.0,4702.0,3841.0,12.0,3792.0,3511.0,2023-12-01,0,1
2024,1,A3129,Lutxana - Gurutzeta/Cruces - SANTURTZI,115527.0,64932.0,22270.0,3703.0,4518.0,4007.0,11.0,3650.0,3472.0,2024-01-01,0,1
2024,2,A3129,Lutxana - Gurutzeta/Cruces - SANTURTZI,113759.0,63755.0,21686.0,3682.0,4471.0,3253.0,11.0,3606.0,3663.0,2024-02-01,0,1
2024,3,A3129,Lutxana - Gurutzeta/Cruces - SANTURTZI,114979.0,62026.0,21738.0,4087.0,4679.0,3188.0,1.0,3782.0,3488.0,2024-03-01,0,1
2024,4,A3129,Lutxana - Gurutzeta/Cruces - SANTURTZI,121221.0,64584.0,23489.0,4045.0,4966.0,3364.0,7.0,4147.0,3499.0,2024-04-01,0,1
2024,5,A3129,Lutxana - Gurutzeta/Cruces - SANTURTZI,129736.0,69003.0,25089.0,4474.0,5423.0,3357.0,4.0,4391.0,3627.0,2024-05-01,0,1
2024,6,A3129,Lutxana - Gurutzeta/Cruces - SANTURTZI,123713.0,68147.0,22920.0,3388.0,4751.0,3403.0,4.0,4252.0,3395.0,2024-06-01,0,1
2024,7,A3129,Lutxana - Gurutzeta/Cruces - SANTURTZI,119658.0,67611.0,21878.0,2455.0,4074.0,3630.0,5.0,4505.0,2639.0,2024-07-01,0,1
2024,8,A3129,Lutxana - Gurutzeta/Cruces - SANTURTZI,78711.0,46052.0,13663.0,1444.0,2549.0,2508.0,2.0,2797.0,1537.0,2024-08-01,0,1
2024,9,A3129,Lutxana - Gurutzeta/Cruces - SANTURTZI,120475.0,66024.0,21285.0,3543.0,5171.0,3174.0,3.0,4398.0,3164.0,2024-09-01,0,1
2024,10,A3129,Lutxana - Gurutzeta/Cruces - SANTURTZI,131561.0,69098.0,24155.0,4578.0,6485.0,3191.0,4.0,4206.0,3624.0,2024-10-01,0,1
2024,11,A3129,Lutxana - Gurutzeta/Cruces - SANTURTZI,128260.0,65612.0,24821.0,4241.0,6315.0,3162.0,4.0,4325.0,3375.0,2024-11-01,0,1
2024,12,A3129,Lutxana - Gurutzeta/Cruces - SANTURTZI,132245.0,70583.0,23774.0,4310.0,5912.0,3419.0,4.0,4197.0,3383.0,2024-12-01,0,1
2025,1,A3129,Lutxana - Gurutzeta/Cruces - SANTURTZI,133837.0,70164.0,24590.0,4554.0,5931.0,3275.0,6.0,3995.0,3696.0,2025-01-01,0,1
2025,2,A3129,Lutxana - Gurutzeta/Cruces - SANTURTZI,126453.0,65331.0,24276.0,4017.0,5680.0,2875.0,9.0,3888.0,3366.0,2025-02-01,0,1
2025,3,A3129,Lutxana - Gurutzeta/Cruces - SANTURTZI,137897.0,71350.0,25503.0,4548.0,6367.0,3115.0,6.0,4171.0,3669.0,2025-03-01,0,1
2025,4,A3129,Lutxana - Gurutzeta/Cruces - SANTURTZI,130396.0,68931.0,24687.0,3839.0,5364.0,2495.0,8.0,4180.0,2990.0,2025-04-01,0,1
2025,5,A3129,Lutxana - Gurutzeta/Cruces - SANTURTZI,146054.0,75619.0,27947.0,4621.0,6410.0,2601.0,5.0,4514.0,3562.0,2025-05-01,0,1
2025,6,A3129,Lutxana - Gurutzeta/Cruces - SANTURTZI,139831.0,74627.0,26861.0,3421.0,5392.0,2475.0,6.0,4469.0,3171.0,2025-06-01,0,1
2025,7,A3129,Lutxana - Gurutzeta/Cruces - SANTURTZI,134991.0,75358.0,24268.0,2587.0,4918.0,2868.0,5.0,4441.0,2862.0,2025-07-01,0,1
2025,8,A3129,Lutxana - Gurutzeta/Cruces - SANTURTZI,84892.0,47584.0,15206.0,1753.0,3228.0,1830.0,0.0,2639.0,1564.0,2025-08-01,0,1
2025,9,A3129,Lutxana - Gurutzeta/Cruces - SANTURTZI,138319.0,73481.0,25464.0,3694.0,6112.0,2474.0,2.0,4189.0,3282.0,2025-09-01,0,1
2025,10,A3129,Lutxana - Gurutzeta/Cruces - SANTURTZI,144012.0,74130.0,27887.0,4220.0,6891.0,2419.0,8.0,4146.0,3561.0,2025-10-01,0,1
2025,11,A3129,Lutxana - Gurutzeta/Cruces - SANTURTZI,137439.0,70245.0,26267.0,4123.0,6967.0,2160.0,5.0,3940.0,3354.0,2025-11-01,0,1
2025,12,A3129,Lutxana - Gurutzeta/Cruces - SANTURTZI,140514.0,73938.0,26502.0,3725.0,6757.0,2364.0,8.0,3911.0,3378.0,2025-12-01,0,1
2025,10,A3533,MORGA - GERNIKA LUMO - MENDATA,1538.0,1005.0,327.0,0.0,46.0,58.0,0.0,13.0,12.0,2025-10-01,0,1
2025,11,A3533,MORGA - GERNIKA LUMO - MENDATA,1554.0,1036.0,317.0,3.0,36.0,33.0,0.0,45.0,8.0,2025-11-01,0,1
2025,12,A3533,MORGA - GERNIKA LUMO - MENDATA,1549.0,1050.0,317.0,4.0,9.0,16.0,0.0,68.0,13.0,2025-12-01,0,1
2020,1,A3522,MUNGIA - DERIO - Cruces/Gurutzeta,10851.0,7010.0,1879.0,310.0,451.0,642.0,0.0,88.0,174.0,2020-01-01,1,0
2020,2,A3522,MUNGIA - DERIO - Cruces/Gurutzeta,10958.0,7064.0,1893.0,297.0,511.0,651.0,0.0,86.0,129.0,2020-02-01,1,0
2020,3,A3522,MUNGIA - DERIO - Cruces/Gurutzeta,5866.0,3930.0,830.0,182.0,291.0,339.0,0.0,30.0,102.0,2020-03-01,1,0
2020,4,A3522,MUNGIA - DERIO - Cruces/Gurutzeta,2075.0,1739.0,127.0,34.0,82.0,,,1.0,32.0,2020-04-01,1,0
2020,5,A3522,MUNGIA - DERIO - Cruces/Gurutzeta,4528.0,3756.0,478.0,39.0,100.0,0.0,0.0,11.0,37.0,2020-05-01,1,0
2020,6,A3522,MUNGIA - DERIO - Cruces/Gurutzeta,7650.0,6072.0,1065.0,84.0,208.0,0.0,0.0,33.0,50.0,2020-06-01,1,0
2020,7,A3522,MUNGIA - DERIO - Cruces/Gurutzeta,7823.0,6321.0,1051.0,65.0,158.0,0.0,0.0,49.0,31.0,2020-07-01,1,0
2020,8,A3522,MUNGIA - DERIO - Cruces/Gurutzeta,5868.0,4791.0,692.0,32.0,142.0,0.0,0.0,43.0,14.0,2020-08-01,1,0
2020,9,A3522,MUNGIA - DERIO - Cruces/Gurutzeta,8761.0,6856.0,1205.0,221.0,240.0,,,32.0,42.0,2020-09-01,1,0
2020,10,A3522,MUNGIA - DERIO - Cruces/Gurutzeta,9747.0,7215.0,1380.0,394.0,340.0,,,87.0,37.0,2020-10-01,1,0
2020,11,A3522,MUNGIA - DERIO - Cruces/Gurutzeta,7715.0,5964.0,931.0,307.0,207.0,,,42.0,33.0,2020-11-01,1,0
2020,12,A3522,MUNGIA - DERIO - Cruces/Gurutzeta,7256.0,5531.0,940.0,228.0,219.0,22.0,0.0,56.0,15.0,2020-12-01,1,0
2021,1,A3522,MUNGIA - DERIO - Cruces/Gurutzeta,7459.0,5617.0,937.0,265.0,191.0,66.0,0.0,101.0,34.0,2021-01-01,1,0
2021,2,A3522,MUNGIA - DERIO - Cruces/Gurutzeta,8463.0,6358.0,1100.0,323.0,172.0,90.0,0.0,88.0,25.0,2021-02-01,1,0
2021,3,A3522,MUNGIA - DERIO - Cruces/Gurutzeta,9746.0,7177.0,1336.0,372.0,192.0,166.0,0.0,116.0,92.0,2021-03-01,1,0
2021,4,A3522,MUNGIA - DERIO - Cruces/Gurutzeta,9898.0,7023.0,1398.0,368.0,303.0,189.0,,112.0,104.0,2021-04-01,1,0
2021,5,A3522,MUNGIA - DERIO - Cruces/Gurutzeta,10918.0,7748.0,1741.0,380.0,223.0,246.0,0.0,116.0,78.0,2021-05-01,1,0
2021,6,A3522,MUNGIA - DERIO - Cruces/Gurutzeta,10768.0,7875.0,1627.0,144.0,223.0,311.0,0.0,119.0,66.0,2021-06-01,1,0
2021,7,A3522,MUNGIA - DERIO - Cruces/Gurutzeta,9862.0,7094.0,1624.0,83.0,180.0,346.0,,82.0,78.0,2021-07-01,1,0
2021,8,A3522,MUNGIA - DERIO - Cruces/Gurutzeta,6983.0,5114.0,997.0,59.0,127.0,334.0,8.0,47.0,67.0,2021-08-01,1,0
2021,9,A3522,MUNGIA - DERIO - Cruces/Gurutzeta,10437.0,7306.0,1704.0,305.0,262.0,367.0,,124.0,66.0,2021-09-01,1,0
2021,10,A3522,MUNGIA - DERIO - Cruces/Gurutzeta,10797.0,7218.0,1794.0,378.0,441.0,391.0,,132.0,56.0,2021-10-01,1,0
2021,11,A3522,MUNGIA - DERIO - Cruces/Gurutzeta,11435.0,7824.0,1783.0,469.0,376.0,402.0,0.0,116.0,74.0,2021-11-01,1,0
2021,12,A3522,MUNGIA - DERIO - Cruces/Gurutzeta,9387.0,6550.0,1509.0,237.0,262.0,345.0,3.0,114.0,60.0,2021-12-01,1,0
2022,1,A3522,MUNGIA - DERIO - Cruces/Gurutzeta,9732.0,6671.0,1544.0,362.0,290.0,374.0,,89.0,61.0,2022-01-01,0,0
2022,2,A3522,MUNGIA - DERIO - Cruces/Gurutzeta,10853.0,7321.0,1727.0,467.0,335.0,382.0,,113.0,80.0,2022-02-01,0,0
2022,3,A3522,MUNGIA - DERIO - Cruces/Gurutzeta,13386.0,8901.0,2044.0,538.0,480.0,559.0,0.0,151.0,128.0,2022-03-01,0,0
2022,4,A3522,MUNGIA - DERIO - Cruces/Gurutzeta,10311.0,6893.0,1672.0,307.0,364.0,446.0,,135.0,96.0,2022-04-01,0,0
2022,5,A3522,MUNGIA - DERIO - Cruces/Gurutzeta,12725.0,8574.0,1888.0,511.0,452.0,478.0,,156.0,141.0,2022-05-01,0,0
2022,6,A3522,MUNGIA - DERIO - Cruces/Gurutzeta,12373.0,8437.0,1919.0,216.0,413.0,613.0,,185.0,122.0,2022-06-01,0,0
2022,7,A3522,MUNGIA - DERIO - Cruces/Gurutzeta,9880.0,6709.0,1473.0,147.0,424.0,496.0,,143.0,142.0,2022-07-01,0,0
2022,8,A3522,MUNGIA - DERIO - Cruces/Gurutzeta,7952.0,5431.0,1185.0,76.0,374.0,419.0,2.0,95.0,122.0,2022-08-01,0,0
2022,9,A3522,MUNGIA - DERIO - Cruces/Gurutzeta,12105.0,8425.0,1843.0,319.0,490.0,347.0,,148.0,73.0,2022-09-01,0,1
2022,10,A3522,MUNGIA - DERIO - Cruces/Gurutzeta,12941.0,9021.0,1984.0,363.0,588.0,300.0,,103.0,125.0,2022-10-01,0,1
2022,11,A3522,MUNGIA - DERIO - Cruces/Gurutzeta,13125.0,9240.0,2031.0,348.0,528.0,299.0,,141.0,124.0,2022-11-01,0,1
2022,12,A3522,MUNGIA - DERIO - Cruces/Gurutzeta,10943.0,7726.0,1778.0,159.0,360.0,336.0,1.0,155.0,100.0,2022-12-01,0,1
2023,1,A3522,MUNGIA - DERIO - Cruces/Gurutzeta,10540.0,7649.0,1564.0,168.0,346.0,281.0,,111.0,84.0,2023-01-01,0,1
2023,2,A3522,MUNGIA - DERIO - Cruces/Gurutzeta,10335.0,7362.0,1671.0,222.0,387.0,187.0,,117.0,88.0,2023-02-01,0,1
2023,3,A3522,MUNGIA - DERIO - Cruces/Gurutzeta,11013.0,7848.0,1739.0,259.0,429.0,239.0,,134.0,69.0,2023-03-01,0,1
2023,4,A3522,MUNGIA - DERIO - Cruces/Gurutzeta,8108.0,5880.0,1218.0,148.0,261.0,193.0,,81.0,84.0,2023-04-01,0,1
2023,5,A3522,MUNGIA - DERIO - Cruces/Gurutzeta,12512.0,8934.0,2012.0,235.0,363.0,266.0,,131.0,212.0,2023-05-01,0,1
2023,6,A3522,MUNGIA - DERIO - Cruces/Gurutzeta,12694.0,9279.0,2020.0,219.0,272.0,319.0,,151.0,127.0,2023-06-01,0,1
2023,7,A3522,MUNGIA - DERIO - Cruces/Gurutzeta,10305.0,7726.0,1552.0,92.0,198.0,321.0,1.0,99.0,80.0,2023-07-01,0,1
2023,8,A3522,MUNGIA - DERIO - Cruces/Gurutzeta,8869.0,6761.0,1178.0,78.0,187.0,304.0,0.0,90.0,98.0,2023-08-01,0,1
2023,9,A3522,MUNGIA - DERIO - Cruces/Gurutzeta,12961.0,9582.0,1664.0,208.0,451.0,386.0,0.0,152.0,139.0,2023-09-01,0,1
2023,10,A3522,MUNGIA - DERIO - Cruces/Gurutzeta,13856.0,10080.0,1777.0,317.0,509.0,346.0,0.0,192.0,156.0,2023-10-01,0,1
2023,11,A3522,MUNGIA - DERIO - Cruces/Gurutzeta,13838.0,10086.0,1905.0,220.0,497.0,367.0,0.0,208.0,129.0,2023-11-01,0,1
2023,12,A3522,MUNGIA - DERIO - Cruces/Gurutzeta,11239.0,8234.0,1590.0,193.0,387.0,266.0,0.0,148.0,94.0,2023-12-01,0,1
2020,1,A3529,MUNGIA - GAMIZ - FIKA,516.0,314.0,84.0,1.0,33.0,46.0,0.0,0.0,27.0,2020-01-01,1,0
2020,2,A3529,MUNGIA - GAMIZ - FIKA,531.0,337.0,78.0,1.0,36.0,56.0,0.0,0.0,12.0,2020-02-01,1,0
2020,3,A3529,MUNGIA - GAMIZ - FIKA,253.0,180.0,24.0,,23.0,19.0,0.0,0.0,4.0,2020-03-01,1,0
2020,4,A3529,MUNGIA - GAMIZ - FIKA,0.0,,,,,,,,,2020-04-01,1,0
2020,5,A3529,MUNGIA - GAMIZ - FIKA,159.0,139.0,17.0,,,0.0,0.0,0.0,3.0,2020-05-01,1,0
2020,6,A3529,MUNGIA - GAMIZ - FIKA,582.0,505.0,40.0,5.0,0.0,0.0,0.0,1.0,19.0,2020-06-01,1,0
2020,7,A3529,MUNGIA - GAMIZ - FIKA,644.0,568.0,38.0,4.0,,0.0,0.0,1.0,24.0,2020-07-01,1,0
2020,8,A3529,MUNGIA - GAMIZ - FIKA,590.0,535.0,17.0,2.0,,0.0,0.0,5.0,22.0,2020-08-01,1,0
2020,9,A3529,MUNGIA - GAMIZ - FIKA,587.0,509.0,31.0,6.0,,,,,13.0,2020-09-01,1,0
2020,10,A3529,MUNGIA - GAMIZ - FIKA,574.0,509.0,29.0,5.0,2.0,,,,18.0,2020-10-01,1,0
2020,11,A3529,MUNGIA - GAMIZ - FIKA,354.0,300.0,31.0,5.0,,,,,8.0,2020-11-01,1,0
2020,12,A3529,MUNGIA - GAMIZ - FIKA,330.0,253.0,49.0,5.0,,1.0,0.0,0.0,9.0,2020-12-01,1,0
2021,1,A3529,MUNGIA - GAMIZ - FIKA,395.0,300.0,73.0,2.0,,2.0,0.0,0.0,8.0,2021-01-01,1,0
2021,2,A3529,MUNGIA - GAMIZ - FIKA,543.0,415.0,94.0,5.0,,4.0,0.0,0.0,9.0,2021-02-01,1,0
2021,3,A3529,MUNGIA - GAMIZ - FIKA,516.0,377.0,102.0,,4.0,9.0,0.0,2.0,11.0,2021-03-01,1,0
2021,4,A3529,MUNGIA - GAMIZ - FIKA,592.0,424.0,124.0,1.0,2.0,21.0,,1.0,13.0,2021-04-01,1,0
2021,5,A3529,MUNGIA - GAMIZ - FIKA,671.0,459.0,179.0,2.0,4.0,14.0,0.0,2.0,6.0,2021-05-01,1,0
2021,6,A3529,MUNGIA - GAMIZ - FIKA,766.0,524.0,176.0,,1.0,30.0,0.0,0.0,17.0,2021-06-01,1,0
2021,7,A3529,MUNGIA - GAMIZ - FIKA,779.0,565.0,151.0,,8.0,22.0,,1.0,18.0,2021-07-01,1,0
2021,8,A3529,MUNGIA - GAMIZ - FIKA,590.0,402.0,112.0,7.0,,36.0,,,28.0,2021-08-01,1,0
2021,9,A3529,MUNGIA - GAMIZ - FIKA,709.0,498.0,120.0,10.0,4.0,37.0,,,28.0,2021-09-01,1,0
2021,10,A3529,MUNGIA - GAMIZ - FIKA,611.0,446.0,91.0,2.0,5.0,34.0,,0.0,15.0,2021-10-01,1,0
2021,11,A3529,MUNGIA - GAMIZ - FIKA,549.0,417.0,63.0,,,40.0,0.0,1.0,7.0,2021-11-01,1,0
2021,12,A3529,MUNGIA - GAMIZ - FIKA,481.0,345.0,53.0,,2.0,40.0,,7.0,14.0,2021-12-01,1,0
2022,1,A3529,MUNGIA - GAMIZ - FIKA,463.0,361.0,35.0,,1.0,30.0,,3.0,9.0,2022-01-01,0,0
2022,2,A3529,MUNGIA - GAMIZ - FIKA,550.0,426.0,57.0,,,24.0,,7.0,9.0,2022-02-01,0,0
2022,3,A3529,MUNGIA - GAMIZ - FIKA,741.0,586.0,87.0,,10.0,31.0,0.0,0.0,7.0,2022-03-01,0,0
2022,4,A3529,MUNGIA - GAMIZ - FIKA,654.0,531.0,60.0,5.0,2.0,36.0,,0.0,7.0,2022-04-01,0,0
2022,5,A3529,MUNGIA - GAMIZ - FIKA,736.0,583.0,58.0,7.0,14.0,39.0,,,17.0,2022-05-01,0,0
2022,6,A3529,MUNGIA - GAMIZ - FIKA,988.0,837.0,67.0,,4.0,52.0,,1.0,8.0,2022-06-01,0,0
2022,7,A3529,MUNGIA - GAMIZ - FIKA,1001.0,838.0,70.0,,2.0,40.0,,5.0,28.0,2022-07-01,0,0
2022,8,A3529,MUNGIA - GAMIZ - FIKA,894.0,744.0,75.0,,6.0,38.0,0.0,2.0,18.0,2022-08-01,0,0
2022,9,A3529,MUNGIA - GAMIZ - FIKA,715.0,564.0,76.0,,13.0,18.0,,,39.0,2022-09-01,0,1
2022,10,A3529,MUNGIA - GAMIZ - FIKA,742.0,518.0,102.0,,8.0,20.0,,2.0,33.0,2022-10-01,0,1
2022,11,A3529,MUNGIA - GAMIZ - FIKA,815.0,648.0,59.0,,28.0,15.0,,1.0,42.0,2022-11-01,0,1
2022,12,A3529,MUNGIA - GAMIZ - FIKA,589.0,424.0,72.0,,29.0,11.0,,,40.0,2022-12-01,0,1
2023,1,A3529,MUNGIA - GAMIZ - FIKA,592.0,414.0,96.0,,24.0,6.0,,1.0,32.0,2023-01-01,0,1
2023,2,A3529,MUNGIA - GAMIZ - FIKA,578.0,423.0,89.0,,18.0,9.0,,3.0,27.0,2023-02-01,0,1
2023,3,A3529,MUNGIA - GAMIZ - FIKA,613.0,463.0,77.0,,20.0,15.0,,1.0,26.0,2023-03-01,0,1
2023,4,A3529,MUNGIA - GAMIZ - FIKA,430.0,327.0,64.0,2.0,10.0,7.0,,1.0,10.0,2023-04-01,0,1
2023,5,A3529,MUNGIA - GAMIZ - FIKA,717.0,520.0,84.0,7.0,23.0,27.0,,1.0,40.0,2023-05-01,0,1
2023,6,A3529,MUNGIA - GAMIZ - FIKA,843.0,659.0,77.0,5.0,29.0,14.0,,3.0,40.0,2023-06-01,0,1
2023,7,A3529,MUNGIA - GAMIZ - FIKA,832.0,643.0,86.0,18.0,23.0,15.0,,3.0,30.0,2023-07-01,0,1
2023,8,A3529,MUNGIA - GAMIZ - FIKA,696.0,512.0,67.0,10.0,42.0,25.0,0.0,4.0,22.0,2023-08-01,0,1
2023,9,A3529,MUNGIA - GAMIZ - FIKA,629.0,430.0,81.0,1.0,57.0,13.0,0.0,2.0,18.0,2023-09-01,0,1
2023,10,A3529,MUNGIA - GAMIZ - FIKA,681.0,512.0,76.0,1.0,28.0,14.0,0.0,1.0,17.0,2023-10-01,0,1
2023,11,A3529,MUNGIA - GAMIZ - FIKA,708.0,549.0,56.0,3.0,31.0,17.0,0.0,0.0,26.0,2023-11-01,0,1
2023,12,A3529,MUNGIA - GAMIZ - FIKA,648.0,472.0,59.0,,34.0,32.0,0.0,7.0,19.0,2023-12-01,0,1
2024,1,A3529,MUNGIA - GAMIZ - FIKA,672.0,477.0,61.0,1.0,38.0,31.0,,2.0,26.0,2024-01-01,0,1
2024,2,A3529,MUNGIA - GAMIZ - FIKA,763.0,555.0,76.0,10.0,32.0,25.0,,2.0,15.0,2024-02-01,0,1
2024,3,A3529,MUNGIA - GAMIZ - FIKA,710.0,514.0,68.0,1.0,26.0,36.0,,2.0,13.0,2024-03-01,0,1
2024,4,A3529,MUNGIA - GAMIZ - FIKA,886.0,606.0,72.0,1.0,27.0,14.0,0.0,3.0,7.0,2024-04-01,0,1
2024,5,A3529,MUNGIA - GAMIZ - FIKA,949.0,630.0,85.0,2.0,25.0,21.0,0.0,1.0,7.0,2024-05-01,0,1
2024,6,A3529,MUNGIA - GAMIZ - FIKA,936.0,542.0,95.0,1.0,25.0,26.0,0.0,5.0,6.0,2024-06-01,0,1
2024,7,A3529,MUNGIA - GAMIZ - FIKA,845.0,546.0,126.0,0.0,9.0,23.0,0.0,2.0,5.0,2024-07-01,0,1
2024,8,A3529,MUNGIA - GAMIZ - FIKA,706.0,436.0,114.0,0.0,0.0,18.0,0.0,7.0,8.0,2024-08-01,0,1
2024,9,A3529,MUNGIA - GAMIZ - FIKA,737.0,467.0,140.0,0.0,20.0,20.0,0.0,5.0,4.0,2024-09-01,0,1
2024,10,A3529,MUNGIA - GAMIZ - FIKA,601.0,420.0,93.0,0.0,24.0,18.0,0.0,2.0,1.0,2024-10-01,0,1
2024,11,A3529,MUNGIA - GAMIZ - FIKA,610.0,426.0,98.0,1.0,25.0,15.0,0.0,1.0,1.0,2024-11-01,0,1
2024,12,A3529,MUNGIA - GAMIZ - FIKA,592.0,414.0,88.0,0.0,22.0,21.0,0.0,2.0,1.0,2024-12-01,0,1
2025,1,A3529,MUNGIA - GAMIZ - FIKA,622.0,423.0,100.0,0.0,23.0,13.0,0.0,4.0,1.0,2025-01-01,0,1
2025,2,A3529,MUNGIA - GAMIZ - FIKA,735.0,496.0,97.0,3.0,60.0,18.0,0.0,5.0,0.0,2025-02-01,0,1
2025,3,A3529,MUNGIA - GAMIZ - FIKA,899.0,578.0,118.0,2.0,73.0,25.0,0.0,11.0,1.0,2025-03-01,0,1
2025,4,A3529,MUNGIA - GAMIZ - FIKA,757.0,457.0,111.0,1.0,55.0,7.0,0.0,8.0,0.0,2025-04-01,0,1
2025,5,A3529,MUNGIA - GAMIZ - FIKA,1005.0,690.0,111.0,0.0,48.0,13.0,0.0,21.0,1.0,2025-05-01,0,1
2025,6,A3529,MUNGIA - GAMIZ - FIKA,1008.0,700.0,91.0,21.0,28.0,20.0,0.0,17.0,3.0,2025-06-01,0,1
2025,7,A3529,MUNGIA - GAMIZ - FIKA,913.0,649.0,82.0,7.0,10.0,22.0,0.0,19.0,1.0,2025-07-01,0,1
2025,8,A3529,MUNGIA - GAMIZ - FIKA,968.0,720.0,74.0,0.0,35.0,25.0,0.0,14.0,3.0,2025-08-01,0,1
2025,9,A3529,MUNGIA - GAMIZ - FIKA,880.0,608.0,71.0,0.0,15.0,28.0,0.0,30.0,0.0,2025-09-01,0,1
2025,10,A3529,MUNGIA - GAMIZ - FIKA,842.0,577.0,72.0,4.0,68.0,24.0,0.0,18.0,1.0,2025-10-01,0,1
2025,11,A3529,MUNGIA - GAMIZ - FIKA,721.0,500.0,57.0,5.0,55.0,30.0,0.0,16.0,0.0,2025-11-01,0,1
2025,12,A3529,MUNGIA - GAMIZ - FIKA,666.0,472.0,65.0,1.0,63.0,11.0,0.0,7.0,3.0,2025-12-01,0,1
2020,1,A3526,MUNGIA - GERNIKA LUMO - IBARRANGELU,3000.0,1802.0,457.0,37.0,121.0,364.0,0.0,33.0,8.0,2020-01-01,1,0
2020,2,A3526,MUNGIA - GERNIKA LUMO - IBARRANGELU,3140.0,2001.0,464.0,33.0,128.0,298.0,0.0,30.0,17.0,2020-02-01,1,0
2020,3,A3526,MUNGIA - GERNIKA LUMO - IBARRANGELU,1544.0,1042.0,174.0,40.0,75.0,121.0,0.0,6.0,6.0,2020-03-01,1,0
2020,4,A3526,MUNGIA - GERNIKA LUMO - IBARRANGELU,623.0,539.0,25.0,37.0,,0.0,0.0,0.0,1.0,2020-04-01,1,0
2020,5,A3526,MUNGIA - GERNIKA LUMO - IBARRANGELU,1615.0,1323.0,184.0,33.0,8.0,0.0,0.0,0.0,2.0,2020-05-01,1,0
2020,6,A3526,MUNGIA - GERNIKA LUMO - IBARRANGELU,6982.0,5667.0,720.0,52.0,58.0,0.0,0.0,41.0,21.0,2020-06-01,1,0
2020,7,A3526,MUNGIA - GERNIKA LUMO - IBARRANGELU,22544.0,18128.0,2696.0,78.0,22.0,0.0,0.0,174.0,65.0,2020-07-01,1,0
2020,8,A3526,MUNGIA - GERNIKA LUMO - IBARRANGELU,19365.0,15148.0,2834.0,58.0,20.0,0.0,0.0,247.0,62.0,2020-08-01,1,0
2020,9,A3526,MUNGIA - GERNIKA LUMO - IBARRANGELU,6379.0,5068.0,892.0,37.0,15.0,0.0,0.0,31.0,20.0,2020-09-01,1,0
2020,10,A3526,MUNGIA - GERNIKA LUMO - IBARRANGELU,2824.0,2144.0,380.0,52.0,84.0,0.0,0.0,0.0,3.0,2020-10-01,1,0
2020,11,A3526,MUNGIA - GERNIKA LUMO - IBARRANGELU,2329.0,1744.0,290.0,32.0,115.0,0.0,0.0,0.0,3.0,2020-11-01,1,0
2020,12,A3526,MUNGIA - GERNIKA LUMO - IBARRANGELU,2229.0,1672.0,319.0,20.0,67.0,10.0,0.0,1.0,2.0,2020-12-01,1,0
2021,1,A3526,MUNGIA - GERNIKA LUMO - IBARRANGELU,2102.0,1508.0,263.0,39.0,110.0,42.0,0.0,1.0,1.0,2021-01-01,1,0
2021,2,A3526,MUNGIA - GERNIKA LUMO - IBARRANGELU,2163.0,1597.0,260.0,31.0,96.0,56.0,0.0,2.0,1.0,2021-02-01,1,0
2021,3,A3526,MUNGIA - GERNIKA LUMO - IBARRANGELU,3206.0,2378.0,370.0,45.0,64.0,137.0,0.0,4.0,14.0,2021-03-01,1,0
2021,4,A3526,MUNGIA - GERNIKA LUMO - IBARRANGELU,2667.0,1934.0,388.0,29.0,25.0,131.0,0.0,3.0,6.0,2021-04-01,1,0
2021,5,A3526,MUNGIA - GERNIKA LUMO - IBARRANGELU,2792.0,1937.0,443.0,41.0,45.0,160.0,0.0,9.0,9.0,2021-05-01,1,0
2021,6,A3526,MUNGIA - GERNIKA LUMO - IBARRANGELU,7813.0,5636.0,1066.0,16.0,34.0,545.0,0.0,94.0,28.0,2021-06-01,1,0
2021,7,A3526,MUNGIA - GERNIKA LUMO - IBARRANGELU,21847.0,15600.0,2786.0,5.0,93.0,1688.0,2.0,394.0,109.0,2021-07-01,1,0
2021,8,A3526,MUNGIA - GERNIKA LUMO - IBARRANGELU,25864.0,17382.0,3974.0,53.0,107.0,2366.0,0.0,569.0,146.0,2021-08-01,1,0
2021,9,A3526,MUNGIA - GERNIKA LUMO - IBARRANGELU,7234.0,4850.0,1296.0,47.0,132.0,466.0,0.0,80.0,27.0,2021-09-01,1,0
2021,10,A3526,MUNGIA - GERNIKA LUMO - IBARRANGELU,3150.0,2020.0,536.0,93.0,109.0,188.0,0.0,5.0,4.0,2021-10-01,1,0
2021,11,A3526,MUNGIA - GERNIKA LUMO - IBARRANGELU,2759.0,1784.0,422.0,103.0,85.0,156.0,0.0,2.0,2.0,2021-11-01,1,0
2021,12,A3526,MUNGIA - GERNIKA LUMO - IBARRANGELU,2539.0,1755.0,393.0,48.0,45.0,155.0,0.0,1.0,4.0,2021-12-01,1,0
2022,1,A3526,MUNGIA - GERNIKA LUMO - IBARRANGELU,2713.0,1922.0,407.0,38.0,36.0,162.0,0.0,2.0,5.0,2022-01-01,0,0
2022,2,A3526,MUNGIA - GERNIKA LUMO - IBARRANGELU,2964.0,2069.0,446.0,69.0,53.0,155.0,0.0,2.0,8.0,2022-02-01,0,0
2022,3,A3526,MUNGIA - GERNIKA LUMO - IBARRANGELU,3397.0,2357.0,545.0,80.0,85.0,198.0,0.0,1.0,1.0,2022-03-01,0,0
2022,4,A3526,MUNGIA - GERNIKA LUMO - IBARRANGELU,3570.0,2581.0,459.0,39.0,69.0,277.0,0.0,12.0,10.0,2022-04-01,0,0
2022,5,A3526,MUNGIA - GERNIKA LUMO - IBARRANGELU,3837.0,2551.0,648.0,45.0,110.0,315.0,0.0,13.0,7.0,2022-05-01,0,0
2022,6,A3526,MUNGIA - GERNIKA LUMO - IBARRANGELU,9873.0,6982.0,1308.0,35.0,92.0,830.0,1.0,116.0,56.0,2022-06-01,0,0
2022,7,A3526,MUNGIA - GERNIKA LUMO - IBARRANGELU,28518.0,19834.0,3904.0,37.0,72.0,2693.0,8.0,549.0,142.0,2022-07-01,0,0
2022,8,A3526,MUNGIA - GERNIKA LUMO - IBARRANGELU,24307.0,15886.0,4091.0,18.0,49.0,2585.0,0.0,466.0,132.0,2022-08-01,0,0
2022,9,A3526,MUNGIA - GERNIKA LUMO - IBARRANGELU,9028.0,6120.0,1587.0,85.0,75.0,599.0,0.0,94.0,70.0,2022-09-01,0,1
2022,10,A3526,MUNGIA - GERNIKA LUMO - IBARRANGELU,3853.0,2639.0,560.0,102.0,68.0,185.0,0.0,2.0,79.0,2022-10-01,0,1
2022,11,A3526,MUNGIA - GERNIKA LUMO - IBARRANGELU,3032.0,2043.0,458.0,102.0,35.0,127.0,0.0,7.0,60.0,2022-11-01,0,1
2022,12,A3526,MUNGIA - GERNIKA LUMO - IBARRANGELU,2898.0,2094.0,429.0,50.0,40.0,130.0,1.0,2.0,36.0,2022-12-01,0,1
2023,1,A3526,MUNGIA - GERNIKA LUMO - IBARRANGELU,2490.0,1682.0,353.0,42.0,66.0,128.0,0.0,12.0,47.0,2023-01-01,0,1
2023,2,A3526,MUNGIA - GERNIKA LUMO - IBARRANGELU,2591.0,1822.0,369.0,48.0,65.0,107.0,0.0,1.0,46.0,2023-02-01,0,1
2023,3,A3526,MUNGIA - GERNIKA LUMO - IBARRANGELU,2979.0,2153.0,407.0,29.0,90.0,103.0,0.0,8.0,52.0,2023-03-01,0,1
2023,4,A3526,MUNGIA - GERNIKA LUMO - IBARRANGELU,4093.0,2993.0,529.0,29.0,99.0,244.0,0.0,10.0,62.0,2023-04-01,0,1
2023,5,A3526,MUNGIA - GERNIKA LUMO - IBARRANGELU,4145.0,3120.0,558.0,24.0,62.0,200.0,0.0,4.0,32.0,2023-05-01,0,1
2023,6,A3526,MUNGIA - GERNIKA LUMO - IBARRANGELU,11000.0,8195.0,1408.0,19.0,80.0,598.0,0.0,101.0,57.0,2023-06-01,0,1
2023,7,A3526,MUNGIA - GERNIKA LUMO - IBARRANGELU,27382.0,19973.0,3642.0,19.0,64.0,1742.0,0.0,587.0,113.0,2023-07-01,0,1
2023,8,A3526,MUNGIA - GERNIKA LUMO - IBARRANGELU,28841.0,20730.0,4367.0,21.0,101.0,1981.0,4.0,461.0,108.0,2023-08-01,0,1
2023,9,A3526,MUNGIA - GERNIKA LUMO - IBARRANGELU,9291.0,6613.0,1439.0,63.0,139.0,611.0,0.0,57.0,34.0,2023-09-01,0,1
2023,10,A3526,MUNGIA - GERNIKA LUMO - IBARRANGELU,4945.0,3614.0,735.0,62.0,104.0,255.0,0.0,12.0,33.0,2023-10-01,0,1
2023,11,A3526,MUNGIA - GERNIKA LUMO - IBARRANGELU,4439.0,3357.0,522.0,71.0,125.0,166.0,0.0,12.0,26.0,2023-11-01,0,1
2023,12,A3526,MUNGIA - GERNIKA LUMO - IBARRANGELU,3975.0,2927.0,517.0,30.0,147.0,181.0,0.0,11.0,26.0,2023-12-01,0,1
2024,1,A3526,MUNGIA - GERNIKA LUMO - IBARRANGELU,4.286,3.008,592.0,48.0,142.0,245.0,0.0,20.0,25.0,2024-01-01,0,1
2024,2,A3526,MUNGIA - GERNIKA LUMO - IBARRANGELU,4481.0,3111.0,705.0,23.0,201.0,162.0,0.0,12.0,18.0,2024-02-01,0,1
2024,3,A3526,MUNGIA - GERNIKA LUMO - IBARRANGELU,4386.0,3061.0,577.0,63.0,175.0,196.0,0.0,12.0,10.0,2024-03-01,0,1
2024,4,A3526,MUNGIA - GERNIKA LUMO - IBARRANGELU,5086.0,3752.0,649.0,66.0,160.0,218.0,0.0,9.0,20.0,2024-04-01,0,1
2024,5,A3526,MUNGIA - GERNIKA LUMO - IBARRANGELU,5068.0,3424.0,764.0,62.0,199.0,304.0,0.0,4.0,20.0,2024-05-01,0,1
2024,6,A3526,MUNGIA - GERNIKA LUMO - IBARRANGELU,11857.0,9038.0,1334.0,24.0,194.0,442.0,0.0,106.0,41.0,2024-06-01,0,1
2024,7,A3526,MUNGIA - GERNIKA LUMO - IBARRANGELU,34924.0,26161.0,4472.0,41.0,267.0,1568.0,9.0,565.0,133.0,2024-07-01,0,1
2024,8,A3526,MUNGIA - GERNIKA LUMO - IBARRANGELU,30792.0,21986.0,4943.0,36.0,183.0,1987.0,2.0,475.0,127.0,2024-08-01,0,1
2024,9,A3526,MUNGIA - GERNIKA LUMO - IBARRANGELU,8351.0,5701.0,1429.0,18.0,237.0,450.0,0.0,42.0,33.0,2024-09-01,0,1
2024,10,A3526,MUNGIA - GERNIKA LUMO - IBARRANGELU,5366.0,3642.0,812.0,24.0,269.0,223.0,0.0,7.0,33.0,2024-10-01,0,1
2024,11,A3526,MUNGIA - GERNIKA LUMO - IBARRANGELU,4744.0,3339.0,666.0,21.0,223.0,150.0,0.0,8.0,30.0,2024-11-01,0,1
2024,12,A3526,MUNGIA - GERNIKA LUMO - IBARRANGELU,3870.0,2739.0,585.0,7.0,125.0,146.0,0.0,9.0,26.0,2024-12-01,0,1
2025,1,A3526,MUNGIA - GERNIKA LUMO - IBARRANGELU,3780.0,2579.0,592.0,9.0,138.0,165.0,0.0,14.0,29.0,2025-01-01,0,1
2025,2,A3526,MUNGIA - GERNIKA LUMO - IBARRANGELU,4883.0,3270.0,837.0,12.0,203.0,140.0,0.0,10.0,21.0,2025-02-01,0,1
2025,3,A3526,MUNGIA - GERNIKA LUMO - IBARRANGELU,4616.0,3004.0,739.0,14.0,185.0,180.0,0.0,15.0,17.0,2025-03-01,0,1
2025,4,A3526,MUNGIA - GERNIKA LUMO - IBARRANGELU,5374.0,3684.0,745.0,25.0,207.0,213.0,0.0,31.0,24.0,2025-04-01,0,1
2025,5,A3526,MUNGIA - GERNIKA LUMO - IBARRANGELU,5620.0,3680.0,900.0,13.0,309.0,180.0,0.0,23.0,24.0,2025-05-01,0,1
2025,6,A3526,MUNGIA - GERNIKA LUMO - IBARRANGELU,18493.0,13973.0,2303.0,33.0,137.0,573.0,1.0,170.0,56.0,2025-06-01,0,1
2025,7,A3526,MUNGIA - GERNIKA LUMO - IBARRANGELU,29206.0,21446.0,4657.0,57.0,138.0,1111.0,3.0,452.0,93.0,2025-07-01,0,1
2025,8,A3526,MUNGIA - GERNIKA LUMO - IBARRANGELU,32935.0,23817.0,5560.0,21.0,92.0,1665.0,0.0,510.0,120.0,2025-08-01,0,1
2025,9,A3526,MUNGIA - GERNIKA LUMO - IBARRANGELU,9299.0,6512.0,1534.0,38.0,167.0,353.0,0.0,114.0,36.0,2025-09-01,0,1
2025,10,A3526,MUNGIA - GERNIKA LUMO - IBARRANGELU,5598.0,3722.0,997.0,22.0,210.0,123.0,0.0,42.0,39.0,2025-10-01,0,1
2025,11,A3526,MUNGIA - GERNIKA LUMO - IBARRANGELU,4249.0,2817.0,661.0,22.0,166.0,96.0,0.0,22.0,28.0,2025-11-01,0,1
2025,12,A3526,MUNGIA - GERNIKA LUMO - IBARRANGELU,3800.0,2447.0,693.0,19.0,143.0,82.0,0.0,8.0,34.0,2025-12-01,0,1
2020,1,A3530,MUNGIA - MEÃAKA - ARRIETA,232.0,125.0,51.0,10.0,6.0,20.0,0.0,0.0,4.0,2020-01-01,1,0
2020,2,A3530,MUNGIA - MEÃAKA - ARRIETA,257.0,112.0,72.0,23.0,8.0,23.0,0.0,0.0,1.0,2020-02-01,1,0
2020,3,A3530,MUNGIA - MEÃAKA - ARRIETA,103.0,62.0,23.0,5.0,4.0,9.0,0.0,0.0,0.0,2020-03-01,1,0
2020,4,A3530,MUNGIA - MEÃAKA - ARRIETA,0.0,,,,,,,,,2020-04-01,1,0
2020,5,A3530,MUNGIA - MEÃAKA - ARRIETA,100.0,67.0,30.0,,,0.0,0.0,2.0,0.0,2020-05-01,1,0
2020,6,A3530,MUNGIA - MEÃAKA - ARRIETA,351.0,261.0,73.0,,2.0,0.0,0.0,0.0,0.0,2020-06-01,1,0
2020,7,A3530,MUNGIA - MEÃAKA - ARRIETA,358.0,261.0,74.0,1.0,6.0,0.0,0.0,0.0,1.0,2020-07-01,1,0
2020,8,A3530,MUNGIA - MEÃAKA - ARRIETA,266.0,216.0,39.0,,2.0,0.0,0.0,0.0,0.0,2020-08-01,1,0
2020,9,A3530,MUNGIA - MEÃAKA - ARRIETA,296.0,214.0,51.0,6.0,4.0,,,1.0,,2020-09-01,1,0
2020,10,A3530,MUNGIA - MEÃAKA - ARRIETA,211.0,157.0,32.0,13.0,5.0,,,,0.0,2020-10-01,1,0
2020,11,A3530,MUNGIA - MEÃAKA - ARRIETA,127.0,83.0,29.0,9.0,4.0,,,,1.0,2020-11-01,1,0
2020,12,A3530,MUNGIA - MEÃAKA - ARRIETA,164.0,114.0,26.0,15.0,2.0,3.0,0.0,0.0,1.0,2020-12-01,1,0
2021,1,A3530,MUNGIA - MEÃAKA - ARRIETA,106.0,72.0,12.0,7.0,2.0,3.0,0.0,0.0,3.0,2021-01-01,1,0
2021,2,A3530,MUNGIA - MEÃAKA - ARRIETA,177.0,142.0,15.0,3.0,2.0,7.0,0.0,0.0,1.0,2021-02-01,1,0
2021,3,A3530,MUNGIA - MEÃAKA - ARRIETA,164.0,117.0,30.0,4.0,3.0,4.0,0.0,0.0,0.0,2021-03-01,1,0
2021,4,A3530,MUNGIA - MEÃAKA - ARRIETA,195.0,133.0,31.0,7.0,3.0,12.0,,,0.0,2021-04-01,1,0
2021,5,A3530,MUNGIA - MEÃAKA - ARRIETA,225.0,146.0,45.0,3.0,2.0,21.0,0.0,0.0,0.0,2021-05-01,1,0
2021,6,A3530,MUNGIA - MEÃAKA - ARRIETA,313.0,206.0,58.0,2.0,1.0,31.0,0.0,0.0,1.0,2021-06-01,1,0
2021,7,A3530,MUNGIA - MEÃAKA - ARRIETA,447.0,302.0,76.0,9.0,1.0,42.0,,,0.0,2021-07-01,1,0
2021,8,A3530,MUNGIA - MEÃAKA - ARRIETA,393.0,255.0,76.0,2.0,1.0,39.0,,2.0,1.0,2021-08-01,1,0
2021,9,A3530,MUNGIA - MEÃAKA - ARRIETA,336.0,187.0,83.0,10.0,,43.0,,,3.0,2021-09-01,1,0
2021,10,A3530,MUNGIA - MEÃAKA - ARRIETA,259.0,146.0,64.0,7.0,9.0,28.0,,0.0,0.0,2021-10-01,1,0
2021,11,A3530,MUNGIA - MEÃAKA - ARRIETA,207.0,103.0,45.0,9.0,3.0,38.0,0.0,0.0,6.0,2021-11-01,1,0
2021,12,A3530,MUNGIA - MEÃAKA - ARRIETA,218.0,119.0,33.0,9.0,2.0,41.0,,1.0,4.0,2021-12-01,1,0
2022,1,A3530,MUNGIA - MEÃAKA - ARRIETA,159.0,96.0,34.0,2.0,,21.0,,2.0,2.0,2022-01-01,0,0
2022,2,A3530,MUNGIA - MEÃAKA - ARRIETA,205.0,117.0,37.0,14.0,2.0,31.0,,1.0,0.0,2022-02-01,0,0
2022,3,A3530,MUNGIA - MEÃAKA - ARRIETA,250.0,150.0,43.0,8.0,2.0,24.0,0.0,0.0,11.0,2022-03-01,0,0
2022,4,A3530,MUNGIA - MEÃAKA - ARRIETA,295.0,165.0,65.0,7.0,2.0,30.0,,0.0,4.0,2022-04-01,0,0
2022,5,A3530,MUNGIA - MEÃAKA - ARRIETA,404.0,234.0,106.0,9.0,3.0,31.0,,2.0,2.0,2022-05-01,0,0
2022,6,A3530,MUNGIA - MEÃAKA - ARRIETA,551.0,365.0,112.0,9.0,,30.0,,9.0,2.0,2022-06-01,0,0
2022,7,A3530,MUNGIA - MEÃAKA - ARRIETA,600.0,407.0,100.0,8.0,2.0,44.0,,7.0,1.0,2022-07-01,0,0
2022,8,A3530,MUNGIA - MEÃAKA - ARRIETA,524.0,330.0,121.0,1.0,1.0,51.0,0.0,0.0,2.0,2022-08-01,0,0
2022,9,A3530,MUNGIA - MEÃAKA - ARRIETA,497.0,308.0,116.0,1.0,10.0,30.0,,,11.0,2022-09-01,0,1
2022,10,A3530,MUNGIA - MEÃAKA - ARRIETA,413.0,214.0,125.0,8.0,8.0,18.0,,2.0,18.0,2022-10-01,0,1
2022,11,A3530,MUNGIA - MEÃAKA - ARRIETA,352.0,202.0,95.0,1.0,13.0,21.0,,1.0,12.0,2022-11-01,0,1
2022,12,A3530,MUNGIA - MEÃAKA - ARRIETA,260.0,134.0,73.0,2.0,12.0,17.0,,1.0,10.0,2022-12-01,0,1
2023,1,A3530,MUNGIA - MEÃAKA - ARRIETA,326.0,205.0,61.0,1.0,13.0,13.0,,0.0,13.0,2023-01-01,0,1
2023,2,A3530,MUNGIA - MEÃAKA - ARRIETA,348.0,238.0,62.0,1.0,9.0,5.0,,4.0,12.0,2023-02-01,0,1
2023,3,A3530,MUNGIA - MEÃAKA - ARRIETA,385.0,251.0,70.0,2.0,8.0,13.0,,,21.0,2023-03-01,0,1
2023,4,A3530,MUNGIA - MEÃAKA - ARRIETA,280.0,177.0,67.0,,3.0,6.0,,,12.0,2023-04-01,0,1
2023,5,A3530,MUNGIA - MEÃAKA - ARRIETA,394.0,236.0,95.0,,23.0,20.0,,,,2023-05-01,0,1
2023,6,A3530,MUNGIA - MEÃAKA - ARRIETA,443.0,296.0,108.0,0.0,4.0,9.0,,1.0,3.0,2023-06-01,0,1
2023,7,A3530,MUNGIA - MEÃAKA - ARRIETA,472.0,304.0,121.0,2.0,1.0,18.0,,,2.0,2023-07-01,0,1
2023,8,A3530,MUNGIA - MEÃAKA - ARRIETA,386.0,282.0,75.0,6.0,1.0,12.0,0.0,1.0,1.0,2023-08-01,0,1
2023,9,A3530,MUNGIA - MEÃAKA - ARRIETA,383.0,268.0,73.0,0.0,3.0,10.0,0.0,0.0,3.0,2023-09-01,0,1
2023,10,A3530,MUNGIA - MEÃAKA - ARRIETA,413.0,288.0,66.0,1.0,1.0,18.0,0.0,1.0,6.0,2023-10-01,0,1
2023,11,A3530,MUNGIA - MEÃAKA - ARRIETA,400.0,328.0,42.0,1.0,2.0,6.0,0.0,0.0,6.0,2023-11-01,0,1
2023,12,A3530,MUNGIA - MEÃAKA - ARRIETA,321.0,234.0,44.0,,3.0,17.0,0.0,0.0,0.0,2023-12-01,0,1
2024,1,A3530,MUNGIA - MEÃAKA - ARRIETA,284.0,204.0,41.0,4.0,1.0,12.0,,,2.0,2024-01-01,0,1
2024,2,A3530,MUNGIA - MEÃAKA - ARRIETA,361.0,240.0,61.0,1.0,3.0,14.0,,,3.0,2024-02-01,0,1
2024,3,A3530,MUNGIA - MEÃAKA - ARRIETA,327.0,215.0,47.0,,,15.0,,,0.0,2024-03-01,0,1
2024,4,A3530,MUNGIA - MEÃAKA - ARRIETA,416.0,272.0,62.0,9.0,0.0,13.0,0.0,0.0,0.0,2024-04-01,0,1
2024,5,A3530,MUNGIA - MEÃAKA - ARRIETA,496.0,324.0,81.0,10.0,0.0,24.0,0.0,0.0,1.0,2024-05-01,0,1
2024,6,A3530,MUNGIA - MEÃAKA - ARRIETA,568.0,398.0,60.0,9.0,0.0,39.0,0.0,0.0,1.0,2024-06-01,0,1
2024,7,A3530,MUNGIA - MEÃAKA - ARRIETA,529.0,365.0,71.0,2.0,0.0,40.0,0.0,0.0,5.0,2024-07-01,0,1
2024,8,A3530,MUNGIA - MEÃAKA - ARRIETA,501.0,336.0,79.0,0.0,0.0,37.0,0.0,0.0,1.0,2024-08-01,0,1
2024,9,A3530,MUNGIA - MEÃAKA - ARRIETA,595.0,394.0,109.0,0.0,7.0,54.0,0.0,0.0,1.0,2024-09-01,0,1
2024,10,A3530,MUNGIA - MEÃAKA - ARRIETA,534.0,342.0,114.0,2.0,3.0,38.0,0.0,0.0,3.0,2024-10-01,0,1
2024,11,A3530,MUNGIA - MEÃAKA - ARRIETA,539.0,333.0,120.0,3.0,3.0,41.0,0.0,0.0,3.0,2024-11-01,0,1
2024,12,A3530,MUNGIA - MEÃAKA - ARRIETA,530.0,350.0,109.0,0.0,3.0,35.0,0.0,0.0,3.0,2024-12-01,0,1
2025,1,A3530,MUNGIA - MEÃAKA - ARRIETA,603.0,392.0,140.0,0.0,2.0,38.0,0.0,3.0,1.0,2025-01-01,0,1
2025,2,A3530,MUNGIA - MEÃAKA - ARRIETA,674.0,412.0,165.0,2.0,3.0,57.0,0.0,1.0,3.0,2025-02-01,0,1
2025,3,A3530,MUNGIA - MEÃAKA - ARRIETA,764.0,462.0,196.0,2.0,4.0,58.0,0.0,0.0,4.0,2025-03-01,0,1
2025,4,A3530,MUNGIA - MEÃAKA - ARRIETA,561.0,358.0,138.0,3.0,1.0,44.0,0.0,2.0,0.0,2025-04-01,0,1
2025,5,A3530,MUNGIA - MEÃAKA - ARRIETA,882.0,535.0,232.0,4.0,6.0,37.0,0.0,2.0,2.0,2025-05-01,0,1
2025,6,A3530,MUNGIA - MEÃAKA - ARRIETA,892.0,565.0,209.0,5.0,4.0,36.0,0.0,0.0,12.0,2025-06-01,0,1
2025,7,A3530,MUNGIA - MEÃAKA - ARRIETA,934.0,613.0,197.0,2.0,2.0,59.0,0.0,3.0,2.0,2025-07-01,0,1
2025,8,A3530,MUNGIA - MEÃAKA - ARRIETA,692.0,421.0,175.0,2.0,1.0,53.0,0.0,6.0,0.0,2025-08-01,0,1
2025,9,A3530,MUNGIA - MEÃAKA - ARRIETA,805.0,524.0,180.0,14.0,5.0,52.0,0.0,8.0,1.0,2025-09-01,0,1
2025,10,A3530,MUNGIA - MEÃAKA - ARRIETA,845.0,577.0,179.0,14.0,2.0,52.0,0.0,5.0,1.0,2025-10-01,0,1
2025,11,A3530,MUNGIA - MEÃAKA - ARRIETA,624.0,480.0,89.0,1.0,14.0,27.0,0.0,1.0,2.0,2025-11-01,0,1
2025,12,A3530,MUNGIA - MEÃAKA - ARRIETA,666.0,516.0,92.0,4.0,18.0,15.0,0.0,0.0,1.0,2025-12-01,0,1
2024,1,A3522,MUNGIA-DERIO-Gurutzeta/Cruces,13450.0,9230.0,1687.0,317.0,456.0,375.0,1.0,167.0,131.0,2024-01-01,0,1
2024,2,A3522,MUNGIA-DERIO-Gurutzeta/Cruces,13961.0,9504.0,1809.0,411.0,451.0,352.0,1.0,179.0,133.0,2024-02-01,0,1
2024,3,A3522,MUNGIA-DERIO-Gurutzeta/Cruces,12899.0,8539.0,1710.0,344.0,541.0,268.0,1.0,183.0,121.0,2024-03-01,0,1
2024,4,A3522,MUNGIA-DERIO-Gurutzeta/Cruces,14319.0,9444.0,1775.0,402.0,685.0,278.0,0.0,163.0,130.0,2024-04-01,0,1
2024,5,A3522,MUNGIA-DERIO-Gurutzeta/Cruces,15386.0,9728.0,2054.0,363.0,809.0,299.0,0.0,171.0,110.0,2024-05-01,0,1
2024,6,A3522,MUNGIA-DERIO-Gurutzeta/Cruces,14023.0,9274.0,1775.0,170.0,569.0,343.0,0.0,157.0,104.0,2024-06-01,0,1
2024,7,A3522,MUNGIA-DERIO-Gurutzeta/Cruces,13283.0,8668.0,1760.0,121.0,567.0,342.0,1.0,187.0,93.0,2024-07-01,0,1
2024,8,A3522,MUNGIA-DERIO-Gurutzeta/Cruces,15988.0,6926.0,1274.0,597.0,2107.0,242.0,2.0,108.0,84.0,2024-08-01,0,1
2024,9,A3522,MUNGIA-DERIO-Gurutzeta/Cruces,14350.0,8927.0,1856.0,352.0,818.0,343.0,0.0,153.0,133.0,2024-09-01,0,1
2024,10,A3522,MUNGIA-DERIO-Gurutzeta/Cruces,13690.0,8321.0,1778.0,320.0,894.0,307.0,0.0,118.0,120.0,2024-10-01,0,1
2024,11,A3522,MUNGIA-DERIO-Gurutzeta/Cruces,14774.0,8840.0,1954.0,345.0,1035.0,329.0,0.0,121.0,141.0,2024-11-01,0,1
2024,12,A3522,MUNGIA-DERIO-Gurutzeta/Cruces,12606.0,7802.0,1601.0,294.0,753.0,285.0,0.0,114.0,98.0,2024-12-01,0,1
2025,1,A3522,MUNGIA-DERIO-Gurutzeta/Cruces,14423.0,8501.0,2193.0,354.0,818.0,288.0,0.0,133.0,110.0,2025-01-01,0,1
2025,2,A3522,MUNGIA-DERIO-Gurutzeta/Cruces,15019.0,8708.0,2086.0,484.0,847.0,361.0,0.0,113.0,159.0,2025-02-01,0,1
2025,3,A3522,MUNGIA-DERIO-Gurutzeta/Cruces,15818.0,9318.0,2283.0,404.0,820.0,294.0,1.0,97.0,145.0,2025-03-01,0,1
2025,4,A3522,MUNGIA-DERIO-Gurutzeta/Cruces,13613.0,8015.0,1910.0,325.0,685.0,229.0,0.0,113.0,120.0,2025-04-01,0,1
2025,5,A3522,MUNGIA-DERIO-Gurutzeta/Cruces,16328.0,9858.0,2313.0,431.0,723.0,279.0,0.0,106.0,129.0,2025-05-01,0,1
2025,6,A3522,MUNGIA-DERIO-Gurutzeta/Cruces,15828.0,9781.0,2152.0,296.0,625.0,317.0,0.0,149.0,106.0,2025-06-01,0,1
2025,7,A3522,MUNGIA-DERIO-Gurutzeta/Cruces,13836.0,8594.0,1843.0,170.0,561.0,288.0,0.0,132.0,150.0,2025-07-01,0,1
2025,8,A3522,MUNGIA-DERIO-Gurutzeta/Cruces,10741.0,6687.0,1327.0,186.0,393.0,235.0,0.0,134.0,95.0,2025-08-01,0,1
2025,9,A3522,MUNGIA-DERIO-Gurutzeta/Cruces,16032.0,9631.0,1976.0,387.0,748.0,270.0,0.0,120.0,177.0,2025-09-01,0,1
2025,10,A3522,MUNGIA-DERIO-Gurutzeta/Cruces,16925.0,9892.0,2209.0,411.0,871.0,305.0,0.0,106.0,155.0,2025-10-01,0,1
2025,11,A3522,MUNGIA-DERIO-Gurutzeta/Cruces,15222.0,8726.0,2081.0,443.0,896.0,237.0,0.0,117.0,158.0,2025-11-01,0,1
2025,12,A3522,MUNGIA-DERIO-Gurutzeta/Cruces,13871.0,8278.0,1816.0,340.0,678.0,257.0,0.0,154.0,126.0,2025-12-01,0,1
2020,1,A3922,MUNITIBAR ARBATZEGI GERRIKAITZ - ZIORTZA BOLIBAR - MARKINA XEMEIN - ETXEBARRIA,283.0,179.0,89.0,,,15.0,0.0,0.0,0.0,2020-01-01,1,0
2020,2,A3922,MUNITIBAR ARBATZEGI GERRIKAITZ - ZIORTZA BOLIBAR - MARKINA XEMEIN - ETXEBARRIA,216.0,143.0,64.0,1.0,,8.0,0.0,0.0,0.0,2020-02-01,1,0
2020,3,A3922,MUNITIBAR ARBATZEGI GERRIKAITZ - ZIORTZA BOLIBAR - MARKINA XEMEIN - ETXEBARRIA,98.0,67.0,28.0,,,3.0,0.0,0.0,0.0,2020-03-01,1,0
2020,4,A3922,MUNITIBAR ARBATZEGI GERRIKAITZ - ZIORTZA BOLIBAR - MARKINA XEMEIN - ETXEBARRIA,4.0,3.0,1.0,,,0.0,0.0,0.0,0.0,2020-04-01,1,0
2020,5,A3922,MUNITIBAR ARBATZEGI GERRIKAITZ - ZIORTZA BOLIBAR - MARKINA XEMEIN - ETXEBARRIA,85.0,61.0,24.0,,,0.0,0.0,0.0,0.0,2020-05-01,1,0
2020,6,A3922,MUNITIBAR ARBATZEGI GERRIKAITZ - ZIORTZA BOLIBAR - MARKINA XEMEIN - ETXEBARRIA,149.0,112.0,37.0,,,0.0,0.0,0.0,0.0,2020-06-01,1,0
2020,7,A3922,MUNITIBAR ARBATZEGI GERRIKAITZ - ZIORTZA BOLIBAR - MARKINA XEMEIN - ETXEBARRIA,229.0,179.0,46.0,,,0.0,0.0,0.0,0.0,2020-07-01,1,0
2020,8,A3922,MUNITIBAR ARBATZEGI GERRIKAITZ - ZIORTZA BOLIBAR - MARKINA XEMEIN - ETXEBARRIA,198.0,159.0,39.0,,,0.0,0.0,0.0,0.0,2020-08-01,1,0
2020,9,A3922,MUNITIBAR ARBATZEGI GERRIKAITZ - ZIORTZA BOLIBAR - MARKINA XEMEIN - ETXEBARRIA,227.0,191.0,36.0,,,0.0,0.0,0.0,0.0,2020-09-01,1,0
2020,10,A3922,MUNITIBAR ARBATZEGI GERRIKAITZ - ZIORTZA BOLIBAR - MARKINA XEMEIN - ETXEBARRIA,221.0,188.0,33.0,,,0.0,0.0,0.0,0.0,2020-10-01,1,0
2020,11,A3922,MUNITIBAR ARBATZEGI GERRIKAITZ - ZIORTZA BOLIBAR - MARKINA XEMEIN - ETXEBARRIA,217.0,201.0,16.0,,,0.0,0.0,0.0,0.0,2020-11-01,1,0
2020,12,A3922,MUNITIBAR ARBATZEGI GERRIKAITZ - ZIORTZA BOLIBAR - MARKINA XEMEIN - ETXEBARRIA,181.0,155.0,26.0,,,0.0,0.0,0.0,0.0,2020-12-01,1,0
2021,1,A3922,MUNITIBAR ARBATZEGI GERRIKAITZ - ZIORTZA BOLIBAR - MARKINA XEMEIN - ETXEBARRIA,152.0,144.0,5.0,,,3.0,0.0,0.0,0.0,2021-01-01,1,0
2021,2,A3922,MUNITIBAR ARBATZEGI GERRIKAITZ - ZIORTZA BOLIBAR - MARKINA XEMEIN - ETXEBARRIA,152.0,129.0,20.0,,,1.0,0.0,0.0,0.0,2021-02-01,1,0
2021,3,A3922,MUNITIBAR ARBATZEGI GERRIKAITZ - ZIORTZA BOLIBAR - MARKINA XEMEIN - ETXEBARRIA,149.0,126.0,22.0,1.0,,0.0,0.0,0.0,0.0,2021-03-01,1,0
2021,4,A3922,MUNITIBAR ARBATZEGI GERRIKAITZ - ZIORTZA BOLIBAR - MARKINA XEMEIN - ETXEBARRIA,160.0,123.0,30.0,,,7.0,0.0,0.0,0.0,2021-04-01,1,0
2021,5,A3922,MUNITIBAR ARBATZEGI GERRIKAITZ - ZIORTZA BOLIBAR - MARKINA XEMEIN - ETXEBARRIA,271.0,233.0,20.0,,,18.0,0.0,0.0,0.0,2021-05-01,1,0
2021,6,A3922,MUNITIBAR ARBATZEGI GERRIKAITZ - ZIORTZA BOLIBAR - MARKINA XEMEIN - ETXEBARRIA,248.0,198.0,28.0,,,19.0,0.0,0.0,0.0,2021-06-01,1,0
2021,7,A3922,MUNITIBAR ARBATZEGI GERRIKAITZ - ZIORTZA BOLIBAR - MARKINA XEMEIN - ETXEBARRIA,82.0,51.0,6.0,,,25.0,0.0,0.0,0.0,2021-07-01,1,0
2021,8,A3922,MUNITIBAR ARBATZEGI GERRIKAITZ - ZIORTZA BOLIBAR - MARKINA XEMEIN - ETXEBARRIA,273.0,134.0,49.0,,,87.0,0.0,0.0,0.0,2021-08-01,1,0
2021,9,A3922,MUNITIBAR ARBATZEGI GERRIKAITZ - ZIORTZA BOLIBAR - MARKINA XEMEIN - ETXEBARRIA,193.0,100.0,52.0,,,40.0,0.0,0.0,0.0,2021-09-01,1,0
2021,10,A3922,MUNITIBAR ARBATZEGI GERRIKAITZ - ZIORTZA BOLIBAR - MARKINA XEMEIN - ETXEBARRIA,425.0,331.0,68.0,,,23.0,0.0,0.0,0.0,2021-10-01,1,0
2021,11,A3922,MUNITIBAR ARBATZEGI GERRIKAITZ - ZIORTZA BOLIBAR - MARKINA XEMEIN - ETXEBARRIA,3167.0,249.0,38.0,1911.0,574.0,8.0,0.0,0.0,0.0,2021-11-01,1,0
2021,12,A3922,MUNITIBAR ARBATZEGI GERRIKAITZ - ZIORTZA BOLIBAR - MARKINA XEMEIN - ETXEBARRIA,245.0,194.0,44.0,,,5.0,0.0,0.0,0.0,2021-12-01,1,0
2022,1,A3922,MUNITIBAR ARBATZEGI GERRIKAITZ - ZIORTZA BOLIBAR - MARKINA XEMEIN - ETXEBARRIA,235.0,183.0,39.0,1.0,,8.0,0.0,0.0,0.0,2022-01-01,0,0
2022,2,A3922,MUNITIBAR ARBATZEGI GERRIKAITZ - ZIORTZA BOLIBAR - MARKINA XEMEIN - ETXEBARRIA,302.0,227.0,56.0,,,12.0,0.0,0.0,0.0,2022-02-01,0,0
2022,3,A3922,MUNITIBAR ARBATZEGI GERRIKAITZ - ZIORTZA BOLIBAR - MARKINA XEMEIN - ETXEBARRIA,374.0,264.0,71.0,,,27.0,0.0,0.0,0.0,2022-03-01,0,0
2022,4,A3922,MUNITIBAR ARBATZEGI GERRIKAITZ - ZIORTZA BOLIBAR - MARKINA XEMEIN - ETXEBARRIA,268.0,197.0,44.0,2.0,,19.0,0.0,0.0,0.0,2022-04-01,0,0
2022,5,A3922,MUNITIBAR ARBATZEGI GERRIKAITZ - ZIORTZA BOLIBAR - MARKINA XEMEIN - ETXEBARRIA,317.0,203.0,55.0,3.0,,48.0,0.0,0.0,0.0,2022-05-01,0,0
2022,6,A3922,MUNITIBAR ARBATZEGI GERRIKAITZ - ZIORTZA BOLIBAR - MARKINA XEMEIN - ETXEBARRIA,315.0,203.0,56.0,,,33.0,0.0,0.0,0.0,2022-06-01,0,0
2022,7,A3922,MUNITIBAR ARBATZEGI GERRIKAITZ - ZIORTZA BOLIBAR - MARKINA XEMEIN - ETXEBARRIA,253.0,169.0,25.0,,,32.0,0.0,0.0,0.0,2022-07-01,0,0
2022,8,A3922,MUNITIBAR ARBATZEGI GERRIKAITZ - ZIORTZA BOLIBAR - MARKINA XEMEIN - ETXEBARRIA,265.0,160.0,41.0,,,49.0,0.0,0.0,0.0,2022-08-01,0,0
2022,9,A3922,MUNITIBAR ARBATZEGI GERRIKAITZ - ZIORTZA BOLIBAR - MARKINA XEMEIN - ETXEBARRIA,358.0,267.0,52.0,,,26.0,0.0,0.0,0.0,2022-09-01,0,1
2022,10,A3922,MUNITIBAR ARBATZEGI GERRIKAITZ - ZIORTZA BOLIBAR - MARKINA XEMEIN - ETXEBARRIA,348.0,285.0,42.0,1.0,7.0,4.0,0.0,0.0,0.0,2022-10-01,0,1
2022,11,A3922,MUNITIBAR ARBATZEGI GERRIKAITZ - ZIORTZA BOLIBAR - MARKINA XEMEIN - ETXEBARRIA,297.0,255.0,16.0,,25.0,0.0,0.0,0.0,0.0,2022-11-01,0,1
2022,12,A3922,MUNITIBAR ARBATZEGI GERRIKAITZ - ZIORTZA BOLIBAR - MARKINA XEMEIN - ETXEBARRIA,275.0,220.0,23.0,,25.0,5.0,0.0,0.0,0.0,2022-12-01,0,1
2023,1,A3922,MUNITIBAR ARBATZEGI GERRIKAITZ - ZIORTZA BOLIBAR - MARKINA XEMEIN - ETXEBARRIA,269.0,218.0,16.0,2.0,28.0,5.0,0.0,0.0,0.0,2023-01-01,0,1
2023,2,A3922,MUNITIBAR ARBATZEGI GERRIKAITZ - ZIORTZA BOLIBAR - MARKINA XEMEIN - ETXEBARRIA,252.0,208.0,17.0,1.0,18.0,8.0,0.0,0.0,0.0,2023-02-01,0,1
2023,3,A3922,MUNITIBAR ARBATZEGI GERRIKAITZ - ZIORTZA BOLIBAR - MARKINA XEMEIN - ETXEBARRIA,332.0,248.0,22.0,1.0,38.0,23.0,0.0,0.0,0.0,2023-03-01,0,1
2023,4,A3922,MUNITIBAR ARBATZEGI GERRIKAITZ - ZIORTZA BOLIBAR - MARKINA XEMEIN - ETXEBARRIA,278.0,195.0,27.0,,27.0,29.0,0.0,0.0,0.0,2023-04-01,0,1
2023,5,A3922,MUNITIBAR ARBATZEGI GERRIKAITZ - ZIORTZA BOLIBAR - MARKINA XEMEIN - ETXEBARRIA,347.0,244.0,33.0,1.0,21.0,48.0,0.0,0.0,0.0,2023-05-01,0,1
2023,6,A3922,MUNITIBAR ARBATZEGI GERRIKAITZ - ZIORTZA BOLIBAR - MARKINA XEMEIN - ETXEBARRIA,322.0,204.0,54.0,,6.0,58.0,0.0,0.0,0.0,2023-06-01,0,1
2023,7,A3922,MUNITIBAR ARBATZEGI GERRIKAITZ - ZIORTZA BOLIBAR - MARKINA XEMEIN - ETXEBARRIA,313.0,231.0,24.0,,,56.0,0.0,0.0,0.0,2023-07-01,0,1
2023,8,A3922,MUNITIBAR ARBATZEGI GERRIKAITZ - ZIORTZA BOLIBAR - MARKINA XEMEIN - ETXEBARRIA,287.0,226.0,26.0,,,35.0,0.0,0.0,0.0,2023-08-01,0,1
2023,9,A3922,MUNITIBAR ARBATZEGI GERRIKAITZ - ZIORTZA BOLIBAR - MARKINA XEMEIN - ETXEBARRIA,359.0,265.0,27.0,,24.0,36.0,0.0,0.0,0.0,2023-09-01,0,1
2023,10,A3922,MUNITIBAR ARBATZEGI GERRIKAITZ - ZIORTZA BOLIBAR - MARKINA XEMEIN - ETXEBARRIA,468.0,342.0,88.0,,21.0,13.0,0.0,0.0,0.0,2023-10-01,0,1
2023,11,A3922,MUNITIBAR ARBATZEGI GERRIKAITZ - ZIORTZA BOLIBAR - MARKINA XEMEIN - ETXEBARRIA,508.0,396.0,85.0,,18.0,9.0,0.0,0.0,0.0,2023-11-01,0,1
2023,12,A3922,MUNITIBAR ARBATZEGI GERRIKAITZ - ZIORTZA BOLIBAR - MARKINA XEMEIN - ETXEBARRIA,312.0,233.0,57.0,,17.0,3.0,0.0,0.0,0.0,2023-12-01,0,1
2024,1,A3922,MUNITIBAR ARBATZEGI GERRIKAITZ - ZIORTZA BOLIBAR - MARKINA XEMEIN - ETXEBARRIA,382.0,314.0,59.0,,7.0,1.0,0.0,0.0,0.0,2024-01-01,0,1
2024,2,A3922,MUNITIBAR ARBATZEGI GERRIKAITZ - ZIORTZA BOLIBAR - MARKINA XEMEIN - ETXEBARRIA,444.0,365.0,58.0,,20.0,0.0,0.0,0.0,0.0,2024-02-01,0,1
2024,3,A3922,MUNITIBAR ARBATZEGI GERRIKAITZ - ZIORTZA BOLIBAR - MARKINA XEMEIN - ETXEBARRIA,316.0,254.0,42.0,,8.0,5.0,0.0,0.0,0.0,2024-03-01,0,1
2024,4,A3922,MUNITIBAR ARBATZEGI GERRIKAITZ - ZIORTZA BOLIBAR - MARKINA XEMEIN - ETXEBARRIA,428.0,332.0,43.0,12.0,7.0,15.0,0.0,0.0,0.0,2024-04-01,0,1
2024,5,A3922,MUNITIBAR ARBATZEGI GERRIKAITZ - ZIORTZA BOLIBAR - MARKINA XEMEIN - ETXEBARRIA,598.0,424.0,102.0,5.0,8.0,45.0,0.0,0.0,0.0,2024-05-01,0,1
2024,6,A3922,MUNITIBAR ARBATZEGI GERRIKAITZ - ZIORTZA BOLIBAR - MARKINA XEMEIN - ETXEBARRIA,460.0,311.0,117.0,0.0,2.0,30.0,0.0,0.0,0.0,2024-06-01,0,1
2024,7,A3922,MUNITIBAR ARBATZEGI GERRIKAITZ - ZIORTZA BOLIBAR - MARKINA XEMEIN - ETXEBARRIA,2392.0,288.0,96.0,428.0,301.0,19.0,0.0,0.0,0.0,2024-07-01,0,1
2024,8,A3922,MUNITIBAR ARBATZEGI GERRIKAITZ - ZIORTZA BOLIBAR - MARKINA XEMEIN - ETXEBARRIA,348.0,248.0,70.0,0.0,0.0,26.0,0.0,0.0,0.0,2024-08-01,0,1
2024,9,A3922,MUNITIBAR ARBATZEGI GERRIKAITZ - ZIORTZA BOLIBAR - MARKINA XEMEIN - ETXEBARRIA,161.0,117.0,35.0,0.0,4.0,4.0,0.0,0.0,0.0,2024-09-01,0,1
2024,10,A3922,MUNITIBAR ARBATZEGI GERRIKAITZ - ZIORTZA BOLIBAR - MARKINA XEMEIN - ETXEBARRIA,3156.0,388.0,58.0,0.0,15.0,19.0,0.0,0.0,0.0,2024-10-01,0,1
2024,11,A3922,MUNITIBAR ARBATZEGI GERRIKAITZ - ZIORTZA BOLIBAR - MARKINA XEMEIN - ETXEBARRIA,426.0,336.0,64.0,0.0,1.0,6.0,0.0,0.0,0.0,2024-11-01,0,1
2024,12,A3922,MUNITIBAR ARBATZEGI GERRIKAITZ - ZIORTZA BOLIBAR - MARKINA XEMEIN - ETXEBARRIA,415.0,342.0,63.0,0.0,0.0,2.0,0.0,0.0,0.0,2024-12-01,0,1
2025,1,A3922,MUNITIBAR ARBATZEGI GERRIKAITZ - ZIORTZA BOLIBAR - MARKINA XEMEIN - ETXEBARRIA,350.0,295.0,36.0,0.0,0.0,0.0,0.0,0.0,0.0,2025-01-01,0,1
2025,2,A3922,MUNITIBAR ARBATZEGI GERRIKAITZ - ZIORTZA BOLIBAR - MARKINA XEMEIN - ETXEBARRIA,549.0,432.0,91.0,0.0,0.0,2.0,0.0,0.0,0.0,2025-02-01,0,1
2025,3,A3922,MUNITIBAR ARBATZEGI GERRIKAITZ - ZIORTZA BOLIBAR - MARKINA XEMEIN - ETXEBARRIA,342.0,246.0,77.0,0.0,0.0,4.0,0.0,0.0,0.0,2025-03-01,0,1
2025,4,A3922,MUNITIBAR ARBATZEGI GERRIKAITZ - ZIORTZA BOLIBAR - MARKINA XEMEIN - ETXEBARRIA,365.0,274.0,67.0,0.0,0.0,1.0,0.0,0.0,0.0,2025-04-01,0,1
2025,5,A3922,MUNITIBAR ARBATZEGI GERRIKAITZ - ZIORTZA BOLIBAR - MARKINA XEMEIN - ETXEBARRIA,489.0,384.0,82.0,0.0,0.0,1.0,0.0,0.0,0.0,2025-05-01,0,1
2025,6,A3922,MUNITIBAR ARBATZEGI GERRIKAITZ - ZIORTZA BOLIBAR - MARKINA XEMEIN - ETXEBARRIA,507.0,384.0,106.0,0.0,0.0,0.0,0.0,0.0,0.0,2025-06-01,0,1
2025,7,A3922,MUNITIBAR ARBATZEGI GERRIKAITZ - ZIORTZA BOLIBAR - MARKINA XEMEIN - ETXEBARRIA,382.0,291.0,79.0,0.0,0.0,2.0,0.0,0.0,0.0,2025-07-01,0,1
2025,8,A3922,MUNITIBAR ARBATZEGI GERRIKAITZ - ZIORTZA BOLIBAR - MARKINA XEMEIN - ETXEBARRIA,382.0,257.0,81.0,0.0,0.0,27.0,0.0,0.0,0.0,2025-08-01,0,1
2025,9,A3922,MUNITIBAR ARBATZEGI GERRIKAITZ - ZIORTZA BOLIBAR - MARKINA XEMEIN - ETXEBARRIA,341.0,229.0,80.0,0.0,6.0,6.0,0.0,0.0,0.0,2025-09-01,0,1
2025,10,A3922,MUNITIBAR ARBATZEGI GERRIKAITZ - ZIORTZA BOLIBAR - MARKINA XEMEIN - ETXEBARRIA,391.0,300.0,71.0,2.0,1.0,3.0,0.0,0.0,0.0,2025-10-01,0,1
2025,11,A3922,MUNITIBAR ARBATZEGI GERRIKAITZ - ZIORTZA BOLIBAR - MARKINA XEMEIN - ETXEBARRIA,67.0,50.0,12.0,0.0,0.0,1.0,0.0,0.0,0.0,2025-11-01,0,1
2025,12,A3922,MUNITIBAR ARBATZEGI GERRIKAITZ - ZIORTZA BOLIBAR - MARKINA XEMEIN - ETXEBARRIA,0.0,0.0,0.0,0.0,0.0,0.0,0.0,0.0,0.0,2025-12-01,0,1
2020,1,A3338,MUSKIZ - BARAKALDO - Areeta/Las Arenas,55825.0,31269.0,12495.0,2688.0,1530.0,4577.0,32.0,809.0,1133.0,2020-01-01,1,0
2020,2,A3338,MUSKIZ - BARAKALDO - Areeta/Las Arenas,57545.0,32013.0,13137.0,2727.0,1753.0,4510.0,50.0,712.0,1091.0,2020-02-01,1,0
2020,3,A3338,MUSKIZ - BARAKALDO - Areeta/Las Arenas,27542.0,16732.0,5240.0,1351.0,758.0,1907.0,25.0,327.0,494.0,2020-03-01,1,0
2020,4,A3338,MUSKIZ - BARAKALDO - Areeta/Las Arenas,5407.0,4606.0,582.0,44.0,54.0,0.0,0.0,2.0,30.0,2020-04-01,1,0
2020,5,A3338,MUSKIZ - BARAKALDO - Areeta/Las Arenas,18919.0,14532.0,3203.0,154.0,254.0,0.0,0.0,103.0,218.0,2020-05-01,1,0
2020,6,A3338,MUSKIZ - BARAKALDO - Areeta/Las Arenas,37857.0,27024.0,7666.0,496.0,720.0,0.0,0.0,430.0,516.0,2020-06-01,1,0
2020,7,A3338,MUSKIZ - BARAKALDO - Areeta/Las Arenas,43369.0,30355.0,9068.0,734.0,850.0,0.0,0.0,675.0,571.0,2020-07-01,1,0
2020,8,A3338,MUSKIZ - BARAKALDO - Areeta/Las Arenas,33469.0,23166.0,7038.0,514.0,683.0,0.0,0.0,579.0,585.0,2020-08-01,1,0
2020,9,A3338,MUSKIZ - BARAKALDO - Areeta/Las Arenas,48166.0,33013.0,9831.0,1720.0,1095.0,0.0,0.0,522.0,754.0,2020-09-01,1,0
2020,10,A3338,MUSKIZ - BARAKALDO - Areeta/Las Arenas,42895.0,28909.0,7708.0,2796.0,1420.0,0.0,0.0,345.0,627.0,2020-10-01,1,0
2020,11,A3338,MUSKIZ - BARAKALDO - Areeta/Las Arenas,36819.0,25470.0,5530.0,2707.0,1095.0,0.0,0.0,284.0,585.0,2020-11-01,1,0
2020,12,A3338,MUSKIZ - BARAKALDO - Areeta/Las Arenas,36972.0,25320.0,6627.0,1777.0,1076.0,150.0,0.0,280.0,612.0,2020-12-01,1,0
2021,1,A3338,MUSKIZ - BARAKALDO - Areeta/Las Arenas,36689.0,24532.0,5751.0,2133.0,1069.0,905.0,0.0,357.0,825.0,2021-01-01,1,0
2021,2,A3338,MUSKIZ - BARAKALDO - Areeta/Las Arenas,37589.0,25262.0,5343.0,2397.0,1175.0,1112.0,3.0,319.0,897.0,2021-02-01,1,0
2021,3,A3338,MUSKIZ - BARAKALDO - Areeta/Las Arenas,48796.0,31353.0,8514.0,2868.0,1328.0,1829.0,3.0,466.0,1131.0,2021-03-01,1,0
2021,4,A3338,MUSKIZ - BARAKALDO - Areeta/Las Arenas,44904.0,28212.0,8442.0,2440.0,1245.0,1912.0,3.0,537.0,909.0,2021-04-01,1,0
2021,5,A3338,MUSKIZ - BARAKALDO - Areeta/Las Arenas,51875.0,31891.0,10835.0,2718.0,1444.0,2091.0,8.0,525.0,1012.0,2021-05-01,1,0
2021,6,A3338,MUSKIZ - BARAKALDO - Areeta/Las Arenas,50537.0,32424.0,9830.0,1754.0,931.0,2563.0,10.0,741.0,1031.0,2021-06-01,1,0
2021,7,A3338,MUSKIZ - BARAKALDO - Areeta/Las Arenas,46427.0,30031.0,9285.0,860.0,812.0,2702.0,13.0,830.0,798.0,2021-07-01,1,0
2021,8,A3338,MUSKIZ - BARAKALDO - Areeta/Las Arenas,38915.0,24105.0,8348.0,508.0,572.0,2826.0,9.0,820.0,767.0,2021-08-01,1,0
2021,9,A3338,MUSKIZ - BARAKALDO - Areeta/Las Arenas,54767.0,33247.0,10550.0,2739.0,1540.0,3285.0,18.0,793.0,952.0,2021-09-01,1,0
2021,10,A3338,MUSKIZ - BARAKALDO - Areeta/Las Arenas,52819.0,30856.0,10353.0,3279.0,1990.0,2993.0,34.0,666.0,944.0,2021-10-01,1,0
2021,11,A3338,MUSKIZ - BARAKALDO - Areeta/Las Arenas,50055.0,29423.0,9553.0,3443.0,2057.0,2597.0,18.0,526.0,842.0,2021-11-01,1,0
2021,12,A3338,MUSKIZ - BARAKALDO - Areeta/Las Arenas,46574.0,28331.0,8980.0,2206.0,1697.0,2716.0,17.0,548.0,792.0,2021-12-01,1,0
2022,1,A3338,MUSKIZ - BARAKALDO - Areeta/Las Arenas,46503.0,27607.0,9233.0,2779.0,1668.0,2624.0,14.0,493.0,792.0,2022-01-01,0,0
2022,2,A3338,MUSKIZ - BARAKALDO - Areeta/Las Arenas,50703.0,29888.0,10017.0,3174.0,1983.0,2733.0,8.0,578.0,827.0,2022-02-01,0,0
2022,3,A3338,MUSKIZ - BARAKALDO - Areeta/Las Arenas,58819.0,34774.0,11416.0,3683.0,2052.0,3232.0,11.0,674.0,1043.0,2022-03-01,0,0
2022,4,A3338,MUSKIZ - BARAKALDO - Areeta/Las Arenas,48785.0,29091.0,9446.0,2474.0,1550.0,3219.0,11.0,607.0,918.0,2022-04-01,0,0
2022,5,A3338,MUSKIZ - BARAKALDO - Areeta/Las Arenas,64754.0,37935.0,12771.0,3802.0,2127.0,4174.0,17.0,835.0,1060.0,2022-05-01,0,0
2022,6,A3338,MUSKIZ - BARAKALDO - Areeta/Las Arenas,58127.0,35903.0,11083.0,2119.0,1460.0,4054.0,43.0,754.0,1064.0,2022-06-01,0,0
2022,7,A3338,MUSKIZ - BARAKALDO - Areeta/Las Arenas,51597.0,31634.0,10629.0,1161.0,1078.0,4084.0,8.0,917.0,876.0,2022-07-01,0,0
2022,8,A3338,MUSKIZ - BARAKALDO - Areeta/Las Arenas,41591.0,25154.0,8851.0,683.0,859.0,3368.0,22.0,792.0,855.0,2022-08-01,0,0
2022,9,A3338,MUSKIZ - BARAKALDO - Areeta/Las Arenas,57521.0,35819.0,11587.0,2566.0,1812.0,2280.0,33.0,742.0,1039.0,2022-09-01,0,1
2022,10,A3338,MUSKIZ - BARAKALDO - Areeta/Las Arenas,57342.0,35169.0,11831.0,2695.0,2094.0,1967.0,7.0,755.0,960.0,2022-10-01,0,1
2022,11,A3338,MUSKIZ - BARAKALDO - Areeta/Las Arenas,50665.0,31197.0,10398.0,2369.0,1965.0,1713.0,27.0,634.0,826.0,2022-11-01,0,1
2022,12,A3338,MUSKIZ - BARAKALDO - Areeta/Las Arenas,44338.0,27671.0,8949.0,1683.0,1585.0,1751.0,28.0,697.0,678.0,2022-12-01,0,1
2023,1,A3338,MUSKIZ - BARAKALDO - Areeta/Las Arenas,46.25,29457.0,8785.0,1982.0,1698.0,1699.0,3.0,587.0,746.0,2023-01-01,0,1
2023,2,A3338,MUSKIZ - BARAKALDO - Areeta/Las Arenas,48409.0,30306.0,9542.0,2092.0,1816.0,1693.0,8.0,646.0,741.0,2023-02-01,0,1
2023,3,A3338,MUSKIZ - BARAKALDO - Areeta/Las Arenas,57180.0,35906.0,11381.0,2266.0,2081.0,1928.0,17.0,786.0,982.0,2023-03-01,0,1
2023,4,A3338,MUSKIZ - BARAKALDO - Areeta/Las Arenas,49740.0,31723.0,9819.0,1519.0,1710.0,1879.0,7.0,891.0,814.0,2023-04-01,0,1
2023,5,A3338,MUSKIZ - BARAKALDO - Areeta/Las Arenas,61266.0,39046.0,11681.0,2209.0,2291.0,2260.0,12.0,910.0,1016.0,2023-05-01,0,1
2023,6,A3338,MUSKIZ - BARAKALDO - Areeta/Las Arenas,61487.0,40449.0,11795.0,1495.0,1778.0,2213.0,13.0,1113.0,1061.0,2023-06-01,0,1
2023,7,A3338,MUSKIZ - BARAKALDO - Areeta/Las Arenas,52378.0,34785.0,10495.0,795.0,1134.0,2167.0,4.0,1077.0,814.0,2023-07-01,0,1
2023,8,A3338,MUSKIZ - BARAKALDO - Areeta/Las Arenas,45718.0,30337.0,9108.0,567.0,1013.0,2108.0,7.0,990.0,717.0,2023-08-01,0,1
2023,9,A3338,MUSKIZ - BARAKALDO - Areeta/Las Arenas,62829.0,40540.0,12196.0,1927.0,1850.0,2348.0,7.0,1099.0,1152.0,2023-09-01,0,1
2023,10,A3338,MUSKIZ - BARAKALDO - Areeta/Las Arenas,65147.0,41522.0,12904.0,2472.0,2148.0,2110.0,0.0,1071.0,1125.0,2023-10-01,0,1
2023,11,A3338,MUSKIZ - BARAKALDO - Areeta/Las Arenas,59974.0,38184.0,11685.0,2390.0,2248.0,1918.0,4.0,844.0,961.0,2023-11-01,0,1
2023,12,A3338,MUSKIZ - BARAKALDO - Areeta/Las Arenas,52693.0,33940.0,10299.0,1574.0,1834.0,2012.0,3.0,959.0,787.0,2023-12-01,0,1
2024,1,A3338,MUSKIZ - BARAKALDO - Areeta/Las Arenas,58107.0,35204.0,10725.0,2388.0,1982.0,2171.0,8.0,880.0,941.0,2024-01-01,0,1
2024,2,A3338,MUSKIZ - BARAKALDO - Areeta/Las Arenas,60312.0,36618.0,11337.0,2269.0,1853.0,1942.0,1.0,937.0,1066.0,2024-02-01,0,1
2024,3,A3338,MUSKIZ - BARAKALDO - Areeta/Las Arenas,61116.0,36457.0,11429.0,2284.0,2021.0,1985.0,4.0,1144.0,979.0,2024-03-01,0,1
2024,4,A3338,MUSKIZ - BARAKALDO - Areeta/Las Arenas,65611.0,39303.0,11666.0,2517.0,2310.0,2151.0,2.0,1291.0,1048.0,2024-04-01,0,1
2024,5,A3338,MUSKIZ - BARAKALDO - Areeta/Las Arenas,70018.0,41202.0,12569.0,2548.0,2545.0,2132.0,2.0,1443.0,1009.0,2024-05-01,0,1
2024,6,A3338,MUSKIZ - BARAKALDO - Areeta/Las Arenas,66966.0,40128.0,11905.0,1861.0,2232.0,2246.0,2.0,1436.0,812.0,2024-06-01,0,1
2024,7,A3338,MUSKIZ - BARAKALDO - Areeta/Las Arenas,65588.0,39522.0,12302.0,1376.0,1940.0,2381.0,7.0,1564.0,818.0,2024-07-01,0,1
2024,8,A3338,MUSKIZ - BARAKALDO - Areeta/Las Arenas,50903.0,30404.0,10248.0,838.0,1380.0,1875.0,3.0,1225.0,752.0,2024-08-01,0,1
2024,9,A3338,MUSKIZ - BARAKALDO - Areeta/Las Arenas,65626.0,37992.0,12161.0,2513.0,2462.0,1986.0,0.0,1109.0,928.0,2024-09-01,0,1
2024,10,A3338,MUSKIZ - BARAKALDO - Areeta/Las Arenas,72873.0,41347.0,12852.0,3220.0,3272.0,1974.0,2.0,1029.0,1084.0,2024-10-01,0,1
2024,11,A3338,MUSKIZ - BARAKALDO - Areeta/Las Arenas,66853.0,36882.0,12627.0,2995.0,2813.0,1918.0,2.0,963.0,980.0,2024-11-01,0,1
2024,12,A3338,MUSKIZ - BARAKALDO - Areeta/Las Arenas,60044.0,34104.0,11067.0,2087.0,2261.0,1873.0,0.0,996.0,863.0,2024-12-01,0,1
2025,1,A3338,MUSKIZ - BARAKALDO - Areeta/Las Arenas,64616.0,36391.0,11745.0,2612.0,2681.0,1777.0,1.0,863.0,890.0,2025-01-01,0,1
2025,2,A3338,MUSKIZ - BARAKALDO - Areeta/Las Arenas,66918.0,37548.0,12142.0,2949.0,2769.0,1721.0,1.0,941.0,962.0,2025-02-01,0,1
2025,3,A3338,MUSKIZ - BARAKALDO - Areeta/Las Arenas,65414.0,36657.0,11590.0,2666.0,2785.0,1628.0,0.0,903.0,1052.0,2025-03-01,0,1
2025,4,A3338,MUSKIZ - BARAKALDO - Areeta/Las Arenas,62365.0,36535.0,10865.0,1970.0,2335.0,1511.0,0.0,995.0,895.0,2025-04-01,0,1
2025,5,A3338,MUSKIZ - BARAKALDO - Areeta/Las Arenas,73584.0,43067.0,12553.0,2665.0,2880.0,1558.0,6.0,1178.0,1011.0,2025-05-01,0,1
2025,6,A3338,MUSKIZ - BARAKALDO - Areeta/Las Arenas,73312.0,45053.0,12222.0,1884.0,2174.0,1551.0,1.0,1249.0,984.0,2025-06-01,0,1
2025,7,A3338,MUSKIZ - BARAKALDO - Areeta/Las Arenas,62710.0,37854.0,11833.0,1027.0,1869.0,1443.0,0.0,1137.0,728.0,2025-07-01,0,1
2025,8,A3338,MUSKIZ - BARAKALDO - Areeta/Las Arenas,52217.0,31591.0,9881.0,709.0,1490.0,1407.0,0.0,1179.0,649.0,2025-08-01,0,1
2025,9,A3338,MUSKIZ - BARAKALDO - Areeta/Las Arenas,69739.0,40483.0,12514.0,2338.0,2536.0,1410.0,1.0,1086.0,934.0,2025-09-01,0,1
2025,10,A3338,MUSKIZ - BARAKALDO - Areeta/Las Arenas,75323.0,42493.0,13214.0,3131.0,3127.0,1351.0,0.0,1040.0,937.0,2025-10-01,0,1
2025,11,A3338,MUSKIZ - BARAKALDO - Areeta/Las Arenas,68722.0,38093.0,12056.0,2979.0,3133.0,1179.0,1.0,844.0,878.0,2025-11-01,0,1
2025,12,A3338,MUSKIZ - BARAKALDO - Areeta/Las Arenas,65665.0,37271.0,11844.0,2430.0,2748.0,1191.0,2.0,1035.0,818.0,2025-12-01,0,1
2020,1,A3335,MUSKIZ - ZIERBENA - SESTAO,18963.0,8630.0,5910.0,637.0,539.0,1911.0,60.0,334.0,682.0,2020-01-01,1,0
2020,2,A3335,MUSKIZ - ZIERBENA - SESTAO,19484.0,8860.0,6157.0,556.0,577.0,2036.0,63.0,365.0,537.0,2020-02-01,1,0
2020,3,A3335,MUSKIZ - ZIERBENA - SESTAO,8624.0,4124.0,2586.0,260.0,291.0,800.0,24.0,124.0,264.0,2020-03-01,1,0
2020,4,A3335,MUSKIZ - ZIERBENA - SESTAO,989.0,573.0,402.0,5.0,1.0,0.0,0.0,0.0,8.0,2020-04-01,1,0
2020,5,A3335,MUSKIZ - ZIERBENA - SESTAO,6875.0,4575.0,2029.0,12.0,26.0,0.0,0.0,57.0,80.0,2020-05-01,1,0
2020,6,A3335,MUSKIZ - ZIERBENA - SESTAO,15709.0,10563.0,4024.0,80.0,180.0,0.0,0.0,230.0,297.0,2020-06-01,1,0
2020,7,A3335,MUSKIZ - ZIERBENA - SESTAO,26087.0,17412.0,6783.0,181.0,316.0,6.0,0.0,538.0,389.0,2020-07-01,1,0
2020,8,A3335,MUSKIZ - ZIERBENA - SESTAO,21108.0,13416.0,6041.0,199.0,198.0,1.0,0.0,482.0,383.0,2020-08-01,1,0
2020,9,A3335,MUSKIZ - ZIERBENA - SESTAO,20106.0,12554.0,5768.0,534.0,231.0,0.0,0.0,206.0,356.0,2020-09-01,1,0
2020,10,A3335,MUSKIZ - ZIERBENA - SESTAO,13875.0,8251.0,3629.0,908.0,362.0,1.0,0.0,140.0,291.0,2020-10-01,1,0
2020,11,A3335,MUSKIZ - ZIERBENA - SESTAO,11466.0,7024.0,2662.0,809.0,352.0,0.0,0.0,105.0,242.0,2020-11-01,1,0
2020,12,A3335,MUSKIZ - ZIERBENA - SESTAO,12620.0,7881.0,3159.0,492.0,244.0,115.0,0.0,153.0,301.0,2020-12-01,1,0
2021,1,A3335,MUSKIZ - ZIERBENA - SESTAO,11499.0,6777.0,2558.0,605.0,252.0,528.0,3.0,160.0,360.0,2021-01-01,1,0
2021,2,A3335,MUSKIZ - ZIERBENA - SESTAO,11270.0,6462.0,2399.0,713.0,286.0,710.0,1.0,154.0,306.0,2021-02-01,1,0
2021,3,A3335,MUSKIZ - ZIERBENA - SESTAO,16655.0,9377.0,3946.0,749.0,470.0,1020.0,3.0,227.0,531.0,2021-03-01,1,0
2021,4,A3335,MUSKIZ - ZIERBENA - SESTAO,14622.0,8277.0,3504.0,551.0,395.0,932.0,5.0,215.0,477.0,2021-04-01,1,0
2021,5,A3335,MUSKIZ - ZIERBENA - SESTAO,17186.0,9433.0,4446.0,626.0,568.0,1118.0,0.0,256.0,413.0,2021-05-01,1,0
2021,6,A3335,MUSKIZ - ZIERBENA - SESTAO,19375.0,10992.0,4936.0,294.0,413.0,1562.0,7.0,380.0,396.0,2021-06-01,1,0
2021,7,A3335,MUSKIZ - ZIERBENA - SESTAO,26751.0,15421.0,6655.0,236.0,264.0,2359.0,4.0,641.0,566.0,2021-07-01,1,0
2021,8,A3335,MUSKIZ - ZIERBENA - SESTAO,23630.0,12562.0,6801.0,184.0,282.0,2259.0,1.0,611.0,457.0,2021-08-01,1,0
2021,9,A3335,MUSKIZ - ZIERBENA - SESTAO,20346.0,10808.0,5220.0,566.0,578.0,1764.0,8.0,401.0,556.0,2021-09-01,1,0
2021,10,A3335,MUSKIZ - ZIERBENA - SESTAO,18055.0,8894.0,5082.0,654.0,747.0,1521.0,7.0,277.0,530.0,2021-10-01,1,0
2021,11,A3335,MUSKIZ - ZIERBENA - SESTAO,15353.0,7496.0,4142.0,713.0,698.0,1318.0,5.0,205.0,468.0,2021-11-01,1,0
2021,12,A3335,MUSKIZ - ZIERBENA - SESTAO,15409.0,8157.0,4068.0,400.0,569.0,1239.0,1.0,235.0,417.0,2021-12-01,1,0
2022,1,A3335,MUSKIZ - ZIERBENA - SESTAO,15633.0,8229.0,4168.0,464.0,518.0,1214.0,2.0,208.0,421.0,2022-01-01,0,0
2022,2,A3335,MUSKIZ - ZIERBENA - SESTAO,15955.0,8361.0,4223.0,548.0,593.0,1139.0,9.0,193.0,482.0,2022-02-01,0,0
2022,3,A3335,MUSKIZ - ZIERBENA - SESTAO,19085.0,9791.0,5130.0,756.0,724.0,1367.0,3.0,280.0,553.0,2022-03-01,0,0
2022,4,A3335,MUSKIZ - ZIERBENA - SESTAO,18757.0,9971.0,4881.0,509.0,500.0,1631.0,1.0,378.0,443.0,2022-04-01,0,0
2022,5,A3335,MUSKIZ - ZIERBENA - SESTAO,23461.0,12010.0,6642.0,622.0,767.0,2015.0,1.0,399.0,526.0,2022-05-01,0,0
2022,6,A3335,MUSKIZ - ZIERBENA - SESTAO,22136.0,12100.0,5775.0,431.0,601.0,1758.0,15.0,419.0,578.0,2022-06-01,0,0
2022,7,A3335,MUSKIZ - ZIERBENA - SESTAO,33461.0,18150.0,9122.0,272.0,454.0,3171.0,5.0,850.0,797.0,2022-07-01,0,0
2022,8,A3335,MUSKIZ - ZIERBENA - SESTAO,25951.0,13706.0,7770.0,183.0,334.0,2336.0,9.0,679.0,544.0,2022-08-01,0,0
2022,9,A3335,MUSKIZ - ZIERBENA - SESTAO,22920.0,12231.0,6738.0,607.0,663.0,1304.0,4.0,412.0,495.0,2022-09-01,0,1
2022,10,A3335,MUSKIZ - ZIERBENA - SESTAO,19757.0,10256.0,5913.0,647.0,808.0,925.0,4.0,333.0,517.0,2022-10-01,0,1
2022,11,A3335,MUSKIZ - ZIERBENA - SESTAO,17192.0,9050.0,5080.0,661.0,724.0,695.0,7.0,254.0,424.0,2022-11-01,0,1
2022,12,A3335,MUSKIZ - ZIERBENA - SESTAO,14760.0,8213.0,4002.0,327.0,422.0,709.0,5.0,366.0,444.0,2022-12-01,0,1
2023,1,A3335,MUSKIZ - ZIERBENA - SESTAO,14.596,8243.0,3835.0,450.0,486.0,580.0,1.0,249.0,437.0,2023-01-01,0,1
2023,2,A3335,MUSKIZ - ZIERBENA - SESTAO,15167.0,8437.0,4100.0,468.0,495.0,676.0,4.0,250.0,381.0,2023-02-01,0,1
2023,3,A3335,MUSKIZ - ZIERBENA - SESTAO,18244.0,10089.0,5266.0,519.0,554.0,698.0,0.0,298.0,481.0,2023-03-01,0,1
2023,4,A3335,MUSKIZ - ZIERBENA - SESTAO,20132.0,11318.0,5613.0,379.0,494.0,1079.0,0.0,421.0,538.0,2023-04-01,0,1
2023,5,A3335,MUSKIZ - ZIERBENA - SESTAO,22352.0,12528.0,6096.0,528.0,655.0,1119.0,0.0,399.0,621.0,2023-05-01,0,1
2023,6,A3335,MUSKIZ - ZIERBENA - SESTAO,25648.0,15121.0,6663.0,437.0,600.0,1203.0,1.0,561.0,596.0,2023-06-01,0,1
2023,7,A3335,MUSKIZ - ZIERBENA - SESTAO,32242.0,19239.0,8529.0,219.0,438.0,1781.0,1.0,933.0,584.0,2023-07-01,0,1
2023,8,A3335,MUSKIZ - ZIERBENA - SESTAO,29361.0,17179.0,7815.0,236.0,488.0,1668.0,2.0,955.0,537.0,2023-08-01,0,1
2023,9,A3335,MUSKIZ - ZIERBENA - SESTAO,26712.0,15191.0,7187.0,523.0,791.0,1337.0,1.0,573.0,605.0,2023-09-01,0,1
2023,10,A3335,MUSKIZ - ZIERBENA - SESTAO,24382.0,13459.0,6834.0,700.0,920.0,1020.0,0.0,477.0,574.0,2023-10-01,0,1
2023,11,A3335,MUSKIZ - ZIERBENA - SESTAO,20841.0,11556.0,5651.0,626.0,773.0,729.0,0.0,465.0,605.0,2023-11-01,0,1
2023,12,A3335,MUSKIZ - ZIERBENA - SESTAO,20550.0,11739.0,5368.0,444.0,680.0,908.0,1.0,458.0,559.0,2023-12-01,0,1
2024,1,A3335,MUSKIZ - ZIERBENA - SESTAO,21087.0,11421.0,5388.0,667.0,815.0,887.0,2.0,445.0,573.0,2024-01-01,0,1
2024,2,A3335,MUSKIZ - ZIERBENA - SESTAO,20033.0,10964.0,5107.0,647.0,750.0,755.0,1.0,383.0,545.0,2024-02-01,0,1
2024,3,A3335,MUSKIZ - ZIERBENA - SESTAO,22397.0,12366.0,5733.0,590.0,759.0,872.0,0.0,471.0,593.0,2024-03-01,0,1
2024,4,A3335,MUSKIZ - ZIERBENA - SESTAO,25036.0,14044.0,6022.0,619.0,806.0,1030.0,2.0,636.0,631.0,2024-04-01,0,1
2024,5,A3335,MUSKIZ - ZIERBENA - SESTAO,24844.0,13399.0,6308.0,618.0,778.0,1318.0,0.0,548.0,621.0,2024-05-01,0,1
2024,6,A3335,MUSKIZ - ZIERBENA - SESTAO,25121.0,14197.0,6381.0,319.0,677.0,1169.0,1.0,616.0,544.0,2024-06-01,0,1
2024,7,A3335,MUSKIZ - ZIERBENA - SESTAO,39403.0,23464.0,9176.0,333.0,702.0,1866.0,1.0,1311.0,742.0,2024-07-01,0,1
2024,8,A3335,MUSKIZ - ZIERBENA - SESTAO,31512.0,18056.0,8235.0,188.0,504.0,1503.0,0.0,922.0,544.0,2024-08-01,0,1
2024,9,A3335,MUSKIZ - ZIERBENA - SESTAO,26203.0,13766.0,6694.0,748.0,791.0,1238.0,0.0,483.0,730.0,2024-09-01,0,1
2024,10,A3335,MUSKIZ - ZIERBENA - SESTAO,25873.0,13424.0,6317.0,1087.0,996.0,1021.0,1.0,416.0,587.0,2024-10-01,0,1
2024,11,A3335,MUSKIZ - ZIERBENA - SESTAO,23628.0,12186.0,5867.0,881.0,940.0,806.0,0.0,443.0,619.0,2024-11-01,0,1
2024,12,A3335,MUSKIZ - ZIERBENA - SESTAO,21670.0,11532.0,5260.0,557.0,820.0,810.0,0.0,453.0,558.0,2024-12-01,0,1
2025,1,A3335,MUSKIZ - ZIERBENA - SESTAO,23282.0,12559.0,5293.0,811.0,908.0,778.0,0.0,476.0,684.0,2025-01-01,0,1
2025,2,A3335,MUSKIZ - ZIERBENA - SESTAO,23697.0,12467.0,5852.0,915.0,935.0,764.0,0.0,496.0,664.0,2025-02-01,0,1
2025,3,A3335,MUSKIZ - ZIERBENA - SESTAO,25146.0,13451.0,6198.0,811.0,948.0,753.0,0.0,505.0,642.0,2025-03-01,0,1
2025,4,A3335,MUSKIZ - ZIERBENA - SESTAO,26990.0,15327.0,6544.0,512.0,857.0,813.0,0.0,522.0,587.0,2025-04-01,0,1
2025,5,A3335,MUSKIZ - ZIERBENA - SESTAO,30875.0,17343.0,7321.0,798.0,985.0,1154.0,4.0,575.0,658.0,2025-05-01,0,1
2025,6,A3335,MUSKIZ - ZIERBENA - SESTAO,33590.0,19947.0,7707.0,483.0,831.0,1003.0,1.0,813.0,761.0,2025-06-01,0,1
2025,7,A3335,MUSKIZ - ZIERBENA - SESTAO,39578.0,23194.0,9569.0,296.0,753.0,1366.0,0.0,1084.0,792.0,2025-07-01,0,1
2025,8,A3335,MUSKIZ - ZIERBENA - SESTAO,37090.0,21250.0,9649.0,255.0,681.0,1503.0,3.0,942.0,538.0,2025-08-01,0,1
2025,9,A3335,MUSKIZ - ZIERBENA - SESTAO,29155.0,15868.0,7284.0,628.0,1076.0,956.0,1.0,538.0,649.0,2025-09-01,0,1
2025,10,A3335,MUSKIZ - ZIERBENA - SESTAO,27958.0,14614.0,7361.0,777.0,1207.0,646.0,0.0,463.0,761.0,2025-10-01,0,1
2025,11,A3335,MUSKIZ - ZIERBENA - SESTAO,24252.0,13035.0,5844.0,620.0,1194.0,507.0,0.0,458.0,631.0,2025-11-01,0,1
2025,12,A3335,MUSKIZ - ZIERBENA - SESTAO,24614.0,13240.0,6094.0,520.0,1060.0,556.0,0.0,443.0,624.0,2025-12-01,0,1
2020,1,A3641,Nerbioi Garaia/Alto Nervion - ARRIGORRIAGA - Hospital Galdakao Ospitalea,48407.0,26156.0,13992.0,1007.0,1036.0,3991.0,16.0,688.0,389.0,2020-01-01,1,0
2020,2,A3641,Nerbioi Garaia/Alto Nervion - ARRIGORRIAGA - Hospital Galdakao Ospitalea,47984.0,26227.0,13978.0,1088.0,916.0,3585.0,46.0,718.0,371.0,2020-02-01,1,0
2020,3,A3641,Nerbioi Garaia/Alto Nervion - ARRIGORRIAGA - Hospital Galdakao Ospitalea,22967.0,13545.0,5902.0,545.0,442.0,1562.0,13.0,292.0,143.0,2020-03-01,1,0
2020,4,A3641,Nerbioi Garaia/Alto Nervion - ARRIGORRIAGA - Hospital Galdakao Ospitalea,6397.0,5325.0,727.0,135.0,80.0,0.0,0.0,4.0,5.0,2020-04-01,1,0
2020,5,A3641,Nerbioi Garaia/Alto Nervion - ARRIGORRIAGA - Hospital Galdakao Ospitalea,13774.0,10216.0,2986.0,176.0,106.0,0.0,0.0,10.0,11.0,2020-05-01,1,0
2020,6,A3641,Nerbioi Garaia/Alto Nervion - ARRIGORRIAGA - Hospital Galdakao Ospitalea,27277.0,18498.0,7199.0,446.0,331.0,0.0,0.0,168.0,120.0,2020-06-01,1,0
2020,7,A3641,Nerbioi Garaia/Alto Nervion - ARRIGORRIAGA - Hospital Galdakao Ospitalea,28851.0,19641.0,7395.0,511.0,403.0,0.0,0.0,278.0,119.0,2020-07-01,1,0
2020,8,A3641,Nerbioi Garaia/Alto Nervion - ARRIGORRIAGA - Hospital Galdakao Ospitalea,23315.0,16171.0,5635.0,316.0,406.0,0.0,0.0,212.0,119.0,2020-08-01,1,0
2020,9,A3641,Nerbioi Garaia/Alto Nervion - ARRIGORRIAGA - Hospital Galdakao Ospitalea,31374.0,20906.0,7924.0,752.0,578.0,0.0,0.0,324.0,180.0,2020-09-01,1,0
2020,10,A3641,Nerbioi Garaia/Alto Nervion - ARRIGORRIAGA - Hospital Galdakao Ospitalea,33106.0,22012.0,7960.0,1133.0,801.0,0.0,0.0,198.0,200.0,2020-10-01,1,0
2020,11,A3641,Nerbioi Garaia/Alto Nervion - ARRIGORRIAGA - Hospital Galdakao Ospitalea,29581.0,19896.0,6928.0,1089.0,513.0,0.0,0.0,180.0,165.0,2020-11-01,1,0
2020,12,A3641,Nerbioi Garaia/Alto Nervion - ARRIGORRIAGA - Hospital Galdakao Ospitalea,29373.0,19840.0,6898.0,858.0,394.0,160.0,0.0,313.0,223.0,2020-12-01,1,0
2021,1,A3641,Nerbioi Garaia/Alto Nervion - ARRIGORRIAGA - Hospital Galdakao Ospitalea,29014.0,19228.0,6512.0,851.0,458.0,748.0,3.0,241.0,203.0,2021-01-01,1,0
2021,2,A3641,Nerbioi Garaia/Alto Nervion - ARRIGORRIAGA - Hospital Galdakao Ospitalea,28279.0,18698.0,6015.0,849.0,581.0,951.0,2.0,286.0,205.0,2021-02-01,1,0
2021,3,A3641,Nerbioi Garaia/Alto Nervion - ARRIGORRIAGA - Hospital Galdakao Ospitalea,34164.0,21593.0,8035.0,950.0,615.0,1310.0,8.0,533.0,277.0,2021-03-01,1,0
2021,4,A3641,Nerbioi Garaia/Alto Nervion - ARRIGORRIAGA - Hospital Galdakao Ospitalea,33022.0,20457.0,8436.0,882.0,513.0,1406.0,9.0,409.0,226.0,2021-04-01,1,0
2021,5,A3641,Nerbioi Garaia/Alto Nervion - ARRIGORRIAGA - Hospital Galdakao Ospitalea,36645.0,22352.0,9660.0,869.0,583.0,1620.0,5.0,462.0,305.0,2021-05-01,1,0
2021,6,A3641,Nerbioi Garaia/Alto Nervion - ARRIGORRIAGA - Hospital Galdakao Ospitalea,40467.0,25443.0,10542.0,600.0,546.0,1812.0,7.0,460.0,260.0,2021-06-01,1,0
2021,7,A3641,Nerbioi Garaia/Alto Nervion - ARRIGORRIAGA - Hospital Galdakao Ospitalea,34399.0,22126.0,7982.0,463.0,351.0,2117.0,9.0,492.0,175.0,2021-07-01,1,0
2021,8,A3641,Nerbioi Garaia/Alto Nervion - ARRIGORRIAGA - Hospital Galdakao Ospitalea,27747.0,17870.0,6313.0,266.0,229.0,1912.0,34.0,438.0,185.0,2021-08-01,1,0
2021,9,A3641,Nerbioi Garaia/Alto Nervion - ARRIGORRIAGA - Hospital Galdakao Ospitalea,36872.0,22967.0,8663.0,932.0,464.0,1975.0,18.0,593.0,276.0,2021-09-01,1,0
2021,10,A3641,Nerbioi Garaia/Alto Nervion - ARRIGORRIAGA - Hospital Galdakao Ospitalea,38874.0,22592.0,10027.0,1405.0,772.0,2102.0,4.0,572.0,348.0,2021-10-01,1,0
2021,11,A3641,Nerbioi Garaia/Alto Nervion - ARRIGORRIAGA - Hospital Galdakao Ospitalea,39545.0,23272.0,10273.0,1351.0,871.0,2045.0,8.0,415.0,307.0,2021-11-01,1,0
2021,12,A3641,Nerbioi Garaia/Alto Nervion - ARRIGORRIAGA - Hospital Galdakao Ospitalea,38001.0,22391.0,9964.0,899.0,739.0,2201.0,7.0,545.0,285.0,2021-12-01,1,0
2022,1,A3641,Nerbioi Garaia/Alto Nervion - ARRIGORRIAGA - Hospital Galdakao Ospitalea,37582.0,22674.0,9256.0,1176.0,660.0,2164.0,4.0,421.0,245.0,2022-01-01,0,0
2022,2,A3641,Nerbioi Garaia/Alto Nervion - ARRIGORRIAGA - Hospital Galdakao Ospitalea,35562.0,20993.0,8977.0,1124.0,872.0,2066.0,10.0,387.0,218.0,2022-02-01,0,0
2022,3,A3641,Nerbioi Garaia/Alto Nervion - ARRIGORRIAGA - Hospital Galdakao Ospitalea,42686.0,24962.0,11159.0,1355.0,1030.0,2202.0,12.0,561.0,336.0,2022-03-01,0,0
2022,4,A3641,Nerbioi Garaia/Alto Nervion - ARRIGORRIAGA - Hospital Galdakao Ospitalea,33066.0,19273.0,8602.0,792.0,690.0,2056.0,10.0,514.0,264.0,2022-04-01,0,0
2022,5,A3641,Nerbioi Garaia/Alto Nervion - ARRIGORRIAGA - Hospital Galdakao Ospitalea,39649.0,22780.0,10863.0,1013.0,831.0,2269.0,8.0,546.0,292.0,2022-05-01,0,0
2022,6,A3641,Nerbioi Garaia/Alto Nervion - ARRIGORRIAGA - Hospital Galdakao Ospitalea,42012.0,24853.0,11297.0,611.0,657.0,2590.0,8.0,698.0,335.0,2022-06-01,0,0
2022,7,A3641,Nerbioi Garaia/Alto Nervion - ARRIGORRIAGA - Hospital Galdakao Ospitalea,34824.0,21122.0,8469.0,526.0,458.0,2629.0,17.0,537.0,253.0,2022-07-01,0,0
2022,8,A3641,Nerbioi Garaia/Alto Nervion - ARRIGORRIAGA - Hospital Galdakao Ospitalea,29470.0,17652.0,7654.0,436.0,369.0,2135.0,11.0,548.0,200.0,2022-08-01,0,0
2022,9,A3641,Nerbioi Garaia/Alto Nervion - ARRIGORRIAGA - Hospital Galdakao Ospitalea,39859.0,23957.0,10194.0,1155.0,857.0,1770.0,2.0,675.0,269.0,2022-09-01,0,1
2022,10,A3641,Nerbioi Garaia/Alto Nervion - ARRIGORRIAGA - Hospital Galdakao Ospitalea,42981.0,25248.0,11530.0,1418.0,1216.0,1514.0,4.0,683.0,296.0,2022-10-01,0,1
2022,11,A3641,Nerbioi Garaia/Alto Nervion - ARRIGORRIAGA - Hospital Galdakao Ospitalea,43887.0,26037.0,11740.0,1484.0,1057.0,1514.0,4.0,683.0,296.0,2022-11-01,0,1
2022,12,A3641,Nerbioi Garaia/Alto Nervion - ARRIGORRIAGA - Hospital Galdakao Ospitalea,40224.0,24504.0,10428.0,1069.0,877.0,1673.0,5.0,524.0,209.0,2022-12-01,0,1
2023,1,A3641,Nerbioi Garaia/Alto Nervion - ARRIGORRIAGA - Hospital Galdakao Ospitalea,42271.0,26105.0,10610.0,1091.0,1036.0,1665.0,0.0,503.0,228.0,2023-01-01,0,1
2023,2,A3641,Nerbioi Garaia/Alto Nervion - ARRIGORRIAGA - Hospital Galdakao Ospitalea,40499.0,24748.0,10287.0,1304.0,912.0,1483.0,0.0,518.0,245.0,2023-02-01,0,1
2023,3,A3641,Nerbioi Garaia/Alto Nervion - ARRIGORRIAGA - Hospital Galdakao Ospitalea,48582.0,29513.0,12698.0,1456.0,1128.0,1654.0,0.0,669.0,290.0,2023-03-01,0,1
2023,4,A3641,Nerbioi Garaia/Alto Nervion - ARRIGORRIAGA - Hospital Galdakao Ospitalea,38661.0,23847.0,10013.0,867.0,855.0,1446.0,4.0,570.0,230.0,2023-04-01,0,1
2023,5,A3641,Nerbioi Garaia/Alto Nervion - ARRIGORRIAGA - Hospital Galdakao Ospitalea,48035.0,29600.0,12613.0,1049.0,1094.0,1571.0,1.0,684.0,291.0,2023-05-01,0,1
2023,6,A3641,Nerbioi Garaia/Alto Nervion - ARRIGORRIAGA - Hospital Galdakao Ospitalea,47185.0,28925.0,12663.0,643.0,958.0,1753.0,0.0,915.0,267.0,2023-06-01,0,1
2023,7,A3641,Nerbioi Garaia/Alto Nervion - ARRIGORRIAGA - Hospital Galdakao Ospitalea,40104.0,24955.0,10476.0,425.0,753.0,1540.0,4.0,766.0,259.0,2023-07-01,0,1
2023,8,A3641,Nerbioi Garaia/Alto Nervion - ARRIGORRIAGA - Hospital Galdakao Ospitalea,35040.0,21901.0,9032.0,280.0,665.0,1518.0,0.0,652.0,264.0,2023-08-01,0,1
2023,9,A3641,Nerbioi Garaia/Alto Nervion - ARRIGORRIAGA - Hospital Galdakao Ospitalea,48143.0,30089.0,11729.0,964.0,1199.0,1767.0,3.0,917.0,313.0,2023-09-01,0,1
2023,10,A3641,Nerbioi Garaia/Alto Nervion - ARRIGORRIAGA - Hospital Galdakao Ospitalea,50759.0,31083.0,13181.0,1190.0,1221.0,1736.0,2.0,814.0,312.0,2023-10-01,0,1
2023,11,A3641,Nerbioi Garaia/Alto Nervion - ARRIGORRIAGA - Hospital Galdakao Ospitalea,52045.0,31744.0,13721.0,1368.0,1298.0,1740.0,0.0,712.0,309.0,2023-11-01,0,1
2023,12,A3641,Nerbioi Garaia/Alto Nervion - ARRIGORRIAGA - Hospital Galdakao Ospitalea,44702.0,27370.0,11869.0,867.0,1053.0,1668.0,2.0,613.0,313.0,2023-12-01,0,1
2024,1,A3641,Nerbioi Garaia/Alto Nervion - ARRIGORRIAGA - Hospital Galdakao Ospitalea,49.17,28375.0,13289.0,1101.0,1112.0,1857.0,2.0,699.0,324.0,2024-01-01,0,1
2024,2,A3641,Nerbioi Garaia/Alto Nervion - ARRIGORRIAGA - Hospital Galdakao Ospitalea,48913.0,28670.0,12976.0,1003.0,1131.0,1676.0,1.0,650.0,323.0,2024-02-01,0,1
2024,3,A3641,Nerbioi Garaia/Alto Nervion - ARRIGORRIAGA - Hospital Galdakao Ospitalea,47941.0,27481.0,12631.0,1079.0,1156.0,1487.0,3.0,730.0,334.0,2024-03-01,0,1
2024,4,A3641,Nerbioi Garaia/Alto Nervion - ARRIGORRIAGA - Hospital Galdakao Ospitalea,50864.0,29153.0,13494.0,963.0,1196.0,1555.0,0.0,752.0,338.0,2024-04-01,0,1
2024,5,A3641,Nerbioi Garaia/Alto Nervion - ARRIGORRIAGA - Hospital Galdakao Ospitalea,54790.0,31141.0,14505.0,1131.0,1321.0,1606.0,2.0,846.0,391.0,2024-05-01,0,1
2024,6,A3641,Nerbioi Garaia/Alto Nervion - ARRIGORRIAGA - Hospital Galdakao Ospitalea,53503.0,30755.0,13956.0,782.0,1213.0,1595.0,3.0,1001.0,339.0,2024-06-01,0,1
2024,7,A3641,Nerbioi Garaia/Alto Nervion - ARRIGORRIAGA - Hospital Galdakao Ospitalea,46697.0,27443.0,11583.0,503.0,907.0,1454.0,0.0,875.0,240.0,2024-07-01,0,1
2024,8,A3641,Nerbioi Garaia/Alto Nervion - ARRIGORRIAGA - Hospital Galdakao Ospitalea,39590.0,23695.0,9471.0,283.0,744.0,1408.0,3.0,657.0,244.0,2024-08-01,0,1
2024,9,A3641,Nerbioi Garaia/Alto Nervion - ARRIGORRIAGA - Hospital Galdakao Ospitalea,55358.0,32216.0,13244.0,1122.0,1339.0,1845.0,2.0,885.0,405.0,2024-09-01,0,1
2024,10,A3641,Nerbioi Garaia/Alto Nervion - ARRIGORRIAGA - Hospital Galdakao Ospitalea,59965.0,34126.0,14853.0,1527.0,1583.0,1670.0,0.0,866.0,369.0,2024-10-01,0,1
2024,11,A3641,Nerbioi Garaia/Alto Nervion - ARRIGORRIAGA - Hospital Galdakao Ospitalea,57884.0,32486.0,14627.0,1490.0,1558.0,1561.0,0.0,744.0,378.0,2024-11-01,0,1
2024,12,A3641,Nerbioi Garaia/Alto Nervion - ARRIGORRIAGA - Hospital Galdakao Ospitalea,53229.0,29820.0,13611.0,1187.0,1413.0,1649.0,6.0,768.0,290.0,2024-12-01,0,1
2025,1,A3641,Nerbioi Garaia/Alto Nervion - ARRIGORRIAGA - Hospital Galdakao Ospitalea,57866.0,32167.0,14718.0,1321.0,1590.0,1668.0,0.0,786.0,377.0,2025-01-01,0,1
2025,2,A3641,Nerbioi Garaia/Alto Nervion - ARRIGORRIAGA - Hospital Galdakao Ospitalea,56323.0,31256.0,14224.0,1413.0,1532.0,1470.0,4.0,821.0,359.0,2025-02-01,0,1
2025,3,A3641,Nerbioi Garaia/Alto Nervion - ARRIGORRIAGA - Hospital Galdakao Ospitalea,61439.0,34145.0,15642.0,1409.0,1623.0,1422.0,3.0,867.0,392.0,2025-03-01,0,1
2025,4,A3641,Nerbioi Garaia/Alto Nervion - ARRIGORRIAGA - Hospital Galdakao Ospitalea,52386.0,28958.0,13518.0,981.0,1315.0,1271.0,2.0,899.0,256.0,2025-04-01,0,1
2025,5,A3641,Nerbioi Garaia/Alto Nervion - ARRIGORRIAGA - Hospital Galdakao Ospitalea,60633.0,33336.0,15624.0,1359.0,1417.0,1299.0,7.0,1053.0,393.0,2025-05-01,0,1
2025,6,A3641,Nerbioi Garaia/Alto Nervion - ARRIGORRIAGA - Hospital Galdakao Ospitalea,57713.0,32746.0,14764.0,762.0,1153.0,1436.0,4.0,992.0,319.0,2025-06-01,0,1
2025,7,A3641,Nerbioi Garaia/Alto Nervion - ARRIGORRIAGA - Hospital Galdakao Ospitalea,52123.0,30208.0,13107.0,522.0,1110.0,1181.0,0.0,845.0,270.0,2025-07-01,0,1
2025,8,A3641,Nerbioi Garaia/Alto Nervion - ARRIGORRIAGA - Hospital Galdakao Ospitalea,42814.0,23791.0,11182.0,425.0,884.0,1159.0,4.0,758.0,215.0,2025-08-01,0,1
2025,9,A3641,Nerbioi Garaia/Alto Nervion - ARRIGORRIAGA - Hospital Galdakao Ospitalea,59934.0,33574.0,14830.0,1135.0,1599.0,1443.0,4.0,989.0,394.0,2025-09-01,0,1
2025,10,A3641,Nerbioi Garaia/Alto Nervion - ARRIGORRIAGA - Hospital Galdakao Ospitalea,65839.0,35932.0,17013.0,1419.0,1869.0,1451.0,6.0,995.0,441.0,2025-10-01,0,1
2025,11,A3641,Nerbioi Garaia/Alto Nervion - ARRIGORRIAGA - Hospital Galdakao Ospitalea,60650.0,32876.0,16028.0,1439.0,1597.0,1257.0,10.0,736.0,426.0,2025-11-01,0,1
2025,12,A3641,Nerbioi Garaia/Alto Nervion - ARRIGORRIAGA - Hospital Galdakao Ospitalea,73170.0,46063.0,15352.0,1188.0,1526.0,1213.0,2.0,889.0,398.0,2025-12-01,0,1
2020,1,A3537,PLENTZIA-GORLIZ-MUNGIA,4457.0,2386.0,1012.0,162.0,214.0,467.0,0.0,81.0,15.0,2020-01-01,1,0
2020,2,A3537,PLENTZIA-GORLIZ-MUNGIA,4705.0,2589.0,1029.0,170.0,252.0,427.0,0.0,72.0,23.0,2020-02-01,1,0
2020,3,A3537,PLENTZIA-GORLIZ-MUNGIA,2037.0,1208.0,340.0,94.0,135.0,148.0,0.0,34.0,3.0,2020-03-01,1,0
2020,4,A3537,PLENTZIA-GORLIZ-MUNGIA,141.0,94.0,42.0,,,,,,4.0,2020-04-01,1,0
2020,5,A3537,PLENTZIA-GORLIZ-MUNGIA,1784.0,1368.0,267.0,1.0,12.0,0.0,0.0,25.0,20.0,2020-05-01,1,0
2020,6,A3537,PLENTZIA-GORLIZ-MUNGIA,6511.0,4926.0,879.0,20.0,112.0,0.0,0.0,52.0,54.0,2020-06-01,1,0
2020,7,A3537,PLENTZIA-GORLIZ-MUNGIA,11000.0,8547.0,1300.0,70.0,151.0,0.0,0.0,90.0,89.0,2020-07-01,1,0
2020,8,A3537,PLENTZIA-GORLIZ-MUNGIA,9186.0,7026.0,1242.0,104.0,113.0,0.0,0.0,165.0,74.0,2020-08-01,1,0
2020,9,A3537,PLENTZIA-GORLIZ-MUNGIA,6580.0,4857.0,1045.0,114.0,92.0,,,68.0,29.0,2020-09-01,1,0
2020,10,A3537,PLENTZIA-GORLIZ-MUNGIA,3765.0,2722.0,525.0,108.0,136.0,,,24.0,22.0,2020-10-01,1,0
2020,11,A3537,PLENTZIA-GORLIZ-MUNGIA,2515.0,1758.0,270.0,124.0,108.0,,,37.0,20.0,2020-11-01,1,0
2020,12,A3537,PLENTZIA-GORLIZ-MUNGIA,2607.0,1853.0,360.0,63.0,83.0,9.0,0.0,38.0,20.0,2020-12-01,1,0
2021,1,A3537,PLENTZIA-GORLIZ-MUNGIA,3044.0,2168.0,425.0,42.0,90.0,94.0,0.0,50.0,4.0,2021-01-01,1,0
2021,2,A3537,PLENTZIA-GORLIZ-MUNGIA,3408.0,2334.0,486.0,69.0,119.0,150.0,0.0,69.0,12.0,2021-02-01,1,0
2021,3,A3537,PLENTZIA-GORLIZ-MUNGIA,5037.0,3395.0,712.0,70.0,189.0,277.0,0.0,103.0,26.0,2021-03-01,1,0
2021,4,A3537,PLENTZIA-GORLIZ-MUNGIA,5166.0,3445.0,768.0,96.0,186.0,301.0,,79.0,15.0,2021-04-01,1,0
2021,5,A3537,PLENTZIA-GORLIZ-MUNGIA,4707.0,3031.0,717.0,68.0,202.0,295.0,0.0,93.0,34.0,2021-05-01,1,0
2021,6,A3537,PLENTZIA-GORLIZ-MUNGIA,7122.0,4886.0,881.0,66.0,221.0,376.0,0.0,133.0,58.0,2021-06-01,1,0
2021,7,A3537,PLENTZIA-GORLIZ-MUNGIA,10917.0,7777.0,1267.0,58.0,239.0,608.0,,186.0,109.0,2021-07-01,1,0
2021,8,A3537,PLENTZIA-GORLIZ-MUNGIA,10717.0,7115.0,1561.0,61.0,168.0,675.0,1.0,281.0,95.0,2021-08-01,1,0
2021,9,A3537,PLENTZIA-GORLIZ-MUNGIA,6682.0,4273.0,1072.0,80.0,242.0,430.0,,133.0,77.0,2021-09-01,1,0
2021,10,A3537,PLENTZIA-GORLIZ-MUNGIA,5270.0,3156.0,797.0,201.0,338.0,387.0,,83.0,55.0,2021-10-01,1,0
2021,11,A3537,PLENTZIA-GORLIZ-MUNGIA,4668.0,2873.0,578.0,224.0,307.0,274.0,0.0,87.0,69.0,2021-11-01,1,0
2021,12,A3537,PLENTZIA-GORLIZ-MUNGIA,3974.0,2469.0,545.0,98.0,279.0,252.0,,82.0,48.0,2021-12-01,1,0
2022,1,A3537,PLENTZIA-GORLIZ-MUNGIA,3881.0,2263.0,553.0,143.0,257.0,287.0,,82.0,55.0,2022-01-01,0,0
2022,2,A3537,PLENTZIA-GORLIZ-MUNGIA,4550.0,2656.0,636.0,205.0,382.0,322.0,,63.0,63.0,2022-02-01,0,0
2022,3,A3537,PLENTZIA-GORLIZ-MUNGIA,5169.0,2966.0,763.0,210.0,474.0,305.0,0.0,91.0,92.0,2022-03-01,0,0
2022,4,A3537,PLENTZIA-GORLIZ-MUNGIA,4909.0,2931.0,734.0,105.0,401.0,275.0,,79.0,74.0,2022-04-01,0,0
2022,5,A3537,PLENTZIA-GORLIZ-MUNGIA,6185.0,3524.0,997.0,236.0,444.0,433.0,,117.0,99.0,2022-05-01,0,0
2022,6,A3537,PLENTZIA-GORLIZ-MUNGIA,7647.0,4993.0,1043.0,101.0,342.0,493.0,,142.0,95.0,2022-06-01,0,0
2022,7,A3537,PLENTZIA-GORLIZ-MUNGIA,13946.0,9441.0,1851.0,107.0,282.0,875.0,9.0,192.0,147.0,2022-07-01,0,0
2022,8,A3537,PLENTZIA-GORLIZ-MUNGIA,11110.0,7243.0,1776.0,50.0,225.0,781.0,0.0,253.0,113.0,2022-08-01,0,0
2022,9,A3537,PLENTZIA-GORLIZ-MUNGIA,7776.0,4827.0,1360.0,148.0,330.0,405.0,,117.0,86.0,2022-09-01,0,1
2022,10,A3537,PLENTZIA-GORLIZ-MUNGIA,5867.0,3575.0,958.0,211.0,445.0,199.0,,82.0,62.0,2022-10-01,0,1
2022,11,A3537,PLENTZIA-GORLIZ-MUNGIA,5160.0,3206.0,723.0,164.0,495.0,177.0,,53.0,62.0,2022-11-01,0,1
2022,12,A3537,PLENTZIA-GORLIZ-MUNGIA,4542.0,2925.0,626.0,103.0,353.0,164.0,,77.0,41.0,2022-12-01,0,1
2023,1,A3537,PLENTZIA-GORLIZ-MUNGIA,3901.0,2478.0,584.0,58.0,340.0,169.0,,69.0,31.0,2023-01-01,0,1
2023,2,A3537,PLENTZIA-GORLIZ-MUNGIA,4813.0,3132.0,740.0,56.0,399.0,160.0,,54.0,33.0,2023-02-01,0,1
2023,3,A3537,PLENTZIA-GORLIZ-MUNGIA,4935.0,3137.0,818.0,52.0,425.0,130.0,,78.0,73.0,2023-03-01,0,1
2023,4,A3537,PLENTZIA-GORLIZ-MUNGIA,4371.0,2853.0,667.0,55.0,314.0,164.0,,60.0,46.0,2023-04-01,0,1
2023,5,A3537,PLENTZIA-GORLIZ-MUNGIA,5693.0,3765.0,982.0,45.0,309.0,210.0,,95.0,63.0,2023-05-01,0,1
2023,6,A3537,PLENTZIA-GORLIZ-MUNGIA,9181.0,6344.0,1369.0,71.0,379.0,294.0,,154.0,99.0,2023-06-01,0,1
2023,7,A3537,PLENTZIA-GORLIZ-MUNGIA,13486.0,9533.0,1904.0,139.0,322.0,506.0,,233.0,163.0,2023-07-01,0,1
2023,8,A3537,PLENTZIA-GORLIZ-MUNGIA,12504.0,8809.0,1953.0,82.0,355.0,457.0,0.0,227.0,142.0,2023-08-01,0,1
2023,9,A3537,PLENTZIA-GORLIZ-MUNGIA,8805.0,5768.0,1573.0,189.0,416.0,282.0,0.0,147.0,81.0,2023-09-01,0,1
2023,10,A3537,PLENTZIA-GORLIZ-MUNGIA,7145.0,4456.0,1196.0,253.0,555.0,211.0,0.0,98.0,84.0,2023-10-01,0,1
2023,11,A3537,PLENTZIA-GORLIZ-MUNGIA,5943.0,3771.0,892.0,198.0,513.0,156.0,0.0,93.0,74.0,2023-11-01,0,1
2023,12,A3537,PLENTZIA-GORLIZ-MUNGIA,5494.0,3611.0,725.0,173.0,409.0,173.0,0.0,81.0,39.0,2023-12-01,0,1
2024,1,A3537,PLENTZIA-GORLIZ-MUNGIA,5878.0,3550.0,1027.0,141.0,514.0,233.0,,91.0,55.0,2024-01-01,0,1
2024,2,A3537,PLENTZIA-GORLIZ-MUNGIA,6169.0,3954.0,906.0,149.0,475.0,194.0,,105.0,63.0,2024-02-01,0,1
2024,3,A3537,PLENTZIA-GORLIZ-MUNGIA,6545.0,3965.0,979.0,181.0,573.0,209.0,,136.0,72.0,2024-03-01,0,1
2024,4,A3537,PLENTZIA-GORLIZ-MUNGIA,7457.0,4777.0,1057.0,235.0,511.0,196.0,0.0,128.0,42.0,2024-04-01,0,1
2024,5,A3537,PLENTZIA-GORLIZ-MUNGIA,7589.0,4635.0,1100.0,244.0,600.0,204.0,0.0,120.0,67.0,2024-05-01,0,1
2024,6,A3537,PLENTZIA-GORLIZ-MUNGIA,9512.0,6097.0,1386.0,113.0,554.0,292.0,0.0,147.0,57.0,2024-06-01,0,1
2024,7,A3537,PLENTZIA-GORLIZ-MUNGIA,16025.0,10951.0,2227.0,135.0,504.0,468.0,1.0,309.0,128.0,2024-07-01,0,1
2024,8,A3537,PLENTZIA-GORLIZ-MUNGIA,13559.0,9062.0,2230.0,91.0,236.0,402.0,0.0,288.0,145.0,2024-08-01,0,1
2024,9,A3537,PLENTZIA-GORLIZ-MUNGIA,8653.0,5244.0,1540.0,199.0,547.0,222.0,0.0,67.0,54.0,2024-09-01,0,1
2024,10,A3537,PLENTZIA-GORLIZ-MUNGIA,6634.0,3980.0,940.0,156.0,518.0,171.0,0.0,73.0,39.0,2024-10-01,0,1
2024,11,A3537,PLENTZIA-GORLIZ-MUNGIA,6947.0,4076.0,960.0,190.0,605.0,177.0,0.0,76.0,48.0,2024-11-01,0,1
2024,12,A3537,PLENTZIA-GORLIZ-MUNGIA,6321.0,3883.0,921.0,122.0,432.0,165.0,0.0,70.0,30.0,2024-12-01,0,1
2025,1,A3537,PLENTZIA-GORLIZ-MUNGIA,6895.0,4110.0,1180.0,104.0,492.0,210.0,0.0,93.0,30.0,2025-01-01,0,1
2025,2,A3537,PLENTZIA-GORLIZ-MUNGIA,7190.0,4290.0,998.0,225.0,569.0,132.0,0.0,77.0,36.0,2025-02-01,0,1
2025,3,A3537,PLENTZIA-GORLIZ-MUNGIA,7547.0,4635.0,1004.0,194.0,544.0,191.0,0.0,68.0,41.0,2025-03-01,0,1
2025,4,A3537,PLENTZIA-GORLIZ-MUNGIA,7653.0,4637.0,1137.0,158.0,491.0,194.0,0.0,101.0,40.0,2025-04-01,0,1
2025,5,A3537,PLENTZIA-GORLIZ-MUNGIA,9544.0,5994.0,1359.0,186.0,546.0,183.0,0.0,94.0,82.0,2025-05-01,0,1
2025,6,A3537,PLENTZIA-GORLIZ-MUNGIA,12611.0,8312.0,1869.0,216.0,438.0,254.0,0.0,121.0,100.0,2025-06-01,0,1
2025,7,A3537,PLENTZIA-GORLIZ-MUNGIA,15292.0,10354.0,2385.0,169.0,298.0,402.0,0.0,171.0,154.0,2025-07-01,0,1
2025,8,A3537,PLENTZIA-GORLIZ-MUNGIA,15130.0,10308.0,2426.0,91.0,292.0,367.0,0.0,203.0,167.0,2025-08-01,0,1
2025,9,A3537,PLENTZIA-GORLIZ-MUNGIA,9813.0,6297.0,1719.0,196.0,387.0,188.0,0.0,67.0,61.0,2025-09-01,0,1
2025,10,A3537,PLENTZIA-GORLIZ-MUNGIA,8797.0,5503.0,1437.0,163.0,478.0,161.0,0.0,60.0,44.0,2025-10-01,0,1
2025,11,A3537,PLENTZIA-GORLIZ-MUNGIA,6831.0,4138.0,1151.0,127.0,437.0,106.0,0.0,37.0,42.0,2025-11-01,0,1
2025,12,A3537,PLENTZIA-GORLIZ-MUNGIA,6555.0,4059.0,1002.0,102.0,465.0,136.0,0.0,63.0,36.0,2025-12-01,0,1
2020,1,A3323,PORTUGALETE - GALDAMES,4155.0,2149.0,1250.0,87.0,83.0,394.0,0.0,30.0,67.0,2020-01-01,1,0
2020,2,A3323,PORTUGALETE - GALDAMES,4213.0,2135.0,1234.0,94.0,78.0,477.0,0.0,59.0,48.0,2020-02-01,1,0
2020,3,A3323,PORTUGALETE - GALDAMES,2037.0,1166.0,527.0,46.0,25.0,195.0,0.0,18.0,26.0,2020-03-01,1,0
2020,4,A3323,PORTUGALETE - GALDAMES,440.0,361.0,68.0,0.0,1.0,0.0,0.0,2.0,4.0,2020-04-01,1,0
2020,5,A3323,PORTUGALETE - GALDAMES,1281.0,954.0,294.0,3.0,1.0,0.0,0.0,5.0,16.0,2020-05-01,1,0
2020,6,A3323,PORTUGALETE - GALDAMES,2810.0,1983.0,700.0,6.0,18.0,0.0,0.0,5.0,45.0,2020-06-01,1,0
2020,7,A3323,PORTUGALETE - GALDAMES,3100.0,2187.0,797.0,14.0,20.0,0.0,0.0,16.0,33.0,2020-07-01,1,0
2020,8,A3323,PORTUGALETE - GALDAMES,2221.0,1446.0,654.0,36.0,14.0,0.0,0.0,17.0,26.0,2020-08-01,1,0
2020,9,A3323,PORTUGALETE - GALDAMES,3319.0,2299.0,862.0,28.0,58.0,0.0,0.0,4.0,21.0,2020-09-01,1,0
2020,10,A3323,PORTUGALETE - GALDAMES,3362.0,2273.0,798.0,84.0,121.0,0.0,0.0,10.0,37.0,2020-10-01,1,0
2020,11,A3323,PORTUGALETE - GALDAMES,2637.0,1907.0,475.0,78.0,93.0,0.0,0.0,19.0,38.0,2020-11-01,1,0
2020,12,A3323,PORTUGALETE - GALDAMES,2774.0,1929.0,607.0,77.0,79.0,18.0,0.0,7.0,24.0,2020-12-01,1,0
2021,1,A3323,PORTUGALETE - GALDAMES,2668.0,1823.0,480.0,78.0,107.0,94.0,0.0,14.0,49.0,2021-01-01,1,0
2021,2,A3323,PORTUGALETE - GALDAMES,2969.0,1897.0,513.0,171.0,150.0,146.0,0.0,7.0,66.0,2021-02-01,1,0
2021,3,A3323,PORTUGALETE - GALDAMES,4060.0,2406.0,876.0,193.0,261.0,179.0,0.0,15.0,67.0,2021-03-01,1,0
2021,4,A3323,PORTUGALETE - GALDAMES,3234.0,1896.0,700.0,137.0,168.0,195.0,0.0,16.0,57.0,2021-04-01,1,0
2021,5,A3323,PORTUGALETE - GALDAMES,4091.0,2412.0,907.0,200.0,212.0,209.0,0.0,32.0,37.0,2021-05-01,1,0
2021,6,A3323,PORTUGALETE - GALDAMES,4010.0,2389.0,986.0,102.0,174.0,196.0,0.0,43.0,43.0,2021-06-01,1,0
2021,7,A3323,PORTUGALETE - GALDAMES,3848.0,2305.0,952.0,42.0,151.0,238.0,2.0,60.0,40.0,2021-07-01,1,0
2021,8,A3323,PORTUGALETE - GALDAMES,2869.0,1623.0,831.0,12.0,19.0,202.0,13.0,60.0,35.0,2021-08-01,1,0
2021,9,A3323,PORTUGALETE - GALDAMES,3863.0,2357.0,925.0,48.0,86.0,211.0,1.0,31.0,79.0,2021-09-01,1,0
2021,10,A3323,PORTUGALETE - GALDAMES,3901.0,2261.0,1000.0,85.0,140.0,192.0,1.0,15.0,74.0,2021-10-01,1,0
2021,11,A3323,PORTUGALETE - GALDAMES,3675.0,2106.0,903.0,76.0,161.0,234.0,2.0,15.0,68.0,2021-11-01,1,0
2021,12,A3323,PORTUGALETE - GALDAMES,3438.0,1984.0,889.0,71.0,165.0,188.0,0.0,9.0,45.0,2021-12-01,1,0
2022,1,A3323,PORTUGALETE - GALDAMES,3439.0,1936.0,845.0,84.0,201.0,219.0,0.0,14.0,68.0,2022-01-01,0,0
2022,2,A3323,PORTUGALETE - GALDAMES,3971.0,2222.0,948.0,129.0,271.0,188.0,2.0,12.0,81.0,2022-02-01,0,0
2022,3,A3323,PORTUGALETE - GALDAMES,4514.0,2496.0,1105.0,183.0,258.0,212.0,2.0,30.0,73.0,2022-03-01,0,0
2022,4,A3323,PORTUGALETE - GALDAMES,3559.0,1995.0,934.0,86.0,177.0,204.0,1.0,16.0,46.0,2022-04-01,0,0
2022,5,A3323,PORTUGALETE - GALDAMES,4609.0,2614.0,1156.0,134.0,246.0,254.0,0.0,20.0,83.0,2022-05-01,0,0
2022,6,A3323,PORTUGALETE - GALDAMES,4397.0,2576.0,1141.0,57.0,155.0,263.0,0.0,44.0,58.0,2022-06-01,0,0
2022,7,A3323,PORTUGALETE - GALDAMES,3623.0,2044.0,969.0,58.0,136.0,232.0,0.0,76.0,55.0,2022-07-01,0,0
2022,8,A3323,PORTUGALETE - GALDAMES,2966.0,1652.0,841.0,17.0,103.0,236.0,0.0,41.0,28.0,2022-08-01,0,0
2022,9,A3323,PORTUGALETE - GALDAMES,4172.0,2541.0,1062.0,107.0,209.0,131.0,0.0,29.0,43.0,2022-09-01,0,1
2022,10,A3323,PORTUGALETE - GALDAMES,4483.0,2680.0,1096.0,127.0,261.0,132.0,0.0,31.0,47.0,2022-10-01,0,1
2022,11,A3323,PORTUGALETE - GALDAMES,4220.0,2594.0,966.0,94.0,225.0,139.0,0.0,22.0,79.0,2022-11-01,0,1
2022,12,A3323,PORTUGALETE - GALDAMES,3960.0,2482.0,916.0,74.0,196.0,140.0,0.0,22.0,66.0,2022-12-01,0,1
2023,1,A3323,PORTUGALETE - GALDAMES,3604.0,2207.0,872.0,92.0,169.0,125.0,0.0,21.0,47.0,2023-01-01,0,1
2023,2,A3323,PORTUGALETE - GALDAMES,3621.0,2264.0,874.0,51.0,160.0,105.0,0.0,32.0,53.0,2023-02-01,0,1
2023,3,A3323,PORTUGALETE - GALDAMES,4178.0,2646.0,1019.0,70.0,143.0,125.0,0.0,27.0,66.0,2023-03-01,0,1
2023,4,A3323,PORTUGALETE - GALDAMES,3586.0,2265.0,880.0,77.0,104.0,118.0,0.0,25.0,56.0,2023-04-01,0,1
2023,5,A3323,PORTUGALETE - GALDAMES,4853.0,3143.0,1119.0,120.0,136.0,175.0,0.0,32.0,34.0,2023-05-01,0,1
2023,6,A3323,PORTUGALETE - GALDAMES,4663.0,2942.0,1170.0,45.0,201.0,134.0,0.0,38.0,61.0,2023-06-01,0,1
2023,7,A3323,PORTUGALETE - GALDAMES,3941.0,2415.0,983.0,27.0,180.0,192.0,0.0,42.0,52.0,2023-07-01,0,1
2023,8,A3323,PORTUGALETE - GALDAMES,3389.0,2080.0,910.0,32.0,75.0,161.0,0.0,37.0,33.0,2023-08-01,0,1
2023,9,A3323,PORTUGALETE - GALDAMES,4681.0,2944.0,1085.0,70.0,207.0,163.0,0.0,58.0,48.0,2023-09-01,0,1
2023,10,A3323,PORTUGALETE - GALDAMES,5013.0,3145.0,1157.0,50.0,247.0,194.0,0.0,48.0,69.0,2023-10-01,0,1
2023,11,A3323,PORTUGALETE - GALDAMES,4694.0,2929.0,1056.0,79.0,248.0,174.0,0.0,27.0,65.0,2023-11-01,0,1
2023,12,A3323,PORTUGALETE - GALDAMES,4320.0,2746.0,960.0,81.0,122.0,200.0,0.0,30.0,58.0,2023-12-01,0,1
2024,1,A3323,PORTUGALETE - GALDAMES,4655.0,2903.0,1001.0,108.0,159.0,204.0,1.0,31.0,102.0,2024-01-01,0,1
2024,2,A3323,PORTUGALETE - GALDAMES,4729.0,2992.0,1034.0,99.0,130.0,179.0,0.0,27.0,76.0,2024-02-01,0,1
2024,3,A3323,PORTUGALETE - GALDAMES,4464.0,2707.0,1050.0,110.0,126.0,156.0,0.0,24.0,77.0,2024-03-01,0,1
2024,4,A3323,PORTUGALETE - GALDAMES,4990.0,3017.0,1145.0,122.0,187.0,176.0,0.0,29.0,87.0,2024-04-01,0,1
2024,5,A3323,PORTUGALETE - GALDAMES,5675.0,3636.0,1238.0,114.0,177.0,172.0,0.0,31.0,63.0,2024-05-01,0,1
2024,6,A3323,PORTUGALETE - GALDAMES,4949.0,3116.0,1086.0,66.0,244.0,138.0,0.0,38.0,62.0,2024-06-01,0,1
2024,7,A3323,PORTUGALETE - GALDAMES,4860.0,2977.0,1090.0,63.0,305.0,193.0,0.0,61.0,35.0,2024-07-01,0,1
2024,8,A3323,PORTUGALETE - GALDAMES,4175.0,2481.0,1018.0,47.0,245.0,160.0,0.0,44.0,65.0,2024-08-01,0,1
2024,9,A3323,PORTUGALETE - GALDAMES,5315.0,3081.0,1140.0,123.0,397.0,188.0,0.0,30.0,57.0,2024-09-01,0,1
2024,10,A3323,PORTUGALETE - GALDAMES,6122.0,3502.0,1253.0,147.0,566.0,171.0,0.0,26.0,79.0,2024-10-01,0,1
2024,11,A3323,PORTUGALETE - GALDAMES,5892.0,3308.0,1204.0,115.0,572.0,160.0,0.0,43.0,101.0,2024-11-01,0,1
2024,12,A3323,PORTUGALETE - GALDAMES,5027.0,2889.0,1135.0,89.0,315.0,161.0,0.0,38.0,106.0,2024-12-01,0,1
2025,1,A3323,PORTUGALETE - GALDAMES,5230.0,3068.0,1163.0,133.0,345.0,133.0,0.0,24.0,83.0,2025-01-01,0,1
2025,2,A3323,PORTUGALETE - GALDAMES,5212.0,3030.0,1167.0,132.0,293.0,116.0,0.0,26.0,110.0,2025-02-01,0,1
2025,3,A3323,PORTUGALETE - GALDAMES,5621.0,3227.0,1295.0,165.0,330.0,154.0,0.0,36.0,109.0,2025-03-01,0,1
2025,4,A3323,PORTUGALETE - GALDAMES,4960.0,2936.0,1087.0,143.0,311.0,137.0,0.0,54.0,85.0,2025-04-01,0,1
2025,5,A3323,PORTUGALETE - GALDAMES,6272.0,3663.0,1305.0,191.0,508.0,159.0,0.0,60.0,110.0,2025-05-01,0,1
2025,6,A3323,PORTUGALETE - GALDAMES,5755.0,3465.0,1293.0,71.0,397.0,135.0,0.0,61.0,91.0,2025-06-01,0,1
2025,7,A3323,PORTUGALETE - GALDAMES,5244.0,3224.0,1183.0,37.0,283.0,114.0,0.0,72.0,64.0,2025-07-01,0,1
2025,8,A3323,PORTUGALETE - GALDAMES,4201.0,2517.0,1032.0,24.0,222.0,154.0,0.0,51.0,64.0,2025-08-01,0,1
2025,9,A3323,PORTUGALETE - GALDAMES,5854.0,3571.0,1213.0,148.0,391.0,117.0,0.0,39.0,79.0,2025-09-01,0,1
2025,10,A3323,PORTUGALETE - GALDAMES,6568.0,3721.0,1407.0,213.0,561.0,130.0,0.0,36.0,103.0,2025-10-01,0,1
2025,11,A3323,PORTUGALETE - GALDAMES,5743.0,3275.0,1176.0,185.0,494.0,102.0,0.0,31.0,90.0,2025-11-01,0,1
2025,12,A3323,PORTUGALETE - GALDAMES,5490.0,3063.0,1254.0,113.0,442.0,132.0,0.0,35.0,122.0,2025-12-01,0,1
2020,1,A3321,PORTUGALETE - ZIERBENA - La Arena - MUSKIZ,20539.0,9926.0,4698.0,1633.0,990.0,1963.0,31.0,363.0,313.0,2020-01-01,1,0
2020,2,A3321,PORTUGALETE - ZIERBENA - La Arena - MUSKIZ,21182.0,10202.0,4970.0,1497.0,956.0,1974.0,45.0,484.0,283.0,2020-02-01,1,0
2020,3,A3321,PORTUGALETE - ZIERBENA - La Arena - MUSKIZ,9861.0,5252.0,2086.0,697.0,413.0,746.0,9.0,170.0,132.0,2020-03-01,1,0
2020,4,A3321,PORTUGALETE - ZIERBENA - La Arena - MUSKIZ,2917.0,2119.0,684.0,33.0,13.0,0.0,0.0,4.0,12.0,2020-04-01,1,0
2020,5,A3321,PORTUGALETE - ZIERBENA - La Arena - MUSKIZ,7949.0,5833.0,1690.0,42.0,57.0,0.0,0.0,42.0,49.0,2020-05-01,1,0
2020,6,A3321,PORTUGALETE - ZIERBENA - La Arena - MUSKIZ,23081.0,16812.0,4590.0,183.0,235.0,0.0,0.0,234.0,219.0,2020-06-01,1,0
2020,7,A3321,PORTUGALETE - ZIERBENA - La Arena - MUSKIZ,33699.0,24499.0,6698.0,289.0,432.0,0.0,0.0,409.0,345.0,2020-07-01,1,0
2020,8,A3321,PORTUGALETE - ZIERBENA - La Arena - MUSKIZ,26982.0,19317.0,5693.0,224.0,351.0,0.0,0.0,433.0,226.0,2020-08-01,1,0
2020,9,A3321,PORTUGALETE - ZIERBENA - La Arena - MUSKIZ,22298.0,15316.0,4511.0,740.0,603.0,0.0,0.0,153.0,166.0,2020-09-01,1,0
2020,10,A3321,PORTUGALETE - ZIERBENA - La Arena - MUSKIZ,15591.0,9509.0,2870.0,1608.0,714.0,0.0,0.0,80.0,95.0,2020-10-01,1,0
2020,11,A3321,PORTUGALETE - ZIERBENA - La Arena - MUSKIZ,13376.0,7996.0,2236.0,1606.0,727.0,0.0,0.0,85.0,112.0,2020-11-01,1,0
2020,12,A3321,PORTUGALETE - ZIERBENA - La Arena - MUSKIZ,13061.0,8430.0,2351.0,948.0,466.0,61.0,0.0,120.0,137.0,2020-12-01,1,0
2021,1,A3321,PORTUGALETE - ZIERBENA - La Arena - MUSKIZ,12765.0,7745.0,2044.0,1139.0,587.0,335.0,16.0,106.0,171.0,2021-01-01,1,0
2021,2,A3321,PORTUGALETE - ZIERBENA - La Arena - MUSKIZ,13466.0,8093.0,2039.0,1285.0,679.0,425.0,1.0,154.0,254.0,2021-02-01,1,0
2021,3,A3321,PORTUGALETE - ZIERBENA - La Arena - MUSKIZ,18152.0,10957.0,3052.0,1314.0,743.0,767.0,8.0,224.0,365.0,2021-03-01,1,0
2021,4,A3321,PORTUGALETE - ZIERBENA - La Arena - MUSKIZ,17072.0,10412.0,3074.0,1071.0,578.0,779.0,0.0,206.0,425.0,2021-04-01,1,0
2021,5,A3321,PORTUGALETE - ZIERBENA - La Arena - MUSKIZ,19888.0,12216.0,3700.0,1136.0,652.0,861.0,2.0,207.0,433.0,2021-05-01,1,0
2021,6,A3321,PORTUGALETE - ZIERBENA - La Arena - MUSKIZ,28369.0,18189.0,5414.0,465.0,422.0,1911.0,2.0,474.0,571.0,2021-06-01,1,0
2021,7,A3321,PORTUGALETE - ZIERBENA - La Arena - MUSKIZ,33692.0,21448.0,6519.0,370.0,380.0,2596.0,5.0,656.0,623.0,2021-07-01,1,0
2021,8,A3321,PORTUGALETE - ZIERBENA - La Arena - MUSKIZ,29825.0,17367.0,7066.0,193.0,345.0,2887.0,4.0,641.0,520.0,2021-08-01,1,0
2021,9,A3321,PORTUGALETE - ZIERBENA - La Arena - MUSKIZ,22948.0,12994.0,4510.0,1097.0,815.0,1992.0,1.0,340.0,507.0,2021-09-01,1,0
2021,10,A3321,PORTUGALETE - ZIERBENA - La Arena - MUSKIZ,19970.0,10715.0,4269.0,1371.0,833.0,1381.0,7.0,279.0,490.0,2021-10-01,1,0
2021,11,A3321,PORTUGALETE - ZIERBENA - La Arena - MUSKIZ,17779.0,9669.0,3304.0,1460.0,843.0,1151.0,2.0,226.0,448.0,2021-11-01,1,0
2021,12,A3321,PORTUGALETE - ZIERBENA - La Arena - MUSKIZ,16321.0,9380.0,3323.0,769.0,574.0,1209.0,0.0,201.0,355.0,2021-12-01,1,0
2022,1,A3321,PORTUGALETE - ZIERBENA - La Arena - MUSKIZ,16530.0,9674.0,3233.0,1019.0,509.0,1025.0,0.0,219.0,370.0,2022-01-01,0,0
2022,2,A3321,PORTUGALETE - ZIERBENA - La Arena - MUSKIZ,17323.0,9981.0,3478.0,1112.0,553.0,941.0,0.0,230.0,390.0,2022-02-01,0,0
2022,3,A3321,PORTUGALETE - ZIERBENA - La Arena - MUSKIZ,20754.0,11929.0,3999.0,1275.0,617.0,1398.0,0.0,348.0,429.0,2022-03-01,0,0
2022,4,A3321,PORTUGALETE - ZIERBENA - La Arena - MUSKIZ,18656.0,10850.0,3733.0,664.0,444.0,1580.0,0.0,379.0,388.0,2022-04-01,0,0
2022,5,A3321,PORTUGALETE - ZIERBENA - La Arena - MUSKIZ,23883.0,13924.0,4904.0,828.0,797.0,1850.0,0.0,401.0,470.0,2022-05-01,0,0
2022,6,A3321,PORTUGALETE - ZIERBENA - La Arena - MUSKIZ,30004.0,18217.0,5939.0,531.0,636.0,2598.0,3.0,605.0,597.0,2022-06-01,0,0
2022,7,A3321,PORTUGALETE - ZIERBENA - La Arena - MUSKIZ,39236.0,23283.0,8780.0,324.0,474.0,3678.0,2.0,979.0,694.0,2022-07-01,0,0
2022,8,A3321,PORTUGALETE - ZIERBENA - La Arena - MUSKIZ,30855.0,17216.0,8100.0,205.0,249.0,2967.0,2.0,758.0,576.0,2022-08-01,0,0
2022,9,A3321,PORTUGALETE - ZIERBENA - La Arena - MUSKIZ,24257.0,14064.0,5637.0,987.0,710.0,1236.0,1.0,351.0,508.0,2022-09-01,0,1
2022,10,A3321,PORTUGALETE - ZIERBENA - La Arena - MUSKIZ,20921.0,11836.0,4919.0,1186.0,687.0,913.0,0.0,222.0,478.0,2022-10-01,0,1
2022,11,A3321,PORTUGALETE - ZIERBENA - La Arena - MUSKIZ,18042.0,10345.0,4032.0,1075.0,640.0,596.0,0.0,272.0,376.0,2022-11-01,0,1
2022,12,A3321,PORTUGALETE - ZIERBENA - La Arena - MUSKIZ,15916.0,9487.0,3565.0,542.0,399.0,669.0,0.0,275.0,374.0,2022-12-01,0,1
2023,1,A3321,PORTUGALETE - ZIERBENA - La Arena - MUSKIZ,16.397,10199.0,3303.0,729.0,394.0,603.0,0.0,245.0,312.0,2023-01-01,0,1
2023,2,A3321,PORTUGALETE - ZIERBENA - La Arena - MUSKIZ,17665.0,10802.0,3597.0,879.0,500.0,695.0,0.0,236.0,348.0,2023-02-01,0,1
2023,3,A3321,PORTUGALETE - ZIERBENA - La Arena - MUSKIZ,20900.0,12839.0,4546.0,907.0,586.0,769.0,1.0,289.0,355.0,2023-03-01,0,1
2023,4,A3321,PORTUGALETE - ZIERBENA - La Arena - MUSKIZ,19955.0,12691.0,4360.0,497.0,417.0,808.0,2.0,390.0,408.0,2023-04-01,0,1
2023,5,A3321,PORTUGALETE - ZIERBENA - La Arena - MUSKIZ,23726.0,14960.0,4823.0,922.0,568.0,964.0,0.0,403.0,556.0,2023-05-01,0,1
2023,6,A3321,PORTUGALETE - ZIERBENA - La Arena - MUSKIZ,33486.0,21746.0,6902.0,570.0,612.0,1397.0,0.0,659.0,709.0,2023-06-01,0,1
2023,7,A3321,PORTUGALETE - ZIERBENA - La Arena - MUSKIZ,37853.0,23860.0,8723.0,293.0,353.0,2056.0,3.0,922.0,742.0,2023-07-01,0,1
2023,8,A3321,PORTUGALETE - ZIERBENA - La Arena - MUSKIZ,35376.0,22462.0,8341.0,200.0,401.0,1786.0,0.0,902.0,575.0,2023-08-01,0,1
2023,9,A3321,PORTUGALETE - ZIERBENA - La Arena - MUSKIZ,28647.0,17973.0,6136.0,956.0,705.0,1106.0,1.0,437.0,615.0,2023-09-01,0,1
2023,10,A3321,PORTUGALETE - ZIERBENA - La Arena - MUSKIZ,27169.0,16056.0,5944.0,1379.0,946.0,948.0,0.0,425.0,620.0,2023-10-01,0,1
2023,11,A3321,PORTUGALETE - ZIERBENA - La Arena - MUSKIZ,22585.0,13352.0,4571.0,1319.0,850.0,723.0,0.0,368.0,510.0,2023-11-01,0,1
2023,12,A3321,PORTUGALETE - ZIERBENA - La Arena - MUSKIZ,20732.0,12882.0,4210.0,647.0,568.0,812.0,0.0,398.0,520.0,2023-12-01,0,1
2024,1,A3321,PORTUGALETE - ZIERBENA - La Arena - MUSKIZ,21476.0,12393.0,4285.0,1145.0,715.0,1020.0,2.0,364.0,414.0,2024-01-01,0,1
2024,2,A3321,PORTUGALETE - ZIERBENA - La Arena - MUSKIZ,21031.0,12070.0,4415.0,1189.0,586.0,836.0,3.0,350.0,434.0,2024-02-01,0,1
2024,3,A3321,PORTUGALETE - ZIERBENA - La Arena - MUSKIZ,22343.0,13050.0,4960.0,934.0,627.0,816.0,3.0,400.0,465.0,2024-03-01,0,1
2024,4,A3321,PORTUGALETE - ZIERBENA - La Arena - MUSKIZ,25327.0,14945.0,5432.0,935.0,540.0,1136.0,1.0,505.0,517.0,2024-04-01,0,1
2024,5,A3321,PORTUGALETE - ZIERBENA - La Arena - MUSKIZ,25172.0,14739.0,5455.0,1133.0,537.0,936.0,0.0,422.0,516.0,2024-05-01,0,1
2024,6,A3321,PORTUGALETE - ZIERBENA - La Arena - MUSKIZ,33101.0,20458.0,7056.0,534.0,621.0,1380.0,0.0,640.0,689.0,2024-06-01,0,1
2024,7,A3321,PORTUGALETE - ZIERBENA - La Arena - MUSKIZ,47616.0,30418.0,9952.0,320.0,668.0,2083.0,4.0,1398.0,870.0,2024-07-01,0,1
2024,8,A3321,PORTUGALETE - ZIERBENA - La Arena - MUSKIZ,38172.0,23498.0,9069.0,160.0,479.0,1794.0,1.0,932.0,650.0,2024-08-01,0,1
2024,9,A3321,PORTUGALETE - ZIERBENA - La Arena - MUSKIZ,26255.0,15283.0,5526.0,1051.0,738.0,1015.0,0.0,512.0,582.0,2024-09-01,0,1
2024,10,A3321,PORTUGALETE - ZIERBENA - La Arena - MUSKIZ,28213.0,15711.0,5847.0,1606.0,1001.0,924.0,0.0,479.0,507.0,2024-10-01,0,1
2024,11,A3321,PORTUGALETE - ZIERBENA - La Arena - MUSKIZ,24440.0,13448.0,5195.0,1267.0,938.0,842.0,0.0,389.0,465.0,2024-11-01,0,1
2024,12,A3321,PORTUGALETE - ZIERBENA - La Arena - MUSKIZ,22255.0,12553.0,4785.0,924.0,694.0,918.0,1.0,398.0,479.0,2024-12-01,0,1
2025,1,A3321,PORTUGALETE - ZIERBENA - La Arena - MUSKIZ,24217.0,13638.0,4831.0,1288.0,888.0,885.0,0.0,419.0,464.0,2025-01-01,0,1
2025,2,A3321,PORTUGALETE - ZIERBENA - La Arena - MUSKIZ,25186.0,14084.0,5263.0,1247.0,882.0,855.0,0.0,469.0,473.0,2025-02-01,0,1
2025,3,A3321,PORTUGALETE - ZIERBENA - La Arena - MUSKIZ,25918.0,14603.0,5595.0,998.0,847.0,903.0,1.0,422.0,589.0,2025-03-01,0,1
2025,4,A3321,PORTUGALETE - ZIERBENA - La Arena - MUSKIZ,25494.0,15299.0,5461.0,724.0,653.0,646.0,0.0,428.0,461.0,2025-04-01,0,1
2025,5,A3321,PORTUGALETE - ZIERBENA - La Arena - MUSKIZ,30681.0,18725.0,6152.0,852.0,738.0,922.0,0.0,594.0,545.0,2025-05-01,0,1
2025,6,A3321,PORTUGALETE - ZIERBENA - La Arena - MUSKIZ,48211.0,31967.0,8837.0,657.0,774.0,1399.0,1.0,964.0,813.0,2025-06-01,0,1
2025,7,A3321,PORTUGALETE - ZIERBENA - La Arena - MUSKIZ,43382.0,27950.0,9353.0,261.0,580.0,1392.0,0.0,1073.0,638.0,2025-07-01,0,1
2025,8,A3321,PORTUGALETE - ZIERBENA - La Arena - MUSKIZ,41704.0,26600.0,9124.0,249.0,553.0,1441.0,1.0,1126.0,618.0,2025-08-01,0,1
2025,9,A3321,PORTUGALETE - ZIERBENA - La Arena - MUSKIZ,30562.0,18506.0,5782.0,1178.0,1159.0,738.0,1.0,543.0,637.0,2025-09-01,0,1
2025,10,A3321,PORTUGALETE - ZIERBENA - La Arena - MUSKIZ,30683.0,17324.0,5935.0,1698.0,1458.0,652.0,0.0,604.0,646.0,2025-10-01,0,1
2025,11,A3321,PORTUGALETE - ZIERBENA - La Arena - MUSKIZ,25520.0,14104.0,4888.0,1436.0,1300.0,586.0,0.0,577.0,459.0,2025-11-01,0,1
2025,12,A3321,PORTUGALETE - ZIERBENA - La Arena - MUSKIZ,24912.0,14075.0,5094.0,1070.0,1211.0,566.0,0.0,582.0,483.0,2025-12-01,0,1
2020,1,A3334,SANTURTZI - BALMASEDA,5408.0,2855.0,1271.0,337.0,79.0,551.0,3.0,55.0,71.0,2020-01-01,1,0
2020,2,A3334,SANTURTZI - BALMASEDA,5461.0,3001.0,1229.0,231.0,90.0,590.0,0.0,45.0,74.0,2020-02-01,1,0
2020,3,A3334,SANTURTZI - BALMASEDA,2690.0,1580.0,576.0,134.0,38.0,238.0,0.0,13.0,32.0,2020-03-01,1,0
2020,4,A3334,SANTURTZI - BALMASEDA,595.0,502.0,89.0,0.0,0.0,0.0,0.0,0.0,3.0,2020-04-01,1,0
2020,5,A3334,SANTURTZI - BALMASEDA,1516.0,1159.0,327.0,0.0,1.0,0.0,0.0,7.0,12.0,2020-05-01,1,0
2020,6,A3334,SANTURTZI - BALMASEDA,3293.0,2491.0,652.0,3.0,14.0,0.0,0.0,10.0,65.0,2020-06-01,1,0
2020,7,A3334,SANTURTZI - BALMASEDA,3936.0,2972.0,823.0,14.0,41.0,2.0,0.0,21.0,8.0,2020-07-01,1,0
2020,8,A3334,SANTURTZI - BALMASEDA,3138.0,2285.0,745.0,24.0,4.0,2.0,0.0,20.0,12.0,2020-08-01,1,0
2020,9,A3334,SANTURTZI - BALMASEDA,4063.0,2842.0,888.0,147.0,37.0,0.0,0.0,19.0,29.0,2020-09-01,1,0
2020,10,A3334,SANTURTZI - BALMASEDA,4011.0,2682.0,672.0,348.0,119.0,1.0,0.0,14.0,24.0,2020-10-01,1,0
2020,11,A3334,SANTURTZI - BALMASEDA,3343.0,2303.0,445.0,313.0,86.0,0.0,0.0,11.0,25.0,2020-11-01,1,0
2020,12,A3334,SANTURTZI - BALMASEDA,3538.0,2495.0,611.0,159.0,51.0,14.0,0.0,11.0,44.0,2020-12-01,1,0
2021,1,A3334,SANTURTZI - BALMASEDA,3563.0,2406.0,521.0,182.0,109.0,138.0,0.0,16.0,49.0,2021-01-01,1,0
2021,2,A3334,SANTURTZI - BALMASEDA,3422.0,2352.0,460.0,134.0,73.0,195.0,0.0,23.0,64.0,2021-02-01,1,0
2021,3,A3334,SANTURTZI - BALMASEDA,4707.0,3037.0,771.0,179.0,88.0,254.0,0.0,36.0,123.0,2021-03-01,1,0
2021,4,A3334,SANTURTZI - BALMASEDA,4030.0,2577.0,683.0,164.0,57.0,262.0,0.0,37.0,105.0,2021-04-01,1,0
2021,5,A3334,SANTURTZI - BALMASEDA,5053.0,3216.0,970.0,157.0,81.0,318.0,1.0,26.0,100.0,2021-05-01,1,0
2021,6,A3334,SANTURTZI - BALMASEDA,4820.0,3078.0,978.0,12.0,47.0,438.0,0.0,66.0,99.0,2021-06-01,1,0
2021,7,A3334,SANTURTZI - BALMASEDA,4818.0,3184.0,930.0,6.0,53.0,435.0,1.0,60.0,68.0,2021-07-01,1,0
2021,8,A3334,SANTURTZI - BALMASEDA,4154.0,2570.0,802.0,4.0,20.0,523.0,0.0,91.0,73.0,2021-08-01,1,0
2021,9,A3334,SANTURTZI - BALMASEDA,5299.0,3063.0,971.0,281.0,78.0,516.0,0.0,82.0,109.0,2021-09-01,1,0
2021,10,A3334,SANTURTZI - BALMASEDA,5333.0,3052.0,946.0,318.0,102.0,515.0,2.0,61.0,89.0,2021-10-01,1,0
2021,11,A3334,SANTURTZI - BALMASEDA,5155.0,2976.0,868.0,318.0,103.0,454.0,0.0,56.0,84.0,2021-11-01,1,0
2021,12,A3334,SANTURTZI - BALMASEDA,4529.0,2654.0,854.0,121.0,62.0,505.0,1.0,56.0,84.0,2021-12-01,1,0
2022,1,A3334,SANTURTZI - BALMASEDA,4531.0,2756.0,688.0,216.0,89.0,440.0,0.0,70.0,75.0,2022-01-01,0,0
2022,2,A3334,SANTURTZI - BALMASEDA,5153.0,3004.0,823.0,282.0,119.0,506.0,4.0,89.0,73.0,2022-02-01,0,0
2022,3,A3334,SANTURTZI - BALMASEDA,6039.0,3471.0,1024.0,332.0,108.0,578.0,0.0,100.0,124.0,2022-03-01,0,0
2022,4,A3334,SANTURTZI - BALMASEDA,4872.0,2980.0,831.0,230.0,69.0,411.0,0.0,63.0,90.0,2022-04-01,0,0
2022,5,A3334,SANTURTZI - BALMASEDA,6050.0,3453.0,1119.0,334.0,90.0,628.0,0.0,101.0,79.0,2022-05-01,0,0
2022,6,A3334,SANTURTZI - BALMASEDA,5457.0,3229.0,1074.0,56.0,52.0,607.0,0.0,104.0,139.0,2022-06-01,0,0
2022,7,A3334,SANTURTZI - BALMASEDA,5119.0,3142.0,950.0,33.0,59.0,587.0,1.0,49.0,69.0,2022-07-01,0,0
2022,8,A3334,SANTURTZI - BALMASEDA,4118.0,2505.0,891.0,6.0,33.0,463.0,3.0,50.0,95.0,2022-08-01,0,0
2022,9,A3334,SANTURTZI - BALMASEDA,5598.0,3427.0,1012.0,364.0,117.0,340.0,3.0,67.0,83.0,2022-09-01,0,1
2022,10,A3334,SANTURTZI - BALMASEDA,6208.0,3635.0,1228.0,421.0,176.0,329.0,0.0,54.0,100.0,2022-10-01,0,1
2022,11,A3334,SANTURTZI - BALMASEDA,5273.0,3121.0,917.0,370.0,184.0,277.0,3.0,72.0,98.0,2022-11-01,0,1
2022,12,A3334,SANTURTZI - BALMASEDA,5200.0,3242.0,960.0,242.0,112.0,316.0,0.0,50.0,74.0,2022-12-01,0,1
2023,1,A3334,SANTURTZI - BALMASEDA,5262.0,3176.0,859.0,402.0,152.0,256.0,1.0,41.0,103.0,2023-01-01,0,1
2023,2,A3334,SANTURTZI - BALMASEDA,5224.0,3134.0,978.0,278.0,157.0,317.0,3.0,47.0,78.0,2023-02-01,0,1
2023,3,A3334,SANTURTZI - BALMASEDA,6109.0,3716.0,1097.0,392.0,163.0,337.0,0.0,57.0,96.0,2023-03-01,0,1
2023,4,A3334,SANTURTZI - BALMASEDA,5384.0,3312.0,1079.0,224.0,115.0,301.0,0.0,53.0,94.0,2023-04-01,0,1
2023,5,A3334,SANTURTZI - BALMASEDA,6845.0,4227.0,1355.0,298.0,140.0,342.0,0.0,64.0,125.0,2023-05-01,0,1
2023,6,A3334,SANTURTZI - BALMASEDA,6020.0,3837.0,1263.0,61.0,90.0,357.0,2.0,68.0,122.0,2023-06-01,0,1
2023,7,A3334,SANTURTZI - BALMASEDA,5823.0,3970.0,1038.0,25.0,50.0,463.0,0.0,62.0,64.0,2023-07-01,0,1
2023,8,A3334,SANTURTZI - BALMASEDA,4967.0,3296.0,1012.0,35.0,37.0,333.0,0.0,49.0,86.0,2023-08-01,0,1
2023,9,A3334,SANTURTZI - BALMASEDA,6603.0,4168.0,1129.0,308.0,116.0,365.0,0.0,61.0,131.0,2023-09-01,0,1
2023,10,A3334,SANTURTZI - BALMASEDA,7502.0,4798.0,1177.0,351.0,165.0,430.0,0.0,115.0,103.0,2023-10-01,0,1
2023,11,A3334,SANTURTZI - BALMASEDA,6952.0,4392.0,1122.0,290.0,223.0,361.0,0.0,96.0,106.0,2023-11-01,0,1
2023,12,A3334,SANTURTZI - BALMASEDA,5901.0,3742.0,1044.0,182.0,135.0,317.0,0.0,81.0,128.0,2023-12-01,0,1
2024,1,A3334,SANTURTZI - BALMASEDA,6643.0,4017.0,1230.0,296.0,203.0,308.0,0.0,105.0,131.0,2024-01-01,0,1
2024,2,A3334,SANTURTZI - BALMASEDA,6681.0,4202.0,1047.0,226.0,174.0,377.0,0.0,133.0,124.0,2024-02-01,0,1
2024,3,A3334,SANTURTZI - BALMASEDA,6209.0,3932.0,1067.0,171.0,145.0,335.0,0.0,98.0,117.0,2024-03-01,0,1
2024,4,A3334,SANTURTZI - BALMASEDA,6845.0,4305.0,1165.0,214.0,169.0,399.0,0.0,100.0,135.0,2024-04-01,0,1
2024,5,A3334,SANTURTZI - BALMASEDA,7460.0,4728.0,1314.0,168.0,146.0,378.0,0.0,136.0,113.0,2024-05-01,0,1
2024,6,A3334,SANTURTZI - BALMASEDA,6674.0,4451.0,1195.0,92.0,120.0,347.0,2.0,89.0,96.0,2024-06-01,0,1
2024,7,A3334,SANTURTZI - BALMASEDA,6879.0,4743.0,1061.0,40.0,283.0,310.0,0.0,70.0,78.0,2024-07-01,0,1
2024,8,A3334,SANTURTZI - BALMASEDA,5894.0,3910.0,903.0,34.0,371.0,275.0,0.0,75.0,58.0,2024-08-01,0,1
2024,9,A3334,SANTURTZI - BALMASEDA,7388.0,4733.0,1127.0,162.0,443.0,335.0,0.0,66.0,99.0,2024-09-01,0,1
2024,10,A3334,SANTURTZI - BALMASEDA,8507.0,5226.0,1339.0,239.0,554.0,306.0,0.0,74.0,136.0,2024-10-01,0,1
2024,11,A3334,SANTURTZI - BALMASEDA,7690.0,4583.0,1248.0,209.0,665.0,240.0,1.0,82.0,118.0,2024-11-01,0,1
2024,12,A3334,SANTURTZI - BALMASEDA,6826.0,4116.0,1153.0,166.0,459.0,262.0,0.0,65.0,90.0,2024-12-01,0,1
2025,1,A3334,SANTURTZI - BALMASEDA,7525.0,4436.0,1234.0,258.0,579.0,316.0,0.0,82.0,101.0,2025-01-01,0,1
2025,2,A3334,SANTURTZI - BALMASEDA,7940.0,4789.0,1272.0,252.0,653.0,273.0,0.0,61.0,126.0,2025-02-01,0,1
2025,3,A3334,SANTURTZI - BALMASEDA,8079.0,5032.0,1308.0,185.0,571.0,244.0,0.0,73.0,144.0,2025-03-01,0,1
2025,4,A3334,SANTURTZI - BALMASEDA,6911.0,4246.0,1257.0,114.0,497.0,202.0,0.0,84.0,103.0,2025-04-01,0,1
2025,5,A3334,SANTURTZI - BALMASEDA,8524.0,5294.0,1373.0,154.0,701.0,242.0,0.0,85.0,140.0,2025-05-01,0,1
2025,6,A3334,SANTURTZI - BALMASEDA,7730.0,5136.0,1256.0,71.0,494.0,236.0,1.0,74.0,138.0,2025-06-01,0,1
2025,7,A3334,SANTURTZI - BALMASEDA,7874.0,5435.0,1228.0,62.0,345.0,245.0,0.0,136.0,78.0,2025-07-01,0,1
2025,8,A3334,SANTURTZI - BALMASEDA,6078.0,4024.0,953.0,65.0,334.0,248.0,0.0,121.0,78.0,2025-08-01,0,1
2025,9,A3334,SANTURTZI - BALMASEDA,8942.0,5428.0,1257.0,483.0,780.0,254.0,0.0,77.0,142.0,2025-09-01,0,1
2025,10,A3334,SANTURTZI - BALMASEDA,10545.0,6124.0,1516.0,619.0,1047.0,213.0,0.0,98.0,192.0,2025-10-01,0,1
2025,11,A3334,SANTURTZI - BALMASEDA,9315.0,5298.0,1290.0,628.0,902.0,222.0,0.0,87.0,125.0,2025-11-01,0,1
2025,12,A3334,SANTURTZI - BALMASEDA,8660.0,5125.0,1216.0,400.0,877.0,237.0,0.0,104.0,115.0,2025-12-01,0,1
2020,1,A3135,SESTAO - Cabieces,55034.0,29593.0,14351.0,1086.0,572.0,4231.0,13.0,1967.0,2246.0,2020-01-01,1,0
2020,2,A3135,SESTAO - Cabieces,54477.0,28906.0,14569.0,1127.0,620.0,4008.0,2.0,2131.0,2066.0,2020-02-01,1,0
2020,3,A3135,SESTAO - Cabieces,24071.0,13775.0,5788.0,491.0,294.0,1634.0,1.0,672.0,942.0,2020-03-01,1,0
2020,4,A3135,SESTAO - Cabieces,2608.0,2160.0,281.0,73.0,29.0,0.0,0.0,0.0,25.0,2020-04-01,1,0
2020,5,A3135,SESTAO - Cabieces,11413.0,8033.0,2800.0,114.0,36.0,0.0,0.0,85.0,196.0,2020-05-01,1,0
2020,6,A3135,SESTAO - Cabieces,30327.0,19958.0,8144.0,190.0,154.0,0.0,0.0,575.0,807.0,2020-06-01,1,0
2020,7,A3135,SESTAO - Cabieces,32591.0,21469.0,8627.0,241.0,325.0,0.0,0.0,707.0,775.0,2020-07-01,1,0
2020,8,A3135,SESTAO - Cabieces,28234.0,17768.0,8247.0,276.0,226.0,0.0,0.0,614.0,647.0,2020-08-01,1,0
2020,9,A3135,SESTAO - Cabieces,35090.0,22577.0,9402.0,460.0,352.0,0.0,0.0,735.0,987.0,2020-09-01,1,0
2020,10,A3135,SESTAO - Cabieces,36999.0,24129.0,9280.0,684.0,536.0,0.0,0.0,680.0,1033.0,2020-10-01,1,0
2020,11,A3135,SESTAO - Cabieces,32049.0,20686.0,8096.0,617.0,557.0,0.0,0.0,536.0,964.0,2020-11-01,1,0
2020,12,A3135,SESTAO - Cabieces,35837.0,23325.0,8680.0,532.0,490.0,262.0,0.0,705.0,1150.0,2020-12-01,1,0
2021,1,A3135,SESTAO - Cabieces,34061.0,21604.0,7687.0,498.0,537.0,948.0,1.0,856.0,1302.0,2021-01-01,1,0
2021,2,A3135,SESTAO - Cabieces,30894.0,18823.0,7315.0,579.0,448.0,1188.0,0.0,754.0,1179.0,2021-02-01,1,0
2021,3,A3135,SESTAO - Cabieces,38464.0,22326.0,9949.0,589.0,559.0,1610.0,15.0,1181.0,1612.0,2021-03-01,1,0
2021,4,A3135,SESTAO - Cabieces,34616.0,19999.0,8670.0,607.0,486.0,1687.0,3.0,1002.0,1572.0,2021-04-01,1,0
2021,5,A3135,SESTAO - Cabieces,41086.0,23807.0,10773.0,626.0,503.0,1871.0,1.0,1224.0,1557.0,2021-05-01,1,0
2021,6,A3135,SESTAO - Cabieces,41101.0,23938.0,10611.0,428.0,421.0,2107.0,10.0,1436.0,1421.0,2021-06-01,1,0
2021,7,A3135,SESTAO - Cabieces,37698.0,21742.0,9972.0,265.0,368.0,2278.0,8.0,1421.0,1060.0,2021-07-01,1,0
2021,8,A3135,SESTAO - Cabieces,32416.0,18052.0,8934.0,219.0,249.0,2453.0,3.0,1160.0,922.0,2021-08-01,1,0
2021,9,A3135,SESTAO - Cabieces,42354.0,23866.0,10980.0,570.0,524.0,2828.0,10.0,1368.0,1558.0,2021-09-01,1,0
2021,10,A3135,SESTAO - Cabieces,44124.0,24039.0,12146.0,707.0,642.0,2806.0,7.0,1278.0,1802.0,2021-10-01,1,0
2021,11,A3135,SESTAO - Cabieces,43714.0,24734.0,11319.0,613.0,749.0,2604.0,14.0,1179.0,1741.0,2021-11-01,1,0
2021,12,A3135,SESTAO - Cabieces,44050.0,24914.0,11384.0,509.0,645.0,3068.0,11.0,1194.0,1616.0,2021-12-01,1,0
2022,1,A3135,SESTAO - Cabieces,39457.0,22169.0,10442.0,560.0,549.0,2612.0,16.0,1091.0,1443.0,2022-01-01,0,0
2022,2,A3135,SESTAO - Cabieces,40629.0,22251.0,11175.0,681.0,496.0,2637.0,6.0,1212.0,1547.0,2022-02-01,0,0
2022,3,A3135,SESTAO - Cabieces,46944.0,25804.0,12816.0,900.0,630.0,2804.0,8.0,1413.0,1765.0,2022-03-01,0,0
2022,4,A3135,SESTAO - Cabieces,40569.0,21943.0,10953.0,693.0,616.0,2747.0,7.0,1454.0,1473.0,2022-04-01,0,0
2022,5,A3135,SESTAO - Cabieces,47863.0,25645.0,13724.0,754.0,723.0,2969.0,3.0,1557.0,1746.0,2022-05-01,0,0
2022,6,A3135,SESTAO - Cabieces,48652.0,26932.0,13287.0,404.0,554.0,3218.0,11.0,1774.0,1654.0,2022-06-01,0,0
2022,7,A3135,SESTAO - Cabieces,39601.0,21895.0,10982.0,257.0,395.0,2758.0,1.0,1570.0,1180.0,2022-07-01,0,0
2022,8,A3135,SESTAO - Cabieces,35794.0,19209.0,10233.0,247.0,272.0,2830.0,11.0,1388.0,1167.0,2022-08-01,0,0
2022,9,A3135,SESTAO - Cabieces,44950.0,25703.0,12467.0,578.0,734.0,1744.0,11.0,1406.0,1581.0,2022-09-01,0,1
2022,10,A3135,SESTAO - Cabieces,47774.0,26880.0,13620.0,684.0,877.0,1680.0,15.0,1581.0,1626.0,2022-10-01,0,1
2022,11,A3135,SESTAO - Cabieces,43190.0,24540.0,12205.0,617.0,823.0,1360.0,15.0,1364.0,1483.0,2022-11-01,0,1
2022,12,A3135,SESTAO - Cabieces,41251.0,24009.0,10924.0,511.0,590.0,1482.0,6.0,1470.0,1413.0,2022-12-01,0,1
2023,1,A3135,SESTAO - Cabieces,38.245,22532.0,10135.0,533.0,482.0,1132.0,2.0,1342.0,1341.0,2023-01-01,0,1
2023,2,A3135,SESTAO - Cabieces,36182.0,20666.0,10058.0,640.0,496.0,1099.0,7.0,1249.0,1309.0,2023-02-01,0,1
2023,3,A3135,SESTAO - Cabieces,42385.0,23794.0,12014.0,854.0,733.0,1244.0,4.0,1425.0,1573.0,2023-03-01,0,1
2023,4,A3135,SESTAO - Cabieces,43489.0,24728.0,11950.0,720.0,689.0,1454.0,0.0,1718.0,1504.0,2023-04-01,0,1
2023,5,A3135,SESTAO - Cabieces,53931.0,30705.0,15043.0,970.0,805.0,1764.0,3.0,1804.0,1814.0,2023-05-01,0,1
2023,6,A3135,SESTAO - Cabieces,55055.0,31639.0,14920.0,633.0,823.0,2021.0,13.0,1983.0,1829.0,2023-06-01,0,1
2023,7,A3135,SESTAO - Cabieces,46104.0,26859.0,12573.0,315.0,524.0,1806.0,3.0,1989.0,1316.0,2023-07-01,0,1
2023,8,A3135,SESTAO - Cabieces,45342.0,26653.0,11960.0,234.0,506.0,2077.0,5.0,2194.0,1097.0,2023-08-01,0,1
2023,9,A3135,SESTAO - Cabieces,55862.0,32593.0,14652.0,843.0,935.0,1972.0,2.0,2017.0,1698.0,2023-09-01,0,1
2023,10,A3135,SESTAO - Cabieces,58467.0,33753.0,15431.0,1135.0,1250.0,1957.0,0.0,2147.0,1598.0,2023-10-01,0,1
2023,11,A3135,SESTAO - Cabieces,60614.0,34825.0,15820.0,1206.0,1265.0,2138.0,0.0,2131.0,1924.0,2023-11-01,0,1
2023,12,A3135,SESTAO - Cabieces,60721.0,35672.0,15249.0,1008.0,1312.0,2128.0,4.0,2204.0,1859.0,2023-12-01,0,1
2024,1,A3135,SESTAO - Cabieces,59661.0,32060.0,15477.0,1164.0,1329.0,2271.0,7.0,2149.0,1759.0,2024-01-01,0,1
2024,2,A3135,SESTAO - Cabieces,55675.0,29671.0,14404.0,1143.0,1132.0,1864.0,1.0,1888.0,1743.0,2024-02-01,0,1
2024,3,A3135,SESTAO - Cabieces,54819.0,28248.0,14547.0,1178.0,1229.0,1737.0,1.0,1867.0,1673.0,2024-03-01,0,1
2024,4,A3135,SESTAO - Cabieces,60162.0,31377.0,15885.0,1228.0,1346.0,1877.0,1.0,2194.0,1700.0,2024-04-01,0,1
2024,5,A3135,SESTAO - Cabieces,63478.0,33266.0,16694.0,1253.0,1408.0,1870.0,0.0,2172.0,1744.0,2024-05-01,0,1
2024,6,A3135,SESTAO - Cabieces,59649.0,31165.0,15524.0,939.0,1263.0,1955.0,5.0,2105.0,1677.0,2024-06-01,0,1
2024,7,A3135,SESTAO - Cabieces,56522.0,29748.0,14794.0,632.0,1020.0,1978.0,3.0,2395.0,1398.0,2024-07-01,0,1
2024,8,A3135,SESTAO - Cabieces,50035.0,27026.0,13177.0,414.0,822.0,1770.0,0.0,1945.0,1203.0,2024-08-01,0,1
2024,9,A3135,SESTAO - Cabieces,61797.0,32525.0,15598.0,1109.0,1514.0,1946.0,2.0,2082.0,1678.0,2024-09-01,0,1
2024,10,A3135,SESTAO - Cabieces,67490.0,34472.0,18016.0,1622.0,1458.0,1986.0,1.0,2100.0,1792.0,2024-10-01,0,1
2024,11,A3135,SESTAO - Cabieces,64720.0,32591.0,17644.0,1380.0,1558.0,1741.0,3.0,2050.0,1761.0,2024-11-01,0,1
2024,12,A3135,SESTAO - Cabieces,66840.0,35107.0,16796.0,1298.0,1490.0,1971.0,1.0,2250.0,1919.0,2024-12-01,0,1
2025,1,A3135,SESTAO - Cabieces,66615.0,34596.0,16907.0,1313.0,1573.0,1776.0,0.0,2161.0,1999.0,2025-01-01,0,1
2025,2,A3135,SESTAO - Cabieces,63688.0,32019.0,17198.0,1320.0,1494.0,1588.0,0.0,1927.0,1799.0,2025-02-01,0,1
2025,3,A3135,SESTAO - Cabieces,68810.0,34957.0,17830.0,1533.0,1656.0,1640.0,3.0,2149.0,2038.0,2025-03-01,0,1
2025,4,A3135,SESTAO - Cabieces,63806.0,32375.0,16877.0,1289.0,1437.0,1328.0,0.0,2127.0,1754.0,2025-04-01,0,1
2025,5,A3135,SESTAO - Cabieces,74522.0,37668.0,19830.0,1329.0,1602.0,1487.0,1.0,2509.0,1943.0,2025-05-01,0,1
2025,6,A3135,SESTAO - Cabieces,71795.0,37736.0,18378.0,1058.0,1465.0,1346.0,2.0,2574.0,1791.0,2025-06-01,0,1
2025,7,A3135,SESTAO - Cabieces,64291.0,34082.0,16755.0,564.0,1188.0,1318.0,8.0,2393.0,1555.0,2025-07-01,0,1
2025,8,A3135,SESTAO - Cabieces,58225.0,30920.0,15217.0,528.0,1046.0,1365.0,0.0,2213.0,1221.0,2025-08-01,0,1
2025,9,A3135,SESTAO - Cabieces,71376.0,36987.0,18088.0,1170.0,1519.0,1263.0,1.0,2410.0,1737.0,2025-09-01,0,1
2025,10,A3135,SESTAO - Cabieces,78212.0,39080.0,20609.0,1574.0,2056.0,1412.0,5.0,2522.0,1697.0,2025-10-01,0,1
2025,11,A3135,SESTAO - Cabieces,72370.0,36370.0,18704.0,1408.0,2010.0,1227.0,7.0,2347.0,1746.0,2025-11-01,0,1
2025,12,A3135,SESTAO - Cabieces,77654.0,40289.0,19565.0,1256.0,1927.0,1371.0,13.0,2512.0,1879.0,2025-12-01,0,1
2020,1,A3331,SESTAO - VALLE DE TRAPAGA TRAPAGARAN,6055.0,3154.0,2001.0,83.0,103.0,399.0,0.0,86.0,129.0,2020-01-01,1,0
2020,2,A3331,SESTAO - VALLE DE TRAPAGA TRAPAGARAN,5733.0,3101.0,1903.0,96.0,96.0,296.0,0.0,63.0,91.0,2020-02-01,1,0
2020,3,A3331,SESTAO - VALLE DE TRAPAGA TRAPAGARAN,3146.0,1802.0,846.0,49.0,53.0,172.0,4.0,58.0,102.0,2020-03-01,1,0
2020,4,A3331,SESTAO - VALLE DE TRAPAGA TRAPAGARAN,1237.0,1025.0,188.0,18.0,1.0,0.0,0.0,0.0,4.0,2020-04-01,1,0
2020,5,A3331,SESTAO - VALLE DE TRAPAGA TRAPAGARAN,2376.0,1738.0,544.0,40.0,4.0,0.0,0.0,3.0,23.0,2020-05-01,1,0
2020,6,A3331,SESTAO - VALLE DE TRAPAGA TRAPAGARAN,3769.0,2341.0,1259.0,64.0,18.0,0.0,0.0,25.0,24.0,2020-06-01,1,0
2020,7,A3331,SESTAO - VALLE DE TRAPAGA TRAPAGARAN,4815.0,3007.0,1406.0,64.0,32.0,0.0,0.0,116.0,116.0,2020-07-01,1,0
2020,8,A3331,SESTAO - VALLE DE TRAPAGA TRAPAGARAN,3834.0,2337.0,1282.0,58.0,21.0,0.0,0.0,45.0,36.0,2020-08-01,1,0
2020,9,A3331,SESTAO - VALLE DE TRAPAGA TRAPAGARAN,5048.0,3056.0,1613.0,88.0,39.0,0.0,0.0,84.0,40.0,2020-09-01,1,0
2020,10,A3331,SESTAO - VALLE DE TRAPAGA TRAPAGARAN,4988.0,3036.0,1540.0,87.0,43.0,0.0,0.0,30.0,32.0,2020-10-01,1,0
2020,11,A3331,SESTAO - VALLE DE TRAPAGA TRAPAGARAN,4451.0,2766.0,1277.0,66.0,40.0,0.0,0.0,55.0,31.0,2020-11-01,1,0
2020,12,A3331,SESTAO - VALLE DE TRAPAGA TRAPAGARAN,4645.0,2761.0,1388.0,77.0,39.0,32.0,0.0,90.0,74.0,2020-12-01,1,0
2021,1,A3331,SESTAO - VALLE DE TRAPAGA TRAPAGARAN,4428.0,2817.0,1096.0,32.0,52.0,97.0,0.0,59.0,56.0,2021-01-01,1,0
2021,2,A3331,SESTAO - VALLE DE TRAPAGA TRAPAGARAN,4800.0,2926.0,1211.0,24.0,76.0,134.0,0.0,115.0,106.0,2021-02-01,1,0
2021,3,A3331,SESTAO - VALLE DE TRAPAGA TRAPAGARAN,5599.0,3242.0,1592.0,36.0,65.0,195.0,0.0,129.0,65.0,2021-03-01,1,0
2021,4,A3331,SESTAO - VALLE DE TRAPAGA TRAPAGARAN,4665.0,2605.0,1358.0,68.0,35.0,168.0,0.0,113.0,99.0,2021-04-01,1,0
2021,5,A3331,SESTAO - VALLE DE TRAPAGA TRAPAGARAN,5382.0,3058.0,1610.0,42.0,49.0,190.0,0.0,109.0,75.0,2021-05-01,1,0
2021,6,A3331,SESTAO - VALLE DE TRAPAGA TRAPAGARAN,5228.0,2959.0,1635.0,41.0,28.0,264.0,0.0,101.0,63.0,2021-06-01,1,0
2021,7,A3331,SESTAO - VALLE DE TRAPAGA TRAPAGARAN,4858.0,2753.0,1547.0,26.0,10.0,198.0,3.0,127.0,99.0,2021-07-01,1,0
2021,8,A3331,SESTAO - VALLE DE TRAPAGA TRAPAGARAN,3866.0,2119.0,1329.0,13.0,10.0,184.0,0.0,69.0,75.0,2021-08-01,1,0
2021,9,A3331,SESTAO - VALLE DE TRAPAGA TRAPAGARAN,5097.0,2642.0,1639.0,70.0,13.0,226.0,0.0,140.0,178.0,2021-09-01,1,0
2021,10,A3331,SESTAO - VALLE DE TRAPAGA TRAPAGARAN,5537.0,3127.0,1734.0,101.0,36.0,211.0,0.0,55.0,65.0,2021-10-01,1,0
2021,11,A3331,SESTAO - VALLE DE TRAPAGA TRAPAGARAN,5454.0,3024.0,1579.0,102.0,36.0,232.0,0.0,112.0,131.0,2021-11-01,1,0
2021,12,A3331,SESTAO - VALLE DE TRAPAGA TRAPAGARAN,5226.0,2910.0,1612.0,60.0,33.0,270.0,0.0,76.0,93.0,2021-12-01,1,0
2022,1,A3331,SESTAO - VALLE DE TRAPAGA TRAPAGARAN,4839.0,2719.0,1452.0,79.0,66.0,210.0,0.0,100.0,119.0,2022-01-01,0,0
2022,2,A3331,SESTAO - VALLE DE TRAPAGA TRAPAGARAN,5081.0,2734.0,1634.0,91.0,66.0,227.0,0.0,61.0,152.0,2022-02-01,0,0
2022,3,A3331,SESTAO - VALLE DE TRAPAGA TRAPAGARAN,5426.0,2927.0,1805.0,96.0,125.0,253.0,0.0,60.0,75.0,2022-03-01,0,0
2022,4,A3331,SESTAO - VALLE DE TRAPAGA TRAPAGARAN,4810.0,2617.0,1533.0,102.0,133.0,227.0,0.0,48.0,95.0,2022-04-01,0,0
2022,5,A3331,SESTAO - VALLE DE TRAPAGA TRAPAGARAN,5692.0,3196.0,1803.0,141.0,130.0,261.0,1.0,20.0,70.0,2022-05-01,0,0
2022,6,A3331,SESTAO - VALLE DE TRAPAGA TRAPAGARAN,5910.0,3411.0,1803.0,65.0,127.0,279.0,0.0,55.0,85.0,2022-06-01,0,0
2022,7,A3331,SESTAO - VALLE DE TRAPAGA TRAPAGARAN,5049.0,2892.0,1583.0,28.0,108.0,251.0,0.0,62.0,93.0,2022-07-01,0,0
2022,8,A3331,SESTAO - VALLE DE TRAPAGA TRAPAGARAN,4437.0,2363.0,1574.0,20.0,93.0,228.0,3.0,59.0,58.0,2022-08-01,0,0
2022,9,A3331,SESTAO - VALLE DE TRAPAGA TRAPAGARAN,5885.0,3337.0,1887.0,98.0,179.0,150.0,0.0,62.0,89.0,2022-09-01,0,1
2022,10,A3331,SESTAO - VALLE DE TRAPAGA TRAPAGARAN,5776.0,3174.0,1861.0,133.0,176.0,160.0,0.0,44.0,107.0,2022-10-01,0,1
2022,11,A3331,SESTAO - VALLE DE TRAPAGA TRAPAGARAN,4918.0,2657.0,1708.0,110.0,131.0,94.0,0.0,54.0,108.0,2022-11-01,0,1
2022,12,A3331,SESTAO - VALLE DE TRAPAGA TRAPAGARAN,4574.0,2491.0,1470.0,91.0,121.0,151.0,2.0,53.0,118.0,2022-12-01,0,1
2023,1,A3331,SESTAO - VALLE DE TRAPAGA TRAPAGARAN,4.581,2695.0,1291.0,133.0,114.0,114.0,0.0,59.0,102.0,2023-01-01,0,1
2023,2,A3331,SESTAO - VALLE DE TRAPAGA TRAPAGARAN,4385.0,2482.0,1356.0,120.0,125.0,100.0,0.0,58.0,84.0,2023-02-01,0,1
2023,3,A3331,SESTAO - VALLE DE TRAPAGA TRAPAGARAN,4807.0,2678.0,1581.0,71.0,125.0,115.0,0.0,71.0,91.0,2023-03-01,0,1
2023,4,A3331,SESTAO - VALLE DE TRAPAGA TRAPAGARAN,4851.0,2666.0,1610.0,81.0,126.0,138.0,0.0,84.0,74.0,2023-04-01,0,1
2023,5,A3331,SESTAO - VALLE DE TRAPAGA TRAPAGARAN,5552.0,3191.0,1759.0,94.0,130.0,117.0,0.0,80.0,98.0,2023-05-01,0,1
2023,6,A3331,SESTAO - VALLE DE TRAPAGA TRAPAGARAN,5707.0,3260.0,1731.0,68.0,121.0,165.0,1.0,92.0,167.0,2023-06-01,0,1
2023,7,A3331,SESTAO - VALLE DE TRAPAGA TRAPAGARAN,5159.0,3019.0,1624.0,73.0,34.0,143.0,0.0,93.0,96.0,2023-07-01,0,1
2023,8,A3331,SESTAO - VALLE DE TRAPAGA TRAPAGARAN,4239.0,2403.0,1351.0,37.0,90.0,176.0,0.0,73.0,57.0,2023-08-01,0,1
2023,9,A3331,SESTAO - VALLE DE TRAPAGA TRAPAGARAN,5673.0,3445.0,1574.0,68.0,147.0,200.0,0.0,85.0,83.0,2023-09-01,0,1
2023,10,A3331,SESTAO - VALLE DE TRAPAGA TRAPAGARAN,6330.0,3904.0,1691.0,61.0,224.0,162.0,0.0,129.0,93.0,2023-10-01,0,1
2023,11,A3331,SESTAO - VALLE DE TRAPAGA TRAPAGARAN,6159.0,3888.0,1576.0,43.0,227.0,137.0,0.0,141.0,93.0,2023-11-01,0,1
2023,12,A3331,SESTAO - VALLE DE TRAPAGA TRAPAGARAN,5901.0,3651.0,1603.0,65.0,191.0,163.0,0.0,95.0,52.0,2023-12-01,0,1
2024,1,A3331,SESTAO - VALLE DE TRAPAGA TRAPAGARAN,5852.0,3374.0,1541.0,76.0,158.0,217.0,0.0,100.0,102.0,2024-01-01,0,1
2024,2,A3331,SESTAO - VALLE DE TRAPAGA TRAPAGARAN,5682.0,3115.0,1542.0,58.0,213.0,222.0,0.0,92.0,113.0,2024-02-01,0,1
2024,3,A3331,SESTAO - VALLE DE TRAPAGA TRAPAGARAN,5839.0,3219.0,1566.0,83.0,184.0,230.0,0.0,88.0,126.0,2024-03-01,0,1
2024,4,A3331,SESTAO - VALLE DE TRAPAGA TRAPAGARAN,6138.0,3406.0,1759.0,70.0,221.0,176.0,0.0,65.0,100.0,2024-04-01,0,1
2024,5,A3331,SESTAO - VALLE DE TRAPAGA TRAPAGARAN,6635.0,3811.0,1753.0,83.0,177.0,199.0,0.0,105.0,124.0,2024-05-01,0,1
2024,6,A3331,SESTAO - VALLE DE TRAPAGA TRAPAGARAN,6065.0,3455.0,1678.0,52.0,79.0,189.0,0.0,103.0,119.0,2024-06-01,0,1
2024,7,A3331,SESTAO - VALLE DE TRAPAGA TRAPAGARAN,5546.0,3158.0,1508.0,52.0,116.0,219.0,0.0,85.0,72.0,2024-07-01,0,1
2024,8,A3331,SESTAO - VALLE DE TRAPAGA TRAPAGARAN,5020.0,2891.0,1401.0,29.0,93.0,170.0,0.0,103.0,103.0,2024-08-01,0,1
2024,9,A3331,SESTAO - VALLE DE TRAPAGA TRAPAGARAN,6495.0,3567.0,1682.0,125.0,233.0,199.0,0.0,108.0,105.0,2024-09-01,0,1
2024,10,A3331,SESTAO - VALLE DE TRAPAGA TRAPAGARAN,6578.0,3544.0,1713.0,144.0,280.0,187.0,0.0,85.0,137.0,2024-10-01,0,1
2024,11,A3331,SESTAO - VALLE DE TRAPAGA TRAPAGARAN,5903.0,2995.0,1844.0,95.0,194.0,159.0,0.0,88.0,77.0,2024-11-01,0,1
2024,12,A3331,SESTAO - VALLE DE TRAPAGA TRAPAGARAN,5914.0,2997.0,1744.0,81.0,151.0,141.0,0.0,92.0,172.0,2024-12-01,0,1
2025,1,A3331,SESTAO - VALLE DE TRAPAGA TRAPAGARAN,5816.0,3146.0,1494.0,101.0,154.0,175.0,0.0,100.0,104.0,2025-01-01,0,1
2025,2,A3331,SESTAO - VALLE DE TRAPAGA TRAPAGARAN,5960.0,3313.0,1517.0,88.0,151.0,178.0,0.0,113.0,126.0,2025-02-01,0,1
2025,3,A3331,SESTAO - VALLE DE TRAPAGA TRAPAGARAN,6261.0,3522.0,1590.0,76.0,192.0,140.0,0.0,107.0,77.0,2025-03-01,0,1
2025,4,A3331,SESTAO - VALLE DE TRAPAGA TRAPAGARAN,5925.0,3102.0,1790.0,68.0,166.0,125.0,0.0,70.0,75.0,2025-04-01,0,1
2025,5,A3331,SESTAO - VALLE DE TRAPAGA TRAPAGARAN,7167.0,3910.0,1965.0,88.0,245.0,127.0,0.0,108.0,104.0,2025-05-01,0,1
2025,6,A3331,SESTAO - VALLE DE TRAPAGA TRAPAGARAN,6561.0,3655.0,1899.0,56.0,125.0,104.0,0.0,86.0,89.0,2025-06-01,0,1
2025,7,A3331,SESTAO - VALLE DE TRAPAGA TRAPAGARAN,5998.0,3265.0,1725.0,22.0,47.0,145.0,0.0,118.0,106.0,2025-07-01,0,1
2025,8,A3331,SESTAO - VALLE DE TRAPAGA TRAPAGARAN,5406.0,3018.0,1471.0,35.0,73.0,136.0,0.0,141.0,77.0,2025-08-01,0,1
2025,9,A3331,SESTAO - VALLE DE TRAPAGA TRAPAGARAN,6783.0,3796.0,1768.0,99.0,107.0,144.0,0.0,137.0,96.0,2025-09-01,0,1
2025,10,A3331,SESTAO - VALLE DE TRAPAGA TRAPAGARAN,7116.0,3935.0,1840.0,63.0,144.0,152.0,0.0,125.0,105.0,2025-10-01,0,1
2025,11,A3331,SESTAO - VALLE DE TRAPAGA TRAPAGARAN,6679.0,3862.0,1580.0,61.0,161.0,160.0,0.0,99.0,68.0,2025-11-01,0,1
2025,12,A3331,SESTAO - VALLE DE TRAPAGA TRAPAGARAN,6805.0,3775.0,1750.0,68.0,169.0,177.0,0.0,134.0,107.0,2025-12-01,0,1
2020,1,A3531,SOPELANA - MUNGIA - GATIKA,11815.0,6618.0,2571.0,312.0,471.0,1091.0,0.0,178.0,94.0,2020-01-01,1,0
2020,2,A3531,SOPELANA - MUNGIA - GATIKA,12007.0,6867.0,2649.0,264.0,455.0,1031.0,0.0,179.0,117.0,2020-02-01,1,0
2020,3,A3531,SOPELANA - MUNGIA - GATIKA,6129.0,3848.0,1144.0,105.0,248.0,431.0,0.0,62.0,53.0,2020-03-01,1,0
2020,4,A3531,SOPELANA - MUNGIA - GATIKA,2130.0,1718.0,267.0,2.0,2.0,,,2.0,37.0,2020-04-01,1,0
2020,5,A3531,SOPELANA - MUNGIA - GATIKA,4814.0,3619.0,871.0,16.0,28.0,0.0,0.0,31.0,18.0,2020-05-01,1,0
2020,6,A3531,SOPELANA - MUNGIA - GATIKA,8663.0,6298.0,1558.0,36.0,69.0,0.0,0.0,72.0,103.0,2020-06-01,1,0
2020,7,A3531,SOPELANA - MUNGIA - GATIKA,10512.0,7870.0,1566.0,114.0,205.0,0.0,0.0,90.0,136.0,2020-07-01,1,0
2020,8,A3531,SOPELANA - MUNGIA - GATIKA,8268.0,6196.0,1238.0,102.0,102.0,0.0,0.0,100.0,146.0,2020-08-01,1,0
2020,9,A3531,SOPELANA - MUNGIA - GATIKA,10233.0,7466.0,1612.0,192.0,265.0,,,110.0,87.0,2020-09-01,1,0
2020,10,A3531,SOPELANA - MUNGIA - GATIKA,10525.0,7263.0,1838.0,370.0,388.0,,,86.0,81.0,2020-10-01,1,0
2020,11,A3531,SOPELANA - MUNGIA - GATIKA,8328.0,5960.0,1249.0,222.0,294.0,,,71.0,92.0,2020-11-01,1,0
2020,12,A3531,SOPELANA - MUNGIA - GATIKA,7844.0,5503.0,1280.0,176.0,291.0,35.0,0.0,64.0,100.0,2020-12-01,1,0
2021,1,A3531,SOPELANA - MUNGIA - GATIKA,7805.0,5448.0,1194.0,148.0,288.0,153.0,0.0,52.0,99.0,2021-01-01,1,0
2021,2,A3531,SOPELANA - MUNGIA - GATIKA,8643.0,5941.0,1266.0,190.0,351.0,260.0,0.0,90.0,65.0,2021-02-01,1,0
2021,3,A3531,SOPELANA - MUNGIA - GATIKA,9773.0,6268.0,1766.0,225.0,366.0,392.0,0.0,113.0,122.0,2021-03-01,1,0
2021,4,A3531,SOPELANA - MUNGIA - GATIKA,10253.0,6297.0,2174.0,184.0,365.0,417.0,1.0,119.0,140.0,2021-04-01,1,0
2021,5,A3531,SOPELANA - MUNGIA - GATIKA,11350.0,6929.0,2484.0,198.0,518.0,525.0,0.0,99.0,120.0,2021-05-01,1,0
2021,6,A3531,SOPELANA - MUNGIA - GATIKA,12259.0,7760.0,2356.0,158.0,449.0,670.0,0.0,148.0,115.0,2021-06-01,1,0
2021,7,A3531,SOPELANA - MUNGIA - GATIKA,11909.0,7759.0,2017.0,102.0,369.0,749.0,1.0,256.0,120.0,2021-07-01,1,0
2021,8,A3531,SOPELANA - MUNGIA - GATIKA,10771.0,7004.0,1772.0,84.0,319.0,744.0,,208.0,134.0,2021-08-01,1,0
2021,9,A3531,SOPELANA - MUNGIA - GATIKA,11713.0,7488.0,1960.0,128.0,501.0,792.0,,175.0,79.0,2021-09-01,1,0
2021,10,A3531,SOPELANA - MUNGIA - GATIKA,11226.0,6772.0,2075.0,264.0,602.0,702.0,,214.0,81.0,2021-10-01,1,0
2021,11,A3531,SOPELANA - MUNGIA - GATIKA,11817.0,6855.0,2280.0,350.0,731.0,770.0,0.0,170.0,72.0,2021-11-01,1,0
2021,12,A3531,SOPELANA - MUNGIA - GATIKA,11006.0,6455.0,2194.0,252.0,571.0,714.0,,236.0,49.0,2021-12-01,1,0
2022,1,A3531,SOPELANA - MUNGIA - GATIKA,11338.0,6944.0,1980.0,245.0,560.0,784.0,1.0,180.0,67.0,2022-01-01,0,0
2022,2,A3531,SOPELANA - MUNGIA - GATIKA,11410.0,6769.0,2142.0,319.0,691.0,599.0,,200.0,51.0,2022-02-01,0,0
2022,3,A3531,SOPELANA - MUNGIA - GATIKA,13687.0,7965.0,2717.0,440.0,888.0,787.0,0.0,186.0,66.0,2022-03-01,0,0
2022,4,A3531,SOPELANA - MUNGIA - GATIKA,11185.0,6602.0,2132.0,285.0,643.0,678.0,,206.0,92.0,2022-04-01,0,0
2022,5,A3531,SOPELANA - MUNGIA - GATIKA,13008.0,7670.0,2504.0,375.0,679.0,718.0,,225.0,112.0,2022-05-01,0,0
2022,6,A3531,SOPELANA - MUNGIA - GATIKA,13693.0,8317.0,2647.0,231.0,527.0,808.0,,290.0,114.0,2022-06-01,0,0
2022,7,A3531,SOPELANA - MUNGIA - GATIKA,12594.0,7747.0,2262.0,185.0,423.0,846.0,3.0,354.0,137.0,2022-07-01,0,0
2022,8,A3531,SOPELANA - MUNGIA - GATIKA,10924.0,6718.0,2107.0,82.0,371.0,777.0,0.0,212.0,140.0,2022-08-01,0,0
2022,9,A3531,SOPELANA - MUNGIA - GATIKA,13463.0,8331.0,2350.0,438.0,807.0,470.0,,207.0,94.0,2022-09-01,0,1
2022,10,A3531,SOPELANA - MUNGIA - GATIKA,14598.0,8622.0,2588.0,617.0,1058.0,441.0,,249.0,114.0,2022-10-01,0,1
2022,11,A3531,SOPELANA - MUNGIA - GATIKA,14648.0,8512.0,2619.0,721.0,1079.0,433.0,,271.0,113.0,2022-11-01,0,1
2022,12,A3531,SOPELANA - MUNGIA - GATIKA,12545.0,7670.0,2285.0,455.0,758.0,366.0,,219.0,142.0,2022-12-01,0,1
2023,1,A3531,SOPELANA - MUNGIA - GATIKA,12396.0,7472.0,2351.0,436.0,722.0,446.0,,196.0,125.0,2023-01-01,0,1
2023,2,A3531,SOPELANA - MUNGIA - GATIKA,12321.0,7373.0,2290.0,493.0,713.0,399.0,,260.0,128.0,2023-02-01,0,1
2023,3,A3531,SOPELANA - MUNGIA - GATIKA,13748.0,8144.0,2789.0,518.0,849.0,398.0,,229.0,107.0,2023-03-01,0,1
2023,4,A3531,SOPELANA - MUNGIA - GATIKA,10293.0,6236.0,1831.0,377.0,613.0,370.0,,234.0,96.0,2023-04-01,0,1
2023,5,A3531,SOPELANA - MUNGIA - GATIKA,14979.0,9138.0,2854.0,569.0,850.0,411.0,,253.0,125.0,2023-05-01,0,1
2023,6,A3531,SOPELANA - MUNGIA - GATIKA,15686.0,9834.0,2971.0,403.0,626.0,526.0,,397.0,165.0,2023-06-01,0,1
2023,7,A3531,SOPELANA - MUNGIA - GATIKA,13754.0,8869.0,2738.0,226.0,407.0,509.0,,328.0,115.0,2023-07-01,0,1
2023,8,A3531,SOPELANA - MUNGIA - GATIKA,12245.0,7870.0,2229.0,218.0,545.0,534.0,0.0,276.0,126.0,2023-08-01,0,1
2023,9,A3531,SOPELANA - MUNGIA - GATIKA,16037.0,10065.0,2803.0,584.0,945.0,495.0,0.0,319.0,159.0,2023-09-01,0,1
2023,10,A3531,SOPELANA - MUNGIA - GATIKA,17632.0,10767.0,3060.0,717.0,1115.0,541.0,0.0,424.0,147.0,2023-10-01,0,1
2023,11,A3531,SOPELANA - MUNGIA - GATIKA,16299.0,9785.0,3188.0,582.0,1065.0,434.0,0.0,385.0,153.0,2023-11-01,0,1
2023,12,A3531,SOPELANA - MUNGIA - GATIKA,13472.0,8357.0,2404.0,422.0,832.0,386.0,0.0,359.0,106.0,2023-12-01,0,1
2020,1,A2321,Santutxu - UPV/EHU (Autopista),10142.0,6141.0,95.0,2101.0,612.0,302.0,2.0,21.0,110.0,2020-01-01,1,0
2020,2,A2321,Santutxu - UPV/EHU (Autopista),18764.0,8429.0,157.0,6549.0,1439.0,439.0,2.0,41.0,219.0,2020-02-01,1,0
2020,3,A2321,Santutxu - UPV/EHU (Autopista),8300.0,3868.0,38.0,2802.0,616.0,213.0,1.0,16.0,88.0,2020-03-01,1,0
2020,4,A2321,Santutxu - UPV/EHU (Autopista),0.0,,,,,0.0,0.0,0.0,0.0,2020-04-01,1,0
2020,5,A2321,Santutxu - UPV/EHU (Autopista),0.0,,,,,0.0,0.0,0.0,0.0,2020-05-01,1,0
2020,6,A2321,Santutxu - UPV/EHU (Autopista),0.0,,,,,0.0,0.0,0.0,0.0,2020-06-01,1,0
2020,7,A2321,Santutxu - UPV/EHU (Autopista),0.0,,,,,0.0,0.0,0.0,0.0,2020-07-01,1,0
2020,8,A2321,Santutxu - UPV/EHU (Autopista),0.0,,,,,0.0,0.0,0.0,0.0,2020-08-01,1,0
2020,9,A2321,Santutxu - UPV/EHU (Autopista),11244.0,7348.0,19.0,2408.0,585.0,0.0,0.0,3.0,108.0,2020-09-01,1,0
2020,10,A2321,Santutxu - UPV/EHU (Autopista),15332.0,9216.0,11.0,3932.0,935.0,0.0,0.0,1.0,165.0,2020-10-01,1,0
2020,11,A2321,Santutxu - UPV/EHU (Autopista),14957.0,9127.0,22.0,3786.0,745.0,0.0,0.0,1.0,172.0,2020-11-01,1,0
2020,12,A2321,Santutxu - UPV/EHU (Autopista),8325.0,5824.0,28.0,1542.0,292.0,0.0,0.0,2.0,78.0,2020-12-01,1,0
2021,1,A2321,Santutxu - UPV/EHU (Autopista),8019.0,5828.0,28.0,1275.0,200.0,57.0,0.0,3.0,112.0,2021-01-01,1,0
2021,2,A2321,Santutxu - UPV/EHU (Autopista),13472.0,8679.0,51.0,3010.0,474.0,106.0,0.0,2.0,189.0,2021-02-01,1,0
2021,3,A2321,Santutxu - UPV/EHU (Autopista),13273.0,8710.0,46.0,2769.0,368.0,137.0,0.0,2.0,174.0,2021-03-01,1,0
2021,4,A2321,Santutxu - UPV/EHU (Autopista),8970.0,5918.0,35.0,1835.0,238.0,100.0,0.0,1.0,108.0,2021-04-01,1,0
2021,5,A2321,Santutxu - UPV/EHU (Autopista),10307.0,7505.0,59.0,1488.0,240.0,133.0,0.0,3.0,93.0,2021-05-01,1,0
2021,6,A2321,Santutxu - UPV/EHU (Autopista),5005.0,4049.0,39.0,450.0,38.0,92.0,0.0,0.0,34.0,2021-06-01,1,0
2021,7,A2321,Santutxu - UPV/EHU (Autopista),937.0,765.0,11.0,61.0,1.0,23.0,0.0,0.0,9.0,2021-07-01,1,0
2021,8,A2321,Santutxu - UPV/EHU (Autopista),0.0,,,,,0.0,0.0,0.0,0.0,2021-08-01,1,0
2021,9,A2321,Santutxu - UPV/EHU (Autopista),13724.0,9449.0,28.0,2307.0,376.0,285.0,0.0,5.0,114.0,2021-09-01,1,0
2021,10,A2321,Santutxu - UPV/EHU (Autopista),19435.0,11759.0,33.0,4663.0,728.0,289.0,0.0,0.0,210.0,2021-10-01,1,0
2021,11,A2321,Santutxu - UPV/EHU (Autopista),21985.0,12780.0,60.0,5715.0,882.0,310.0,1.0,11.0,239.0,2021-11-01,1,0
2021,12,A2321,Santutxu - UPV/EHU (Autopista),11859.0,7666.0,28.0,2368.0,403.0,215.0,0.0,4.0,134.0,2021-12-01,1,0
2022,1,A2321,Santutxu - UPV/EHU (Autopista),9703.0,6779.0,15.0,1605.0,290.0,190.0,0.0,4.0,91.0,2022-01-01,0,0
2022,2,A2321,Santutxu - UPV/EHU (Autopista),18461.0,10871.0,46.0,4676.0,746.0,283.0,0.0,12.0,216.0,2022-02-01,0,0
2022,3,A2321,Santutxu - UPV/EHU (Autopista),20997.0,12618.0,58.0,5168.0,837.0,277.0,1.0,7.0,208.0,2022-03-01,0,0
2022,4,A2321,Santutxu - UPV/EHU (Autopista),12169.0,7911.0,23.0,2504.0,426.0,213.0,0.0,13.0,102.0,2022-04-01,0,0
2022,5,A2321,Santutxu - UPV/EHU (Autopista),14711.0,9969.0,49.0,2648.0,413.0,224.0,0.0,13.0,139.0,2022-05-01,0,0
2022,6,A2321,Santutxu - UPV/EHU (Autopista),6722.0,5532.0,31.0,526.0,52.0,127.0,1.0,2.0,53.0,2022-06-01,0,0
2022,7,A2321,Santutxu - UPV/EHU (Autopista),1503.0,832.0,2.0,486.0,62.0,21.0,0.0,0.0,15.0,2022-07-01,0,0
2022,8,A2321,Santutxu - UPV/EHU (Autopista),0.0,0.0,,,,0.0,0.0,0.0,0.0,2022-08-01,0,0
2022,9,A2321,Santutxu - UPV/EHU (Autopista),18153.0,11652.0,47.0,3430.0,1098.0,209.0,1.0,10.0,130.0,2022-09-01,0,1
2022,10,A2321,Santutxu - UPV/EHU (Autopista),20544.0,12403.0,41.0,4362.0,1424.0,153.0,0.0,15.0,167.0,2022-10-01,0,1
2022,11,A2321,Santutxu - UPV/EHU (Autopista),20259.0,12321.0,51.0,4360.0,1255.0,127.0,2.0,37.0,149.0,2022-11-01,0,1
2022,12,A2321,Santutxu - UPV/EHU (Autopista),9487.0,6270.0,30.0,1576.0,600.0,73.0,0.0,11.0,107.0,2022-12-01,0,1
2023,1,A2321,Santutxu - UPV/EHU (Autopista),8.594,6160.0,25.0,1049.0,465.0,91.0,0.0,16.0,66.0,2023-01-01,0,1
2023,2,A2321,Santutxu - UPV/EHU (Autopista),16160.0,10064.0,39.0,3292.0,973.0,99.0,0.0,16.0,111.0,2023-02-01,0,1
2023,3,A2321,Santutxu - UPV/EHU (Autopista),17882.0,11181.0,46.0,3515.0,1170.0,100.0,0.0,21.0,114.0,2023-03-01,0,1
2023,4,A2321,Santutxu - UPV/EHU (Autopista),10324.0,6667.0,22.0,1923.0,690.0,60.0,0.0,9.0,71.0,2023-04-01,0,1
2023,5,A2321,Santutxu - UPV/EHU (Autopista),13075.0,9084.0,33.0,1987.0,651.0,113.0,0.0,26.0,96.0,2023-05-01,0,1
2023,6,A2321,Santutxu - UPV/EHU (Autopista),6360.0,5266.0,19.0,363.0,179.0,64.0,0.0,1.0,59.0,2023-06-01,0,1
2023,7,A2321,Santutxu - UPV/EHU (Autopista),1051.0,907.0,4.0,59.0,14.0,5.0,0.0,0.0,5.0,2023-07-01,0,1
2023,8,A2321,Santutxu - UPV/EHU (Autopista),0.0,0.0,,,,0.0,0.0,0.0,0.0,2023-08-01,0,1
2023,9,A2321,Santutxu - UPV/EHU (Autopista),15639.0,10162.0,60.0,2869.0,991.0,216.0,0.0,16.0,177.0,2023-09-01,0,1
2023,10,A2321,Santutxu - UPV/EHU (Autopista),19350.0,11999.0,79.0,4013.0,1456.0,127.0,0.0,15.0,197.0,2023-10-01,0,1
2023,11,A2321,Santutxu - UPV/EHU (Autopista),20096.0,12096.0,99.0,4235.0,1654.0,113.0,0.0,40.0,257.0,2023-11-01,0,1
2023,12,A2321,Santutxu - UPV/EHU (Autopista),10510.0,6899.0,64.0,1762.0,709.0,79.0,0.0,17.0,108.0,2023-12-01,0,1
2024,1,A2321,Santutxu - UPV/EHU (Autopista),11546.0,7720.0,70.0,1587.0,608.0,125.0,0.0,49.0,92.0,2024-01-01,0,1
2024,2,A2321,Santutxu - UPV/EHU (Autopista),19600.0,12012.0,132.0,3573.0,1106.0,122.0,0.0,64.0,219.0,2024-02-01,0,1
2024,3,A2321,Santutxu - UPV/EHU (Autopista),14918.0,8644.0,98.0,2984.0,997.0,96.0,0.0,53.0,170.0,2024-03-01,0,1
2024,4,A2321,Santutxu - UPV/EHU (Autopista),15071.0,8519.0,113.0,3089.0,1045.0,92.0,0.0,68.0,192.0,2024-04-01,0,1
2024,5,A2321,Santutxu - UPV/EHU (Autopista),13556.0,8629.0,171.0,1903.0,740.0,69.0,0.0,66.0,165.0,2024-05-01,0,1
2024,6,A2321,Santutxu - UPV/EHU (Autopista),6295.0,4723.0,104.0,354.0,170.0,76.0,0.0,10.0,43.0,2024-06-01,0,1
2024,7,A2321,Santutxu - UPV/EHU (Autopista),1077.0,832.0,6.0,41.0,17.0,47.0,0.0,1.0,7.0,2024-07-01,0,1
2024,8,A2321,Santutxu - UPV/EHU (Autopista),0.0,0.0,0.0,0.0,0.0,0.0,0.0,0.0,0.0,2024-08-01,0,1
2024,9,A2321,Santutxu - UPV/EHU (Autopista),17120.0,9680.0,82.0,2740.0,1607.0,165.0,0.0,16.0,139.0,2024-09-01,0,1
2024,10,A2321,Santutxu - UPV/EHU (Autopista),23429.0,11357.0,138.0,3992.0,2610.0,171.0,0.0,35.0,215.0,2024-10-01,0,1
2024,11,A2321,Santutxu - UPV/EHU (Autopista),19876.0,8842.0,121.0,3526.0,2349.0,118.0,0.0,22.0,172.0,2024-11-01,0,1
2024,12,A2321,Santutxu - UPV/EHU (Autopista),12675.0,6285.0,92.0,1854.0,1372.0,90.0,0.0,30.0,123.0,2024-12-01,0,1
2025,1,A2321,Santutxu - UPV/EHU (Autopista),12500.0,7097.0,85.0,1553.0,956.0,104.0,0.0,57.0,131.0,2025-01-01,0,1
2025,2,A2321,Santutxu - UPV/EHU (Autopista),19192.0,8815.0,103.0,3661.0,2022.0,99.0,0.0,36.0,243.0,2025-02-01,0,1
2025,3,A2321,Santutxu - UPV/EHU (Autopista),18134.0,8024.0,131.0,3507.0,1961.0,66.0,0.0,45.0,236.0,2025-03-01,0,1
2025,4,A2321,Santutxu - UPV/EHU (Autopista),12075.0,6102.0,70.0,2009.0,1216.0,55.0,0.0,14.0,158.0,2025-04-01,0,1
2025,5,A2321,Santutxu - UPV/EHU (Autopista),12355.0,6335.0,136.0,1878.0,1137.0,55.0,0.0,35.0,219.0,2025-05-01,0,1
2025,6,A2321,Santutxu - UPV/EHU (Autopista),6778.0,4623.0,106.0,473.0,322.0,29.0,1.0,10.0,71.0,2025-06-01,0,1
2025,7,A2321,Santutxu - UPV/EHU (Autopista),1703.0,1232.0,33.0,114.0,47.0,9.0,0.0,1.0,19.0,2025-07-01,0,1
2025,8,A2321,Santutxu - UPV/EHU (Autopista),0.0,0.0,0.0,0.0,0.0,0.0,0.0,0.0,0.0,2025-08-01,0,1
2025,9,A2321,Santutxu - UPV/EHU (Autopista),18981.0,9209.0,58.0,2978.0,1577.0,136.0,0.0,54.0,146.0,2025-09-01,0,1
2025,10,A2321,Santutxu - UPV/EHU (Autopista),23193.0,9307.0,153.0,3972.0,2458.0,120.0,0.0,36.0,241.0,2025-10-01,0,1
2025,11,A2321,Santutxu - UPV/EHU (Autopista),20341.0,7669.0,151.0,3695.0,2158.0,86.0,0.0,61.0,205.0,2025-11-01,0,1
2025,12,A2321,Santutxu - UPV/EHU (Autopista),11728.0,5255.0,88.0,1912.0,1121.0,50.0,0.0,42.0,154.0,2025-12-01,0,1
2020,1,A0653,TRUCIOS TURTZIOZ - ARTZENTALES,859.0,140.0,306.0,0.0,0.0,413.0,0.0,0.0,0.0,2020-01-01,1,0
2020,2,A0653,TRUCIOS TURTZIOZ - ARTZENTALES,920.0,135.0,337.0,0.0,0.0,445.0,0.0,2.0,0.0,2020-02-01,1,0
2020,3,A0653,TRUCIOS TURTZIOZ - ARTZENTALES,367.0,70.0,112.0,0.0,0.0,185.0,0.0,0.0,0.0,2020-03-01,1,0
2020,4,A0653,TRUCIOS TURTZIOZ - ARTZENTALES,0.0,0.0,0.0,0.0,0.0,0.0,0.0,0.0,0.0,2020-04-01,1,0
2020,5,A0653,TRUCIOS TURTZIOZ - ARTZENTALES,112.0,57.0,16.0,0.0,0.0,39.0,0.0,0.0,0.0,2020-05-01,1,0
2020,6,A0653,TRUCIOS TURTZIOZ - ARTZENTALES,281.0,122.0,52.0,,,105.0,0.0,0.0,2.0,2020-06-01,1,0
2020,7,A0653,TRUCIOS TURTZIOZ - ARTZENTALES,449.0,169.0,113.0,0.0,0.0,162.0,0.0,2.0,3.0,2020-07-01,1,0
2020,8,A0653,TRUCIOS TURTZIOZ - ARTZENTALES,415.0,150.0,97.0,0.0,0.0,162.0,0.0,4.0,1.0,2020-08-01,1,0
2020,9,A0653,TRUCIOS TURTZIOZ - ARTZENTALES,379.0,161.0,71.0,0.0,0.0,138.0,0.0,2.0,4.0,2020-09-01,1,0
2020,10,A0653,TRUCIOS TURTZIOZ - ARTZENTALES,392.0,157.0,81.0,0.0,0.0,152.0,0.0,1.0,1.0,2020-10-01,1,0
2020,11,A0653,TRUCIOS TURTZIOZ - ARTZENTALES,317.0,123.0,58.0,0.0,0.0,130.0,0.0,1.0,5.0,2020-11-01,1,0
2020,12,A0653,TRUCIOS TURTZIOZ - ARTZENTALES,396.0,172.0,65.0,0.0,0.0,145.0,0.0,6.0,6.0,2020-12-01,1,0
2021,1,A0653,TRUCIOS TURTZIOZ - ARTZENTALES,340.0,129.0,54.0,,3.0,147.0,0.0,7.0,0.0,2021-01-01,1,0
2021,2,A0653,TRUCIOS TURTZIOZ - ARTZENTALES,314.0,84.0,55.0,0.0,12.0,159.0,0.0,3.0,1.0,2021-02-01,1,0
2021,3,A0653,TRUCIOS TURTZIOZ - ARTZENTALES,779.0,183.0,226.0,0.0,0.0,367.0,0.0,2.0,0.0,2021-03-01,1,0
2021,4,A0653,TRUCIOS TURTZIOZ - ARTZENTALES,688.0,138.0,216.0,0.0,0.0,331.0,0.0,2.0,1.0,2021-04-01,1,0
2021,5,A0653,TRUCIOS TURTZIOZ - ARTZENTALES,908.0,140.0,327.0,0.0,0.0,437.0,0.0,1.0,1.0,2021-05-01,1,0
2021,6,A0653,TRUCIOS TURTZIOZ - ARTZENTALES,920.0,145.0,323.0,0.0,0.0,447.0,0.0,4.0,0.0,2021-06-01,1,0
2021,7,A0653,TRUCIOS TURTZIOZ - ARTZENTALES,1005.0,182.0,344.0,0.0,0.0,476.0,0.0,1.0,2.0,2021-07-01,1,0
2021,8,A0653,TRUCIOS TURTZIOZ - ARTZENTALES,543.0,179.0,137.0,0.0,0.0,226.0,0.0,1.0,0.0,2021-08-01,1,0
2021,9,A0653,TRUCIOS TURTZIOZ - ARTZENTALES,1082.0,173.0,371.0,4.0,0.0,523.0,0.0,8.0,3.0,2021-09-01,1,0
2021,10,A0653,TRUCIOS TURTZIOZ - ARTZENTALES,836.0,156.0,285.0,10.0,0.0,381.0,0.0,4.0,0.0,2021-10-01,1,0
2021,11,A0653,TRUCIOS TURTZIOZ - ARTZENTALES,999.0,195.0,337.0,9.0,0.0,454.0,0.0,2.0,2.0,2021-11-01,1,0
2021,12,A0653,TRUCIOS TURTZIOZ - ARTZENTALES,775.0,162.0,254.0,3.0,0.0,351.0,0.0,1.0,1.0,2021-12-01,1,0
2022,1,A0653,TRUCIOS TURTZIOZ - ARTZENTALES,899.0,152.0,289.0,11.0,0.0,445.0,0.0,2.0,0.0,2022-01-01,0,0
2022,2,A0653,TRUCIOS TURTZIOZ - ARTZENTALES,1038.0,194.0,314.0,9.0,0.0,520.0,0.0,1.0,0.0,2022-02-01,0,0
2022,3,A0653,TRUCIOS TURTZIOZ - ARTZENTALES,1089.0,165.0,395.0,8.0,0.0,517.0,0.0,3.0,0.0,2022-03-01,0,0
2022,4,A0653,TRUCIOS TURTZIOZ - ARTZENTALES,792.0,183.0,236.0,8.0,0.0,335.0,0.0,30.0,0.0,2022-04-01,0,0
2022,5,A0653,TRUCIOS TURTZIOZ - ARTZENTALES,1002.0,169.0,342.0,10.0,0.0,477.0,0.0,4.0,0.0,2022-05-01,0,0
2022,6,A0653,TRUCIOS TURTZIOZ - ARTZENTALES,1086.0,209.0,369.0,7.0,0.0,495.0,0.0,3.0,2.0,2022-06-01,0,0
2022,7,A0653,TRUCIOS TURTZIOZ - ARTZENTALES,918.0,200.0,280.0,1.0,0.0,433.0,0.0,3.0,1.0,2022-07-01,0,0
2022,8,A0653,TRUCIOS TURTZIOZ - ARTZENTALES,421.0,122.0,110.0,0.0,0.0,185.0,0.0,3.0,1.0,2022-08-01,0,0
2022,9,A0653,TRUCIOS TURTZIOZ - ARTZENTALES,1025.0,200.0,319.0,6.0,0.0,494.0,0.0,1.0,5.0,2022-09-01,0,1
2022,10,A0653,TRUCIOS TURTZIOZ - ARTZENTALES,991.0,212.0,312.0,6.0,0.0,454.0,0.0,1.0,6.0,2022-10-01,0,1
2022,11,A0653,TRUCIOS TURTZIOZ - ARTZENTALES,935.0,161.0,327.0,0.0,0.0,432.0,0.0,3.0,11.0,2022-11-01,0,1
2022,12,A0653,TRUCIOS TURTZIOZ - ARTZENTALES,873.0,206.0,257.0,0.0,0.0,403.0,0.0,5.0,1.0,2022-12-01,0,1
2023,1,A0653,TRUCIOS TURTZIOZ - ARTZENTALES,887.0,202.0,282.0,0.0,0.0,396.0,0.0,5.0,1.0,2023-01-01,0,1
2023,2,A0653,TRUCIOS TURTZIOZ - ARTZENTALES,891.0,206.0,274.0,0.0,0.0,404.0,0.0,3.0,2.0,2023-02-01,0,1
2023,3,A0653,TRUCIOS TURTZIOZ - ARTZENTALES,1109.0,230.0,345.0,0.0,0.0,525.0,0.0,9.0,0.0,2023-03-01,0,1
2023,4,A0653,TRUCIOS TURTZIOZ - ARTZENTALES,803.0,203.0,237.0,0.0,0.0,354.0,0.0,7.0,0.0,2023-04-01,0,1
2023,5,A0653,TRUCIOS TURTZIOZ - ARTZENTALES,1174.0,235.0,395.0,0.0,0.0,535.0,0.0,8.0,1.0,2023-05-01,0,1
2023,6,A0653,TRUCIOS TURTZIOZ - ARTZENTALES,1258.0,343.0,363.0,0.0,0.0,540.0,0.0,9.0,1.0,2023-06-01,0,1
2023,7,A0653,TRUCIOS TURTZIOZ - ARTZENTALES,1043.0,250.0,308.0,0.0,0.0,469.0,0.0,12.0,0.0,2023-07-01,0,1
2023,8,A0653,TRUCIOS TURTZIOZ - ARTZENTALES,586.0,170.0,129.0,0.0,0.0,282.0,0.0,1.0,0.0,2023-08-01,0,1
2023,9,A0653,TRUCIOS TURTZIOZ - ARTZENTALES,1204.0,307.0,331.0,0.0,0.0,546.0,0.0,9.0,7.0,2023-09-01,0,1
2023,10,A0653,TRUCIOS TURTZIOZ - ARTZENTALES,1181.0,277.0,325.0,0.0,0.0,555.0,0.0,18.0,3.0,2023-10-01,0,1
2023,11,A0653,TRUCIOS TURTZIOZ - ARTZENTALES,1266.0,244.0,367.0,0.0,0.0,643.0,0.0,10.0,0.0,2023-11-01,0,1
2023,12,A0653,TRUCIOS TURTZIOZ - ARTZENTALES,921.0,228.0,249.0,0.0,0.0,433.0,0.0,4.0,6.0,2023-12-01,0,1
2024,1,A0653,TRUCIOS TURTZIOZ - ARTZENTALES,1198.0,294.0,341.0,0.0,0.0,554.0,0.0,3.0,4.0,2024-01-01,0,1
2024,2,A0653,TRUCIOS TURTZIOZ - ARTZENTALES,1139.0,247.0,331.0,0.0,0.0,552.0,0.0,5.0,0.0,2024-02-01,0,1
2024,3,A0653,TRUCIOS TURTZIOZ - ARTZENTALES,1012.0,247.0,272.0,0.0,0.0,473.0,0.0,13.0,3.0,2024-03-01,0,1
2024,4,A0653,TRUCIOS TURTZIOZ - ARTZENTALES,1131.0,304.0,308.0,0.0,0.0,499.0,0.0,17.0,0.0,2024-04-01,0,1
2024,5,A0653,TRUCIOS TURTZIOZ - ARTZENTALES,1209.0,356.0,336.0,0.0,0.0,498.0,0.0,15.0,1.0,2024-05-01,0,1
2024,6,A0653,TRUCIOS TURTZIOZ - ARTZENTALES,1179.0,366.0,325.0,0.0,0.0,476.0,0.0,9.0,1.0,2024-06-01,0,1
2024,7,A0653,TRUCIOS TURTZIOZ - ARTZENTALES,1176.0,339.0,302.0,0.0,0.0,519.0,0.0,11.0,0.0,2024-07-01,0,1
2024,8,A0653,TRUCIOS TURTZIOZ - ARTZENTALES,676.0,264.0,135.0,0.0,0.0,269.0,0.0,4.0,0.0,2024-08-01,0,1
2024,9,A0653,TRUCIOS TURTZIOZ - ARTZENTALES,1090.0,296.0,292.0,0.0,0.0,500.0,0.0,0.0,0.0,2024-09-01,0,1
2024,10,A0653,TRUCIOS TURTZIOZ - ARTZENTALES,1299.0,346.0,358.0,0.0,0.0,573.0,0.0,17.0,3.0,2024-10-01,0,1
2024,11,A0653,TRUCIOS TURTZIOZ - ARTZENTALES,1174.0,301.0,321.0,0.0,0.0,529.0,0.0,15.0,2.0,2024-11-01,0,1
2024,12,A0653,TRUCIOS TURTZIOZ - ARTZENTALES,1080.0,293.0,280.0,1.0,0.0,469.0,0.0,23.0,2.0,2024-12-01,0,1
2025,1,A0653,TRUCIOS TURTZIOZ - ARTZENTALES,1237.0,343.0,325.0,0.0,0.0,545.0,0.0,17.0,0.0,2025-01-01,0,1
2025,2,A0653,TRUCIOS TURTZIOZ - ARTZENTALES,1389.0,393.0,384.0,0.0,0.0,578.0,0.0,15.0,1.0,2025-02-01,0,1
2025,3,A0653,TRUCIOS TURTZIOZ - ARTZENTALES,1377.0,405.0,378.0,0.0,0.0,576.0,0.0,14.0,1.0,2025-03-01,0,1
2025,4,A0653,TRUCIOS TURTZIOZ - ARTZENTALES,1231.0,418.0,324.0,0.0,0.0,463.0,0.0,22.0,1.0,2025-04-01,0,1
2025,5,A0653,TRUCIOS TURTZIOZ - ARTZENTALES,1425.0,622.0,401.0,0.0,0.0,388.0,0.0,12.0,0.0,2025-05-01,0,1
2025,6,A0653,TRUCIOS TURTZIOZ - ARTZENTALES,1299.0,625.0,326.0,0.0,0.0,305.0,0.0,38.0,0.0,2025-06-01,0,1
2025,7,A0653,TRUCIOS TURTZIOZ - ARTZENTALES,1174.0,564.0,319.0,0.0,0.0,285.0,0.0,3.0,2.0,2025-07-01,0,1
2025,8,A0653,TRUCIOS TURTZIOZ - ARTZENTALES,586.0,357.0,124.0,0.0,0.0,88.0,0.0,10.0,2.0,2025-08-01,0,1
2025,9,A0653,TRUCIOS TURTZIOZ - ARTZENTALES,1169.0,581.0,300.0,6.0,0.0,252.0,1.0,10.0,5.0,2025-09-01,0,1
2025,10,A0653,TRUCIOS TURTZIOZ - ARTZENTALES,1410.0,675.0,403.0,17.0,23.0,268.0,0.0,8.0,0.0,2025-10-01,0,1
2025,11,A0653,TRUCIOS TURTZIOZ - ARTZENTALES,1153.0,558.0,495.0,20.0,29.0,38.0,0.0,2.0,9.0,2025-11-01,0,1
2025,12,A0653,TRUCIOS TURTZIOZ - ARTZENTALES,1016.0,482.0,464.0,9.0,18.0,29.0,0.0,0.0,8.0,2025-12-01,0,1
2020,1,A2318,Termibus - UPV/EHU (Autopista),29993.0,20636.0,199.0,3566.0,1199.0,1811.0,3.0,36.0,176.0,2020-01-01,1,0
2020,2,A2318,Termibus - UPV/EHU (Autopista),52091.0,30558.0,248.0,10900.0,3131.0,1966.0,5.0,45.0,298.0,2020-02-01,1,0
2020,3,A2318,Termibus - UPV/EHU (Autopista),23017.0,13521.0,105.0,4770.0,1396.0,927.0,8.0,21.0,116.0,2020-03-01,1,0
2020,4,A2318,Termibus - UPV/EHU (Autopista),0.0,,,,,0.0,0.0,0.0,0.0,2020-04-01,1,0
2020,5,A2318,Termibus - UPV/EHU (Autopista),570.0,545.0,2.0,,,0.0,0.0,8.0,5.0,2020-05-01,1,0
2020,6,A2318,Termibus - UPV/EHU (Autopista),3117.0,2942.0,9.0,44.0,66.0,0.0,0.0,0.0,7.0,2020-06-01,1,0
2020,7,A2318,Termibus - UPV/EHU (Autopista),5116.0,4614.0,13.0,196.0,63.0,0.0,0.0,9.0,8.0,2020-07-01,1,0
2020,8,A2318,Termibus - UPV/EHU (Autopista),1851.0,1745.0,,49.0,15.0,0.0,0.0,0.0,2.0,2020-08-01,1,0
2020,9,A2318,Termibus - UPV/EHU (Autopista),32789.0,24479.0,73.0,3689.0,1226.0,0.0,0.0,25.0,63.0,2020-09-01,1,0
2020,10,A2318,Termibus - UPV/EHU (Autopista),42836.0,30278.0,61.0,5983.0,1922.0,0.0,0.0,15.0,84.0,2020-10-01,1,0
2020,11,A2318,Termibus - UPV/EHU (Autopista),41748.0,30250.0,62.0,5418.0,1667.0,0.0,0.0,21.0,110.0,2020-11-01,1,0
2020,12,A2318,Termibus - UPV/EHU (Autopista),25612.0,19903.0,64.0,2509.0,722.0,6.0,0.0,14.0,74.0,2020-12-01,1,0
2021,1,A2318,Termibus - UPV/EHU (Autopista),23919.0,19166.0,66.0,1704.0,580.0,199.0,0.0,19.0,93.0,2021-01-01,1,0
2021,2,A2318,Termibus - UPV/EHU (Autopista),39839.0,29498.0,136.0,4520.0,1326.0,372.0,0.0,34.0,98.0,2021-02-01,1,0
2021,3,A2318,Termibus - UPV/EHU (Autopista),40193.0,29637.0,175.0,4423.0,1334.0,556.0,2.0,34.0,133.0,2021-03-01,1,0
2021,4,A2318,Termibus - UPV/EHU (Autopista),28692.0,21451.0,114.0,3075.0,792.0,418.0,0.0,40.0,90.0,2021-04-01,1,0
2021,5,A2318,Termibus - UPV/EHU (Autopista),30906.0,23916.0,143.0,2687.0,694.0,616.0,0.0,40.0,82.0,2021-05-01,1,0
2021,6,A2318,Termibus - UPV/EHU (Autopista),17617.0,14403.0,107.0,893.0,245.0,540.0,2.0,25.0,66.0,2021-06-01,1,0
2021,7,A2318,Termibus - UPV/EHU (Autopista),8578.0,7094.0,36.0,493.0,108.0,412.0,1.0,5.0,13.0,2021-07-01,1,0
2021,8,A2318,Termibus - UPV/EHU (Autopista),2325.0,2073.0,6.0,117.0,43.0,54.0,0.0,0.0,4.0,2021-08-01,1,0
2021,9,A2318,Termibus - UPV/EHU (Autopista),36631.0,27549.0,124.0,3421.0,1280.0,1045.0,0.0,5.0,188.0,2021-09-01,1,0
2021,10,A2318,Termibus - UPV/EHU (Autopista),51961.0,36428.0,164.0,6584.0,2404.0,1186.0,1.0,2.0,324.0,2021-10-01,1,0
2021,11,A2318,Termibus - UPV/EHU (Autopista),56912.0,38716.0,208.0,8499.0,2671.0,1122.0,5.0,0.0,380.0,2021-11-01,1,0
2021,12,A2318,Termibus - UPV/EHU (Autopista),33431.0,23656.0,149.0,4057.0,1370.0,801.0,3.0,3.0,238.0,2021-12-01,1,0
2022,1,A2318,Termibus - UPV/EHU (Autopista),27478.0,20665.0,132.0,2647.0,829.0,778.0,3.0,26.0,199.0,2022-01-01,0,0
2022,2,A2318,Termibus - UPV/EHU (Autopista),53140.0,35742.0,268.0,8409.0,2591.0,1088.0,3.0,35.0,330.0,2022-02-01,0,0
2022,3,A2318,Termibus - UPV/EHU (Autopista),58544.0,38928.0,320.0,9182.0,2986.0,1197.0,1.0,43.0,329.0,2022-03-01,0,0
2022,4,A2318,Termibus - UPV/EHU (Autopista),34609.0,24142.0,206.0,4479.0,1466.0,889.0,2.0,21.0,195.0,2022-04-01,0,0
2022,5,A2318,Termibus - UPV/EHU (Autopista),41541.0,29691.0,321.0,4855.0,1453.0,1055.0,2.0,18.0,281.0,2022-05-01,0,0
2022,6,A2318,Termibus - UPV/EHU (Autopista),21463.0,17217.0,168.0,1176.0,357.0,818.0,4.0,4.0,115.0,2022-06-01,0,0
2022,7,A2318,Termibus - UPV/EHU (Autopista),9349.0,7902.0,52.0,249.0,92.0,469.0,0.0,2.0,60.0,2022-07-01,0,0
2022,8,A2318,Termibus - UPV/EHU (Autopista),2361.0,2104.0,18.0,82.0,18.0,62.0,0.0,2.0,14.0,2022-08-01,0,0
2022,9,A2318,Termibus - UPV/EHU (Autopista),48894.0,33995.0,255.0,6266.0,2716.0,930.0,1.0,44.0,359.0,2022-09-01,0,1
2022,10,A2318,Termibus - UPV/EHU (Autopista),57987.0,39649.0,317.0,7893.0,3770.0,759.0,1.0,42.0,407.0,2022-10-01,0,1
2022,11,A2318,Termibus - UPV/EHU (Autopista),55072.0,38088.0,311.0,7155.0,3502.0,774.0,2.0,29.0,370.0,2022-11-01,0,1
2022,12,A2318,Termibus - UPV/EHU (Autopista),32226.0,23482.0,225.0,3400.0,1734.0,426.0,0.0,29.0,194.0,2022-12-01,0,1
2023,1,A2318,Termibus - UPV/EHU (Autopista),31.413,23692.0,208.0,2695.0,1477.0,614.0,3.0,47.0,205.0,2023-01-01,0,1
2023,2,A2318,Termibus - UPV/EHU (Autopista),56430.0,39439.0,302.0,7548.0,3305.0,684.0,0.0,47.0,312.0,2023-02-01,0,1
2023,3,A2318,Termibus - UPV/EHU (Autopista),61988.0,44123.0,431.0,7787.0,3359.0,724.0,0.0,59.0,367.0,2023-03-01,0,1
2023,4,A2318,Termibus - UPV/EHU (Autopista),32737.0,23670.0,224.0,4074.0,1731.0,400.0,3.0,51.0,193.0,2023-04-01,0,1
2023,5,A2318,Termibus - UPV/EHU (Autopista),42529.0,31454.0,364.0,4439.0,2018.0,656.0,5.0,70.0,283.0,2023-05-01,0,1
2023,6,A2318,Termibus - UPV/EHU (Autopista),24622.0,19814.0,217.0,1450.0,737.0,696.0,1.0,51.0,123.0,2023-06-01,0,1
2023,7,A2318,Termibus - UPV/EHU (Autopista),10880.0,9252.0,122.0,540.0,151.0,358.0,0.0,27.0,63.0,2023-07-01,0,1
2023,8,A2318,Termibus - UPV/EHU (Autopista),3003.0,2707.0,7.0,121.0,59.0,60.0,0.0,0.0,9.0,2023-08-01,0,1
2023,9,A2318,Termibus - UPV/EHU (Autopista),53197.0,39094.0,305.0,5752.0,2678.0,842.0,0.0,20.0,292.0,2023-09-01,0,1
2023,10,A2318,Termibus - UPV/EHU (Autopista),65476.0,46243.0,444.0,8021.0,3953.0,724.0,0.0,30.0,336.0,2023-10-01,0,1
2023,11,A2318,Termibus - UPV/EHU (Autopista),66442.0,46338.0,423.0,8447.0,4245.0,720.0,1.0,30.0,377.0,2023-11-01,0,1
2023,12,A2318,Termibus - UPV/EHU (Autopista),37488.0,27321.0,227.0,3966.0,2075.0,451.0,1.0,14.0,281.0,2023-12-01,0,1
2024,1,A2318,Termibus - UPV/EHU (Autopista),38183.0,28594.0,257.0,3173.0,1657.0,594.0,0.0,13.0,257.0,2024-01-01,0,1
2024,2,A2318,Termibus - UPV/EHU (Autopista),63926.0,46134.0,387.0,6759.0,3320.0,573.0,1.0,17.0,337.0,2024-02-01,0,1
2024,3,A2318,Termibus - UPV/EHU (Autopista),51880.0,36137.0,288.0,6068.0,2980.0,562.0,0.0,21.0,237.0,2024-03-01,0,1
2024,4,A2318,Termibus - UPV/EHU (Autopista),48444.0,33732.0,319.0,5461.0,2872.0,501.0,0.0,37.0,196.0,2024-04-01,0,1
2024,5,A2318,Termibus - UPV/EHU (Autopista),44536.0,32397.0,435.0,4070.0,1966.0,575.0,5.0,37.0,209.0,2024-05-01,0,1
2024,6,A2318,Termibus - UPV/EHU (Autopista),23616.0,18419.0,280.0,1151.0,568.0,534.0,3.0,37.0,125.0,2024-06-01,0,1
2024,7,A2318,Termibus - UPV/EHU (Autopista),12396.0,9877.0,111.0,330.0,175.0,456.0,0.0,24.0,53.0,2024-07-01,0,1
2024,8,A2318,Termibus - UPV/EHU (Autopista),2819.0,2319.0,26.0,62.0,15.0,49.0,0.0,2.0,3.0,2024-08-01,0,1
2024,9,A2318,Termibus - UPV/EHU (Autopista),60163.0,39538.0,322.0,5776.0,3732.0,984.0,0.0,32.0,339.0,2024-09-01,0,1
2024,10,A2318,Termibus - UPV/EHU (Autopista),83307.0,50477.0,529.0,9492.0,6041.0,810.0,0.0,12.0,381.0,2024-10-01,0,1
2024,11,A2318,Termibus - UPV/EHU (Autopista),71431.0,41799.0,533.0,8122.0,5242.0,718.0,0.0,15.0,344.0,2024-11-01,0,1
2024,12,A2318,Termibus - UPV/EHU (Autopista),45437.0,28771.0,348.0,4349.0,3055.0,475.0,2.0,6.0,261.0,2024-12-01,0,1
2025,1,A2318,Termibus - UPV/EHU (Autopista),42685.0,28844.0,429.0,3251.0,2334.0,701.0,0.0,5.0,272.0,2025-01-01,0,1
2025,2,A2318,Termibus - UPV/EHU (Autopista),67540.0,39299.0,551.0,8084.0,4784.0,580.0,1.0,6.0,354.0,2025-02-01,0,1
2025,3,A2318,Termibus - UPV/EHU (Autopista),66384.0,38074.0,482.0,8057.0,4638.0,656.0,1.0,13.0,301.0,2025-03-01,0,1
2025,4,A2318,Termibus - UPV/EHU (Autopista),44742.0,27780.0,369.0,4563.0,3004.0,403.0,0.0,17.0,194.0,2025-04-01,0,1
2025,5,A2318,Termibus - UPV/EHU (Autopista),45857.0,29722.0,405.0,3959.0,2791.0,454.0,0.0,29.0,274.0,2025-05-01,0,1
2025,6,A2318,Termibus - UPV/EHU (Autopista),27213.0,20402.0,334.0,1332.0,807.0,407.0,0.0,11.0,183.0,2025-06-01,0,1
2025,7,A2318,Termibus - UPV/EHU (Autopista),12421.0,9141.0,214.0,577.0,223.0,255.0,0.0,20.0,71.0,2025-07-01,0,1
2025,8,A2318,Termibus - UPV/EHU (Autopista),3138.0,2290.0,43.0,101.0,83.0,64.0,0.0,0.0,5.0,2025-08-01,0,1
2025,9,A2318,Termibus - UPV/EHU (Autopista),63794.0,36031.0,376.0,6652.0,4293.0,853.0,0.0,40.0,347.0,2025-09-01,0,1
2025,10,A2318,Termibus - UPV/EHU (Autopista),79746.0,39537.0,484.0,9687.0,6308.0,691.0,1.0,36.0,396.0,2025-10-01,0,1
2025,11,A2318,Termibus - UPV/EHU (Autopista),68893.0,33260.0,419.0,8681.0,5482.0,587.0,0.0,36.0,321.0,2025-11-01,0,1
2025,12,A2318,Termibus - UPV/EHU (Autopista),43245.0,24109.0,302.0,4653.0,3192.0,364.0,0.0,21.0,242.0,2025-12-01,0,1
2020,1,A2611,UGAO MIRABALLES - BASAURI - ETXEBARRI - UPV/EHU,4070.0,2391.0,255.0,685.0,259.0,143.0,0.0,14.0,104.0,2020-01-01,1,0
2020,2,A2611,UGAO MIRABALLES - BASAURI - ETXEBARRI - UPV/EHU,7197.0,3167.0,299.0,2281.0,603.0,166.0,1.0,23.0,180.0,2020-02-01,1,0
2020,3,A2611,UGAO MIRABALLES - BASAURI - ETXEBARRI - UPV/EHU,3377.0,1465.0,132.0,1060.0,299.0,100.0,0.0,15.0,99.0,2020-03-01,1,0
2020,4,A2611,UGAO MIRABALLES - BASAURI - ETXEBARRI - UPV/EHU,0.0,0.0,0.0,0.0,0.0,0.0,0.0,0.0,0.0,2020-04-01,1,0
2020,5,A2611,UGAO MIRABALLES - BASAURI - ETXEBARRI - UPV/EHU,0.0,0.0,0.0,0.0,0.0,0.0,0.0,0.0,0.0,2020-05-01,1,0
2020,6,A2611,UGAO MIRABALLES - BASAURI - ETXEBARRI - UPV/EHU,0.0,0.0,0.0,0.0,0.0,0.0,0.0,0.0,0.0,2020-06-01,1,0
2020,7,A2611,UGAO MIRABALLES - BASAURI - ETXEBARRI - UPV/EHU,0.0,0.0,0.0,0.0,0.0,0.0,0.0,0.0,0.0,2020-07-01,1,0
2020,8,A2611,UGAO MIRABALLES - BASAURI - ETXEBARRI - UPV/EHU,0.0,0.0,0.0,0.0,0.0,0.0,0.0,0.0,0.0,2020-08-01,1,0
2020,9,A2611,UGAO MIRABALLES - BASAURI - ETXEBARRI - UPV/EHU,4140.0,2683.0,187.0,760.0,179.0,0.0,0.0,12.0,89.0,2020-09-01,1,0
2020,10,A2611,UGAO MIRABALLES - BASAURI - ETXEBARRI - UPV/EHU,5807.0,3400.0,205.0,1345.0,395.0,0.0,0.0,8.0,100.0,2020-10-01,1,0
2020,11,A2611,UGAO MIRABALLES - BASAURI - ETXEBARRI - UPV/EHU,5175.0,3233.0,178.0,1040.0,323.0,0.0,0.0,3.0,90.0,2020-11-01,1,0
2020,12,A2611,UGAO MIRABALLES - BASAURI - ETXEBARRI - UPV/EHU,2725.0,1888.0,113.0,417.0,124.0,0.0,0.0,3.0,24.0,2020-12-01,1,0
2021,1,A2611,UGAO MIRABALLES - BASAURI - ETXEBARRI - UPV/EHU,2584.0,1850.0,122.0,298.0,121.0,24.0,0.0,12.0,70.0,2021-01-01,1,0
2021,2,A2611,UGAO MIRABALLES - BASAURI - ETXEBARRI - UPV/EHU,4651.0,3080.0,187.0,777.0,188.0,47.0,0.0,7.0,117.0,2021-02-01,1,0
2021,3,A2611,UGAO MIRABALLES - BASAURI - ETXEBARRI - UPV/EHU,4765.0,3164.0,213.0,721.0,209.0,78.0,0.0,14.0,109.0,2021-03-01,1,0
2021,4,A2611,UGAO MIRABALLES - BASAURI - ETXEBARRI - UPV/EHU,3111.0,2116.0,146.0,407.0,148.0,44.0,1.0,11.0,73.0,2021-04-01,1,0
2021,5,A2611,UGAO MIRABALLES - BASAURI - ETXEBARRI - UPV/EHU,3431.0,2378.0,259.0,351.0,127.0,57.0,0.0,19.0,77.0,2021-05-01,1,0
2021,6,A2611,UGAO MIRABALLES - BASAURI - ETXEBARRI - UPV/EHU,1187.0,861.0,87.0,118.0,39.0,11.0,0.0,7.0,13.0,2021-06-01,1,0
2021,7,A2611,UGAO MIRABALLES - BASAURI - ETXEBARRI - UPV/EHU,0.0,0.0,0.0,0.0,0.0,0.0,0.0,0.0,0.0,2021-07-01,1,0
2021,8,A2611,UGAO MIRABALLES - BASAURI - ETXEBARRI - UPV/EHU,0.0,0.0,0.0,0.0,0.0,0.0,0.0,0.0,0.0,2021-08-01,1,0
2021,9,A2611,UGAO MIRABALLES - BASAURI - ETXEBARRI - UPV/EHU,4189.0,2659.0,208.0,662.0,243.0,104.0,0.0,27.0,79.0,2021-09-01,1,0
2021,10,A2611,UGAO MIRABALLES - BASAURI - ETXEBARRI - UPV/EHU,6749.0,3854.0,251.0,1544.0,427.0,155.0,0.0,20.0,108.0,2021-10-01,1,0
2021,11,A2611,UGAO MIRABALLES - BASAURI - ETXEBARRI - UPV/EHU,7122.0,3637.0,252.0,1963.0,487.0,178.0,0.0,8.0,147.0,2021-11-01,1,0
2021,12,A2611,UGAO MIRABALLES - BASAURI - ETXEBARRI - UPV/EHU,3968.0,2305.0,168.0,796.0,266.0,116.0,0.0,8.0,71.0,2021-12-01,1,0
2022,1,A2611,UGAO MIRABALLES - BASAURI - ETXEBARRI - UPV/EHU,3330.0,2084.0,190.0,492.0,197.0,105.0,0.0,8.0,77.0,2022-01-01,0,0
2022,2,A2611,UGAO MIRABALLES - BASAURI - ETXEBARRI - UPV/EHU,6338.0,3144.0,283.0,1708.0,472.0,156.0,0.0,14.0,131.0,2022-02-01,0,0
2022,3,A2611,UGAO MIRABALLES - BASAURI - ETXEBARRI - UPV/EHU,7370.0,3710.0,309.0,1902.0,635.0,185.0,0.0,22.0,163.0,2022-03-01,0,0
2022,4,A2611,UGAO MIRABALLES - BASAURI - ETXEBARRI - UPV/EHU,4350.0,2474.0,191.0,861.0,328.0,114.0,0.0,11.0,95.0,2022-04-01,0,0
2022,5,A2611,UGAO MIRABALLES - BASAURI - ETXEBARRI - UPV/EHU,5048.0,2993.0,334.0,847.0,377.0,157.0,0.0,20.0,102.0,2022-05-01,0,0
2022,6,A2611,UGAO MIRABALLES - BASAURI - ETXEBARRI - UPV/EHU,550.0,375.0,65.0,38.0,25.0,17.0,0.0,5.0,8.0,2022-06-01,0,0
2022,7,A2611,UGAO MIRABALLES - BASAURI - ETXEBARRI - UPV/EHU,0.0,0.0,0.0,0.0,0.0,0.0,0.0,0.0,0.0,2022-07-01,0,0
2022,8,A2611,UGAO MIRABALLES - BASAURI - ETXEBARRI - UPV/EHU,0.0,0.0,0.0,0.0,0.0,0.0,0.0,0.0,0.0,2022-08-01,0,0
2022,9,A2611,UGAO MIRABALLES - BASAURI - ETXEBARRI - UPV/EHU,6083.0,3319.0,216.0,1394.0,434.0,76.0,0.0,56.0,98.0,2022-09-01,0,1
2022,10,A2611,UGAO MIRABALLES - BASAURI - ETXEBARRI - UPV/EHU,7012.0,3585.0,227.0,1746.0,693.0,83.0,0.0,31.0,113.0,2022-10-01,0,1
2022,11,A2611,UGAO MIRABALLES - BASAURI - ETXEBARRI - UPV/EHU,8462.0,4350.0,288.0,2071.0,846.0,83.0,0.0,31.0,113.0,2022-11-01,0,1
2022,12,A2611,UGAO MIRABALLES - BASAURI - ETXEBARRI - UPV/EHU,4583.0,2633.0,211.0,919.0,356.0,66.0,0.0,19.0,56.0,2022-12-01,0,1
2023,1,A2611,UGAO MIRABALLES - BASAURI - ETXEBARRI - UPV/EHU,4827.0,3158.0,231.0,754.0,289.0,80.0,0.0,23.0,47.0,2023-01-01,0,1
2023,2,A2611,UGAO MIRABALLES - BASAURI - ETXEBARRI - UPV/EHU,7435.0,4087.0,239.0,1840.0,572.0,87.0,1.0,21.0,100.0,2023-02-01,0,1
2023,3,A2611,UGAO MIRABALLES - BASAURI - ETXEBARRI - UPV/EHU,8985.0,5093.0,307.0,2096.0,707.0,84.0,0.0,34.0,110.0,2023-03-01,0,1
2023,4,A2611,UGAO MIRABALLES - BASAURI - ETXEBARRI - UPV/EHU,4393.0,2532.0,160.0,996.0,344.0,51.0,0.0,33.0,55.0,2023-04-01,0,1
2023,5,A2611,UGAO MIRABALLES - BASAURI - ETXEBARRI - UPV/EHU,5599.0,3447.0,356.0,974.0,360.0,69.0,0.0,46.0,83.0,2023-05-01,0,1
2023,6,A2611,UGAO MIRABALLES - BASAURI - ETXEBARRI - UPV/EHU,326.0,241.0,21.0,24.0,14.0,6.0,0.0,6.0,2.0,2023-06-01,0,1
2023,7,A2611,UGAO MIRABALLES - BASAURI - ETXEBARRI - UPV/EHU,0.0,0.0,0.0,0.0,0.0,0.0,0.0,0.0,0.0,2023-07-01,0,1
2023,8,A2611,UGAO MIRABALLES - BASAURI - ETXEBARRI - UPV/EHU,0.0,0.0,0.0,0.0,0.0,0.0,0.0,0.0,0.0,2023-08-01,0,1
2023,9,A2611,UGAO MIRABALLES - BASAURI - ETXEBARRI - UPV/EHU,6012.0,3380.0,205.0,1330.0,502.0,61.0,0.0,21.0,80.0,2023-09-01,0,1
2023,10,A2611,UGAO MIRABALLES - BASAURI - ETXEBARRI - UPV/EHU,7853.0,4035.0,339.0,1978.0,762.0,57.0,0.0,25.0,121.0,2023-10-01,0,1
2023,11,A2611,UGAO MIRABALLES - BASAURI - ETXEBARRI - UPV/EHU,8305.0,4257.0,345.0,2126.0,772.0,90.0,0.0,24.0,109.0,2023-11-01,0,1
2023,12,A2611,UGAO MIRABALLES - BASAURI - ETXEBARRI - UPV/EHU,4490.0,2542.0,233.0,943.0,334.0,37.0,0.0,28.0,77.0,2023-12-01,0,1
2024,1,A2611,UGAO MIRABALLES - BASAURI - ETXEBARRI - UPV/EHU,4.732,2745.0,317.0,816.0,305.0,56.0,0.0,13.0,62.0,2024-01-01,0,1
2024,2,A2611,UGAO MIRABALLES - BASAURI - ETXEBARRI - UPV/EHU,7709.0,3976.0,379.0,1763.0,567.0,57.0,0.0,27.0,73.0,2024-02-01,0,1
2024,3,A2611,UGAO MIRABALLES - BASAURI - ETXEBARRI - UPV/EHU,6572.0,3332.0,339.0,1417.0,573.0,49.0,0.0,32.0,62.0,2024-03-01,0,1
2024,4,A2611,UGAO MIRABALLES - BASAURI - ETXEBARRI - UPV/EHU,5942.0,2810.0,345.0,1442.0,548.0,58.0,0.0,24.0,34.0,2024-04-01,0,1
2024,5,A2611,UGAO MIRABALLES - BASAURI - ETXEBARRI - UPV/EHU,5774.0,3223.0,454.0,916.0,365.0,57.0,0.0,30.0,49.0,2024-05-01,0,1
2024,6,A2611,UGAO MIRABALLES - BASAURI - ETXEBARRI - UPV/EHU,155.0,115.0,5.0,13.0,15.0,0.0,0.0,0.0,0.0,2024-06-01,0,1
2024,7,A2611,UGAO MIRABALLES - BASAURI - ETXEBARRI - UPV/EHU,0.0,0.0,0.0,0.0,0.0,0.0,0.0,0.0,0.0,2024-07-01,0,1
2024,8,A2611,UGAO MIRABALLES - BASAURI - ETXEBARRI - UPV/EHU,0.0,0.0,0.0,0.0,0.0,0.0,0.0,0.0,0.0,2024-08-01,0,1
2024,9,A2611,UGAO MIRABALLES - BASAURI - ETXEBARRI - UPV/EHU,6573.0,3156.0,268.0,1472.0,613.0,75.0,0.0,19.0,77.0,2024-09-01,0,1
2024,10,A2611,UGAO MIRABALLES - BASAURI - ETXEBARRI - UPV/EHU,9664.0,4245.0,508.0,2130.0,1013.0,92.0,0.0,32.0,103.0,2024-10-01,0,1
2024,11,A2611,UGAO MIRABALLES - BASAURI - ETXEBARRI - UPV/EHU,8166.0,3480.0,468.0,1832.0,849.0,67.0,0.0,39.0,92.0,2024-11-01,0,1
2024,12,A2611,UGAO MIRABALLES - BASAURI - ETXEBARRI - UPV/EHU,4982.0,2315.0,335.0,926.0,530.0,37.0,0.0,31.0,48.0,2024-12-01,0,1
2025,1,A2611,UGAO MIRABALLES - BASAURI - ETXEBARRI - UPV/EHU,4911.0,2485.0,354.0,652.0,433.0,52.0,0.0,50.0,62.0,2025-01-01,0,1
2025,2,A2611,UGAO MIRABALLES - BASAURI - ETXEBARRI - UPV/EHU,8063.0,3391.0,482.0,1690.0,847.0,62.0,0.0,53.0,104.0,2025-02-01,0,1
2025,3,A2611,UGAO MIRABALLES - BASAURI - ETXEBARRI - UPV/EHU,7800.0,3321.0,445.0,1626.0,848.0,62.0,0.0,42.0,113.0,2025-03-01,0,1
2025,4,A2611,UGAO MIRABALLES - BASAURI - ETXEBARRI - UPV/EHU,4458.0,2704.0,328.0,396.0,202.0,44.0,0.0,30.0,80.0,2025-04-01,0,1
2025,5,A2611,UGAO MIRABALLES - BASAURI - ETXEBARRI - UPV/EHU,6935.0,3039.0,463.0,1248.0,736.0,45.0,0.0,54.0,79.0,2025-05-01,0,1
2025,6,A2611,UGAO MIRABALLES - BASAURI - ETXEBARRI - UPV/EHU,1045.0,620.0,96.0,61.0,66.0,10.0,0.0,14.0,21.0,2025-06-01,0,1
2025,7,A2611,UGAO MIRABALLES - BASAURI - ETXEBARRI - UPV/EHU,0.0,0.0,0.0,0.0,0.0,0.0,0.0,0.0,0.0,2025-07-01,0,1
2025,8,A2611,UGAO MIRABALLES - BASAURI - ETXEBARRI - UPV/EHU,0.0,0.0,0.0,0.0,0.0,0.0,0.0,0.0,0.0,2025-08-01,0,1
2025,9,A2611,UGAO MIRABALLES - BASAURI - ETXEBARRI - UPV/EHU,5775.0,3174.0,365.0,657.0,438.0,46.0,0.0,38.0,102.0,2025-09-01,0,1
2025,10,A2611,UGAO MIRABALLES - BASAURI - ETXEBARRI - UPV/EHU,11224.0,4124.0,524.0,2660.0,1515.0,56.0,0.0,44.0,150.0,2025-10-01,0,1
2025,11,A2611,UGAO MIRABALLES - BASAURI - ETXEBARRI - UPV/EHU,8297.0,3329.0,486.0,1627.0,948.0,53.0,0.0,30.0,154.0,2025-11-01,0,1
2025,12,A2611,UGAO MIRABALLES - BASAURI - ETXEBARRI - UPV/EHU,6241.0,3008.0,380.0,981.0,625.0,34.0,0.0,34.0,79.0,2025-12-01,0,1
2020,1,A2166,URIBE KOSTA - UPV/EHU,2143.0,1130.0,19.0,381.0,179.0,72.0,0.0,1.0,22.0,2020-01-01,1,0
2020,2,A2166,URIBE KOSTA - UPV/EHU,4038.0,1677.0,31.0,1389.0,323.0,108.0,0.0,0.0,22.0,2020-02-01,1,0
2020,3,A2166,URIBE KOSTA - UPV/EHU,1846.0,782.0,27.0,570.0,152.0,52.0,0.0,2.0,10.0,2020-03-01,1,0
2020,4,A2166,URIBE KOSTA - UPV/EHU,0.0,,,,,,,,,2020-04-01,1,0
2020,5,A2166,URIBE KOSTA - UPV/EHU,0.0,,,,,,,,,2020-05-01,1,0
2020,6,A2166,URIBE KOSTA - UPV/EHU,0.0,,,,,,,,,2020-06-01,1,0
2020,7,A2166,URIBE KOSTA - UPV/EHU,0.0,,,,,,,,,2020-07-01,1,0
2020,8,A2166,URIBE KOSTA - UPV/EHU,0.0,,,,,,,,,2020-08-01,1,0
2020,9,A2166,URIBE KOSTA - UPV/EHU,2834.0,1833.0,45.0,302.0,154.0,,,,4.0,2020-09-01,1,0
2020,10,A2166,URIBE KOSTA - UPV/EHU,3876.0,2240.0,61.0,748.0,125.0,,,3.0,8.0,2020-10-01,1,0
2020,11,A2166,URIBE KOSTA - UPV/EHU,2639.0,1649.0,39.0,366.0,156.0,,,,5.0,2020-11-01,1,0
2020,12,A2166,URIBE KOSTA - UPV/EHU,1521.0,1056.0,18.0,137.0,71.0,0.0,0.0,0.0,0.0,2020-12-01,1,0
2021,1,A2166,URIBE KOSTA - UPV/EHU,1549.0,1131.0,33.0,109.0,49.0,21.0,0.0,5.0,0.0,2021-01-01,1,0
2021,2,A2166,URIBE KOSTA - UPV/EHU,2938.0,1927.0,71.0,386.0,134.0,15.0,0.0,3.0,3.0,2021-02-01,1,0
2021,3,A2166,URIBE KOSTA - UPV/EHU,2914.0,1945.0,70.0,382.0,93.0,36.0,0.0,5.0,3.0,2021-03-01,1,0
2021,4,A2166,URIBE KOSTA - UPV/EHU,2173.0,1422.0,53.0,308.0,71.0,21.0,,,4.0,2021-04-01,1,0
2021,5,A2166,URIBE KOSTA - UPV/EHU,2339.0,1557.0,68.0,251.0,77.0,65.0,0.0,0.0,12.0,2021-05-01,1,0
2021,6,A2166,URIBE KOSTA - UPV/EHU,314.0,228.0,8.0,16.0,18.0,11.0,0.0,0.0,3.0,2021-06-01,1,0
2021,7,A2166,URIBE KOSTA - UPV/EHU,0.0,,,,,,,,,2021-07-01,1,0
2021,8,A2166,URIBE KOSTA - UPV/EHU,0.0,,,,,,,,,2021-08-01,1,0
2021,9,A2166,URIBE KOSTA - UPV/EHU,3187.0,2004.0,68.0,550.0,128.0,82.0,,7.0,28.0,2021-09-01,1,0
2021,10,A2166,URIBE KOSTA - UPV/EHU,4371.0,2315.0,85.0,971.0,314.0,107.0,1.0,2.0,35.0,2021-10-01,1,0
2021,11,A2166,URIBE KOSTA - UPV/EHU,4827.0,2555.0,83.0,1057.0,349.0,137.0,0.0,2.0,28.0,2021-11-01,1,0
2021,12,A2166,URIBE KOSTA - UPV/EHU,2763.0,1620.0,46.0,476.0,129.0,87.0,1.0,1.0,21.0,2021-12-01,1,0
2022,1,A2166,URIBE KOSTA - UPV/EHU,2240.0,1384.0,68.0,297.0,103.0,51.0,,4.0,20.0,2022-01-01,0,0
2022,2,A2166,URIBE KOSTA - UPV/EHU,4118.0,2153.0,106.0,903.0,261.0,77.0,,6.0,27.0,2022-02-01,0,0
2022,3,A2166,URIBE KOSTA - UPV/EHU,4678.0,2574.0,92.0,1090.0,266.0,98.0,0.0,7.0,15.0,2022-03-01,0,0
2022,4,A2166,URIBE KOSTA - UPV/EHU,2663.0,1615.0,57.0,433.0,153.0,42.0,2.0,2.0,0.0,2022-04-01,0,0
2022,5,A2166,URIBE KOSTA - UPV/EHU,3168.0,1964.0,82.0,504.0,175.0,53.0,,4.0,1.0,2022-05-01,0,0
2022,6,A2166,URIBE KOSTA - UPV/EHU,319.0,238.0,9.0,26.0,13.0,6.0,,1.0,0.0,2022-06-01,0,0
2022,7,A2166,URIBE KOSTA - UPV/EHU,0.0,,,,,,,,,2022-07-01,0,0
2022,8,A2166,URIBE KOSTA - UPV/EHU,0.0,,,,,,,,,2022-08-01,0,0
2022,9,A2166,URIBE KOSTA - UPV/EHU,4603.0,2255.0,91.0,1173.0,427.0,27.0,1.0,2.0,5.0,2022-09-01,0,1
2022,10,A2166,URIBE KOSTA - UPV/EHU,5518.0,2466.0,98.0,1563.0,608.0,28.0,,2.0,3.0,2022-10-01,0,1
2022,11,A2166,URIBE KOSTA - UPV/EHU,6130.0,2855.0,89.0,1678.0,678.0,49.0,1.0,1.0,4.0,2022-11-01,0,1
2022,12,A2166,URIBE KOSTA - UPV/EHU,3126.0,1590.0,38.0,701.0,351.0,38.0,,2.0,1.0,2022-12-01,0,1
2023,1,A2166,URIBE KOSTA - UPV/EHU,2165.0,1311.0,38.0,364.0,172.0,19.0,,3.0,3.0,2023-01-01,0,1
2023,2,A2166,URIBE KOSTA - UPV/EHU,3616.0,1884.0,67.0,904.0,324.0,26.0,,3.0,0.0,2023-02-01,0,1
2023,3,A2166,URIBE KOSTA - UPV/EHU,3601.0,2003.0,81.0,731.0,302.0,30.0,,,3.0,2023-03-01,0,1
2023,4,A2166,URIBE KOSTA - UPV/EHU,1693.0,1083.0,29.0,267.0,118.0,14.0,,2.0,2.0,2023-04-01,0,1
2023,5,A2166,URIBE KOSTA - UPV/EHU,2960.0,1926.0,109.0,396.0,222.0,28.0,1.0,8.0,,2023-05-01,0,1
2023,6,A2166,URIBE KOSTA - UPV/EHU,191.0,133.0,9.0,12.0,17.0,4.0,,,0.0,2023-06-01,0,1
2023,7,A2166,URIBE KOSTA - UPV/EHU,5.0,1.0,,1.0,1.0,,,,,2023-07-01,0,1
2023,8,A2166,URIBE KOSTA - UPV/EHU,0.0,,,,,,,,,2023-08-01,0,1
2023,9,A2166,URIBE KOSTA - UPV/EHU,4340.0,2207.0,78.0,999.0,547.0,50.0,0.0,1.0,25.0,2023-09-01,0,1
2023,10,A2166,URIBE KOSTA - UPV/EHU,5503.0,2651.0,140.0,1250.0,828.0,54.0,0.0,1.0,24.0,2023-10-01,0,1
2023,11,A2166,URIBE KOSTA - UPV/EHU,5846.0,2922.0,138.0,1272.0,805.0,49.0,0.0,2.0,25.0,2023-11-01,0,1
2023,12,A2166,URIBE KOSTA - UPV/EHU,3121.0,1621.0,82.0,652.0,418.0,22.0,0.0,3.0,14.0,2023-12-01,0,1
2024,1,A2166,URIBE KOSTA - UPV/EHU,3260.0,1863.0,84.0,506.0,372.0,37.0,,7.0,10.0,2024-01-01,0,1
2024,2,A2166,URIBE KOSTA - UPV/EHU,5424.0,2828.0,123.0,1255.0,490.0,52.0,,9.0,31.0,2024-02-01,0,1
2024,3,A2166,URIBE KOSTA - UPV/EHU,4086.0,2022.0,139.0,919.0,469.0,29.0,,6.0,20.0,2024-03-01,0,1
2024,4,A2166,URIBE KOSTA - UPV/EHU,4319.0,2284.0,106.0,900.0,484.0,35.0,0.0,4.0,19.0,2024-04-01,0,1
2024,5,A2166,URIBE KOSTA - UPV/EHU,4054.0,2334.0,134.0,641.0,466.0,38.0,0.0,5.0,10.0,2024-05-01,0,1
2024,6,A2166,URIBE KOSTA - UPV/EHU,0.0,0.0,0.0,0.0,0.0,0.0,0.0,0.0,0.0,2024-06-01,0,1
2024,7,A2166,URIBE KOSTA - UPV/EHU,0.0,0.0,0.0,0.0,0.0,0.0,0.0,0.0,0.0,2024-07-01,0,1
2024,8,A2166,URIBE KOSTA - UPV/EHU,0.0,0.0,0.0,0.0,0.0,0.0,0.0,0.0,0.0,2024-08-01,0,1
2024,9,A2166,URIBE KOSTA - UPV/EHU,4998.0,2421.0,130.0,1039.0,675.0,43.0,0.0,2.0,18.0,2024-09-01,0,1
2024,10,A2166,URIBE KOSTA - UPV/EHU,4836.0,2269.0,138.0,861.0,765.0,38.0,0.0,5.0,20.0,2024-10-01,0,1
2024,11,A2166,URIBE KOSTA - UPV/EHU,5893.0,2700.0,169.0,1104.0,982.0,42.0,0.0,9.0,26.0,2024-11-01,0,1
2024,12,A2166,URIBE KOSTA - UPV/EHU,3778.0,1838.0,108.0,618.0,548.0,34.0,0.0,1.0,15.0,2024-12-01,0,1
2025,1,A2166,URIBE KOSTA - UPV/EHU,3675.0,1987.0,157.0,365.0,556.0,40.0,0.0,3.0,8.0,2025-01-01,0,1
2025,2,A2166,URIBE KOSTA - UPV/EHU,6057.0,2932.0,132.0,1225.0,875.0,49.0,0.0,8.0,30.0,2025-02-01,0,1
2025,3,A2166,URIBE KOSTA - UPV/EHU,5721.0,2695.0,142.0,1294.0,822.0,34.0,0.0,9.0,13.0,2025-03-01,0,1
2025,4,A2166,URIBE KOSTA - UPV/EHU,4137.0,2072.0,119.0,849.0,531.0,33.0,0.0,13.0,10.0,2025-04-01,0,1
2025,5,A2166,URIBE KOSTA - UPV/EHU,4188.0,2353.0,161.0,588.0,517.0,27.0,0.0,9.0,15.0,2025-05-01,0,1
2025,6,A2166,URIBE KOSTA - UPV/EHU,735.0,452.0,35.0,53.0,78.0,27.0,0.0,3.0,1.0,2025-06-01,0,1
2025,7,A2166,URIBE KOSTA - UPV/EHU,2.0,2.0,0.0,0.0,0.0,0.0,0.0,0.0,0.0,2025-07-01,0,1
2025,8,A2166,URIBE KOSTA - UPV/EHU,0.0,0.0,0.0,0.0,0.0,0.0,0.0,0.0,0.0,2025-08-01,0,1
2025,9,A2166,URIBE KOSTA - UPV/EHU,5835.0,2504.0,117.0,1451.0,832.0,43.0,0.0,11.0,20.0,2025-09-01,0,1
2025,10,A2166,URIBE KOSTA - UPV/EHU,7624.0,3010.0,173.0,2113.0,1094.0,37.0,0.0,12.0,22.0,2025-10-01,0,1
2025,11,A2166,URIBE KOSTA - UPV/EHU,6866.0,2573.0,164.0,1939.0,1002.0,35.0,0.0,5.0,15.0,2025-11-01,0,1
2025,12,A2166,URIBE KOSTA - UPV/EHU,4090.0,1818.0,91.0,905.0,613.0,21.0,0.0,10.0,9.0,2025-12-01,0,1
2020,1,A3332,VALLE DE TRAPAGA TRAPAGARAN - SANTURTZI,25959.0,14496.0,5795.0,1412.0,969.0,1657.0,0.0,429.0,589.0,2020-01-01,1,0
2020,2,A3332,VALLE DE TRAPAGA TRAPAGARAN - SANTURTZI,26917.0,14805.0,6034.0,1415.0,1123.0,1646.0,2.0,462.0,744.0,2020-02-01,1,0
2020,3,A3332,VALLE DE TRAPAGA TRAPAGARAN - SANTURTZI,12466.0,7584.0,2390.0,693.0,477.0,573.0,0.0,140.0,264.0,2020-03-01,1,0
2020,4,A3332,VALLE DE TRAPAGA TRAPAGARAN - SANTURTZI,3082.0,2767.0,202.0,41.0,44.0,0.0,0.0,2.0,14.0,2020-04-01,1,0
2020,5,A3332,VALLE DE TRAPAGA TRAPAGARAN - SANTURTZI,7409.0,5948.0,1135.0,111.0,30.0,0.0,0.0,28.0,67.0,2020-05-01,1,0
2020,6,A3332,VALLE DE TRAPAGA TRAPAGARAN - SANTURTZI,16078.0,11796.0,3254.0,184.0,141.0,0.0,0.0,185.0,250.0,2020-06-01,1,0
2020,7,A3332,VALLE DE TRAPAGA TRAPAGARAN - SANTURTZI,17174.0,12331.0,3563.0,220.0,238.0,0.0,0.0,228.0,268.0,2020-07-01,1,0
2020,8,A3332,VALLE DE TRAPAGA TRAPAGARAN - SANTURTZI,13057.0,9505.0,2627.0,64.0,206.0,0.0,0.0,234.0,152.0,2020-08-01,1,0
2020,9,A3332,VALLE DE TRAPAGA TRAPAGARAN - SANTURTZI,19820.0,13896.0,3670.0,534.0,624.0,0.0,0.0,205.0,283.0,2020-09-01,1,0
2020,10,A3332,VALLE DE TRAPAGA TRAPAGARAN - SANTURTZI,20834.0,13981.0,3621.0,1145.0,1020.0,0.0,0.0,111.0,237.0,2020-10-01,1,0
2020,11,A3332,VALLE DE TRAPAGA TRAPAGARAN - SANTURTZI,17627.0,12280.0,2339.0,1076.0,932.0,0.0,0.0,126.0,253.0,2020-11-01,1,0
2020,12,A3332,VALLE DE TRAPAGA TRAPAGARAN - SANTURTZI,18645.0,13060.0,3113.0,659.0,665.0,87.0,0.0,160.0,335.0,2020-12-01,1,0
2021,1,A3332,VALLE DE TRAPAGA TRAPAGARAN - SANTURTZI,17987.0,12684.0,2561.0,742.0,696.0,309.0,0.0,129.0,349.0,2021-01-01,1,0
2021,2,A3332,VALLE DE TRAPAGA TRAPAGARAN - SANTURTZI,17549.0,11946.0,2374.0,1028.0,808.0,447.0,1.0,138.0,390.0,2021-02-01,1,0
2021,3,A3332,VALLE DE TRAPAGA TRAPAGARAN - SANTURTZI,21779.0,14057.0,3596.0,1320.0,835.0,619.0,0.0,229.0,520.0,2021-03-01,1,0
2021,4,A3332,VALLE DE TRAPAGA TRAPAGARAN - SANTURTZI,18048.0,12030.0,2734.0,1059.0,581.0,551.0,1.0,222.0,421.0,2021-04-01,1,0
2021,5,A3332,VALLE DE TRAPAGA TRAPAGARAN - SANTURTZI,21473.0,14116.0,3605.0,1104.0,616.0,813.0,1.0,242.0,415.0,2021-05-01,1,0
2021,6,A3332,VALLE DE TRAPAGA TRAPAGARAN - SANTURTZI,21745.0,14366.0,3893.0,734.0,355.0,869.0,0.0,379.0,521.0,2021-06-01,1,0
2021,7,A3332,VALLE DE TRAPAGA TRAPAGARAN - SANTURTZI,18602.0,12265.0,3596.0,478.0,232.0,976.0,0.0,424.0,299.0,2021-07-01,1,0
2021,8,A3332,VALLE DE TRAPAGA TRAPAGARAN - SANTURTZI,14628.0,9369.0,2783.0,235.0,228.0,1050.0,1.0,383.0,349.0,2021-08-01,1,0
2021,9,A3332,VALLE DE TRAPAGA TRAPAGARAN - SANTURTZI,23640.0,14913.0,3825.0,1123.0,896.0,1302.0,0.0,321.0,551.0,2021-09-01,1,0
2021,10,A3332,VALLE DE TRAPAGA TRAPAGARAN - SANTURTZI,25236.0,14784.0,4529.0,1601.0,1422.0,1193.0,2.0,299.0,737.0,2021-10-01,1,0
2021,11,A3332,VALLE DE TRAPAGA TRAPAGARAN - SANTURTZI,26019.0,15663.0,4394.0,1538.0,1603.0,1277.0,0.0,272.0,608.0,2021-11-01,1,0
2021,12,A3332,VALLE DE TRAPAGA TRAPAGARAN - SANTURTZI,25193.0,15951.0,4203.0,1052.0,956.0,1463.0,0.0,360.0,509.0,2021-12-01,1,0
2022,1,A3332,VALLE DE TRAPAGA TRAPAGARAN - SANTURTZI,22805.0,14279.0,3909.0,1112.0,960.0,1212.0,1.0,270.0,511.0,2022-01-01,0,0
2022,2,A3332,VALLE DE TRAPAGA TRAPAGARAN - SANTURTZI,24827.0,14971.0,4179.0,1434.0,1333.0,1269.0,1.0,320.0,606.0,2022-02-01,0,0
2022,3,A3332,VALLE DE TRAPAGA TRAPAGARAN - SANTURTZI,28772.0,17100.0,5094.0,1593.0,1600.0,1359.0,0.0,381.0,837.0,2022-03-01,0,0
2022,4,A3332,VALLE DE TRAPAGA TRAPAGARAN - SANTURTZI,23392.0,14335.0,4202.0,957.0,975.0,1324.0,0.0,378.0,567.0,2022-04-01,0,0
2022,5,A3332,VALLE DE TRAPAGA TRAPAGARAN - SANTURTZI,27426.0,16703.0,5199.0,1369.0,1188.0,1216.0,1.0,405.0,654.0,2022-05-01,0,0
2022,6,A3332,VALLE DE TRAPAGA TRAPAGARAN - SANTURTZI,25523.0,16281.0,4992.0,605.0,642.0,1439.0,0.0,397.0,574.0,2022-06-01,0,0
2022,7,A3332,VALLE DE TRAPAGA TRAPAGARAN - SANTURTZI,21395.0,13463.0,4243.0,402.0,480.0,1354.0,1.0,503.0,549.0,2022-07-01,0,0
2022,8,A3332,VALLE DE TRAPAGA TRAPAGARAN - SANTURTZI,17317.0,10909.0,3535.0,161.0,310.0,1252.0,2.0,422.0,414.0,2022-08-01,0,0
2022,9,A3332,VALLE DE TRAPAGA TRAPAGARAN - SANTURTZI,26945.0,16980.0,4674.0,1356.0,1354.0,975.0,0.0,447.0,551.0,2022-09-01,0,1
2022,10,A3332,VALLE DE TRAPAGA TRAPAGARAN - SANTURTZI,28920.0,17678.0,5558.0,1472.0,1812.0,731.0,0.0,333.0,625.0,2022-10-01,0,1
2022,11,A3332,VALLE DE TRAPAGA TRAPAGARAN - SANTURTZI,27155.0,16526.0,5336.0,1410.0,1665.0,722.0,0.0,328.0,539.0,2022-11-01,0,1
2022,12,A3332,VALLE DE TRAPAGA TRAPAGARAN - SANTURTZI,24994.0,15885.0,4927.0,763.0,1049.0,810.0,0.0,405.0,574.0,2022-12-01,0,1
2023,1,A3332,VALLE DE TRAPAGA TRAPAGARAN - SANTURTZI,25.917,16606.0,4951.0,944.0,1245.0,658.0,1.0,328.0,615.0,2023-01-01,0,1
2023,2,A3332,VALLE DE TRAPAGA TRAPAGARAN - SANTURTZI,26601.0,16602.0,5051.0,1184.0,1406.0,710.0,0.0,361.0,636.0,2023-02-01,0,1
2023,3,A3332,VALLE DE TRAPAGA TRAPAGARAN - SANTURTZI,29881.0,18471.0,5878.0,1296.0,1600.0,843.0,1.0,420.0,661.0,2023-03-01,0,1
2023,4,A3332,VALLE DE TRAPAGA TRAPAGARAN - SANTURTZI,24846.0,15926.0,4904.0,734.0,1008.0,743.0,0.0,418.0,528.0,2023-04-01,0,1
2023,5,A3332,VALLE DE TRAPAGA TRAPAGARAN - SANTURTZI,28820.0,18287.0,6079.0,884.0,1211.0,716.0,0.0,368.0,672.0,2023-05-01,0,1
2023,6,A3332,VALLE DE TRAPAGA TRAPAGARAN - SANTURTZI,28604.0,18824.0,5762.0,616.0,752.0,831.0,0.0,454.0,654.0,2023-06-01,0,1
2023,7,A3332,VALLE DE TRAPAGA TRAPAGARAN - SANTURTZI,26585.0,17411.0,5587.0,335.0,522.0,919.0,1.0,566.0,684.0,2023-07-01,0,1
2023,8,A3332,VALLE DE TRAPAGA TRAPAGARAN - SANTURTZI,20995.0,14009.0,4200.0,235.0,414.0,828.0,0.0,493.0,367.0,2023-08-01,0,1
2023,9,A3332,VALLE DE TRAPAGA TRAPAGARAN - SANTURTZI,29576.0,19182.0,5005.0,974.0,1477.0,872.0,0.0,595.0,690.0,2023-09-01,0,1
2023,10,A3332,VALLE DE TRAPAGA TRAPAGARAN - SANTURTZI,31449.0,19415.0,5939.0,1233.0,1920.0,822.0,0.0,511.0,775.0,2023-10-01,0,1
2023,11,A3332,VALLE DE TRAPAGA TRAPAGARAN - SANTURTZI,31922.0,19904.0,6187.0,1303.0,1933.0,780.0,0.0,508.0,658.0,2023-11-01,0,1
2023,12,A3332,VALLE DE TRAPAGA TRAPAGARAN - SANTURTZI,30028.0,18950.0,6129.0,1009.0,1353.0,850.0,0.0,548.0,630.0,2023-12-01,0,1
2024,1,A3332,VALLE DE TRAPAGA TRAPAGARAN - SANTURTZI,30398.0,17607.0,5960.0,1256.0,1548.0,978.0,1.0,454.0,669.0,2024-01-01,0,1
2024,2,A3332,VALLE DE TRAPAGA TRAPAGARAN - SANTURTZI,31093.0,18373.0,5827.0,1224.0,1557.0,803.0,0.0,439.0,803.0,2024-02-01,0,1
2024,3,A3332,VALLE DE TRAPAGA TRAPAGARAN - SANTURTZI,30072.0,16877.0,6223.0,1227.0,1495.0,824.0,0.0,414.0,667.0,2024-03-01,0,1
2024,4,A3332,VALLE DE TRAPAGA TRAPAGARAN - SANTURTZI,32813.0,18534.0,6421.0,1181.0,1564.0,944.0,0.0,633.0,800.0,2024-04-01,0,1
2024,5,A3332,VALLE DE TRAPAGA TRAPAGARAN - SANTURTZI,33029.0,18245.0,6541.0,1298.0,1584.0,934.0,1.0,535.0,705.0,2024-05-01,0,1
2024,6,A3332,VALLE DE TRAPAGA TRAPAGARAN - SANTURTZI,30047.0,17256.0,5960.0,816.0,1109.0,947.0,0.0,514.0,620.0,2024-06-01,0,1
2024,7,A3332,VALLE DE TRAPAGA TRAPAGARAN - SANTURTZI,28276.0,16562.0,5639.0,716.0,948.0,906.0,1.0,614.0,592.0,2024-07-01,0,1
2024,8,A3332,VALLE DE TRAPAGA TRAPAGARAN - SANTURTZI,22829.0,13770.0,4546.0,470.0,500.0,862.0,0.0,458.0,442.0,2024-08-01,0,1
2024,9,A3332,VALLE DE TRAPAGA TRAPAGARAN - SANTURTZI,31973.0,17597.0,6015.0,1344.0,1621.0,961.0,0.0,563.0,657.0,2024-09-01,0,1
2024,10,A3332,VALLE DE TRAPAGA TRAPAGARAN - SANTURTZI,35527.0,18936.0,6564.0,1679.0,2361.0,846.0,0.0,549.0,898.0,2024-10-01,0,1
2024,11,A3332,VALLE DE TRAPAGA TRAPAGARAN - SANTURTZI,34001.0,18170.0,6946.0,1355.0,2031.0,696.0,0.0,625.0,784.0,2024-11-01,0,1
2024,12,A3332,VALLE DE TRAPAGA TRAPAGARAN - SANTURTZI,31442.0,17477.0,6237.0,1034.0,1632.0,769.0,0.0,646.0,686.0,2024-12-01,0,1
2025,1,A3332,VALLE DE TRAPAGA TRAPAGARAN - SANTURTZI,31845.0,17385.0,6084.0,1150.0,1665.0,673.0,0.0,621.0,749.0,2025-01-01,0,1
2025,2,A3332,VALLE DE TRAPAGA TRAPAGARAN - SANTURTZI,31951.0,16645.0,6184.0,1381.0,2149.0,693.0,0.0,530.0,762.0,2025-02-01,0,1
2025,3,A3332,VALLE DE TRAPAGA TRAPAGARAN - SANTURTZI,34891.0,18070.0,6864.0,1502.0,2107.0,753.0,1.0,664.0,811.0,2025-03-01,0,1
2025,4,A3332,VALLE DE TRAPAGA TRAPAGARAN - SANTURTZI,31222.0,16792.0,6208.0,1057.0,1662.0,503.0,0.0,519.0,741.0,2025-04-01,0,1
2025,5,A3332,VALLE DE TRAPAGA TRAPAGARAN - SANTURTZI,35822.0,19581.0,7093.0,1152.0,1917.0,555.0,0.0,581.0,627.0,2025-05-01,0,1
2025,6,A3332,VALLE DE TRAPAGA TRAPAGARAN - SANTURTZI,33154.0,18752.0,6678.0,738.0,1270.0,585.0,0.0,566.0,671.0,2025-06-01,0,1
2025,7,A3332,VALLE DE TRAPAGA TRAPAGARAN - SANTURTZI,32796.0,19271.0,6520.0,661.0,997.0,600.0,0.0,646.0,639.0,2025-07-01,0,1
2025,8,A3332,VALLE DE TRAPAGA TRAPAGARAN - SANTURTZI,24861.0,14958.0,5000.0,583.0,580.0,572.0,0.0,455.0,451.0,2025-08-01,0,1
2025,9,A3332,VALLE DE TRAPAGA TRAPAGARAN - SANTURTZI,36475.0,19901.0,6535.0,1622.0,2014.0,585.0,0.0,622.0,918.0,2025-09-01,0,1
2025,10,A3332,VALLE DE TRAPAGA TRAPAGARAN - SANTURTZI,40363.0,20879.0,7436.0,2088.0,2635.0,499.0,0.0,577.0,944.0,2025-10-01,0,1
2025,11,A3332,VALLE DE TRAPAGA TRAPAGARAN - SANTURTZI,36578.0,18935.0,6871.0,1846.0,2349.0,541.0,0.0,527.0,800.0,2025-11-01,0,1
2025,12,A3332,VALLE DE TRAPAGA TRAPAGARAN - SANTURTZI,36607.0,19630.0,7366.0,1185.0,2050.0,616.0,0.0,641.0,826.0,2025-12-01,0,1
2020,1,A2312,Zabalburu - UPV/EHU  (Juan de Garay),10956.0,8238.0,44.0,1199.0,138.0,453.0,26.0,0.0,32.0,2020-01-01,1,0
2020,2,A2312,Zabalburu - UPV/EHU  (Juan de Garay),21218.0,13861.0,105.0,4111.0,442.0,803.0,2.0,0.0,74.0,2020-02-01,1,0
2020,3,A2312,Zabalburu - UPV/EHU  (Juan de Garay),9373.0,6109.0,37.0,1775.0,206.0,320.0,0.0,0.0,32.0,2020-03-01,1,0
2020,4,A2312,Zabalburu - UPV/EHU  (Juan de Garay),0.0,,,,,0.0,0.0,0.0,0.0,2020-04-01,1,0
2020,5,A2312,Zabalburu - UPV/EHU  (Juan de Garay),0.0,,,,,0.0,0.0,0.0,0.0,2020-05-01,1,0
2020,6,A2312,Zabalburu - UPV/EHU  (Juan de Garay),0.0,,,,,0.0,0.0,0.0,0.0,2020-06-01,1,0
2020,7,A2312,Zabalburu - UPV/EHU  (Juan de Garay),0.0,,,,,0.0,0.0,0.0,0.0,2020-07-01,1,0
2020,8,A2312,Zabalburu - UPV/EHU  (Juan de Garay),10.0,9.0,,,,0.0,0.0,0.0,0.0,2020-08-01,1,0
2020,9,A2312,Zabalburu - UPV/EHU  (Juan de Garay),9567.0,7673.0,16.0,855.0,195.0,0.0,0.0,0.0,20.0,2020-09-01,1,0
2020,10,A2312,Zabalburu - UPV/EHU  (Juan de Garay),14486.0,11384.0,16.0,1585.0,291.0,0.0,0.0,1.0,29.0,2020-10-01,1,0
2020,11,A2312,Zabalburu - UPV/EHU  (Juan de Garay),14251.0,11325.0,21.0,1472.0,191.0,0.0,0.0,0.0,43.0,2020-11-01,1,0
2020,12,A2312,Zabalburu - UPV/EHU  (Juan de Garay),7848.0,6473.0,12.0,624.0,62.0,0.0,0.0,1.0,16.0,2020-12-01,1,0
2021,1,A2312,Zabalburu - UPV/EHU  (Juan de Garay),7894.0,6663.0,11.0,400.0,80.0,68.0,0.0,1.0,27.0,2021-01-01,1,0
2021,2,A2312,Zabalburu - UPV/EHU  (Juan de Garay),13446.0,10640.0,21.0,1357.0,175.0,131.0,0.0,0.0,51.0,2021-02-01,1,0
2021,3,A2312,Zabalburu - UPV/EHU  (Juan de Garay),13029.0,10423.0,23.0,1144.0,141.0,158.0,0.0,1.0,55.0,2021-03-01,1,0
2021,4,A2312,Zabalburu - UPV/EHU  (Juan de Garay),9214.0,7272.0,19.0,854.0,96.0,147.0,0.0,0.0,44.0,2021-04-01,1,0
2021,5,A2312,Zabalburu - UPV/EHU  (Juan de Garay),10267.0,8530.0,22.0,651.0,84.0,187.0,0.0,0.0,38.0,2021-05-01,1,0
2021,6,A2312,Zabalburu - UPV/EHU  (Juan de Garay),5391.0,4639.0,16.0,185.0,36.0,134.0,0.0,1.0,12.0,2021-06-01,1,0
2021,7,A2312,Zabalburu - UPV/EHU  (Juan de Garay),1070.0,949.0,2.0,36.0,3.0,31.0,0.0,3.0,6.0,2021-07-01,1,0
2021,8,A2312,Zabalburu - UPV/EHU  (Juan de Garay),0.0,,,,,0.0,0.0,0.0,0.0,2021-08-01,1,0
2021,9,A2312,Zabalburu - UPV/EHU  (Juan de Garay),10526.0,8212.0,15.0,931.0,56.0,277.0,0.0,1.0,110.0,2021-09-01,1,0
2021,10,A2312,Zabalburu - UPV/EHU  (Juan de Garay),15638.0,11222.0,14.0,2146.0,122.0,400.0,0.0,0.0,108.0,2021-10-01,1,0
2021,11,A2312,Zabalburu - UPV/EHU  (Juan de Garay),17834.0,12456.0,24.0,2722.0,264.0,419.0,0.0,0.0,108.0,2021-11-01,1,0
2021,12,A2312,Zabalburu - UPV/EHU  (Juan de Garay),9224.0,6771.0,14.0,1070.0,151.0,199.0,1.0,0.0,63.0,2021-12-01,1,0
2022,1,A2312,Zabalburu - UPV/EHU  (Juan de Garay),8146.0,6374.0,18.0,767.0,91.0,189.0,0.0,1.0,37.0,2022-01-01,0,0
2022,2,A2312,Zabalburu - UPV/EHU  (Juan de Garay),16259.0,11424.0,36.0,2498.0,277.0,371.0,0.0,0.0,103.0,2022-02-01,0,0
2022,3,A2312,Zabalburu - UPV/EHU  (Juan de Garay),18529.0,13176.0,55.0,2842.0,308.0,419.0,0.0,0.0,98.0,2022-03-01,0,0
2022,4,A2312,Zabalburu - UPV/EHU  (Juan de Garay),10259.0,7738.0,36.0,1118.0,149.0,240.0,0.0,2.0,50.0,2022-04-01,0,0
2022,5,A2312,Zabalburu - UPV/EHU  (Juan de Garay),13078.0,10009.0,37.0,1439.0,117.0,331.0,0.0,2.0,67.0,2022-05-01,0,0
2022,6,A2312,Zabalburu - UPV/EHU  (Juan de Garay),7260.0,6095.0,22.0,393.0,51.0,238.0,0.0,1.0,14.0,2022-06-01,0,0
2022,7,A2312,Zabalburu - UPV/EHU  (Juan de Garay),945.0,866.0,4.0,1.0,,34.0,0.0,0.0,0.0,2022-07-01,0,0
2022,8,A2312,Zabalburu - UPV/EHU  (Juan de Garay),0.0,0.0,,,,0.0,0.0,0.0,0.0,2022-08-01,0,0
2022,9,A2312,Zabalburu - UPV/EHU  (Juan de Garay),15265.0,11181.0,45.0,1916.0,337.0,364.0,0.0,2.0,69.0,2022-09-01,0,1
2022,10,A2312,Zabalburu - UPV/EHU  (Juan de Garay),19679.0,14178.0,53.0,2747.0,690.0,257.0,1.0,3.0,79.0,2022-10-01,0,1
2022,11,A2312,Zabalburu - UPV/EHU  (Juan de Garay),18012.0,13266.0,51.0,2363.0,555.0,170.0,3.0,6.0,46.0,2022-11-01,0,1
2022,12,A2312,Zabalburu - UPV/EHU  (Juan de Garay),9298.0,7163.0,32.0,853.0,278.0,146.0,0.0,2.0,27.0,2022-12-01,0,1
2023,1,A2312,Zabalburu - UPV/EHU  (Juan de Garay),9.551,7706.0,29.0,649.0,275.0,162.0,0.0,3.0,30.0,2023-01-01,0,1
2023,2,A2312,Zabalburu - UPV/EHU  (Juan de Garay),16981.0,12465.0,41.0,2231.0,512.0,246.0,0.0,4.0,31.0,2023-02-01,0,1
2023,3,A2312,Zabalburu - UPV/EHU  (Juan de Garay),19093.0,14193.0,39.0,2416.0,622.0,181.0,0.0,7.0,52.0,2023-03-01,0,1
2023,4,A2312,Zabalburu - UPV/EHU  (Juan de Garay),10650.0,8041.0,30.0,1246.0,315.0,97.0,0.0,4.0,25.0,2023-04-01,0,1
2023,5,A2312,Zabalburu - UPV/EHU  (Juan de Garay),13699.0,10727.0,75.0,1329.0,375.0,181.0,0.0,5.0,36.0,2023-05-01,0,1
2023,6,A2312,Zabalburu - UPV/EHU  (Juan de Garay),7114.0,6128.0,43.0,413.0,55.0,103.0,0.0,0.0,16.0,2023-06-01,0,1
2023,7,A2312,Zabalburu - UPV/EHU  (Juan de Garay),1213.0,1087.0,6.0,47.0,3.0,15.0,0.0,0.0,2.0,2023-07-01,0,1
2023,8,A2312,Zabalburu - UPV/EHU  (Juan de Garay),0.0,0.0,,,,0.0,0.0,0.0,0.0,2023-08-01,0,1
2023,9,A2312,Zabalburu - UPV/EHU  (Juan de Garay),15607.0,11874.0,25.0,1917.0,404.0,170.0,0.0,7.0,85.0,2023-09-01,0,1
2023,10,A2312,Zabalburu - UPV/EHU  (Juan de Garay),21488.0,15868.0,49.0,2896.0,566.0,200.0,0.0,3.0,120.0,2023-10-01,0,1
2023,11,A2312,Zabalburu - UPV/EHU  (Juan de Garay),21954.0,16027.0,49.0,3039.0,586.0,222.0,0.0,12.0,129.0,2023-11-01,0,1
2023,12,A2312,Zabalburu - UPV/EHU  (Juan de Garay),11526.0,8817.0,24.0,1283.0,245.0,100.0,0.0,6.0,76.0,2023-12-01,0,1
2024,1,A2312,Zabalburu - UPV/EHU  (Juan de Garay),12509.0,9993.0,24.0,848.0,277.0,151.0,0.0,10.0,55.0,2024-01-01,0,1
2024,2,A2312,Zabalburu - UPV/EHU  (Juan de Garay),21508.0,16328.0,47.0,2230.0,414.0,222.0,0.0,27.0,110.0,2024-02-01,0,1
2024,3,A2312,Zabalburu - UPV/EHU  (Juan de Garay),16333.0,11974.0,25.0,2005.0,287.0,161.0,0.0,16.0,78.0,2024-03-01,0,1
2024,4,A2312,Zabalburu - UPV/EHU  (Juan de Garay),16569.0,12193.0,31.0,1975.0,333.0,222.0,0.0,11.0,60.0,2024-04-01,0,1
2024,5,A2312,Zabalburu - UPV/EHU  (Juan de Garay),13824.0,10717.0,33.0,1280.0,181.0,140.0,0.0,8.0,39.0,2024-05-01,0,1
2024,6,A2312,Zabalburu - UPV/EHU  (Juan de Garay),7615.0,6246.0,40.0,284.0,70.0,132.0,0.0,17.0,21.0,2024-06-01,0,1
2024,7,A2312,Zabalburu - UPV/EHU  (Juan de Garay),1330.0,1052.0,6.0,54.0,9.0,50.0,0.0,3.0,1.0,2024-07-01,0,1
2024,8,A2312,Zabalburu - UPV/EHU  (Juan de Garay),0.0,0.0,0.0,0.0,0.0,0.0,0.0,0.0,0.0,2024-08-01,0,1
2024,9,A2312,Zabalburu - UPV/EHU  (Juan de Garay),16583.0,11578.0,73.0,1815.0,480.0,164.0,0.0,1.0,69.0,2024-09-01,0,1
2024,10,A2312,Zabalburu - UPV/EHU  (Juan de Garay),25433.0,16410.0,121.0,3186.0,987.0,224.0,0.0,2.0,112.0,2024-10-01,0,1
2024,11,A2312,Zabalburu - UPV/EHU  (Juan de Garay),21916.0,13551.0,68.0,2727.0,918.0,199.0,0.0,0.0,61.0,2024-11-01,0,1
2024,12,A2312,Zabalburu - UPV/EHU  (Juan de Garay),13253.0,8853.0,43.0,1483.0,492.0,115.0,0.0,0.0,48.0,2024-12-01,0,1
2025,1,A2312,Zabalburu - UPV/EHU  (Juan de Garay),12704.0,9161.0,93.0,984.0,333.0,208.0,0.0,1.0,33.0,2025-01-01,0,1
2025,2,A2312,Zabalburu - UPV/EHU  (Juan de Garay),21882.0,13684.0,125.0,2754.0,864.0,183.0,0.0,2.0,86.0,2025-02-01,0,1
2025,3,A2312,Zabalburu - UPV/EHU  (Juan de Garay),20933.0,13317.0,87.0,2516.0,833.0,151.0,0.0,2.0,76.0,2025-03-01,0,1
2025,4,A2312,Zabalburu - UPV/EHU  (Juan de Garay),13660.0,9271.0,46.0,1327.0,443.0,86.0,0.0,0.0,50.0,2025-04-01,0,1
2025,5,A2312,Zabalburu - UPV/EHU  (Juan de Garay),14716.0,10599.0,97.0,1112.0,423.0,92.0,0.0,2.0,36.0,2025-05-01,0,1
2025,6,A2312,Zabalburu - UPV/EHU  (Juan de Garay),7810.0,6232.0,74.0,266.0,100.0,74.0,0.0,11.0,19.0,2025-06-01,0,1
2025,7,A2312,Zabalburu - UPV/EHU  (Juan de Garay),2146.0,1779.0,28.0,57.0,12.0,13.0,0.0,0.0,3.0,2025-07-01,0,1
2025,8,A2312,Zabalburu - UPV/EHU  (Juan de Garay),0.0,0.0,0.0,0.0,0.0,0.0,0.0,0.0,0.0,2025-08-01,0,1
2025,9,A2312,Zabalburu - UPV/EHU  (Juan de Garay),19134.0,11585.0,49.0,2542.0,1014.0,159.0,0.0,1.0,53.0,2025-09-01,0,1
2025,10,A2312,Zabalburu - UPV/EHU  (Juan de Garay),24654.0,13605.0,62.0,3644.0,1579.0,158.0,0.0,0.0,99.0,2025-10-01,0,1
2025,11,A2312,Zabalburu - UPV/EHU  (Juan de Garay),20989.0,11443.0,60.0,3053.0,1417.0,147.0,0.0,0.0,71.0,2025-11-01,0,1
2025,12,A2312,Zabalburu - UPV/EHU  (Juan de Garay),12394.0,7662.0,46.0,1620.0,770.0,76.0,0.0,3.0,36.0,2025-12-01,0,1
